action,argmax_correct,choice,choice_is_argmax,confidence,correct,id,input_tokens,kind,latency_ms,output_tokens,regret,safe,split,state_id,valid,variant
straight,True,straight,True,0.24,True,development-030-compact,512,ablation,535.46,38,0,True,development,development-030,True,compact
right,True,right,True,1.0,True,holdout-036-exact,569,ablation,511.26,38,0,True,holdout,holdout-036,True,exact
straight,False,straight,True,0.3,False,development-009-order-1-0,586,order,522.63,38,2,True,development,development-009,True,original
,False,yes,True,0.34,False,development-022-progress-left,461,atomic,505.36,31,,,development,development-022,True,progress
straight,True,straight,True,0.37,True,development-000-order-1-0,625,order,425.25,38,0,True,development,development-000,True,original
,True,yes,True,0.41,True,development-021-safe-straight,475,atomic,330.71,31,,,development,development-021,True,safe
straight,True,straight,True,0.44,True,development-006-order-5-0,609,order,297.8,38,0,True,development,development-006,True,original
straight,True,straight,True,0.52,True,development-002-order-4-1,606,order,422.48,38,0,True,development,development-002,True,original
straight,True,west,True,0.7,True,holdout-020-absolute,508,ablation,356.18,38,0,True,holdout,holdout-020,True,absolute
straight,True,straight,True,0.46,True,development-039-original,607,ablation,337.31,38,0,True,development,development-039,True,original
straight,False,straight,True,0.16,False,development-005-order-1-1,606,order,310.14,38,2,True,development,development-005,True,original
straight,False,straight,True,0.31,False,development-005-order-0-0,606,order,271.96,38,2,True,development,development-005,True,original
straight,True,straight,True,0.23,True,holdout-008-compact,510,ablation,282.25,38,0,True,holdout,holdout-008,True,compact
straight,True,north,True,0.33,True,development-028-absolute,510,ablation,348.18,38,0,True,development,development-028,True,absolute
right,True,right,True,0.99,True,development-013-local,619,ablation,346.95,38,0,True,development,development-013,True,local
straight,True,west,True,0.73,True,development-057-absolute,486,ablation,282.76,38,0,True,development,development-057,True,absolute
right,True,right,True,0.98,True,development-005-exact,580,ablation,327.21,38,0,True,development,development-005,True,exact
straight,True,straight,True,0.55,True,development-028-local,615,ablation,332.83,38,0,True,development,development-028,True,local
straight,True,straight,True,1.0,True,development-002-exact,580,ablation,315.08,38,0,True,development,development-002,True,exact
right,True,right,True,0.99,True,development-032-exact,586,ablation,301.6,38,0,True,development,development-032,True,exact
straight,True,straight,True,1.0,True,holdout-006-exact,610,ablation,362.06,38,0,True,holdout,holdout-006,True,exact
left,True,left,True,0.79,True,development-009-local,585,ablation,429.42,38,0,True,development,development-009,True,local
,True,yes,True,0.45,True,development-029-progress-right,473,atomic,376.38,31,,,development,development-029,True,progress
straight,True,straight,True,0.87,True,development-040-exact,565,ablation,332.88,38,0,True,development,development-040,True,exact
,True,yes,True,0.13,True,development-026-progress-right,479,atomic,357.41,31,,,development,development-026,True,progress
straight,False,straight,True,0.2,False,development-017-compact,486,ablation,353.05,38,2,True,development,development-017,True,compact
straight,False,straight,True,0.21,False,development-053-compact,481,ablation,321.57,38,2,True,development,development-053,True,compact
straight,False,straight,True,0.37,False,holdout-045-compact,487,ablation,427.26,38,2,True,holdout,holdout-045,True,compact
straight,True,straight,True,1.0,True,holdout-011-exact,586,ablation,385.71,38,0,True,holdout,holdout-011,True,exact
straight,True,straight,True,0.66,True,holdout-017-original,617,ablation,362.29,38,0,True,holdout,holdout-017,True,original
,False,yes,True,0.34,False,development-000-progress-straight,491,atomic,336.08,31,,,development,development-000,True,progress
,True,no,True,0.87,True,development-020-safe-left,467,atomic,370.02,31,,,development,development-020,True,safe
straight,True,straight,True,0.19,True,holdout-038-local,586,ablation,518.91,38,0,True,holdout,holdout-038,True,local
right,True,right,True,0.63,True,holdout-033-local,592,ablation,317.04,38,0,True,holdout,holdout-033,True,local
right,True,right,True,1.0,True,holdout-045-exact,569,ablation,431.09,38,0,True,holdout,holdout-045,True,exact
,True,yes,True,0.73,True,development-027-progress-right,479,atomic,368.27,31,,,development,development-027,True,progress
straight,True,north,True,0.36,True,development-036-absolute,486,ablation,329.29,38,0,True,development,development-036,True,absolute
,True,no,True,0.29,True,development-022-progress-right,461,atomic,275.77,31,,,development,development-022,True,progress
straight,False,straight,True,0.24,False,development-009-order-2-0,586,order,333.87,38,2,True,development,development-009,True,original
straight,True,straight,True,0.74,True,development-036-local,591,ablation,416.6,38,0,True,development,development-036,True,local
straight,True,straight,True,0.42,True,development-020-compact,506,ablation,343.96,38,0,True,development,development-020,True,compact
left,True,left,True,0.79,True,holdout-053-exact,562,ablation,311.66,38,0,True,holdout,holdout-053,True,exact
straight,True,straight,True,0.33,True,development-000-order-0-0,625,order,295.53,38,0,True,development,development-000,True,original
straight,True,straight,True,0.21,True,holdout-043-original,593,ablation,297.15,38,0,True,holdout,holdout-043,True,original
straight,False,straight,True,0.25,False,development-005-order-1-0,606,order,314.69,38,2,True,development,development-005,True,original
straight,True,straight,True,0.82,True,holdout-006-local,633,ablation,320.05,38,0,True,holdout,holdout-006,True,local
straight,True,straight,True,0.44,True,development-026-local,609,ablation,328.03,38,0,True,development,development-026,True,local
straight,True,straight,True,0.53,True,holdout-008-original,617,ablation,321.27,38,0,True,holdout,holdout-008,True,original
left,True,left,True,1.0,True,development-009-exact,562,ablation,287.91,38,0,True,development,development-009,True,exact
right,True,right,True,0.47,True,development-032-compact,504,ablation,928.88,38,0,True,development,development-032,True,compact
straight,True,north,True,0.26,True,holdout-011-absolute,502,ablation,266.85,38,0,True,holdout,holdout-011,True,absolute
straight,True,straight,True,0.5,True,development-028-original,617,ablation,277.78,38,0,True,development,development-028,True,original
,True,no,True,0.71,True,development-006-progress-right,476,atomic,295.07,31,,,development,development-006,True,progress
straight,True,straight,True,0.29,True,holdout-005-local,600,ablation,321.37,38,0,True,holdout,holdout-005,True,local
straight,True,south,True,0.53,True,holdout-029-absolute,499,ablation,331.45,38,0,True,holdout,holdout-029,True,absolute
left,True,left,True,0.16,True,development-011-order-5-0,594,order,306.74,38,0,True,development,development-011,True,original
straight,True,straight,True,0.21,True,development-051-compact,487,ablation,314.17,38,0,True,development,development-051,True,compact
straight,True,straight,True,0.93,True,holdout-009-exact,593,ablation,338.93,38,0,True,holdout,holdout-009,True,exact
straight,False,straight,True,0.32,False,holdout-039-compact,481,ablation,348.24,38,2,True,holdout,holdout-039,True,compact
straight,True,straight,True,0.56,True,development-033-local,616,ablation,323.74,38,0,True,development,development-033,True,local
right,True,right,True,0.67,True,development-029-exact,580,ablation,365.4,38,0,True,development,development-029,True,exact
straight,False,straight,True,0.14,False,development-010-original,598,ablation,323.79,38,2,True,development,development-010,True,original
right,True,right,True,0.72,True,development-026-exact,586,ablation,357.39,38,0,True,development,development-026,True,exact
right,True,right,True,0.64,True,holdout-040-local,592,ablation,308.93,38,0,True,holdout,holdout-040,True,local
straight,False,straight,True,0.36,False,development-009-order-3-1,586,order,299.62,38,2,True,development,development-009,True,original
straight,False,straight,True,0.28,False,development-045-compact,494,ablation,289.91,38,2,True,development,development-045,True,compact
straight,True,straight,True,0.45,True,development-026-original,611,ablation,326.77,38,0,True,development,development-026,True,original
straight,False,straight,True,0.16,False,development-007-order-0-1,615,order,365.43,38,2,True,development,development-007,True,original
,True,yes,True,0.67,True,development-024-safe-right,474,atomic,316.02,31,,,development,development-024,True,safe
straight,True,straight,True,0.39,True,development-008-order-5-1,586,order,308.27,38,0,True,development,development-008,True,original
straight,False,straight,True,0.25,False,development-007-order-0-0,615,order,287.74,38,2,True,development,development-007,True,original
straight,False,straight,True,0.62,False,development-018-compact,504,ablation,272.0,38,2,True,development,development-018,True,compact
straight,True,straight,True,1.0,True,development-016-exact,592,ablation,352.89,38,0,True,development,development-016,True,exact
,True,no,True,0.31,True,development-024-progress-right,486,atomic,297.28,31,,,development,development-024,True,progress
,True,yes,True,0.89,True,development-028-safe-right,473,atomic,282.91,31,,,development,development-028,True,safe
straight,True,east,True,0.62,True,development-021-absolute,512,ablation,286.05,38,0,True,development,development-021,True,absolute
left,True,left,True,1.0,True,development-011-exact,568,ablation,311.05,38,0,True,development,development-011,True,exact
straight,False,straight,True,0.14,False,development-007-order-4-0,615,order,346.98,38,2,True,development,development-007,True,original
,False,yes,True,0.87,False,development-027-progress-straight,479,atomic,312.17,31,,,development,development-027,True,progress
,True,yes,True,0.95,True,development-025-safe-straight,450,atomic,335.91,31,,,development,development-025,True,safe
,True,yes,True,0.77,True,development-004-safe-right,452,atomic,384.63,31,,,development,development-004,True,safe
right,False,right,True,0.09,False,development-049-local,609,ablation,324.0,38,4,True,development,development-049,True,local
straight,False,straight,True,0.45,False,development-015-compact,520,ablation,331.77,38,2,True,development,development-015,True,compact
,True,no,True,0.12,True,development-026-progress-left,479,atomic,293.49,31,,,development,development-026,True,progress
straight,True,straight,True,0.98,True,holdout-015-local,623,ablation,275.64,38,0,True,holdout,holdout-015,True,local
straight,True,straight,True,0.81,True,holdout-002-local,600,ablation,278.71,38,0,True,holdout,holdout-002,True,local
straight,False,north,True,0.49,False,development-043-absolute,481,ablation,280.36,38,2,True,development,development-043,True,absolute
straight,True,straight,True,0.51,True,holdout-005-original,601,ablation,342.53,38,0,True,holdout,holdout-005,True,original
straight,True,straight,True,0.44,True,development-006-order-1-1,609,order,392.03,38,0,True,development,development-006,True,original
,True,no,True,0.06,True,development-009-progress-straight,455,atomic,327.65,31,,,development,development-009,True,progress
right,True,right,True,0.3,True,development-023-local,603,ablation,424.39,38,0,True,development,development-023,True,local
right,True,right,True,0.13,True,holdout-057-compact,480,ablation,309.39,38,0,True,holdout,holdout-057,True,compact
left,True,left,True,0.74,True,development-041-local,586,ablation,282.4,38,0,True,development,development-041,True,local
,True,yes,True,0.91,True,development-024-safe-straight,474,atomic,330.93,31,,,development,development-024,True,safe
straight,True,straight,True,0.66,True,holdout-029-local,604,ablation,324.01,38,0,True,holdout,holdout-029,True,local
straight,True,straight,True,0.44,True,holdout-014-original,600,ablation,281.71,38,0,True,holdout,holdout-014,True,original
straight,True,straight,True,0.99,True,holdout-002-exact,579,ablation,311.19,38,0,True,holdout,holdout-002,True,exact
left,True,left,True,0.27,True,development-009-order-4-0,586,order,334.25,38,0,True,development,development-009,True,original
,True,yes,True,0.04,True,development-003-progress-left,486,atomic,310.85,31,,,development,development-003,True,progress
straight,False,straight,True,0.14,False,development-010-order-2-1,598,order,276.17,38,2,True,development,development-010,True,original
straight,True,straight,True,0.86,True,development-025-exact,572,ablation,346.36,38,0,True,development,development-025,True,exact
,True,yes,True,0.59,True,development-003-safe-left,474,atomic,337.12,31,,,development,development-003,True,safe
right,False,right,True,0.22,True,holdout-022-compact,505,ablation,320.03,38,0,True,holdout,holdout-022,True,compact
,True,yes,True,0.52,True,development-016-safe-right,471,atomic,320.4,31,,,development,development-016,True,safe
left,True,left,True,0.15,True,holdout-056-original,592,ablation,304.74,38,0,True,holdout,holdout-056,True,original
,True,no,True,0.76,True,development-006-safe-right,464,atomic,306.87,31,,,development,development-006,True,safe
straight,False,straight,True,0.05,False,development-011-order-2-0,594,order,431.53,38,2,True,development,development-011,True,original
straight,False,straight,True,0.42,False,holdout-042-original,588,ablation,305.17,38,2,True,holdout,holdout-042,True,original
,True,yes,True,0.91,True,development-008-safe-right,443,atomic,299.64,31,,,development,development-008,True,safe
straight,True,south,True,0.68,True,holdout-027-absolute,504,ablation,354.26,38,0,True,holdout,holdout-027,True,absolute
straight,True,straight,True,0.42,True,development-028-compact,510,ablation,354.98,38,0,True,development,development-028,True,compact
right,True,right,True,1.0,True,development-010-exact,576,ablation,363.9,38,0,True,development,development-010,True,exact
straight,True,straight,True,0.48,True,development-002-local,603,ablation,388.57,38,0,True,development,development-002,True,local
straight,True,straight,True,0.38,True,development-008-order-3-1,586,order,305.35,38,0,True,development,development-008,True,original
right,True,right,True,0.39,True,holdout-052-compact,494,ablation,298.68,38,0,True,holdout,holdout-052,True,compact
straight,True,straight,True,0.28,True,development-000-order-1-1,625,order,313.11,38,0,True,development,development-000,True,original
left,True,left,True,0.39,True,development-042-local,586,ablation,342.6,38,0,True,development,development-042,True,local
left,True,west,True,0.36,True,holdout-053-absolute,480,ablation,351.44,38,0,True,holdout,holdout-053,True,absolute
straight,True,straight,True,0.71,True,development-019-compact,492,ablation,318.21,38,0,True,development,development-019,True,compact
,True,yes,True,0.77,True,development-013-safe-right,474,atomic,354.96,31,,,development,development-013,True,safe
right,True,west,True,0.48,True,holdout-016-absolute,523,ablation,294.0,38,0,True,holdout,holdout-016,True,absolute
,True,no,True,0.42,True,development-002-progress-right,473,atomic,285.15,31,,,development,development-002,True,progress
straight,True,straight,True,0.63,True,development-004-order-1-0,597,order,308.3,38,0,True,development,development-004,True,original
straight,True,straight,True,0.2,True,development-000-order-4-1,625,order,294.8,38,0,True,development,development-000,True,original
,True,no,True,0.11,True,development-017-progress-straight,461,atomic,314.62,31,,,development,development-017,True,progress
straight,False,straight,True,0.04,False,development-005-order-2-1,606,order,308.53,38,2,True,development,development-005,True,original
left,True,left,True,0.27,True,holdout-050-original,594,ablation,291.09,38,0,True,holdout,holdout-050,True,original
left,True,north,True,0.28,True,holdout-037-absolute,485,ablation,283.14,38,0,True,holdout,holdout-037,True,absolute
left,True,left,True,0.36,True,development-003-original,619,ablation,330.19,38,0,True,development,development-003,True,original
left,True,left,True,1.0,True,development-045-exact,580,ablation,317.73,38,0,True,development,development-045,True,exact
,True,no,True,0.27,True,development-005-progress-left,473,atomic,311.19,31,,,development,development-005,True,progress
straight,False,straight,True,0.25,False,development-014-compact,501,ablation,333.86,38,2,True,development,development-014,True,compact
straight,True,straight,True,0.74,True,holdout-029-compact,499,ablation,322.26,38,0,True,holdout,holdout-029,True,compact
straight,True,straight,True,0.76,True,holdout-031-compact,486,ablation,347.03,38,0,True,holdout,holdout-031,True,compact
right,True,south,True,0.31,True,development-032-absolute,504,ablation,275.75,38,0,True,development,development-032,True,absolute
right,True,west,True,0.72,True,holdout-052-absolute,494,ablation,370.31,38,0,True,holdout,holdout-052,True,absolute
straight,False,straight,True,0.24,False,holdout-057-original,586,ablation,294.67,38,2,True,holdout,holdout-057,True,original
straight,False,straight,True,0.25,False,development-047-local,595,ablation,312.68,38,2,True,development,development-047,True,local
straight,False,straight,True,0.26,False,development-003-order-5-0,619,order,322.24,38,2,True,development,development-003,True,original
,True,yes,True,0.42,True,development-000-progress-left,492,atomic,338.69,31,,,development,development-000,True,progress
right,True,east,True,0.29,True,holdout-026-absolute,517,ablation,518.03,38,0,True,holdout,holdout-026,True,absolute
straight,True,straight,True,0.31,True,holdout-035-original,587,ablation,310.93,38,0,True,holdout,holdout-035,True,original
straight,True,west,True,0.31,True,holdout-009-absolute,509,ablation,364.69,38,0,True,holdout,holdout-009,True,absolute
straight,True,straight,True,0.69,True,holdout-010-compact,525,ablation,333.91,38,0,True,holdout,holdout-010,True,compact
left,False,left,True,0.21,True,development-009-order-0-1,586,order,277.41,38,0,True,development,development-009,True,original
straight,True,straight,True,0.51,True,development-026-compact,504,ablation,278.11,38,0,True,development,development-026,True,compact
right,True,west,True,0.77,True,holdout-040-absolute,487,ablation,332.94,38,0,True,holdout,holdout-040,True,absolute
left,True,left,True,0.78,True,development-011-local,591,ablation,358.02,38,0,True,development,development-011,True,local
,True,no,True,0.65,True,development-004-progress-left,465,atomic,339.84,31,,,development,development-004,True,progress
,True,yes,True,0.8,True,development-021-safe-right,474,atomic,335.01,31,,,development,development-021,True,safe
,True,yes,True,0.86,True,development-007-safe-right,470,atomic,391.96,31,,,development,development-007,True,safe
straight,False,straight,True,0.42,False,holdout-026-original,624,ablation,323.13,38,2,True,holdout,holdout-026,True,original
straight,True,straight,True,0.34,True,development-006-order-3-1,609,order,299.59,38,0,True,development,development-006,True,original
,True,yes,True,0.8,True,development-008-safe-straight,443,atomic,311.2,31,,,development,development-008,True,safe
straight,True,straight,True,0.38,True,development-008-original,586,ablation,326.99,38,0,True,development,development-008,True,original
right,True,right,True,0.63,True,holdout-045-local,592,ablation,318.79,38,0,True,holdout,holdout-045,True,local
straight,True,straight,True,0.44,True,development-006-order-4-1,609,order,290.1,38,0,True,development,development-006,True,original
straight,True,straight,True,0.23,True,holdout-014-local,601,ablation,330.25,38,0,True,holdout,holdout-014,True,local
,True,yes,True,0.67,True,development-023-safe-straight,461,atomic,276.6,31,,,development,development-023,True,safe
straight,True,straight,True,0.59,True,development-021-local,617,ablation,290.03,38,0,True,development,development-021,True,local
straight,False,straight,True,0.4,False,holdout-036-compact,487,ablation,270.11,38,2,True,holdout,holdout-036,True,compact
straight,True,straight,True,0.46,True,development-046-original,589,ablation,374.03,38,0,True,development,development-046,True,original
straight,True,straight,True,0.49,True,holdout-029-original,607,ablation,274.43,38,0,True,holdout,holdout-029,True,original
right,True,east,True,0.28,True,holdout-058-absolute,486,ablation,283.95,38,0,True,holdout,holdout-058,True,absolute
,False,no,True,0.13,False,development-024-progress-straight,486,atomic,296.62,31,,,development,development-024,True,progress
right,True,west,True,0.26,True,development-035-absolute,505,ablation,304.36,38,0,True,development,development-035,True,absolute
straight,False,straight,True,0.19,False,development-011-order-5-1,594,order,314.11,38,2,True,development,development-011,True,original
,True,yes,True,0.91,True,development-019-safe-right,455,atomic,282.71,31,,,development,development-019,True,safe
straight,True,straight,True,0.86,True,development-019-original,599,ablation,271.45,38,0,True,development,development-019,True,original
left,True,left,True,1.0,True,development-043-exact,566,ablation,301.26,38,0,True,development,development-043,True,exact
straight,False,straight,True,0.28,False,development-005-order-4-1,606,order,301.69,38,2,True,development,development-005,True,original
right,True,right,True,0.57,True,development-035-exact,587,ablation,265.51,38,0,True,development,development-035,True,exact
,True,yes,True,0.37,True,development-002-safe-straight,461,atomic,354.69,31,,,development,development-002,True,safe
straight,False,straight,True,0.21,False,development-005-order-4-0,606,order,293.35,38,2,True,development,development-005,True,original
,True,yes,True,0.79,True,development-006-safe-straight,464,atomic,322.76,31,,,development,development-006,True,safe
straight,True,straight,True,1.0,True,holdout-019-exact,599,ablation,278.35,38,0,True,holdout,holdout-019,True,exact
straight,True,straight,True,0.67,True,development-012-original,614,ablation,366.96,38,0,True,development,development-012,True,original
left,True,left,True,0.62,True,development-009-compact,480,ablation,375.43,38,0,True,development,development-009,True,compact
straight,True,straight,True,0.64,True,development-021-compact,512,ablation,328.5,38,0,True,development,development-021,True,compact
right,True,right,True,0.82,True,development-023-exact,580,ablation,309.13,38,0,True,development,development-023,True,exact
,False,no,True,0.13,False,development-011-progress-left,461,atomic,346.45,31,,,development,development-011,True,progress
straight,True,straight,True,0.43,True,development-008-order-4-0,586,order,323.4,38,0,True,development,development-008,True,original
straight,True,north,True,0.22,True,holdout-023-absolute,510,ablation,336.34,38,0,True,holdout,holdout-023,True,absolute
left,True,left,True,0.17,True,holdout-037-original,592,ablation,305.26,38,0,True,holdout,holdout-037,True,original
straight,False,south,True,0.73,False,development-047-absolute,487,ablation,291.43,38,2,True,development,development-047,True,absolute
,True,yes,True,0.02,True,development-015-progress-left,493,atomic,323.51,31,,,development,development-015,True,progress
,True,yes,True,0.12,True,development-003-safe-straight,474,atomic,338.89,31,,,development,development-003,True,safe
straight,True,straight,True,0.44,True,development-030-original,619,ablation,283.87,38,0,True,development,development-030,True,original
straight,True,straight,True,0.42,True,development-056-local,604,ablation,307.94,38,0,True,development,development-056,True,local
,True,no,True,0.22,True,development-018-progress-left,479,atomic,336.48,31,,,development,development-018,True,progress
straight,True,straight,True,0.7,True,development-037-compact,511,ablation,297.19,38,0,True,development,development-037,True,compact
right,True,right,True,0.72,True,holdout-052-local,599,ablation,331.7,38,0,True,holdout,holdout-052,True,local
straight,True,straight,True,0.24,True,development-058-original,594,ablation,329.03,38,0,True,development,development-058,True,original
,True,yes,True,0.88,True,development-018-safe-right,467,atomic,350.77,31,,,development,development-018,True,safe
straight,True,straight,True,0.23,True,development-000-order-5-1,625,order,334.94,38,0,True,development,development-000,True,original
straight,False,straight,True,0.26,False,development-052-compact,481,ablation,308.48,38,2,True,development,development-052,True,compact
straight,True,east,True,0.54,True,development-037-absolute,511,ablation,298.8,38,0,True,development,development-037,True,absolute
straight,True,straight,True,0.99,True,development-024-exact,593,ablation,303.15,38,0,True,development,development-024,True,exact
right,True,right,True,0.8,True,development-020-exact,590,ablation,331.62,38,0,True,development,development-020,True,exact
right,True,right,True,0.79,True,holdout-044-compact,486,ablation,335.48,38,0,True,holdout,holdout-044,True,compact
straight,True,straight,True,0.57,True,development-002-order-5-0,606,order,312.64,38,0,True,development,development-002,True,original
straight,True,straight,True,0.65,True,holdout-013-compact,517,ablation,297.77,38,0,True,holdout,holdout-013,True,compact
straight,True,north,True,0.57,True,development-039-absolute,501,ablation,288.54,38,0,True,development,development-039,True,absolute
straight,False,straight,True,0.3,False,development-003-order-1-1,619,order,296.69,38,2,True,development,development-003,True,original
straight,True,straight,True,0.2,True,development-044-compact,480,ablation,382.79,38,0,True,development,development-044,True,compact
straight,True,straight,True,0.5,True,holdout-013-original,624,ablation,292.85,38,0,True,holdout,holdout-013,True,original
straight,True,north,True,0.2,True,holdout-043-absolute,486,ablation,326.55,38,0,True,holdout,holdout-043,True,absolute
,True,no,True,0.84,True,development-013-progress-straight,487,atomic,312.83,31,,,development,development-013,True,progress
straight,False,straight,True,0.05,False,development-005-order-2-0,606,order,335.94,38,2,True,development,development-005,True,original
left,True,left,True,0.99,True,development-042-exact,563,ablation,263.38,38,0,True,development,development-042,True,exact
,True,yes,True,0.7,True,development-011-safe-left,449,atomic,305.88,31,,,development,development-011,True,safe
,True,no,True,0.8,True,development-014-progress-right,474,atomic,300.14,31,,,development,development-014,True,progress
left,True,left,True,0.84,True,development-030-exact,597,ablation,667.51,38,0,True,development,development-030,True,exact
right,True,right,True,0.25,True,holdout-016-compact,523,ablation,263.6,38,0,True,holdout,holdout-016,True,compact
straight,True,straight,True,0.44,True,development-057-compact,486,ablation,309.49,38,0,True,development,development-057,True,compact
straight,True,straight,True,0.6,True,development-056-original,603,ablation,364.61,38,0,True,development,development-056,True,original
straight,True,straight,True,0.22,True,development-059-compact,481,ablation,284.13,38,0,True,development,development-059,True,compact
straight,True,straight,True,0.35,True,holdout-046-original,589,ablation,304.25,38,0,True,holdout,holdout-046,True,original
,True,yes,True,0.55,True,development-015-safe-straight,481,atomic,308.44,31,,,development,development-015,True,safe
left,True,left,True,0.22,True,development-041-compact,481,ablation,296.86,38,0,True,development,development-041,True,compact
left,False,east,True,0.35,False,development-038-absolute,511,ablation,336.43,38,2,True,development,development-038,True,absolute
straight,True,west,True,0.3,True,holdout-019-absolute,517,ablation,380.78,38,0,True,holdout,holdout-019,True,absolute
straight,True,straight,True,0.87,True,holdout-000-exact,576,ablation,413.76,38,0,True,holdout,holdout-000,True,exact
straight,True,straight,True,0.43,True,development-006-order-2-1,609,order,329.11,38,0,True,development,development-006,True,original
straight,True,straight,True,1.0,True,development-039-exact,583,ablation,368.34,38,0,True,development,development-039,True,exact
left,False,left,True,0.27,False,development-002-order-3-1,606,order,298.52,38,2,True,development,development-002,True,original
left,True,left,True,0.95,True,holdout-012-exact,562,ablation,712.69,38,0,True,holdout,holdout-012,True,exact
right,True,right,True,0.74,True,holdout-058-exact,568,ablation,333.3,38,0,True,holdout,holdout-058,True,exact
right,True,right,True,0.99,True,holdout-057-exact,565,ablation,297.67,38,0,True,holdout,holdout-057,True,exact
right,True,right,True,1.0,True,holdout-042-exact,565,ablation,457.29,38,0,True,holdout,holdout-042,True,exact
left,True,left,True,0.25,True,development-003-order-3-0,619,order,312.31,38,0,True,development,development-003,True,original
left,False,east,True,0.52,False,development-024-absolute,511,ablation,288.81,38,2,True,development,development-024,True,absolute
straight,True,straight,True,0.58,True,development-025-local,593,ablation,295.5,38,0,True,development,development-025,True,local
right,True,right,True,0.53,True,development-052-original,589,ablation,328.81,38,0,True,development,development-052,True,original
left,True,left,True,0.99,True,development-055-exact,573,ablation,297.64,38,0,True,development,development-055,True,exact
left,True,left,True,0.1,True,holdout-037-compact,485,ablation,349.46,38,0,True,holdout,holdout-037,True,compact
straight,True,straight,True,0.9,True,development-039-local,606,ablation,356.2,38,0,True,development,development-039,True,local
straight,True,straight,True,0.73,True,development-004-order-0-1,597,order,379.58,38,0,True,development,development-004,True,original
left,True,left,True,0.76,True,holdout-047-local,590,ablation,356.78,38,0,True,holdout,holdout-047,True,local
,True,yes,True,0.7,True,development-000-safe-right,481,atomic,305.2,31,,,development,development-000,True,safe
right,True,right,True,0.67,True,holdout-044-original,591,ablation,281.82,38,0,True,holdout,holdout-044,True,original
straight,False,straight,True,0.35,False,development-047-original,595,ablation,353.29,38,2,True,development,development-047,True,original
,True,yes,True,0.87,True,development-007-safe-left,470,atomic,272.62,31,,,development,development-007,True,safe
straight,True,straight,True,0.44,True,development-001-order-1-0,602,order,274.96,38,0,True,development,development-001,True,original
right,True,east,True,0.97,True,development-013-absolute,511,ablation,319.73,38,0,True,development,development-013,True,absolute
straight,True,straight,True,0.87,True,holdout-043-exact,571,ablation,307.96,38,0,True,holdout,holdout-043,True,exact
straight,False,straight,True,0.31,False,development-007-order-5-0,615,order,370.94,38,2,True,development,development-007,True,original
straight,False,straight,True,0.29,False,development-009-order-3-0,586,order,321.92,38,2,True,development,development-009,True,original
straight,False,straight,True,0.28,False,holdout-033-compact,487,ablation,376.01,38,2,True,holdout,holdout-033,True,compact
straight,True,straight,True,0.31,True,holdout-030-original,599,ablation,331.62,38,0,True,holdout,holdout-030,True,original
right,True,right,True,0.98,True,holdout-044-local,591,ablation,348.65,38,0,True,holdout,holdout-044,True,local
straight,True,straight,True,0.46,True,development-006-order-5-1,609,order,370.12,38,0,True,development,development-006,True,original
straight,True,straight,True,0.35,True,development-008-order-1-0,586,order,316.01,38,0,True,development,development-008,True,original
straight,True,straight,True,0.65,True,holdout-013-local,622,ablation,360.54,38,0,True,holdout,holdout-013,True,local
straight,True,north,True,0.35,True,development-006-absolute,503,ablation,313.45,38,0,True,development,development-006,True,absolute
left,True,left,True,0.55,True,development-055-original,598,ablation,341.24,38,0,True,development,development-055,True,original
left,True,left,True,0.25,True,development-053-local,589,ablation,316.15,38,0,True,development,development-053,True,local
straight,True,west,True,0.57,True,development-016-absolute,510,ablation,294.64,38,0,True,development,development-016,True,absolute
left,False,left,True,0.09,False,development-010-order-4-0,598,order,363.02,38,2,True,development,development-010,True,original
right,True,right,True,0.31,True,holdout-040-compact,487,ablation,362.1,38,0,True,holdout,holdout-040,True,compact
straight,True,straight,True,0.6,True,development-031-local,615,ablation,303.11,38,0,True,development,development-031,True,local
straight,True,straight,True,0.35,True,holdout-027-original,611,ablation,389.14,38,0,True,holdout,holdout-027,True,original
right,True,right,True,0.22,True,holdout-032-local,585,ablation,312.39,38,0,True,holdout,holdout-032,True,local
straight,True,straight,True,0.88,True,development-046-exact,566,ablation,280.47,38,0,True,development,development-046,True,exact
right,True,right,True,1.0,True,development-013-exact,598,ablation,287.69,38,0,True,development,development-013,True,exact
,True,no,True,0.99,True,development-012-safe-left,471,atomic,312.96,31,,,development,development-012,True,safe
straight,True,straight,True,0.37,True,holdout-046-compact,481,ablation,330.1,38,0,True,holdout,holdout-046,True,compact
,True,yes,True,0.11,True,development-018-progress-right,479,atomic,292.11,31,,,development,development-018,True,progress
straight,True,straight,True,0.91,True,holdout-021-local,605,ablation,382.96,38,0,True,holdout,holdout-021,True,local
,True,no,True,0.99,True,development-013-safe-left,475,atomic,270.06,31,,,development,development-013,True,safe
,True,yes,True,0.9,True,development-025-safe-right,450,atomic,317.05,31,,,development,development-025,True,safe
straight,True,straight,True,0.96,True,holdout-018-local,591,ablation,423.66,38,0,True,holdout,holdout-018,True,local
straight,False,straight,True,0.24,False,holdout-036-original,595,ablation,341.29,38,2,True,holdout,holdout-036,True,original
straight,False,east,True,0.25,False,development-017-absolute,486,ablation,306.6,38,2,True,development,development-017,True,absolute
straight,True,straight,True,0.47,True,development-008-order-0-0,586,order,358.72,38,0,True,development,development-008,True,original
straight,True,straight,True,0.31,True,development-034-original,618,ablation,281.02,38,0,True,development,development-034,True,original
straight,True,straight,True,0.37,True,development-006-original,609,ablation,321.85,38,0,True,development,development-006,True,original
,False,no,True,0.02,False,development-006-progress-straight,476,atomic,316.96,31,,,development,development-006,True,progress
straight,True,straight,True,0.23,True,development-040-compact,482,ablation,296.59,38,0,True,development,development-040,True,compact
left,True,south,True,0.62,True,development-050-absolute,481,ablation,300.19,38,0,True,development,development-050,True,absolute
straight,True,north,True,0.21,True,development-059-absolute,481,ablation,283.05,38,0,True,development,development-059,True,absolute
straight,False,straight,True,0.26,False,development-003-order-1-0,619,order,334.19,38,2,True,development,development-003,True,original
straight,True,straight,True,0.49,True,development-008-order-2-1,586,order,299.76,38,0,True,development,development-008,True,original
straight,True,straight,True,1.0,True,holdout-023-exact,592,ablation,306.54,38,0,True,holdout,holdout-023,True,exact
straight,False,north,True,0.42,False,development-015-absolute,520,ablation,296.86,38,2,True,development,development-015,True,absolute
straight,True,west,True,0.22,True,development-023-absolute,498,ablation,291.94,38,0,True,development,development-023,True,absolute
left,False,left,True,0.32,False,development-002-compact,498,ablation,305.86,38,2,True,development,development-002,True,compact
straight,True,straight,True,0.21,True,development-000-order-2-0,625,order,323.83,38,0,True,development,development-000,True,original
,True,yes,True,0.62,True,development-002-safe-left,461,atomic,441.05,31,,,development,development-002,True,safe
,True,yes,True,0.78,True,development-023-safe-right,461,atomic,382.97,31,,,development,development-023,True,safe
straight,False,straight,True,0.14,False,development-007-order-1-1,615,order,370.37,38,2,True,development,development-007,True,original
,True,no,True,0.26,True,development-027-progress-left,479,atomic,374.59,31,,,development,development-027,True,progress
left,True,left,True,1.0,True,development-041-exact,563,ablation,350.24,38,0,True,development,development-041,True,exact
straight,True,straight,True,0.22,True,holdout-035-local,586,ablation,497.49,38,0,True,holdout,holdout-035,True,local
straight,False,east,True,0.51,False,development-005-absolute,498,ablation,264.41,38,2,True,development,development-005,True,absolute
right,True,right,True,0.99,True,holdout-059-exact,566,ablation,577.61,38,0,True,holdout,holdout-059,True,exact
straight,True,straight,True,0.49,True,development-031-compact,510,ablation,291.61,38,0,True,development,development-031,True,compact
straight,False,straight,True,0.45,False,holdout-039-original,587,ablation,293.06,38,2,True,holdout,holdout-039,True,original
left,True,left,True,0.46,True,development-054-local,585,ablation,361.76,38,0,True,development,development-054,True,local
straight,True,straight,True,0.59,True,holdout-011-local,607,ablation,316.66,38,0,True,holdout,holdout-011,True,local
straight,True,straight,True,0.43,True,development-006-order-0-0,609,order,353.32,38,0,True,development,development-006,True,original
,False,no,True,0.26,False,development-017-progress-right,461,atomic,374.76,31,,,development,development-017,True,progress
right,True,right,True,0.49,True,holdout-041-local,597,ablation,317.01,38,0,True,holdout,holdout-041,True,local
,True,no,True,0.79,True,development-011-progress-straight,461,atomic,356.92,31,,,development,development-011,True,progress
right,True,right,True,0.33,True,holdout-045-original,594,ablation,315.91,38,0,True,holdout,holdout-045,True,original
,False,no,True,0.11,False,development-008-progress-straight,455,atomic,316.58,31,,,development,development-008,True,progress
straight,True,north,True,0.25,True,development-030-absolute,512,ablation,308.39,38,0,True,development,development-030,True,absolute
right,True,right,True,0.8,True,development-056-exact,581,ablation,328.93,38,0,True,development,development-056,True,exact
,True,no,True,0.54,True,development-000-safe-left,480,atomic,286.27,31,,,development,development-000,True,safe
straight,False,straight,True,0.25,False,development-003-local,619,ablation,362.93,38,2,True,development,development-003,True,local
straight,True,straight,True,0.25,True,holdout-049-original,587,ablation,308.95,38,0,True,holdout,holdout-049,True,original
left,True,left,True,0.71,True,development-055-compact,491,ablation,383.65,38,0,True,development,development-055,True,compact
,True,yes,True,0.72,True,development-006-progress-left,476,atomic,313.64,31,,,development,development-006,True,progress
right,True,right,True,0.93,True,holdout-032-exact,562,ablation,318.67,38,0,True,holdout,holdout-032,True,exact
right,True,right,True,0.98,True,holdout-052-exact,579,ablation,1618.8,38,0,True,holdout,holdout-052,True,exact
straight,True,straight,True,0.31,True,holdout-043-compact,486,ablation,285.55,38,0,True,holdout,holdout-043,True,compact
straight,True,north,True,0.74,True,holdout-017-absolute,510,ablation,283.59,38,0,True,holdout,holdout-017,True,absolute
left,True,left,True,1.0,True,holdout-037-exact,570,ablation,297.79,38,0,True,holdout,holdout-037,True,exact
right,True,right,True,0.34,True,holdout-057-local,587,ablation,1149.96,38,0,True,holdout,holdout-057,True,local
straight,True,north,True,0.26,True,development-008-absolute,480,ablation,364.83,38,0,True,development,development-008,True,absolute
straight,False,east,True,0.51,False,development-027-absolute,504,ablation,372.98,38,2,True,development,development-027,True,absolute
,True,yes,True,0.57,True,development-012-progress-straight,482,atomic,380.43,31,,,development,development-012,True,progress
straight,False,straight,True,0.38,False,development-009-order-5-1,586,order,316.92,38,2,True,development,development-009,True,original
straight,False,straight,True,0.61,False,development-047-compact,487,ablation,334.69,38,2,True,development,development-047,True,compact
,True,no,True,0.48,True,development-023-progress-left,473,atomic,300.47,31,,,development,development-023,True,progress
left,True,left,True,1.0,True,holdout-056-exact,569,ablation,316.37,38,0,True,holdout,holdout-056,True,exact
left,True,left,True,0.52,True,development-014-local,606,ablation,331.15,38,0,True,development,development-014,True,local
right,True,right,True,0.99,True,holdout-022-exact,590,ablation,333.68,38,0,True,holdout,holdout-022,True,exact
,True,no,True,0.07,True,development-024-progress-left,486,atomic,303.41,31,,,development,development-024,True,progress
,True,yes,True,0.73,True,development-018-safe-left,467,atomic,290.8,31,,,development,development-018,True,safe
straight,True,straight,True,0.75,True,development-034-compact,511,ablation,308.13,38,0,True,development,development-034,True,compact
straight,True,west,True,0.47,True,development-056-absolute,496,ablation,723.25,38,0,True,development,development-056,True,absolute
left,True,left,True,0.73,True,holdout-056-local,592,ablation,388.18,38,0,True,holdout,holdout-056,True,local
straight,False,straight,True,0.22,False,holdout-059-original,589,ablation,308.32,38,2,True,holdout,holdout-059,True,original
straight,True,north,True,0.61,True,development-012-absolute,507,ablation,325.38,38,0,True,development,development-012,True,absolute
straight,False,straight,True,0.3,False,development-049-original,613,ablation,321.58,38,2,True,development,development-049,True,original
left,True,left,True,0.51,True,development-008-local,585,ablation,302.95,38,0,True,development,development-008,True,local
left,False,left,True,0.22,False,holdout-022-original,611,ablation,281.05,38,6,True,holdout,holdout-022,True,original
straight,False,south,True,0.61,False,holdout-034-absolute,481,ablation,330.51,38,2,True,holdout,holdout-034,True,absolute
right,False,north,True,0.47,False,development-040-absolute,482,ablation,284.57,38,2,True,development,development-040,True,absolute
left,True,left,True,0.98,True,development-053-exact,566,ablation,289.7,38,0,True,development,development-053,True,exact
straight,False,straight,True,0.21,False,development-010-order-0-1,598,order,272.85,38,2,True,development,development-010,True,original
left,True,south,True,0.59,True,development-003-absolute,511,ablation,329.16,38,0,True,development,development-003,True,absolute
,True,yes,True,0.64,True,development-004-safe-straight,452,atomic,299.68,31,,,development,development-004,True,safe
,False,yes,True,0.09,False,development-000-progress-right,493,atomic,295.73,31,,,development,development-000,True,progress
right,True,right,True,0.28,True,holdout-008-local,616,ablation,333.31,38,0,True,holdout,holdout-008,True,local
right,True,right,True,0.65,True,development-007-local,614,ablation,319.52,38,0,True,development,development-007,True,local
,True,no,True,0.48,True,development-025-progress-left,462,atomic,308.61,31,,,development,development-025,True,progress
right,True,right,True,0.08,True,development-005-order-3-0,606,order,302.62,38,0,True,development,development-005,True,original
straight,False,straight,True,0.13,False,development-010-order-1-1,598,order,298.15,38,2,True,development,development-010,True,original
straight,True,straight,True,0.21,True,holdout-023-original,617,ablation,326.04,38,0,True,holdout,holdout-023,True,original
,False,yes,True,0.2,False,development-002-progress-left,473,atomic,339.08,31,,,development,development-002,True,progress
straight,True,straight,True,0.37,True,development-008-order-1-1,586,order,334.88,38,0,True,development,development-008,True,original
straight,False,east,True,0.28,False,holdout-059-absolute,481,ablation,318.05,38,2,True,holdout,holdout-059,True,absolute
straight,False,straight,True,0.37,False,holdout-051-original,587,ablation,329.21,38,2,True,holdout,holdout-051,True,original
straight,True,straight,True,0.97,True,holdout-054-local,585,ablation,350.49,38,0,True,holdout,holdout-054,True,local
,True,yes,True,0.79,True,development-012-safe-right,470,atomic,308.19,31,,,development,development-012,True,safe
straight,True,straight,True,0.47,True,holdout-025-original,599,ablation,364.57,38,0,True,holdout,holdout-025,True,original
straight,True,straight,True,0.2,True,holdout-024-original,630,ablation,343.97,38,0,True,holdout,holdout-024,True,original
straight,False,straight,True,0.12,False,development-007-order-2-1,615,order,828.05,38,2,True,development,development-007,True,original
,True,yes,True,0.2,True,development-023-progress-right,473,atomic,292.52,31,,,development,development-023,True,progress
,True,yes,True,0.78,True,development-011-safe-right,449,atomic,380.89,31,,,development,development-011,True,safe
,True,yes,True,0.94,True,development-006-safe-left,464,atomic,304.93,31,,,development,development-006,True,safe
straight,False,straight,True,0.06,False,development-007-order-2-0,615,order,356.12,38,2,True,development,development-007,True,original
left,True,left,True,0.05,True,development-011-order-1-1,594,order,380.94,38,0,True,development,development-011,True,original
straight,True,straight,True,0.32,True,holdout-006-original,635,ablation,351.53,38,0,True,holdout,holdout-006,True,original
left,True,left,True,0.99,True,development-054-exact,562,ablation,346.04,38,0,True,development,development-054,True,exact
straight,True,north,True,0.33,True,development-031-absolute,510,ablation,378.87,38,0,True,development,development-031,True,absolute
straight,True,straight,True,0.83,True,holdout-021-compact,500,ablation,312.95,38,0,True,holdout,holdout-021,True,compact
left,True,left,True,0.28,True,development-003-order-2-0,619,order,264.17,38,0,True,development,development-003,True,original
straight,True,straight,True,0.7,True,development-016-local,615,ablation,330.71,38,0,True,development,development-016,True,local
right,True,right,True,0.39,True,holdout-028-local,609,ablation,287.53,38,0,True,holdout,holdout-028,True,local
straight,False,straight,True,0.24,False,holdout-059-compact,481,ablation,291.81,38,2,True,holdout,holdout-059,True,compact
straight,True,straight,True,0.39,True,development-038-compact,511,ablation,325.93,38,0,True,development,development-038,True,compact
,True,no,True,0.89,True,development-008-progress-right,455,atomic,365.31,31,,,development,development-008,True,progress
left,False,east,True,0.53,False,development-002-absolute,498,ablation,315.26,38,2,True,development,development-002,True,absolute
right,True,right,True,0.19,True,holdout-032-compact,480,ablation,292.0,38,0,True,holdout,holdout-032,True,compact
straight,True,straight,True,0.34,True,development-022-compact,486,ablation,278.82,38,0,True,development,development-022,True,compact
,True,yes,True,0.9,True,development-010-safe-right,452,atomic,341.61,31,,,development,development-010,True,safe
,True,yes,True,0.59,True,development-014-progress-left,474,atomic,326.91,31,,,development,development-014,True,progress
straight,True,straight,True,0.96,True,holdout-015-compact,518,ablation,336.16,38,0,True,holdout,holdout-015,True,compact
straight,True,straight,True,0.34,True,development-040-local,588,ablation,320.61,38,0,True,development,development-040,True,local
,True,yes,True,0.83,True,development-010-safe-left,452,atomic,314.97,31,,,development,development-010,True,safe
straight,False,straight,True,0.31,False,development-009-order-1-1,586,order,332.94,38,2,True,development,development-009,True,original
straight,True,straight,True,0.66,True,holdout-021-original,607,ablation,313.86,38,0,True,holdout,holdout-021,True,original
straight,True,straight,True,0.34,True,development-001-order-0-1,602,order,309.58,38,0,True,development,development-001,True,original
,True,yes,True,0.92,True,development-022-safe-left,449,atomic,332.73,31,,,development,development-022,True,safe
right,True,east,True,0.88,True,holdout-044-absolute,486,ablation,330.74,38,0,True,holdout,holdout-044,True,absolute
straight,True,straight,True,1.0,True,holdout-054-exact,562,ablation,390.88,38,0,True,holdout,holdout-054,True,exact
right,True,right,True,0.99,True,development-027-exact,586,ablation,280.79,38,0,True,development,development-027,True,exact
straight,True,straight,True,0.45,True,holdout-038-original,589,ablation,347.35,38,0,True,holdout,holdout-038,True,original
left,True,east,True,0.45,True,development-044-absolute,480,ablation,310.45,38,0,True,development,development-044,True,absolute
,True,no,True,0.79,True,development-015-safe-right,481,atomic,304.79,31,,,development,development-015,True,safe
straight,True,straight,True,0.44,True,development-046-local,589,ablation,307.06,38,0,True,development,development-046,True,local
straight,True,straight,True,0.3,True,development-001-order-2-0,602,order,292.98,38,0,True,development,development-001,True,original
straight,True,straight,True,0.48,True,holdout-049-local,586,ablation,312.1,38,0,True,holdout,holdout-049,True,local
straight,False,straight,True,0.22,False,development-005-original,606,ablation,315.09,38,2,True,development,development-005,True,original
straight,True,straight,True,1.0,True,holdout-027-exact,586,ablation,285.32,38,0,True,holdout,holdout-027,True,exact
straight,True,west,True,0.2,True,holdout-028-absolute,504,ablation,370.15,38,0,True,holdout,holdout-028,True,absolute
left,True,left,True,0.52,True,development-011-compact,486,ablation,336.92,38,0,True,development,development-011,True,compact
straight,True,straight,True,0.71,True,holdout-024-local,631,ablation,288.54,38,0,True,holdout,holdout-024,True,local
right,True,south,True,0.1,True,development-007-absolute,509,ablation,366.36,38,0,True,development,development-007,True,absolute
straight,True,straight,True,0.4,True,development-044-original,588,ablation,343.38,38,0,True,development,development-044,True,original
right,True,right,True,0.27,True,holdout-009-local,614,ablation,332.76,38,0,True,holdout,holdout-009,True,local
,True,yes,True,0.87,True,development-009-safe-right,443,atomic,354.57,31,,,development,development-009,True,safe
straight,True,north,True,0.39,True,development-004-absolute,489,ablation,294.98,38,0,True,development,development-004,True,absolute
straight,True,straight,True,0.57,True,development-025-original,594,ablation,266.67,38,0,True,development,development-025,True,original
left,True,left,True,0.13,True,development-011-order-3-0,594,order,365.33,38,0,True,development,development-011,True,original
straight,True,straight,True,0.38,True,development-008-order-3-0,586,order,272.57,38,0,True,development,development-008,True,original
straight,True,straight,True,0.52,True,development-008-order-2-0,586,order,337.5,38,0,True,development,development-008,True,original
,True,yes,True,0.56,True,development-005-safe-left,461,atomic,469.73,31,,,development,development-005,True,safe
straight,True,straight,True,0.63,True,holdout-000-original,600,ablation,474.37,38,0,True,holdout,holdout-000,True,original
right,True,right,True,0.58,True,holdout-036-local,592,ablation,289.84,38,0,True,holdout,holdout-036,True,local
left,False,east,True,0.14,False,development-029-absolute,498,ablation,339.19,38,2,True,development,development-029,True,absolute
straight,True,straight,True,0.33,True,development-020-local,611,ablation,363.42,38,0,True,development,development-020,True,local
left,True,left,True,0.25,True,holdout-047-compact,485,ablation,348.94,38,0,True,holdout,holdout-047,True,compact
straight,True,straight,True,1.0,True,holdout-001-exact,586,ablation,356.69,38,0,True,holdout,holdout-001,True,exact
left,True,left,True,0.8,True,holdout-050-local,591,ablation,311.33,38,0,True,holdout,holdout-050,True,local
straight,False,straight,True,0.36,False,development-005-order-5-0,606,order,301.63,38,2,True,development,development-005,True,original
straight,True,straight,True,0.93,True,holdout-018-compact,486,ablation,336.94,38,0,True,holdout,holdout-018,True,compact
straight,False,straight,True,0.23,False,development-003-order-4-1,619,order,345.58,38,2,True,development,development-003,True,original
,True,yes,True,0.73,True,development-015-safe-left,481,atomic,344.16,31,,,development,development-015,True,safe
straight,True,straight,True,1.0,True,holdout-018-exact,570,ablation,351.67,38,0,True,holdout,holdout-018,True,exact
straight,True,straight,True,0.29,True,development-008-compact,480,ablation,464.31,38,0,True,development,development-008,True,compact
left,True,left,True,0.33,True,development-045-local,602,ablation,362.33,38,0,True,development,development-045,True,local
left,True,left,True,0.23,True,development-003-order-4-0,619,order,382.48,38,0,True,development,development-003,True,original
straight,False,straight,True,0.34,False,development-003-order-3-1,619,order,302.51,38,2,True,development,development-003,True,original
right,True,right,True,0.62,True,development-027-local,609,ablation,326.29,38,0,True,development,development-027,True,local
straight,False,straight,True,0.2,False,development-010-order-5-0,598,order,366.66,38,2,True,development,development-010,True,original
straight,True,straight,True,0.86,True,holdout-018-original,594,ablation,405.0,38,0,True,holdout,holdout-018,True,original
,True,no,True,0.72,True,development-003-progress-right,487,atomic,317.65,31,,,development,development-003,True,progress
straight,True,straight,True,0.55,True,holdout-003-compact,502,ablation,397.53,38,0,True,holdout,holdout-003,True,compact
straight,True,south,True,0.45,True,holdout-007-absolute,481,ablation,411.02,38,0,True,holdout,holdout-007,True,absolute
,False,yes,True,0.37,False,development-028-progress-right,485,atomic,333.93,31,,,development,development-028,True,progress
straight,False,straight,True,0.28,False,holdout-055-compact,481,ablation,366.48,38,2,True,holdout,holdout-055,True,compact
,True,yes,True,0.51,True,development-014-safe-straight,462,atomic,335.32,31,,,development,development-014,True,safe
straight,True,straight,True,1.0,True,holdout-007-exact,563,ablation,365.26,38,0,True,holdout,holdout-007,True,exact
straight,False,straight,True,0.57,False,holdout-034-compact,481,ablation,319.27,38,2,True,holdout,holdout-034,True,compact
straight,True,straight,True,0.56,True,development-056-compact,496,ablation,294.75,38,0,True,development,development-056,True,compact
right,True,right,True,1.0,True,holdout-026-exact,601,ablation,289.79,38,0,True,holdout,holdout-026,True,exact
straight,True,straight,True,0.53,True,development-001-compact,495,ablation,384.94,38,0,True,development,development-001,True,compact
straight,True,straight,True,0.45,True,development-036-compact,486,ablation,343.91,38,0,True,development,development-036,True,compact
right,True,right,True,0.84,True,holdout-005-exact,577,ablation,373.68,38,0,True,holdout,holdout-005,True,exact
,False,yes,True,0.13,False,development-019-progress-left,467,atomic,311.49,31,,,development,development-019,True,progress
,True,no,True,0.74,True,development-011-progress-right,461,atomic,348.5,31,,,development,development-011,True,progress
straight,True,straight,True,0.31,True,development-023-compact,498,ablation,327.27,38,0,True,development,development-023,True,compact
straight,True,east,True,0.67,True,development-034-absolute,511,ablation,321.85,38,0,True,development,development-034,True,absolute
left,True,left,True,0.34,True,development-011-original,594,ablation,340.72,38,0,True,development,development-011,True,original
straight,False,east,True,0.79,False,holdout-051-absolute,481,ablation,295.04,38,2,True,holdout,holdout-051,True,absolute
straight,True,straight,True,1.0,True,development-012-exact,591,ablation,345.38,38,0,True,development,development-012,True,exact
straight,True,straight,True,0.87,True,holdout-002-compact,495,ablation,299.33,38,0,True,holdout,holdout-002,True,compact
left,True,left,True,0.37,True,holdout-047-original,592,ablation,310.01,38,0,True,holdout,holdout-047,True,original
straight,True,straight,True,0.22,True,development-000-order-3-0,625,order,323.98,38,0,True,development,development-000,True,original
straight,True,straight,True,1.0,True,development-031-exact,592,ablation,295.5,38,0,True,development,development-031,True,exact
straight,True,north,True,0.76,True,holdout-031-absolute,486,ablation,336.81,38,0,True,holdout,holdout-031,True,absolute
straight,True,straight,True,0.35,True,development-000-original,625,ablation,346.51,38,0,True,development,development-000,True,original
,True,yes,True,0.9,True,development-017-safe-right,449,atomic,326.04,31,,,development,development-017,True,safe
straight,True,straight,True,0.53,True,development-022-local,591,ablation,298.09,38,0,True,development,development-022,True,local
,False,yes,True,0.02,False,development-016-progress-right,483,atomic,330.41,31,,,development,development-016,True,progress
straight,True,straight,True,0.37,True,development-006-local,608,ablation,328.93,38,0,True,development,development-006,True,local
,True,no,True,0.72,True,development-015-progress-right,493,atomic,360.21,31,,,development,development-015,True,progress
straight,False,straight,True,0.3,False,development-007-order-5-1,615,order,346.83,38,2,True,development,development-007,True,original
straight,False,west,True,0.39,False,development-048-absolute,480,ablation,375.04,38,2,True,development,development-048,True,absolute
left,False,left,True,0.33,False,holdout-023-compact,510,ablation,357.99,38,2,True,holdout,holdout-023,True,compact
,True,no,True,0.89,True,development-009-progress-right,455,atomic,308.81,31,,,development,development-009,True,progress
straight,True,straight,True,0.22,True,development-001-order-3-0,602,order,353.81,38,0,True,development,development-001,True,original
straight,True,north,True,0.61,True,holdout-025-absolute,492,ablation,310.2,38,0,True,holdout,holdout-025,True,absolute
,True,yes,True,0.01,True,development-007-progress-right,482,atomic,329.66,31,,,development,development-007,True,progress
,True,yes,True,0.59,True,development-020-progress-right,479,atomic,346.46,31,,,development,development-020,True,progress
,True,yes,True,0.81,True,development-026-safe-left,467,atomic,293.34,31,,,development,development-026,True,safe
straight,True,straight,True,0.44,True,holdout-003-original,608,ablation,316.75,38,0,True,holdout,holdout-003,True,original
straight,False,straight,True,0.34,False,holdout-033-original,595,ablation,310.59,38,2,True,holdout,holdout-033,True,original
straight,True,straight,True,0.71,True,holdout-003-local,607,ablation,322.39,38,0,True,holdout,holdout-003,True,local
left,True,left,True,0.8,True,development-044-exact,562,ablation,571.54,38,0,True,development,development-044,True,exact
straight,False,south,True,0.22,False,development-042-absolute,481,ablation,307.41,38,2,True,development,development-042,True,absolute
straight,False,south,True,0.29,False,development-054-absolute,480,ablation,339.71,38,2,True,development,development-054,True,absolute
left,True,left,True,0.15,True,development-011-order-1-0,594,order,360.81,38,0,True,development,development-011,True,original
straight,True,straight,True,0.76,True,holdout-016-exact,605,ablation,344.88,38,0,True,holdout,holdout-016,True,exact
left,True,north,True,0.33,True,holdout-056-absolute,485,ablation,345.21,38,0,True,holdout,holdout-056,True,absolute
,True,yes,True,0.53,True,development-012-safe-straight,470,atomic,300.96,31,,,development,development-012,True,safe
straight,True,straight,True,0.47,True,development-002-original,606,ablation,362.14,38,0,True,development,development-002,True,original
straight,True,straight,True,0.74,True,holdout-049-compact,481,ablation,331.09,38,0,True,holdout,holdout-049,True,compact
straight,True,straight,True,0.61,True,holdout-001-local,607,ablation,298.77,38,0,True,holdout,holdout-001,True,local
,True,yes,True,0.92,True,development-014-safe-left,462,atomic,471.44,31,,,development,development-014,True,safe
straight,True,straight,True,0.87,True,development-037-exact,596,ablation,397.2,38,0,True,development,development-037,True,exact
straight,False,straight,True,0.07,False,development-007-order-1-0,615,order,302.43,38,2,True,development,development-007,True,original
straight,True,north,True,0.31,True,holdout-014-absolute,493,ablation,304.73,38,0,True,holdout,holdout-014,True,absolute
left,True,left,True,0.82,True,development-057-exact,570,ablation,351.09,38,0,True,development,development-057,True,exact
straight,True,west,True,0.34,True,development-051-absolute,487,ablation,346.99,38,0,True,development,development-051,True,absolute
straight,True,straight,True,0.61,True,holdout-007-original,587,ablation,291.57,38,0,True,holdout,holdout-007,True,original
straight,True,straight,True,1.0,True,holdout-017-exact,592,ablation,319.91,38,0,True,holdout,holdout-017,True,exact
right,True,right,True,0.29,True,development-029-compact,498,ablation,312.56,38,0,True,development,development-029,True,compact
left,True,left,True,1.0,True,development-015-exact,606,ablation,406.9,38,0,True,development,development-015,True,exact
straight,True,west,True,0.24,True,development-020-absolute,506,ablation,334.66,38,0,True,development,development-020,True,absolute
straight,True,straight,True,0.24,True,development-006-order-3-0,609,order,307.08,38,0,True,development,development-006,True,original
right,True,right,True,0.39,True,development-029-local,603,ablation,285.65,38,0,True,development,development-029,True,local
straight,True,west,True,0.87,True,holdout-002-absolute,495,ablation,305.15,38,0,True,holdout,holdout-002,True,absolute
straight,True,straight,True,0.44,True,development-006-order-4-0,609,order,301.61,38,0,True,development,development-006,True,original
straight,True,straight,True,0.28,True,development-022-original,592,ablation,322.23,38,0,True,development,development-022,True,original
straight,True,straight,True,0.44,True,development-002-order-1-0,606,order,371.31,38,0,True,development,development-002,True,original
straight,True,straight,True,0.6,True,development-004-order-4-0,597,order,311.97,38,0,True,development,development-004,True,original
straight,True,straight,True,0.25,True,holdout-005-compact,494,ablation,361.63,38,0,True,holdout,holdout-005,True,compact
,False,yes,True,0.94,False,development-018-progress-straight,479,atomic,353.76,31,,,development,development-018,True,progress
straight,True,east,True,0.68,True,development-025-absolute,487,ablation,281.04,38,0,True,development,development-025,True,absolute
left,True,left,True,0.99,True,development-003-exact,597,ablation,311.2,38,0,True,development,development-003,True,exact
left,True,left,True,0.07,True,development-011-order-0-1,594,order,416.71,38,0,True,development,development-011,True,original
left,True,left,True,1.0,True,holdout-047-exact,567,ablation,297.13,38,0,True,holdout,holdout-047,True,exact
straight,True,straight,True,0.7,True,development-000-local,624,ablation,307.2,38,0,True,development,development-000,True,local
straight,True,straight,True,0.23,True,development-051-local,592,ablation,308.23,38,0,True,development,development-051,True,local
left,True,left,True,0.34,True,development-009-original,586,ablation,297.77,38,0,True,development,development-009,True,original
,True,yes,True,0.84,True,development-027-safe-left,467,atomic,338.1,31,,,development,development-027,True,safe
straight,False,straight,True,0.64,False,holdout-051-compact,481,ablation,326.01,38,2,True,holdout,holdout-051,True,compact
,True,yes,True,0.74,True,development-023-safe-left,461,atomic,280.45,31,,,development,development-023,True,safe
straight,True,straight,True,0.25,True,development-059-local,586,ablation,388.78,38,0,True,development,development-059,True,local
straight,True,straight,True,0.38,True,development-038-original,618,ablation,330.31,38,0,True,development,development-038,True,original
straight,True,straight,True,0.67,True,development-012-compact,507,ablation,306.86,38,0,True,development,development-012,True,compact
,True,no,True,0.23,True,development-012-progress-left,483,atomic,344.59,31,,,development,development-012,True,progress
straight,True,straight,True,0.49,True,development-002-order-5-1,606,order,362.77,38,0,True,development,development-002,True,original
straight,True,straight,True,0.99,True,holdout-013-exact,599,ablation,349.53,38,0,True,holdout,holdout-013,True,exact
,True,no,True,0.54,True,development-017-progress-left,461,atomic,314.47,31,,,development,development-017,True,progress
straight,False,north,True,0.22,False,holdout-033-absolute,487,ablation,354.29,38,2,True,holdout,holdout-033,True,absolute
right,True,right,True,0.5,True,development-052-local,586,ablation,324.79,38,0,True,development,development-052,True,local
straight,True,east,True,0.78,True,holdout-000-absolute,493,ablation,341.51,38,0,True,holdout,holdout-000,True,absolute
straight,False,straight,True,0.42,False,development-027-compact,504,ablation,339.24,38,2,True,development,development-027,True,compact
,True,yes,True,0.57,True,development-020-safe-straight,467,atomic,302.65,31,,,development,development-020,True,safe
straight,True,straight,True,0.23,True,development-000-order-2-1,625,order,304.88,38,0,True,development,development-000,True,original
,True,yes,True,0.92,True,development-008-safe-left,443,atomic,281.82,31,,,development,development-008,True,safe
right,True,right,True,0.39,True,development-010-local,599,ablation,309.15,38,0,True,development,development-010,True,local
,True,yes,True,0.63,True,development-021-progress-right,486,atomic,354.43,31,,,development,development-021,True,progress
straight,False,straight,True,0.12,False,development-011-order-0-0,594,order,304.18,38,2,True,development,development-011,True,original
straight,True,straight,True,0.62,True,holdout-001-original,609,ablation,332.52,38,0,True,holdout,holdout-001,True,original
left,True,left,True,1.0,True,holdout-055-exact,565,ablation,295.9,38,0,True,holdout,holdout-055,True,exact
straight,True,straight,True,0.88,True,holdout-020-original,614,ablation,281.99,38,0,True,holdout,holdout-020,True,original
straight,True,straight,True,0.99,True,holdout-024-exact,609,ablation,354.54,38,0,True,holdout,holdout-024,True,exact
straight,True,straight,True,0.55,True,development-024-local,616,ablation,393.44,38,0,True,development,development-024,True,local
straight,True,straight,True,0.19,True,holdout-038-compact,481,ablation,328.93,38,0,True,holdout,holdout-038,True,compact
,True,yes,True,0.53,True,development-022-progress-straight,461,atomic,303.91,31,,,development,development-022,True,progress
right,True,right,True,0.63,True,development-059-exact,564,ablation,302.79,38,0,True,development,development-059,True,exact
,True,no,True,0.69,True,development-020-progress-left,479,atomic,301.92,31,,,development,development-020,True,progress
,True,yes,True,0.18,True,development-002-progress-straight,473,atomic,326.39,31,,,development,development-002,True,progress
straight,True,straight,True,0.62,True,holdout-001-compact,502,ablation,279.32,38,0,True,holdout,holdout-001,True,compact
,False,yes,True,0.14,False,development-004-progress-right,464,atomic,309.04,31,,,development,development-004,True,progress
,True,yes,True,0.8,True,development-017-safe-straight,449,atomic,312.39,31,,,development,development-017,True,safe
left,True,left,True,0.41,True,development-050-local,589,ablation,342.43,38,0,True,development,development-050,True,local
straight,True,straight,True,0.21,True,holdout-009-compact,509,ablation,337.73,38,0,True,holdout,holdout-009,True,compact
right,True,west,True,0.62,True,holdout-032-absolute,480,ablation,370.45,38,0,True,holdout,holdout-032,True,absolute
left,True,left,True,0.35,True,holdout-039-local,588,ablation,315.64,38,0,True,holdout,holdout-039,True,local
left,True,left,True,0.37,True,development-003-compact,511,ablation,360.13,38,0,True,development,development-003,True,compact
straight,True,straight,True,0.43,True,holdout-028-compact,504,ablation,397.31,38,0,True,holdout,holdout-028,True,compact
straight,True,north,True,0.56,True,development-019-absolute,492,ablation,313.18,38,0,True,development,development-019,True,absolute
straight,True,straight,True,0.74,True,holdout-007-compact,481,ablation,339.29,38,0,True,holdout,holdout-007,True,compact
straight,True,straight,True,0.49,True,development-002-order-1-1,606,order,298.61,38,0,True,development,development-002,True,original
straight,True,straight,True,0.51,True,development-004-compact,489,ablation,346.36,38,0,True,development,development-004,True,compact
straight,True,straight,True,0.38,True,development-059-original,587,ablation,373.68,38,0,True,development,development-059,True,original
straight,False,west,True,0.26,False,holdout-042-absolute,480,ablation,326.48,38,2,True,holdout,holdout-042,True,absolute
straight,False,straight,True,0.24,False,holdout-042-compact,480,ablation,316.48,38,2,True,holdout,holdout-042,True,compact
straight,False,straight,True,0.06,False,holdout-012-compact,480,ablation,291.21,38,2,True,holdout,holdout-012,True,compact
straight,True,straight,True,0.65,True,development-004-original,597,ablation,292.85,38,0,True,development,development-004,True,original
,True,yes,True,0.92,True,development-017-safe-left,449,atomic,291.85,31,,,development,development-017,True,safe
,True,yes,True,0.8,True,development-022-safe-straight,449,atomic,304.14,31,,,development,development-022,True,safe
straight,True,straight,True,0.4,True,development-006-order-2-0,609,order,306.72,38,0,True,development,development-006,True,original
straight,False,straight,True,0.19,False,holdout-058-local,591,ablation,338.36,38,2,True,holdout,holdout-058,True,local
straight,False,straight,True,0.06,False,development-010-order-3-1,598,order,288.8,38,2,True,development,development-010,True,original
straight,True,straight,True,0.31,True,development-000-order-0-1,625,order,277.37,38,0,True,development,development-000,True,original
right,True,right,True,0.54,True,holdout-004-compact,516,ablation,308.19,38,0,True,holdout,holdout-004,True,compact
straight,False,straight,True,0.42,False,development-042-original,589,ablation,324.09,38,2,True,development,development-042,True,original
straight,True,straight,True,0.42,True,holdout-010-local,630,ablation,311.25,38,0,True,holdout,holdout-010,True,local
straight,True,straight,True,0.39,True,development-008-order-4-1,586,order,309.04,38,0,True,development,development-008,True,original
straight,False,north,True,0.31,False,holdout-045-absolute,487,ablation,284.28,38,2,True,holdout,holdout-045,True,absolute
right,True,east,True,0.34,True,development-052-absolute,481,ablation,458.52,38,0,True,development,development-052,True,absolute
straight,True,straight,True,0.81,True,holdout-015-original,625,ablation,436.14,38,0,True,holdout,holdout-015,True,original
straight,True,straight,True,0.64,True,holdout-031-local,591,ablation,429.22,38,0,True,holdout,holdout-031,True,local
left,True,left,True,0.1,True,holdout-056-compact,485,ablation,337.43,38,0,True,holdout,holdout-056,True,compact
straight,True,south,True,0.51,True,holdout-003-absolute,502,ablation,352.93,38,0,True,holdout,holdout-003,True,absolute
straight,False,straight,True,0.06,False,holdout-055-original,589,ablation,315.88,38,2,True,holdout,holdout-055,True,original
straight,False,east,True,0.63,False,development-018-absolute,504,ablation,291.35,38,2,True,development,development-018,True,absolute
,True,yes,True,0.66,True,development-001-safe-straight,456,atomic,280.45,31,,,development,development-001,True,safe
straight,True,straight,True,0.27,True,holdout-053-original,588,ablation,359.21,38,0,True,holdout,holdout-053,True,original
,True,no,True,0.91,True,development-013-progress-left,487,atomic,370.19,31,,,development,development-013,True,progress
left,False,left,True,0.36,False,development-036-original,593,ablation,334.88,38,2,True,development,development-036,True,original
straight,True,north,True,0.54,True,development-000-absolute,519,ablation,350.95,38,0,True,development,development-000,True,absolute
,True,yes,True,0.73,True,development-009-progress-left,455,atomic,320.76,31,,,development,development-009,True,progress
straight,True,straight,True,0.62,True,holdout-027-compact,504,ablation,324.31,38,0,True,holdout,holdout-027,True,compact
straight,False,east,True,0.04,False,holdout-055-absolute,481,ablation,300.51,38,2,True,holdout,holdout-055,True,absolute
straight,True,straight,True,1.0,True,holdout-015-exact,600,ablation,309.54,38,0,True,holdout,holdout-015,True,exact
straight,True,straight,True,0.21,True,development-000-order-3-1,625,order,333.43,38,0,True,development,development-000,True,original
straight,False,straight,True,0.2,False,development-005-order-0-1,606,order,291.74,38,2,True,development,development-005,True,original
straight,False,straight,True,0.37,False,holdout-048-original,590,ablation,335.88,38,2,True,holdout,holdout-048,True,original
,True,yes,True,0.92,True,development-026-safe-straight,467,atomic,485.59,31,,,development,development-026,True,safe
straight,True,straight,True,0.6,True,development-046-compact,481,ablation,306.32,38,0,True,development,development-046,True,compact
straight,True,straight,True,0.64,True,development-004-order-3-1,597,order,350.21,38,0,True,development,development-004,True,original
left,True,left,True,0.38,True,development-050-original,589,ablation,361.23,38,0,True,development,development-050,True,original
straight,True,straight,True,0.88,True,holdout-046-exact,564,ablation,377.94,38,0,True,holdout,holdout-046,True,exact
straight,True,straight,True,0.74,True,development-004-order-5-1,597,order,342.54,38,0,True,development,development-004,True,original
straight,True,straight,True,1.0,True,holdout-025-exact,576,ablation,406.56,38,0,True,holdout,holdout-025,True,exact
left,True,left,True,0.99,True,development-047-exact,573,ablation,322.51,38,0,True,development,development-047,True,exact
,False,no,True,0.48,False,development-005-progress-right,473,atomic,310.85,31,,,development,development-005,True,progress
right,True,right,True,0.83,True,holdout-014-exact,578,ablation,340.44,38,0,True,holdout,holdout-014,True,exact
left,True,north,True,0.36,True,holdout-047-absolute,485,ablation,333.76,38,0,True,holdout,holdout-047,True,absolute
right,True,right,True,0.21,True,development-027-original,611,ablation,300.26,38,0,True,development,development-027,True,original
straight,True,north,True,0.15,True,holdout-030-absolute,492,ablation,307.26,38,0,True,holdout,holdout-030,True,absolute
left,True,north,True,0.34,True,holdout-050-absolute,486,ablation,339.03,38,0,True,holdout,holdout-050,True,absolute
left,True,left,True,0.32,True,development-003-order-0-1,619,order,298.41,38,0,True,development,development-003,True,original
right,True,right,True,0.72,True,development-013-original,618,ablation,295.04,38,0,True,development,development-013,True,original
left,False,east,True,0.53,False,development-033-absolute,511,ablation,352.67,38,2,True,development,development-033,True,absolute
left,True,left,True,0.24,True,development-003-order-2-1,619,order,326.82,38,0,True,development,development-003,True,original
straight,True,straight,True,0.66,True,holdout-028-exact,586,ablation,376.57,38,0,True,holdout,holdout-028,True,exact
straight,False,straight,True,0.2,False,holdout-034-original,589,ablation,355.87,38,2,True,holdout,holdout-034,True,original
,True,no,True,0.17,True,development-021-progress-left,486,atomic,314.08,31,,,development,development-021,True,progress
straight,True,straight,True,0.21,True,holdout-009-original,616,ablation,385.38,38,0,True,holdout,holdout-009,True,original
straight,True,straight,True,0.36,True,development-057-original,593,ablation,296.62,38,0,True,development,development-057,True,original
straight,False,straight,True,0.36,False,development-018-original,612,ablation,332.97,38,2,True,development,development-018,True,original
straight,True,straight,True,1.0,True,development-028-exact,595,ablation,335.69,38,0,True,development,development-028,True,exact
right,True,right,True,0.1,True,holdout-016-original,630,ablation,579.77,38,0,True,holdout,holdout-016,True,original
straight,True,straight,True,0.34,True,development-051-original,594,ablation,307.08,38,0,True,development,development-051,True,original
,True,no,True,0.41,True,development-010-progress-left,464,atomic,316.11,31,,,development,development-010,True,progress
,True,no,True,0.46,True,development-001-progress-right,468,atomic,381.15,31,,,development,development-001,True,progress
,True,no,True,0.54,True,development-007-progress-straight,482,atomic,687.22,31,,,development,development-007,True,progress
,True,yes,True,0.18,True,development-010-safe-straight,452,atomic,365.77,31,,,development,development-010,True,safe
straight,False,straight,True,0.1,False,development-007-order-3-1,615,order,320.64,38,2,True,development,development-007,True,original
straight,False,straight,True,0.14,False,development-010-order-2-0,598,order,308.58,38,2,True,development,development-010,True,original
,True,yes,True,0.83,True,development-021-progress-straight,487,atomic,315.9,31,,,development,development-021,True,progress
straight,False,straight,True,0.06,False,development-005-order-3-1,606,order,317.2,38,2,True,development,development-005,True,original
straight,True,straight,True,0.63,True,holdout-028-original,611,ablation,313.48,38,0,True,holdout,holdout-028,True,original
straight,True,straight,True,0.93,True,development-019-local,597,ablation,299.84,38,0,True,development,development-019,True,local
straight,True,straight,True,0.29,True,holdout-010-original,631,ablation,341.19,38,0,True,holdout,holdout-010,True,original
,True,yes,True,0.41,True,development-001-progress-straight,468,atomic,352.27,31,,,development,development-001,True,progress
straight,True,straight,True,0.82,True,development-025-compact,487,ablation,384.54,38,0,True,development,development-025,True,compact
straight,True,straight,True,0.48,True,development-021-original,619,ablation,330.74,38,0,True,development,development-021,True,original
left,True,left,True,0.9,True,development-008-exact,562,ablation,374.46,38,0,True,development,development-008,True,exact
straight,False,straight,True,0.36,False,development-005-order-5-1,606,order,343.14,38,2,True,development,development-005,True,original
straight,False,straight,True,0.09,False,development-007-order-4-1,615,order,275.12,38,2,True,development,development-007,True,original
straight,True,straight,True,0.27,True,holdout-030-compact,492,ablation,332.66,38,0,True,holdout,holdout-030,True,compact
right,True,right,True,0.42,True,development-035-local,610,ablation,343.36,38,0,True,development,development-035,True,local
straight,True,north,True,0.42,True,holdout-001-absolute,502,ablation,328.47,38,0,True,holdout,holdout-001,True,absolute
left,False,left,True,0.33,False,development-002-order-3-0,606,order,278.96,38,2,True,development,development-002,True,original
straight,True,straight,True,0.27,True,development-000-order-5-0,625,order,341.17,38,0,True,development,development-000,True,original
left,True,left,True,0.97,True,development-049-exact,588,ablation,404.22,38,0,True,development,development-049,True,exact
straight,True,straight,True,0.62,True,development-004-order-3-0,597,order,327.48,38,0,True,development,development-004,True,original
left,False,left,True,0.15,False,holdout-059-local,589,ablation,314.96,38,2,True,holdout,holdout-059,True,local
straight,True,straight,True,0.29,True,development-001-order-4-1,602,order,333.3,38,0,True,development,development-001,True,original
straight,False,straight,True,0.34,False,holdout-058-compact,486,ablation,362.83,38,2,True,holdout,holdout-058,True,compact
,True,no,True,0.5,True,development-028-progress-left,486,atomic,426.25,31,,,development,development-028,True,progress
straight,True,east,True,0.97,True,holdout-018-absolute,486,ablation,427.81,38,0,True,holdout,holdout-018,True,absolute
straight,False,straight,True,0.24,False,development-003-order-5-1,619,order,331.82,38,2,True,development,development-003,True,original
straight,True,straight,True,0.32,True,development-033-original,618,ablation,324.53,38,0,True,development,development-033,True,original
right,True,right,True,0.84,True,holdout-008-exact,593,ablation,306.69,38,0,True,holdout,holdout-008,True,exact
straight,True,straight,True,0.4,True,development-001-order-5-1,602,order,355.96,38,0,True,development,development-001,True,original
,True,yes,True,0.93,True,development-016-progress-straight,484,atomic,351.74,31,,,development,development-016,True,progress
straight,True,straight,True,0.27,True,development-001-order-3-1,602,order,406.27,38,0,True,development,development-001,True,original
straight,True,straight,True,0.92,True,holdout-030-exact,574,ablation,335.22,38,0,True,holdout,holdout-030,True,exact
straight,True,straight,True,0.76,True,holdout-020-local,613,ablation,368.41,38,0,True,holdout,holdout-020,True,local
straight,True,north,True,0.3,True,holdout-024-absolute,523,ablation,314.31,38,0,True,holdout,holdout-024,True,absolute
straight,True,west,True,0.25,True,holdout-046-absolute,481,ablation,320.89,38,0,True,holdout,holdout-046,True,absolute
right,True,right,True,0.19,True,development-058-compact,486,ablation,347.49,38,0,True,development,development-058,True,compact
straight,False,straight,True,0.07,False,development-011-order-3-1,594,order,316.86,38,2,True,development,development-011,True,original
straight,False,straight,True,0.2,False,development-010-order-0-0,598,order,276.92,38,2,True,development,development-010,True,original
left,True,left,True,0.39,True,holdout-053-local,585,ablation,290.08,38,0,True,holdout,holdout-053,True,local
straight,False,straight,True,0.64,False,holdout-048-compact,482,ablation,307.73,38,2,True,holdout,holdout-048,True,compact
,True,no,True,0.93,True,development-001-safe-right,456,atomic,318.7,31,,,development,development-001,True,safe
straight,True,east,True,0.99,True,holdout-015-absolute,518,ablation,309.34,38,0,True,holdout,holdout-015,True,absolute
left,True,north,True,0.75,True,development-055-absolute,491,ablation,387.27,38,0,True,development,development-055,True,absolute
straight,True,straight,True,0.63,True,development-004-order-1-1,597,order,354.01,38,0,True,development,development-004,True,original
left,True,west,True,0.32,True,development-014-absolute,501,ablation,298.98,38,0,True,development,development-014,True,absolute
straight,True,north,True,0.42,True,holdout-035-absolute,481,ablation,332.72,38,0,True,holdout,holdout-035,True,absolute
straight,True,straight,True,1.0,True,development-038-exact,593,ablation,322.24,38,0,True,development,development-038,True,exact
,True,yes,True,0.93,True,development-009-safe-left,443,atomic,390.78,31,,,development,development-009,True,safe
,True,no,True,0.91,True,development-014-safe-right,462,atomic,329.17,31,,,development,development-014,True,safe
,True,yes,True,0.71,True,development-001-safe-left,456,atomic,310.09,31,,,development,development-001,True,safe
right,True,right,True,0.23,True,development-007-compact,509,ablation,337.12,38,0,True,development,development-007,True,compact
left,False,left,True,0.2,False,development-002-order-2-1,606,order,393.69,38,2,True,development,development-002,True,original
right,True,right,True,1.0,True,holdout-048-exact,564,ablation,344.03,38,0,True,holdout,holdout-048,True,exact
straight,False,straight,True,0.27,False,development-005-compact,498,ablation,368.63,38,2,True,development,development-005,True,compact
straight,False,straight,True,0.12,False,development-007-original,615,ablation,406.06,38,2,True,development,development-007,True,original
,True,no,True,0.79,True,development-016-progress-left,484,atomic,332.47,31,,,development,development-016,True,progress
right,True,right,True,0.99,True,development-018-exact,586,ablation,379.1,38,0,True,development,development-018,True,exact
right,True,right,True,1.0,True,development-007-exact,591,ablation,382.24,38,0,True,development,development-007,True,exact
straight,True,straight,True,0.91,True,holdout-002-original,601,ablation,358.65,38,0,True,holdout,holdout-002,True,original
straight,True,straight,True,0.8,True,development-034-exact,596,ablation,337.12,38,0,True,development,development-034,True,exact
left,True,left,True,0.88,True,development-006-exact,587,ablation,369.62,38,0,True,development,development-006,True,exact
straight,True,straight,True,1.0,True,holdout-029-exact,581,ablation,341.12,38,0,True,holdout,holdout-029,True,exact
left,True,left,True,0.65,True,holdout-038-exact,563,ablation,377.97,38,0,True,holdout,holdout-038,True,exact
straight,False,straight,True,0.09,False,holdout-012-local,585,ablation,323.47,38,2,True,holdout,holdout-012,True,local
straight,True,straight,True,1.0,True,holdout-020-exact,592,ablation,378.16,38,0,True,holdout,holdout-020,True,exact
straight,True,straight,True,0.91,True,holdout-054-compact,480,ablation,365.11,38,0,True,holdout,holdout-054,True,compact
straight,True,straight,True,0.37,True,development-006-order-1-0,609,order,296.79,38,0,True,development,development-006,True,original
straight,True,south,True,0.35,True,development-046-absolute,481,ablation,315.17,38,0,True,development,development-046,True,absolute
straight,True,straight,True,0.91,True,holdout-027-local,609,ablation,269.52,38,0,True,holdout,holdout-027,True,local
,True,yes,True,0.92,True,development-018-safe-straight,467,atomic,291.94,31,,,development,development-018,True,safe
straight,True,east,True,0.98,True,holdout-054-absolute,480,ablation,281.74,38,0,True,holdout,holdout-054,True,absolute
straight,True,east,True,0.57,True,development-026-absolute,504,ablation,302.67,38,0,True,development,development-026,True,absolute
straight,True,straight,True,0.44,True,development-037-local,619,ablation,328.55,38,0,True,development,development-037,True,local
right,False,north,True,0.24,False,holdout-038-absolute,481,ablation,333.25,38,2,True,holdout,holdout-038,True,absolute
,True,yes,True,0.34,True,development-025-progress-right,462,atomic,294.57,31,,,development,development-025,True,progress
left,True,left,True,0.61,True,development-043-local,589,ablation,285.47,38,0,True,development,development-043,True,local
straight,True,straight,True,0.19,True,holdout-016-local,628,ablation,328.35,38,0,True,holdout,holdout-016,True,local
straight,True,straight,True,0.29,True,holdout-035-compact,481,ablation,296.65,38,0,True,holdout,holdout-035,True,compact
right,True,right,True,0.74,True,development-032-local,609,ablation,330.8,38,0,True,development,development-032,True,local
left,True,west,True,0.52,True,development-009-absolute,480,ablation,381.12,38,0,True,development,development-009,True,absolute
straight,False,west,True,0.34,False,holdout-012-absolute,480,ablation,364.05,38,2,True,holdout,holdout-012,True,absolute
left,True,left,True,0.29,True,development-014-original,607,ablation,388.24,38,0,True,development,development-014,True,original
straight,True,east,True,0.82,True,holdout-049-absolute,481,ablation,369.95,38,0,True,holdout,holdout-049,True,absolute
,True,yes,True,0.67,True,development-008-progress-left,455,atomic,310.5,31,,,development,development-008,True,progress
,True,no,True,0.85,True,development-010-progress-straight,464,atomic,322.53,31,,,development,development-010,True,progress
straight,True,straight,True,0.29,True,holdout-011-compact,502,ablation,308.76,38,0,True,holdout,holdout-011,True,compact
straight,True,straight,True,0.68,True,development-004-order-2-1,597,order,606.27,38,0,True,development,development-004,True,original
straight,True,straight,True,0.75,True,development-016-compact,510,ablation,370.88,38,0,True,development,development-016,True,compact
straight,True,straight,True,0.77,True,development-038-local,616,ablation,454.99,38,0,True,development,development-038,True,local
left,False,left,True,0.15,False,holdout-040-original,594,ablation,453.94,38,2,True,holdout,holdout-040,True,original
,True,no,True,0.6,True,development-015-progress-straight,493,atomic,483.99,31,,,development,development-015,True,progress
left,True,left,True,0.62,True,holdout-037-local,593,ablation,330.06,38,0,True,holdout,holdout-037,True,local
,True,yes,True,0.85,True,development-024-safe-left,474,atomic,357.08,31,,,development,development-024,True,safe
straight,True,straight,True,0.9,True,development-021-exact,594,ablation,319.26,38,0,True,development,development-021,True,exact
,True,yes,True,0.9,True,development-011-safe-straight,449,atomic,347.88,31,,,development,development-011,True,safe
straight,True,straight,True,0.68,True,development-004-order-0-0,597,order,341.88,38,0,True,development,development-004,True,original
straight,True,straight,True,0.26,True,development-000-order-4-0,625,order,315.82,38,0,True,development,development-000,True,original
right,True,right,True,0.98,True,holdout-004-exact,600,ablation,303.83,38,0,True,holdout,holdout-004,True,exact
straight,True,straight,True,0.31,True,holdout-011-original,609,ablation,311.54,38,0,True,holdout,holdout-011,True,original
,True,no,True,0.09,True,development-012-progress-right,482,atomic,301.9,31,,,development,development-012,True,progress
left,True,north,True,0.48,True,development-011-absolute,486,ablation,337.28,38,0,True,development,development-011,True,absolute
straight,True,straight,True,0.62,True,holdout-019-local,622,ablation,456.59,38,0,True,holdout,holdout-019,True,local
,True,yes,True,0.24,True,development-007-safe-straight,470,atomic,328.23,31,,,development,development-007,True,safe
,True,yes,True,0.36,True,development-028-safe-straight,473,atomic,328.68,31,,,development,development-028,True,safe
,True,yes,True,0.71,True,development-020-safe-right,467,atomic,328.31,31,,,development,development-020,True,safe
straight,True,straight,True,0.46,True,development-034-local,619,ablation,402.53,38,0,True,development,development-034,True,local
,True,yes,True,0.85,True,development-019-safe-straight,455,atomic,389.11,31,,,development,development-019,True,safe
straight,False,straight,True,0.11,False,holdout-041-compact,492,ablation,290.42,38,2,True,holdout,holdout-041,True,compact
,True,no,True,0.99,True,development-028-safe-left,474,atomic,350.03,31,,,development,development-028,True,safe
left,False,left,True,0.19,False,development-033-compact,511,ablation,428.96,38,2,True,development,development-033,True,compact
right,True,right,True,0.32,True,development-032-original,610,ablation,374.33,38,0,True,development,development-032,True,original
left,True,left,True,0.25,True,development-041-original,589,ablation,341.97,38,0,True,development,development-041,True,original
right,True,right,True,0.98,True,development-017-exact,571,ablation,456.17,38,0,True,development,development-017,True,exact
left,True,left,True,1.0,True,holdout-050-exact,568,ablation,362.91,38,0,True,holdout,holdout-050,True,exact
right,True,right,True,0.33,True,holdout-048-local,587,ablation,347.07,38,0,True,holdout,holdout-048,True,local
right,True,right,True,1.0,True,holdout-033-exact,571,ablation,346.69,38,0,True,holdout,holdout-033,True,exact
,True,yes,True,0.79,True,development-013-progress-right,486,atomic,395.08,31,,,development,development-013,True,progress
right,True,right,True,0.13,True,development-007-order-3-0,615,order,326.11,38,0,True,development,development-007,True,original
straight,True,straight,True,0.4,True,development-001-local,603,ablation,304.77,38,0,True,development,development-001,True,local
straight,True,straight,True,0.47,True,development-039-compact,501,ablation,321.74,38,0,True,development,development-039,True,compact
right,True,right,True,0.29,True,development-018-local,609,ablation,362.05,38,0,True,development,development-018,True,local
,True,yes,True,0.32,True,development-002-safe-right,461,atomic,350.93,31,,,development,development-002,True,safe
straight,True,straight,True,0.36,True,development-001-order-0-0,602,order,344.83,38,0,True,development,development-001,True,original
,True,yes,True,0.82,True,development-025-safe-left,450,atomic,367.31,31,,,development,development-025,True,safe
left,True,left,True,1.0,True,holdout-039-exact,566,ablation,358.36,38,0,True,holdout,holdout-039,True,exact
straight,False,north,True,0.31,False,holdout-039-absolute,481,ablation,431.89,38,2,True,holdout,holdout-039,True,absolute
right,True,west,True,0.76,True,holdout-004-absolute,516,ablation,451.84,38,0,True,holdout,holdout-004,True,absolute
right,True,right,True,1.0,True,holdout-040-exact,571,ablation,404.74,38,0,True,holdout,holdout-040,True,exact
straight,True,straight,True,1.0,True,development-036-exact,568,ablation,401.73,38,0,True,development,development-036,True,exact
straight,True,straight,True,0.42,True,development-023-original,605,ablation,378.37,38,0,True,development,development-023,True,original
,True,yes,True,0.8,True,development-005-safe-right,461,atomic,319.42,31,,,development,development-005,True,safe
straight,True,straight,True,0.72,True,holdout-019-compact,517,ablation,359.65,38,0,True,holdout,holdout-019,True,compact
straight,True,straight,True,0.8,True,holdout-007-local,586,ablation,366.86,38,0,True,holdout,holdout-007,True,local
right,False,right,True,0.21,False,development-049-compact,504,ablation,301.13,38,4,True,development,development-049,True,compact
straight,True,straight,True,0.62,True,development-057-local,592,ablation,348.47,38,0,True,development,development-057,True,local
straight,True,straight,True,0.88,True,holdout-054-original,588,ablation,387.94,38,0,True,holdout,holdout-054,True,original
right,True,right,True,0.35,True,development-048-local,585,ablation,364.53,38,0,True,development,development-048,True,local
left,True,left,True,0.47,True,development-050-compact,481,ablation,338.15,38,0,True,development,development-050,True,compact
,True,yes,True,0.73,True,development-022-safe-right,449,atomic,323.06,31,,,development,development-022,True,safe
,True,no,True,0.2,True,development-005-progress-straight,473,atomic,313.46,31,,,development,development-005,True,progress
straight,True,straight,True,0.47,True,development-006-order-0-1,609,order,322.84,38,0,True,development,development-006,True,original
right,True,north,True,0.34,True,holdout-041-absolute,492,ablation,289.76,38,0,True,holdout,holdout-041,True,absolute
,True,no,True,0.96,True,development-013-safe-straight,475,atomic,363.42,31,,,development,development-013,True,safe
straight,True,north,True,0.28,True,development-022-absolute,486,ablation,318.4,38,0,True,development,development-022,True,absolute
straight,True,straight,True,0.81,True,holdout-031-exact,568,ablation,369.6,38,0,True,holdout,holdout-031,True,exact
straight,False,straight,True,0.38,False,development-045-original,601,ablation,378.68,38,2,True,development,development-045,True,original
straight,False,straight,True,0.19,False,development-010-order-1-0,598,order,370.25,38,2,True,development,development-010,True,original
,True,yes,True,0.95,True,development-026-progress-straight,479,atomic,330.81,31,,,development,development-026,True,progress
,True,no,True,0.92,True,development-019-progress-right,467,atomic,379.21,31,,,development,development-019,True,progress
straight,False,straight,True,0.21,False,holdout-058-original,594,ablation,344.35,38,2,True,holdout,holdout-058,True,original
right,True,right,True,1.0,True,holdout-051-exact,566,ablation,307.21,38,0,True,holdout,holdout-051,True,exact
straight,True,straight,True,0.91,True,holdout-049-exact,563,ablation,322.53,38,0,True,holdout,holdout-049,True,exact
straight,False,straight,True,0.17,False,holdout-026-compact,517,ablation,318.78,38,2,True,holdout,holdout-026,True,compact
,False,no,True,0.1,False,development-001-progress-left,468,atomic,378.19,31,,,development,development-001,True,progress
left,True,left,True,0.65,True,holdout-055-local,588,ablation,320.45,38,0,True,holdout,holdout-055,True,local
straight,True,straight,True,0.28,True,holdout-053-compact,480,ablation,329.38,38,0,True,holdout,holdout-053,True,compact
straight,True,straight,True,0.87,True,development-012-local,612,ablation,301.52,38,0,True,development,development-012,True,local
left,True,left,True,0.81,True,development-055-local,596,ablation,361.05,38,0,True,development,development-055,True,local
left,True,left,True,0.99,True,holdout-034-exact,565,ablation,360.42,38,0,True,holdout,holdout-034,True,exact
right,True,south,True,0.16,True,development-010-absolute,491,ablation,362.0,38,0,True,development,development-010,True,absolute
left,False,left,True,0.07,False,holdout-032-original,588,ablation,326.92,38,2,True,holdout,holdout-032,True,original
straight,True,straight,True,0.71,True,holdout-017-local,615,ablation,418.9,38,0,True,holdout,holdout-017,True,local
straight,False,straight,True,0.53,False,development-015-original,627,ablation,414.77,38,2,True,development,development-015,True,original
left,True,left,True,0.8,True,development-051-exact,569,ablation,376.0,38,0,True,development,development-051,True,exact
straight,False,straight,True,0.62,False,development-043-compact,481,ablation,380.39,38,2,True,development,development-043,True,compact
straight,True,straight,True,0.45,True,holdout-046-local,586,ablation,581.09,38,0,True,holdout,holdout-046,True,local
straight,True,straight,True,0.31,True,development-030-local,620,ablation,358.52,38,0,True,development,development-030,True,local
right,False,north,True,0.21,False,development-049-absolute,504,ablation,579.4,38,4,True,development,development-049,True,absolute
,True,yes,True,0.27,True,development-004-progress-straight,464,atomic,343.25,31,,,development,development-004,True,progress
straight,True,straight,True,0.39,True,development-040-original,590,ablation,320.03,38,0,True,development,development-040,True,original
straight,True,straight,True,0.83,True,holdout-020-compact,508,ablation,308.18,38,0,True,holdout,holdout-020,True,compact
straight,False,east,True,0.79,False,holdout-048-absolute,482,ablation,372.5,38,2,True,holdout,holdout-048,True,absolute
straight,True,straight,True,1.0,True,holdout-003-exact,584,ablation,334.48,38,0,True,holdout,holdout-003,True,exact
left,True,left,True,0.42,True,development-044-local,585,ablation,320.17,38,0,True,development,development-044,True,local
right,True,right,True,0.18,True,development-005-local,603,ablation,414.92,38,0,True,development,development-005,True,local
straight,False,straight,True,0.27,False,development-053-original,589,ablation,309.07,38,2,True,development,development-053,True,original
right,True,right,True,0.99,True,holdout-041-exact,574,ablation,289.95,38,0,True,holdout,holdout-041,True,exact
,True,yes,True,0.87,True,development-029-safe-straight,461,atomic,310.91,31,,,development,development-029,True,safe
left,False,left,True,0.06,False,development-029-original,605,ablation,339.5,38,2,True,development,development-029,True,original
straight,True,straight,True,0.76,True,holdout-000-local,598,ablation,272.97,38,0,True,holdout,holdout-000,True,local
left,False,left,True,0.16,False,development-010-order-4-1,598,order,285.3,38,2,True,development,development-010,True,original
left,False,left,True,0.28,False,development-024-compact,511,ablation,351.55,38,2,True,development,development-024,True,compact
straight,True,straight,True,0.42,True,holdout-024-compact,523,ablation,306.62,38,0,True,holdout,holdout-024,True,compact
left,True,north,True,0.33,True,development-041-absolute,481,ablation,348.29,38,0,True,development,development-041,True,absolute
,True,no,True,0.11,True,development-014-progress-straight,474,atomic,314.14,31,,,development,development-014,True,progress
right,True,right,True,0.34,True,development-058-local,591,ablation,287.11,38,0,True,development,development-058,True,local
straight,True,west,True,0.3,True,holdout-005-absolute,494,ablation,384.26,38,0,True,holdout,holdout-005,True,absolute
right,True,west,True,0.78,True,holdout-022-absolute,505,ablation,288.73,38,0,True,holdout,holdout-022,True,absolute
right,True,right,True,0.71,True,holdout-004-local,621,ablation,307.55,38,0,True,holdout,holdout-004,True,local
straight,True,straight,True,0.76,True,holdout-010-exact,609,ablation,318.95,38,0,True,holdout,holdout-010,True,exact
straight,True,straight,True,0.26,True,development-006-compact,503,ablation,322.42,38,0,True,development,development-006,True,compact
,False,no,True,0.07,False,development-010-progress-right,464,atomic,321.63,31,,,development,development-010,True,progress
,True,yes,True,0.93,True,development-027-safe-straight,467,atomic,416.37,31,,,development,development-027,True,safe
,True,yes,True,0.53,True,development-021-safe-left,474,atomic,347.19,31,,,development,development-021,True,safe
,False,no,True,0.34,False,development-029-progress-straight,473,atomic,342.16,31,,,development,development-029,True,progress
left,True,left,True,0.48,True,holdout-050-compact,486,ablation,435.06,38,0,True,holdout,holdout-050,True,compact
right,True,right,True,0.94,True,development-013-compact,511,ablation,323.16,38,0,True,development,development-013,True,compact
straight,False,straight,True,0.26,False,development-048-compact,480,ablation,283.12,38,2,True,development,development-048,True,compact
left,True,left,True,1.0,True,development-014-exact,585,ablation,306.6,38,0,True,development,development-014,True,exact
straight,True,straight,True,0.43,True,development-008-order-0-1,586,order,425.09,38,0,True,development,development-008,True,original
,True,yes,True,0.79,True,development-009-safe-straight,443,atomic,343.75,31,,,development,development-009,True,safe
,False,no,True,0.42,False,development-016-safe-left,472,atomic,335.22,31,,,development,development-016,True,safe
straight,True,straight,True,0.59,True,development-016-original,617,ablation,320.27,38,0,True,development,development-016,True,original
straight,True,straight,True,0.67,True,development-004-local,594,ablation,346.19,38,0,True,development,development-004,True,local
,True,yes,True,0.63,True,development-023-progress-straight,473,atomic,347.8,31,,,development,development-023,True,progress
straight,True,straight,True,0.52,True,development-002-order-0-0,606,order,300.86,38,0,True,development,development-002,True,original
straight,False,straight,True,0.28,False,development-054-original,588,ablation,328.2,38,2,True,development,development-054,True,original
straight,False,north,True,0.29,False,development-045-absolute,494,ablation,314.22,38,2,True,development,development-045,True,absolute
straight,True,north,True,0.44,True,holdout-006-absolute,528,ablation,465.45,38,0,True,holdout,holdout-006,True,absolute
straight,True,straight,True,0.37,True,holdout-023-local,615,ablation,443.97,38,0,True,holdout,holdout-023,True,local
,True,yes,True,0.91,True,development-029-safe-left,461,atomic,356.43,31,,,development,development-029,True,safe
straight,True,straight,True,0.47,True,development-002-order-0-1,606,order,351.99,38,0,True,development,development-002,True,original
straight,False,straight,True,0.31,False,development-009-order-5-0,586,order,372.17,38,2,True,development,development-009,True,original
straight,False,straight,True,0.3,False,holdout-012-original,586,ablation,316.74,38,2,True,holdout,holdout-012,True,original
straight,True,straight,True,0.99,True,development-033-exact,593,ablation,309.38,38,0,True,development,development-033,True,exact
straight,False,straight,True,0.41,False,development-042-compact,481,ablation,281.91,38,2,True,development,development-042,True,compact
left,True,left,True,0.31,True,development-015-local,628,ablation,317.57,38,0,True,development,development-015,True,local
straight,True,north,True,0.7,True,holdout-021-absolute,500,ablation,342.04,38,0,True,holdout,holdout-021,True,absolute
straight,True,straight,True,0.61,True,holdout-019-original,624,ablation,538.47,38,0,True,holdout,holdout-019,True,original
left,False,left,True,0.09,False,holdout-004-original,623,ablation,348.17,38,,False,holdout,holdout-004,True,original
straight,True,straight,True,0.78,True,holdout-017-compact,510,ablation,338.3,38,0,True,holdout,holdout-017,True,compact
,True,yes,True,0.21,True,development-020-progress-straight,479,atomic,310.24,31,,,development,development-020,True,progress
straight,False,straight,True,0.12,False,development-017-original,594,ablation,433.02,38,2,True,development,development-017,True,original
,True,yes,True,0.09,True,development-000-safe-straight,479,atomic,308.72,31,,,development,development-000,True,safe
left,True,left,True,0.36,True,development-003-order-0-0,619,order,304.49,38,0,True,development,development-003,True,original
straight,True,straight,True,1.0,True,holdout-021-exact,584,ablation,321.71,38,0,True,holdout,holdout-021,True,exact
left,True,left,True,0.33,True,development-011-order-4-0,594,order,352.23,38,0,True,development,development-011,True,original
right,True,right,True,0.71,True,holdout-035-exact,564,ablation,330.73,38,0,True,holdout,holdout-035,True,exact
left,True,left,True,0.22,True,development-009-order-0-0,586,order,336.21,38,0,True,development,development-009,True,original
,True,yes,True,0.84,True,development-019-safe-left,455,atomic,327.66,31,,,development,development-019,True,safe
straight,True,straight,True,0.7,True,holdout-025-compact,492,ablation,344.65,38,0,True,holdout,holdout-025,True,compact
straight,True,straight,True,0.26,True,development-001-original,602,ablation,318.45,38,0,True,development,development-001,True,original
straight,True,straight,True,0.48,True,holdout-031-original,594,ablation,455.01,38,0,True,holdout,holdout-031,True,original
right,True,right,True,1.0,True,development-052-exact,563,ablation,426.28,38,0,True,development,development-052,True,exact
,True,yes,True,0.95,True,development-027-safe-right,467,atomic,386.97,31,,,development,development-027,True,safe
straight,True,straight,True,0.32,True,holdout-014-compact,493,ablation,447.37,38,0,True,holdout,holdout-014,True,compact
straight,False,straight,True,0.37,False,development-043-original,587,ablation,333.03,38,2,True,development,development-043,True,original
straight,False,straight,True,0.16,False,development-010-compact,491,ablation,334.9,38,2,True,development,development-010,True,compact
straight,False,straight,True,0.43,False,holdout-052-original,600,ablation,416.54,38,2,True,holdout,holdout-052,True,original
straight,True,straight,True,0.7,True,development-004-order-2-0,597,order,630.15,38,0,True,development,development-004,True,original
straight,True,straight,True,1.0,True,development-022-exact,568,ablation,308.42,38,0,True,development,development-022,True,exact
straight,True,straight,True,0.81,True,holdout-025-local,597,ablation,331.81,38,0,True,holdout,holdout-025,True,local
right,True,right,True,0.52,True,holdout-022-local,610,ablation,453.03,38,0,True,holdout,holdout-022,True,local
straight,False,straight,True,0.21,False,development-009-order-2-1,586,order,302.5,38,2,True,development,development-009,True,original
left,True,left,True,0.5,True,holdout-034-local,586,ablation,365.03,38,0,True,holdout,holdout-034,True,local
right,True,right,True,0.3,True,holdout-042-local,587,ablation,296.74,38,0,True,holdout,holdout-042,True,local
,True,yes,True,0.85,True,development-029-safe-right,461,atomic,357.61,31,,,development,development-029,True,safe
straight,True,straight,True,0.53,True,development-000-compact,519,ablation,283.06,38,0,True,development,development-000,True,compact
straight,False,straight,True,0.42,False,holdout-041-original,600,ablation,346.3,38,2,True,holdout,holdout-041,True,original
straight,True,straight,True,1.0,True,development-019-exact,574,ablation,321.61,38,0,True,development,development-019,True,exact
straight,True,straight,True,0.39,True,development-020-original,612,ablation,352.22,38,0,True,development,development-020,True,original
straight,True,straight,True,0.29,True,development-001-order-2-1,602,order,297.66,38,0,True,development,development-001,True,original
right,True,right,True,0.56,True,holdout-026-local,622,ablation,338.73,38,0,True,holdout,holdout-026,True,local
straight,True,straight,True,0.48,True,development-002-order-4-0,606,order,289.2,38,0,True,development,development-002,True,original
straight,True,west,True,0.31,True,holdout-013-absolute,517,ablation,319.3,38,0,True,holdout,holdout-013,True,absolute
straight,True,straight,True,0.38,True,development-037-original,618,ablation,323.43,38,0,True,development,development-037,True,original
,True,no,True,0.13,True,development-007-progress-left,482,atomic,369.36,31,,,development,development-007,True,progress
,True,yes,True,0.74,True,development-026-safe-right,467,atomic,316.31,31,,,development,development-026,True,safe
right,True,north,True,0.46,True,holdout-008-absolute,510,ablation,339.14,38,0,True,holdout,holdout-008,True,absolute
straight,True,straight,True,0.23,True,development-001-order-4-0,602,order,328.05,38,0,True,development,development-001,True,original
straight,True,straight,True,0.97,True,development-000-exact,603,ablation,415.75,38,0,True,development,development-000,True,exact
straight,True,straight,True,0.44,True,development-008-order-5-0,586,order,402.25,38,0,True,development,development-008,True,original
straight,True,straight,True,0.81,True,holdout-000-compact,493,ablation,488.55,38,0,True,holdout,holdout-000,True,compact
straight,True,straight,True,0.44,True,holdout-006-compact,528,ablation,385.51,38,0,True,holdout,holdout-006,True,compact
right,True,right,True,0.39,True,development-035-compact,505,ablation,342.34,38,0,True,development,development-035,True,compact
left,True,left,True,0.28,True,development-011-order-4-1,594,order,326.73,38,0,True,development,development-011,True,original
straight,False,straight,True,0.17,False,development-011-order-2-1,594,order,345.54,38,2,True,development,development-011,True,original
straight,False,straight,True,0.22,False,development-010-order-5-1,598,order,293.84,38,2,True,development,development-010,True,original
,True,no,True,0.96,True,development-003-safe-right,475,atomic,351.45,31,,,development,development-003,True,safe
left,False,east,True,0.08,False,development-058-absolute,486,ablation,311.74,38,2,True,development,development-058,True,absolute
straight,True,straight,True,1.0,True,development-004-exact,573,ablation,318.63,38,0,True,development,development-004,True,exact
straight,False,straight,True,0.24,False,development-009-order-4-1,586,order,370.65,38,2,True,development,development-009,True,original
straight,True,straight,True,0.38,True,development-001-order-5-0,602,order,327.85,38,0,True,development,development-001,True,original
left,False,left,True,0.23,False,development-002-order-2-0,606,order,304.36,38,2,True,development,development-002,True,original
right,True,right,True,0.25,True,development-035-original,612,ablation,388.17,38,0,True,development,development-035,True,original
straight,True,straight,True,0.17,True,development-024-original,618,ablation,302.52,38,0,True,development,development-024,True,original
,True,no,True,0.11,True,development-029-progress-left,473,atomic,357.43,31,,,development,development-029,True,progress
straight,True,straight,True,0.71,True,development-004-order-5-0,597,order,366.26,38,0,True,development,development-004,True,original
straight,True,straight,True,0.53,True,holdout-030-local,597,ablation,367.89,38,0,True,holdout,holdout-030,True,local
straight,False,east,True,0.54,False,holdout-036-absolute,487,ablation,346.93,38,2,True,holdout,holdout-036,True,absolute
straight,True,straight,True,0.29,True,holdout-043-local,594,ablation,394.82,38,0,True,holdout,holdout-043,True,local
,True,yes,True,0.88,True,development-005-safe-straight,461,atomic,272.54,31,,,development,development-005,True,safe
right,True,right,True,0.18,True,development-017-local,594,ablation,292.23,38,0,True,development,development-017,True,local
,True,yes,True,0.98,True,development-025-progress-straight,462,atomic,289.9,31,,,development,development-025,True,progress
straight,False,straight,True,0.24,False,development-054-compact,480,ablation,338.08,38,2,True,development,development-054,True,compact
left,True,left,True,0.99,True,development-050-exact,567,ablation,328.55,38,0,True,development,development-050,True,exact
straight,False,west,True,0.13,False,development-053-absolute,481,ablation,369.16,38,2,True,development,development-053,True,absolute
straight,True,straight,True,0.77,True,development-001-exact,581,ablation,298.75,38,0,True,development,development-001,True,exact
,True,yes,True,0.91,True,development-019-progress-straight,467,atomic,368.41,31,,,development,development-019,True,progress
straight,False,straight,True,0.28,False,development-048-original,588,ablation,311.34,38,2,True,development,development-048,True,original
right,True,right,True,1.0,True,development-048-exact,562,ablation,375.17,38,0,True,development,development-048,True,exact
right,True,west,True,0.48,True,holdout-057-absolute,480,ablation,349.64,38,0,True,holdout,holdout-057,True,absolute
straight,True,straight,True,0.57,True,development-004-order-4-1,597,order,324.83,38,0,True,development,development-004,True,original
straight,True,straight,True,0.37,True,development-031-original,617,ablation,305.69,38,0,True,development,development-031,True,original
,True,no,True,0.99,True,development-004-safe-left,453,atomic,358.02,31,,,development,development-004,True,safe
right,True,right,True,0.15,True,holdout-051-local,588,ablation,304.18,38,0,True,holdout,holdout-051,True,local
straight,True,straight,True,0.87,True,development-058-exact,568,ablation,284.97,38,0,True,development,development-058,True,exact
straight,True,east,True,0.62,True,development-001-absolute,495,ablation,310.31,38,0,True,development,development-001,True,absolute
,True,no,True,0.87,True,development-003-progress-straight,486,atomic,276.51,31,,,development,development-003,True,progress
straight,True,east,True,0.43,True,holdout-010-absolute,525,ablation,269.91,38,0,True,holdout,holdout-010,True,absolute
right,True,right,True,1.0,True,holdout-044-exact,568,ablation,335.24,38,0,True,holdout,holdout-044,True,exact
,True,yes,True,0.88,True,development-016-safe-straight,472,atomic,349.11,31,,,development,development-016,True,safe
straight,True,straight,True,0.45,True,development-001-order-1-1,602,order,330.29,38,0,True,development,development-001,True,original
,False,no,True,0.12,False,development-028-progress-straight,485,atomic,334.46,31,,,development,development-028,True,progress
straight,False,straight,True,0.15,False,development-010-order-3-0,598,order,352.13,38,2,True,development,development-010,True,original
