episode,profile,move,input_tokens,output_tokens,latency_ms,planner_ms,proposal,action,overridden,shortest
unassisted-1007,unassisted,1,587,38,398.87,0.88,straight,straight,False,True
unassisted-1007,unassisted,2,587,38,316.98,0.83,straight,straight,False,True
unassisted-1007,unassisted,3,587,38,777.35,0.45,straight,straight,False,True
unassisted-1007,unassisted,4,587,38,296.31,0.08,straight,straight,False,True
unassisted-1007,unassisted,5,587,38,275.32,0.05,straight,straight,False,True
unassisted-1007,unassisted,6,587,38,309.53,0.04,straight,straight,False,True
unassisted-1007,unassisted,7,587,38,342.11,0.05,right,right,False,True
unassisted-1007,unassisted,8,587,38,342.36,0.03,straight,straight,False,True
unassisted-1007,unassisted,9,593,38,278.27,0.67,straight,straight,False,False
unassisted-1007,unassisted,10,594,38,311.59,0.66,straight,straight,False,False
unassisted-1007,unassisted,11,598,38,284.3,0.68,straight,straight,False,False
unassisted-1007,unassisted,12,599,38,273.63,0.6,right,right,False,True
unassisted-1007,unassisted,13,600,38,278.31,0.71,straight,straight,False,True
unassisted-1007,unassisted,14,601,38,301.26,6.95,straight,straight,False,True
unassisted-1007,unassisted,15,601,38,287.99,0.24,right,right,False,True
unassisted-1007,unassisted,16,600,38,306.17,0.82,straight,straight,False,True
unassisted-1007,unassisted,17,597,38,311.16,0.64,straight,straight,False,True
unassisted-1007,unassisted,18,596,38,303.25,1.16,straight,straight,False,True
unassisted-1007,unassisted,19,596,38,312.42,0.85,straight,straight,False,True
unassisted-1007,unassisted,20,595,38,357.48,0.31,straight,straight,False,True
unassisted-1007,unassisted,21,595,38,357.04,0.19,straight,straight,False,True
unassisted-1007,unassisted,22,595,38,336.84,0.13,straight,straight,False,True
unassisted-1007,unassisted,23,595,38,392.2,0.17,straight,straight,False,True
unassisted-1007,unassisted,24,595,38,317.76,0.12,straight,straight,False,True
unassisted-1007,unassisted,25,595,38,300.74,0.08,straight,straight,False,True
unassisted-1007,unassisted,26,595,38,367.66,0.07,left,left,False,True
unassisted-1007,unassisted,27,600,38,373.05,0.07,left,left,False,False
unassisted-1007,unassisted,28,600,38,281.8,0.56,right,right,False,True
unassisted-1007,unassisted,29,600,38,443.23,0.18,straight,straight,False,True
unassisted-1007,unassisted,30,600,38,425.15,0.07,right,right,False,True
unassisted-1007,unassisted,31,600,38,479.93,0.06,left,left,False,True
unassisted-1007,unassisted,32,606,38,448.62,32.96,straight,straight,False,False
unassisted-1007,unassisted,33,606,38,405.76,13.86,straight,straight,False,False
unassisted-1007,unassisted,34,607,38,409.01,15.92,straight,straight,False,False
unassisted-1007,unassisted,35,610,38,418.87,29.34,straight,straight,False,False
unassisted-1007,unassisted,36,611,38,304.01,27.89,left,left,False,True
unassisted-1007,unassisted,37,612,38,366.98,22.72,left,left,False,True
unassisted-1007,unassisted,38,612,38,308.98,12.55,right,right,False,True
unassisted-1007,unassisted,39,613,38,320.49,15.03,straight,straight,False,True
unassisted-1007,unassisted,40,614,38,313.69,12.95,straight,straight,False,True
unassisted-1007,unassisted,41,614,38,343.33,21.58,straight,straight,False,True
unassisted-1007,unassisted,42,615,38,325.5,6.32,straight,straight,False,True
unassisted-1007,unassisted,43,615,38,335.76,2.66,straight,straight,False,True
unassisted-1007,unassisted,44,615,38,327.93,0.78,straight,straight,False,True
unassisted-1007,unassisted,45,615,38,364.64,0.58,straight,straight,False,True
unassisted-1007,unassisted,46,616,38,363.4,0.63,left,left,False,True
unassisted-1007,unassisted,47,613,38,341.55,0.49,straight,straight,False,True
unassisted-1007,unassisted,48,612,38,301.8,0.44,straight,straight,False,True
unassisted-1007,unassisted,49,611,38,336.02,0.74,left,left,False,False
unassisted-1007,unassisted,50,609,38,335.51,1.08,straight,straight,False,False
unassisted-1007,unassisted,51,608,38,682.96,0.33,straight,straight,False,False
unassisted-1007,unassisted,52,607,38,343.78,1.27,straight,straight,False,False
unassisted-1007,unassisted,53,607,38,450.31,2.19,straight,straight,False,False
unassisted-1007,unassisted,54,607,38,437.92,3.15,right,right,False,True
unassisted-1007,unassisted,55,607,38,471.55,0.84,straight,straight,False,True
unassisted-1007,unassisted,56,607,38,470.2,0.76,straight,straight,False,True
unassisted-1007,unassisted,57,607,38,428.8,0.26,straight,straight,False,True
unassisted-1007,unassisted,58,607,38,543.97,0.63,straight,straight,False,False
unassisted-1007,unassisted,59,607,38,561.23,0.78,straight,straight,False,False
unassisted-1007,unassisted,60,607,38,463.01,0.81,straight,straight,False,False
unassisted-1007,unassisted,61,607,38,450.51,0.65,right,right,False,True
unassisted-1007,unassisted,62,607,38,456.68,0.41,straight,straight,False,True
unassisted-1007,unassisted,63,607,38,386.6,0.45,straight,straight,False,True
unassisted-1007,unassisted,64,607,38,404.67,0.24,straight,straight,False,True
unassisted-1007,unassisted,65,607,38,436.56,0.12,straight,straight,False,True
unassisted-1007,unassisted,66,608,38,380.6,0.14,right,right,False,True
unassisted-1007,unassisted,67,608,38,560.64,0.1,straight,straight,False,True
unassisted-1007,unassisted,68,608,38,433.57,0.08,straight,straight,False,True
unassisted-1007,unassisted,69,613,38,458.86,0.78,right,right,False,True
unassisted-1007,unassisted,70,612,38,466.26,0.62,right,right,False,False
unassisted-1007,unassisted,71,612,38,519.91,0.8,straight,straight,False,False
unassisted-1007,unassisted,72,612,38,468.88,0.84,straight,straight,False,False
unassisted-1007,unassisted,73,612,38,425.7,2.17,left,left,False,True
unassisted-1007,unassisted,74,612,38,581.06,2.44,straight,straight,False,True
unassisted-1007,unassisted,75,612,38,403.26,0.81,straight,straight,False,True
unassisted-1007,unassisted,76,612,38,440.38,0.29,straight,straight,False,True
unassisted-1007,unassisted,77,612,38,412.05,0.36,straight,straight,False,False
unassisted-1007,unassisted,78,612,38,404.49,0.5,left,left,False,True
unassisted-1007,unassisted,79,613,38,530.23,0.48,left,left,False,True
unassisted-1007,unassisted,80,613,38,419.88,0.29,straight,straight,False,False
unassisted-1007,unassisted,81,613,38,455.94,0.28,straight,straight,False,False
unassisted-1007,unassisted,82,613,38,417.04,0.53,straight,straight,False,False
unassisted-1007,unassisted,83,613,38,576.43,0.51,straight,straight,False,False
unassisted-1007,unassisted,84,613,38,419.97,1.69,straight,straight,False,False
unassisted-1007,unassisted,85,614,38,384.32,3.12,straight,straight,False,False
unassisted-1007,unassisted,86,617,38,402.71,3.42,straight,straight,False,False
unassisted-1007,unassisted,87,618,38,579.26,2.9,straight,straight,False,False
unassisted-1003,unassisted,1,589,38,343.61,1.26,straight,straight,False,False
unassisted-1003,unassisted,2,589,38,337.26,1.36,straight,straight,False,False
unassisted-1003,unassisted,3,589,38,743.98,1.38,straight,straight,False,False
unassisted-1003,unassisted,4,589,38,312.43,0.62,straight,straight,False,False
unassisted-1003,unassisted,5,589,38,262.25,0.55,straight,straight,False,False
unassisted-1003,unassisted,6,589,38,360.04,0.64,right,right,False,True
unassisted-1003,unassisted,7,589,38,265.49,0.54,straight,straight,False,True
unassisted-1003,unassisted,8,589,38,284.61,0.48,straight,straight,False,True
unassisted-1003,unassisted,9,590,38,340.92,5.93,straight,straight,False,True
unassisted-1003,unassisted,10,593,38,625.47,0.19,right,right,False,True
unassisted-1003,unassisted,11,595,38,372.48,0.19,straight,straight,False,True
unassisted-1003,unassisted,12,596,38,289.13,0.18,straight,straight,False,True
unassisted-1003,unassisted,13,596,38,311.69,0.21,straight,straight,False,True
unassisted-1003,unassisted,14,596,38,323.9,0.12,straight,straight,False,True
unassisted-1003,unassisted,15,596,38,325.55,0.14,straight,straight,False,True
unassisted-1003,unassisted,16,596,38,336.83,0.14,straight,straight,False,True
unassisted-1003,unassisted,17,596,38,299.93,0.06,straight,straight,False,True
unassisted-1003,unassisted,18,597,38,365.95,0.05,straight,straight,False,True
unassisted-1003,unassisted,19,604,38,328.58,0.18,right,right,False,True
unassisted-1003,unassisted,20,601,38,316.38,0.09,straight,straight,False,True
unassisted-1003,unassisted,21,601,38,299.44,0.14,straight,straight,False,False
unassisted-1003,unassisted,22,601,38,291.46,0.11,right,right,False,True
unassisted-1003,unassisted,23,597,38,326.25,0.07,straight,straight,False,True
unassisted-1003,unassisted,24,596,38,354.89,0.08,straight,straight,False,True
unassisted-1003,unassisted,25,595,38,326.44,0.08,right,right,False,True
unassisted-1003,unassisted,26,601,38,474.44,0.1,left,left,False,True
unassisted-1003,unassisted,27,600,38,284.08,0.11,straight,straight,False,True
unassisted-1003,unassisted,28,600,38,379.93,0.07,straight,straight,False,True
unassisted-1003,unassisted,29,607,38,551.1,4.81,straight,straight,False,False
unassisted-1003,unassisted,30,607,38,548.84,6.71,straight,straight,False,False
unassisted-1003,unassisted,31,607,38,433.22,5.17,straight,straight,False,False
unassisted-1003,unassisted,32,607,38,426.78,8.0,straight,straight,False,False
unassisted-1003,unassisted,33,607,38,347.47,8.04,left,left,False,True
unassisted-1003,unassisted,34,607,38,468.55,3.77,left,left,False,True
unassisted-1003,unassisted,35,607,38,373.9,2.84,straight,straight,False,True
unassisted-1003,unassisted,36,607,38,496.64,7.16,straight,straight,False,True
unassisted-1003,unassisted,37,607,38,346.88,4.22,left,left,False,False
unassisted-1003,unassisted,38,607,38,412.02,13.71,straight,straight,False,False
unassisted-1003,unassisted,39,609,38,310.37,9.86,straight,straight,False,False
unassisted-1003,unassisted,40,612,38,346.07,13.65,straight,straight,False,False
unassisted-1003,unassisted,41,613,38,290.08,9.6,left,left,False,False
unassisted-1003,unassisted,42,614,38,268.66,16.99,straight,straight,False,False
unassisted-1003,unassisted,43,615,38,351.22,20.48,left,left,False,True
unassisted-1003,unassisted,44,615,38,398.71,26.26,straight,straight,False,True
unassisted-1003,unassisted,45,613,38,277.69,15.67,straight,straight,False,True
unassisted-1003,unassisted,46,612,38,341.82,9.34,straight,straight,False,True
unassisted-1003,unassisted,47,611,38,411.27,5.07,straight,straight,False,True
unassisted-1003,unassisted,48,610,38,365.15,1.74,straight,straight,False,True
unassisted-1003,unassisted,49,609,38,285.96,0.99,straight,straight,False,True
unassisted-1003,unassisted,50,608,38,298.22,0.57,straight,straight,False,False
unassisted-1003,unassisted,51,608,38,737.27,3.57,straight,straight,False,False
unassisted-1003,unassisted,52,608,38,407.85,2.53,straight,straight,False,False
unassisted-1003,unassisted,53,608,38,559.93,7.03,left,left,False,True
unassisted-1003,unassisted,54,608,38,345.03,5.68,straight,straight,False,True
unassisted-1003,unassisted,55,608,38,420.97,4.86,left,left,False,True
unassisted-1003,unassisted,56,608,38,563.77,1.43,straight,straight,False,True
unassisted-1003,unassisted,57,608,38,564.81,0.47,straight,straight,False,True
unassisted-1003,unassisted,58,608,38,422.33,0.66,straight,straight,False,False
unassisted-1003,unassisted,59,608,38,418.3,1.46,straight,straight,False,False
unassisted-1003,unassisted,60,608,38,374.79,3.06,straight,straight,False,False
unassisted-1003,unassisted,61,608,38,359.25,4.25,straight,straight,False,False
unassisted-1003,unassisted,62,608,38,439.03,9.15,straight,straight,False,False
unassisted-1003,unassisted,63,609,38,390.04,10.06,straight,straight,False,False
unassisted-1003,unassisted,64,612,38,397.9,13.16,straight,straight,False,False
unassisted-1003,unassisted,65,613,38,435.45,12.66,left,left,False,False
unassisted-1003,unassisted,66,614,38,432.79,32.02,straight,straight,False,False
unassisted-1003,unassisted,67,615,38,447.84,22.1,left,left,False,True
unassisted-1003,unassisted,68,615,38,394.51,21.48,straight,straight,False,True
unassisted-1003,unassisted,69,613,38,459.27,11.66,straight,straight,False,True
unassisted-1003,unassisted,70,612,38,501.84,9.92,straight,straight,False,True
unassisted-1003,unassisted,71,611,38,424.25,4.34,straight,straight,False,True
unassisted-1003,unassisted,72,610,38,360.48,3.62,straight,straight,False,True
unassisted-1003,unassisted,73,609,38,408.41,0.79,straight,straight,False,True
unassisted-1003,unassisted,74,608,38,416.11,0.42,straight,straight,False,False
unassisted-1003,unassisted,75,608,38,491.83,2.36,straight,straight,False,False
unassisted-1003,unassisted,76,608,38,404.75,2.65,straight,straight,False,False
unassisted-1003,unassisted,77,608,38,364.52,6.89,left,left,False,True
unassisted-1003,unassisted,78,608,38,493.51,6.65,straight,straight,False,True
unassisted-1013,unassisted,1,588,38,314.33,0.41,straight,straight,False,False
unassisted-1013,unassisted,2,588,38,312.4,0.47,straight,straight,False,False
unassisted-1013,unassisted,3,588,38,306.47,1.09,straight,straight,False,False
unassisted-1013,unassisted,4,588,38,307.4,0.31,straight,straight,False,False
unassisted-1013,unassisted,5,588,38,277.98,0.49,straight,straight,False,False
unassisted-1013,unassisted,6,588,38,310.25,0.3,right,right,False,True
unassisted-1013,unassisted,7,588,38,281.94,0.12,straight,straight,False,True
unassisted-1013,unassisted,8,588,38,321.56,0.2,straight,straight,False,False
unassisted-1013,unassisted,9,589,38,303.07,0.26,straight,straight,False,False
unassisted-1013,unassisted,10,592,38,268.23,0.35,right,right,False,True
unassisted-1013,unassisted,11,594,38,276.42,0.34,straight,straight,False,True
unassisted-1013,unassisted,12,595,38,360.1,0.24,right,right,False,True
unassisted-1013,unassisted,13,592,38,317.19,0.09,straight,straight,False,True
unassisted-1013,unassisted,14,591,38,334.11,0.17,straight,straight,False,False
unassisted-1013,unassisted,15,590,38,369.02,0.16,straight,straight,False,False
unassisted-1013,unassisted,16,590,38,298.21,0.62,straight,straight,False,False
unassisted-1013,unassisted,17,590,38,350.95,1.77,straight,straight,False,False
unassisted-1013,unassisted,18,590,38,384.9,2.2,straight,straight,False,False
unassisted-1013,unassisted,19,590,38,281.84,1.59,straight,straight,False,False
unassisted-1013,unassisted,20,590,38,304.38,2.31,straight,straight,False,False
unassisted-1013,unassisted,21,590,38,281.35,18.83,straight,straight,False,False
unassisted-1013,unassisted,22,590,38,287.73,1.95,right,right,False,False
unassisted-1013,unassisted,23,590,38,314.92,1.88,straight,straight,False,False
unassisted-1013,unassisted,24,590,38,327.95,4.15,right,right,False,True
unassisted-1013,unassisted,25,590,38,306.99,2.4,right,right,False,True
unassisted-1013,unassisted,26,590,38,318.18,2.57,straight,straight,False,True
unassisted-1013,unassisted,27,590,38,372.52,5.48,straight,straight,False,True
unassisted-1013,unassisted,28,590,38,301.9,2.33,straight,straight,False,True
unassisted-1013,unassisted,29,590,38,317.83,2.6,straight,straight,False,True
unassisted-1013,unassisted,30,590,38,273.51,0.95,straight,straight,False,True
unassisted-1013,unassisted,31,590,38,340.12,1.26,straight,straight,False,True
unassisted-1013,unassisted,32,590,38,458.55,0.37,straight,straight,False,True
unassisted-1013,unassisted,33,591,38,409.87,0.21,straight,straight,False,True
unassisted-1013,unassisted,34,594,38,404.09,0.51,straight,straight,False,False
unassisted-1013,unassisted,35,595,38,385.82,0.15,left,left,False,True
unassisted-1013,unassisted,36,596,38,409.63,0.14,straight,straight,False,True
unassisted-1013,unassisted,37,596,38,407.05,0.19,straight,straight,False,True
unassisted-1013,unassisted,38,596,38,439.12,0.13,straight,straight,False,True
unassisted-1013,unassisted,39,596,38,330.33,0.16,straight,straight,False,True
unassisted-1013,unassisted,40,596,38,311.6,0.09,straight,straight,False,True
unassisted-1013,unassisted,41,596,38,294.87,0.1,straight,straight,False,True
unassisted-1013,unassisted,42,596,38,291.98,0.06,left,left,False,True
unassisted-1013,unassisted,43,600,38,393.34,1.8,straight,straight,False,True
unassisted-1013,unassisted,44,597,38,374.96,0.86,straight,straight,False,True
unassisted-1013,unassisted,45,596,38,302.43,0.47,straight,straight,False,True
unassisted-1013,unassisted,46,595,38,378.91,0.27,straight,straight,False,True
unassisted-1013,unassisted,47,594,38,346.16,0.09,straight,straight,False,True
unassisted-1013,unassisted,48,594,38,295.02,0.19,straight,straight,False,False
unassisted-1013,unassisted,49,594,38,310.94,0.12,straight,straight,False,False
unassisted-1013,unassisted,50,594,38,337.6,1.68,straight,straight,False,False
unassisted-1013,unassisted,51,594,38,343.68,0.5,straight,straight,False,False
unassisted-1013,unassisted,52,594,38,377.89,1.19,straight,straight,False,False
unassisted-1013,unassisted,53,595,38,308.35,0.87,left,left,False,True
unassisted-1013,unassisted,54,595,38,342.04,0.39,straight,straight,False,True
unassisted-1013,unassisted,55,595,38,314.76,0.14,straight,straight,False,True
unassisted-1013,unassisted,56,595,38,453.51,0.19,left,left,False,True
unassisted-1013,unassisted,57,595,38,308.4,0.08,straight,straight,False,True
unassisted-1013,unassisted,58,595,38,412.74,0.17,straight,straight,False,True
unassisted-1013,unassisted,59,595,38,492.9,0.18,straight,straight,False,True
unassisted-1013,unassisted,60,595,38,408.66,0.15,straight,straight,False,True
unassisted-1013,unassisted,61,600,38,395.68,0.58,straight,straight,False,False
unassisted-1013,unassisted,62,600,38,698.9,0.29,straight,straight,False,False
unassisted-1013,unassisted,63,600,38,665.45,0.34,straight,straight,False,False
unassisted-1013,unassisted,64,600,38,539.64,0.9,straight,straight,False,False
unassisted-1013,unassisted,65,601,38,396.99,1.16,straight,straight,False,False
unassisted-1013,unassisted,66,604,38,436.12,1.89,straight,straight,False,False
unassisted-1013,unassisted,67,605,38,449.86,2.09,left,left,False,False
unassisted-1013,unassisted,68,606,38,427.28,24.47,left,left,False,True
unassisted-1013,unassisted,69,606,38,766.42,2.05,straight,straight,False,True
unassisted-1013,unassisted,70,604,38,483.22,1.82,straight,straight,False,True
unassisted-1013,unassisted,71,604,38,375.83,2.21,straight,straight,False,True
unassisted-1013,unassisted,72,603,38,405.15,0.7,straight,straight,False,True
unassisted-1013,unassisted,73,602,38,430.65,0.45,straight,straight,False,True
unassisted-1013,unassisted,74,601,38,509.34,0.22,straight,straight,False,True
unassisted-1013,unassisted,75,601,38,426.35,0.24,straight,straight,False,False
unassisted-1013,unassisted,76,601,38,418.27,0.6,straight,straight,False,False
unassisted-1013,unassisted,77,601,38,405.93,0.44,straight,straight,False,False
unassisted-1013,unassisted,78,601,38,407.63,1.05,straight,straight,False,False
unassisted-1013,unassisted,79,601,38,425.68,1.88,left,left,False,True
unassisted-1013,unassisted,80,601,38,469.9,0.43,straight,straight,False,True
unassisted-1013,unassisted,81,601,38,463.86,0.16,straight,straight,False,True
unassisted-1013,unassisted,82,601,38,505.8,0.11,straight,straight,False,True
unassisted-1013,unassisted,83,601,38,545.88,0.43,straight,straight,False,False
unassisted-1013,unassisted,84,601,38,458.1,0.23,straight,straight,False,False
unassisted-1013,unassisted,85,601,38,442.43,0.17,left,left,False,True
unassisted-1013,unassisted,86,601,38,596.15,0.12,straight,straight,False,True
unassisted-1013,unassisted,87,601,38,491.22,0.14,straight,straight,False,True
unassisted-1013,unassisted,88,601,38,392.24,0.09,straight,straight,False,True
unassisted-1013,unassisted,89,601,38,421.25,0.28,straight,straight,False,False
unassisted-1013,unassisted,90,601,38,585.64,0.2,straight,straight,False,False
unassisted-1013,unassisted,91,601,38,516.68,0.13,straight,straight,False,False
unassisted-1013,unassisted,92,601,38,376.33,0.66,straight,straight,False,False
unassisted-1013,unassisted,93,601,38,426.93,0.23,straight,straight,False,False
unassisted-1013,unassisted,94,602,38,510.88,0.23,straight,straight,False,False
unassisted-1013,unassisted,95,605,38,382.25,0.47,straight,straight,False,False
unassisted-1013,unassisted,96,606,38,347.63,0.36,left,left,False,True
unassisted-1013,unassisted,97,607,38,405.67,0.26,left,left,False,True
unassisted-1013,unassisted,98,607,38,401.24,0.24,straight,straight,False,True
unassisted-1013,unassisted,99,605,38,583.6,0.28,right,right,False,True
unassisted-1013,unassisted,100,605,38,506.14,0.29,right,right,False,False
unassisted-1013,unassisted,101,608,38,926.76,0.5,straight,straight,False,False
unassisted-1013,unassisted,102,608,38,925.21,0.24,left,left,False,True
unassisted-1013,unassisted,103,608,38,565.73,0.45,left,left,False,True
unassisted-1013,unassisted,104,608,38,449.03,0.63,straight,straight,False,True
unassisted-1013,unassisted,105,606,38,433.93,0.45,straight,straight,False,True
unassisted-1013,unassisted,106,605,38,482.55,0.36,straight,straight,False,True
unassisted-1013,unassisted,107,604,38,465.26,0.16,left,left,False,True
unassisted-1013,unassisted,108,603,38,599.65,0.19,straight,straight,False,False
unassisted-1013,unassisted,109,602,38,557.31,0.25,right,right,False,True
unassisted-1013,unassisted,110,602,38,633.14,0.18,straight,straight,False,True
assisted-1016,assisted,1,563,38,418.8,0.41,right,right,False,True
assisted-1016,assisted,2,563,38,384.42,0.22,straight,straight,False,True
assisted-1016,assisted,3,563,38,292.1,0.07,straight,straight,False,True
assisted-1016,assisted,4,564,38,346.78,0.05,right,right,False,True
assisted-1016,assisted,5,564,38,318.63,0.07,left,left,False,True
assisted-1016,assisted,6,568,38,350.46,0.02,straight,straight,False,True
assisted-1016,assisted,7,576,38,343.48,0.05,right,right,False,True
assisted-1016,assisted,8,577,38,303.36,0.05,right,right,False,True
assisted-1016,assisted,9,575,38,335.03,0.05,straight,straight,False,True
assisted-1016,assisted,10,571,38,278.41,0.05,straight,straight,False,True
assisted-1016,assisted,11,570,38,275.68,0.03,straight,straight,False,True
assisted-1016,assisted,12,576,38,368.82,0.04,straight,straight,False,True
assisted-1016,assisted,13,575,38,369.08,0.04,right,right,False,True
assisted-1016,assisted,14,574,38,317.09,0.03,left,left,False,True
assisted-1016,assisted,15,581,38,269.72,0.56,right,right,False,True
assisted-1016,assisted,16,580,38,386.37,0.18,right,right,False,True
assisted-1016,assisted,17,582,38,542.43,0.06,left,left,False,True
assisted-1016,assisted,18,580,38,324.77,0.16,straight,straight,False,True
assisted-1016,assisted,19,580,38,329.05,0.08,right,right,False,True
assisted-1016,assisted,20,580,38,298.48,0.32,left,left,False,True
assisted-1016,assisted,21,586,38,313.89,0.16,straight,straight,False,True
assisted-1016,assisted,22,586,38,311.28,0.09,left,left,False,True
assisted-1016,assisted,23,586,38,341.51,0.1,straight,straight,False,True
assisted-1016,assisted,24,586,38,295.16,0.07,straight,straight,False,True
assisted-1016,assisted,25,586,38,295.53,0.23,right,right,False,True
assisted-1016,assisted,26,595,38,277.61,2.57,left,left,False,True
assisted-1016,assisted,27,593,38,270.84,1.37,straight,straight,False,True
assisted-1016,assisted,28,593,38,347.08,0.29,left,left,False,True
assisted-1016,assisted,29,592,38,416.28,0.4,straight,straight,False,True
assisted-1016,assisted,30,592,38,401.02,0.22,straight,straight,False,True
assisted-1016,assisted,31,592,38,463.44,0.2,right,right,False,True
assisted-1016,assisted,32,592,38,348.95,0.13,left,left,False,True
assisted-1016,assisted,33,592,38,510.95,0.11,straight,straight,False,True
assisted-1016,assisted,34,592,38,564.62,0.07,straight,straight,False,True
assisted-1016,assisted,35,592,38,445.15,0.1,straight,straight,False,True
assisted-1016,assisted,36,599,38,336.45,0.23,straight,straight,False,True
assisted-1016,assisted,37,600,38,296.83,0.19,left,left,False,True
assisted-1016,assisted,38,600,38,302.56,0.08,straight,straight,False,True
assisted-1016,assisted,39,600,38,339.81,0.13,right,right,False,True
assisted-1016,assisted,40,604,38,341.62,0.08,straight,straight,False,True
assisted-1016,assisted,41,614,38,302.55,244.78,left,left,False,True
assisted-1016,assisted,42,615,38,305.83,33.23,straight,straight,False,True
assisted-1016,assisted,43,616,38,310.73,16.39,left,left,False,True
assisted-1016,assisted,44,615,38,379.32,25.5,straight,straight,False,True
assisted-1016,assisted,45,612,38,332.57,26.85,straight,straight,False,True
assisted-1016,assisted,46,612,38,429.99,16.48,right,right,False,True
assisted-1016,assisted,47,612,38,362.56,2.44,left,left,False,True
assisted-1016,assisted,48,610,38,325.12,1.89,straight,straight,False,True
assisted-1016,assisted,49,610,38,345.44,1.68,right,right,False,True
assisted-1016,assisted,50,608,38,383.38,0.23,left,left,False,True
assisted-1016,assisted,51,607,38,343.28,0.42,straight,straight,False,True
assisted-1016,assisted,52,606,38,1445.18,0.38,right,right,False,True
assisted-1016,assisted,53,605,38,494.12,0.48,left,left,False,True
assisted-1016,assisted,54,604,38,361.95,0.16,straight,straight,False,True
assisted-1016,assisted,55,604,38,405.67,0.08,straight,straight,False,True
assisted-1016,assisted,56,604,38,446.46,0.11,straight,straight,False,True
assisted-1011,assisted,1,563,38,584.78,0.34,right,right,False,True
assisted-1011,assisted,2,563,38,451.78,0.28,straight,straight,False,True
assisted-1011,assisted,3,563,38,440.61,0.19,right,right,False,True
assisted-1011,assisted,4,563,38,470.01,0.25,left,left,False,True
assisted-1011,assisted,5,564,38,477.78,0.14,straight,straight,False,True
assisted-1011,assisted,6,568,38,517.65,0.1,straight,straight,False,True
assisted-1011,assisted,7,577,38,465.77,1.41,left,left,False,True
assisted-1011,assisted,8,577,38,394.11,0.19,straight,straight,False,True
assisted-1011,assisted,9,578,38,445.39,0.24,left,left,False,True
assisted-1011,assisted,10,575,38,371.6,0.36,straight,straight,False,True
assisted-1011,assisted,11,571,38,493.34,0.36,straight,straight,False,True
assisted-1011,assisted,12,570,38,459.42,0.26,straight,straight,False,True
assisted-1011,assisted,13,569,38,475.97,0.15,straight,straight,False,True
assisted-1011,assisted,14,568,38,489.5,0.08,straight,straight,False,True
assisted-1011,assisted,15,568,38,300.85,0.09,straight,straight,False,True
assisted-1011,assisted,16,576,38,519.66,1.87,right,right,False,True
assisted-1011,assisted,17,574,38,534.09,0.91,straight,straight,False,True
assisted-1011,assisted,18,574,38,411.98,0.43,right,right,False,True
assisted-1011,assisted,19,574,38,444.67,0.38,left,left,False,True
assisted-1011,assisted,20,574,38,436.02,0.19,straight,straight,False,True
assisted-1011,assisted,21,574,38,500.04,0.09,right,right,False,True
assisted-1011,assisted,22,574,38,363.74,0.08,left,left,False,True
assisted-1011,assisted,23,576,38,425.17,0.1,right,right,False,True
assisted-1011,assisted,24,584,38,575.61,4.41,right,right,False,True
assisted-1011,assisted,25,584,38,436.79,5.84,straight,straight,False,True
assisted-1011,assisted,26,583,38,384.16,4.88,straight,straight,False,True
assisted-1011,assisted,27,581,38,411.79,2.51,right,right,False,True
assisted-1011,assisted,28,581,38,657.93,0.78,left,left,False,True
assisted-1011,assisted,29,580,38,489.76,0.74,straight,straight,False,True
assisted-1011,assisted,30,580,38,385.19,0.44,right,right,False,True
assisted-1011,assisted,31,580,38,458.14,0.15,left,left,False,True
assisted-1011,assisted,32,580,38,407.95,0.16,straight,straight,False,True
assisted-1011,assisted,33,580,38,421.63,0.09,right,right,False,True
assisted-1011,assisted,34,580,38,369.7,0.19,left,left,False,True
assisted-1011,assisted,35,580,38,424.09,0.1,straight,straight,False,True
assisted-1011,assisted,36,590,38,506.29,9.2,left,left,False,True
assisted-1011,assisted,37,590,38,472.28,4.36,left,left,False,True
assisted-1011,assisted,38,590,38,488.27,1.16,right,right,False,True
assisted-1011,assisted,39,587,38,925.3,2.87,left,left,False,True
assisted-1011,assisted,40,586,38,964.48,0.9,straight,straight,False,True
assisted-1011,assisted,41,586,38,493.21,0.89,straight,straight,False,True
assisted-1011,assisted,42,586,38,450.3,0.43,right,right,False,True
assisted-1011,assisted,43,586,38,393.1,0.24,left,left,False,True
assisted-1011,assisted,44,586,38,525.75,0.1,straight,straight,False,True
assisted-1011,assisted,45,586,38,426.59,0.14,right,right,False,True
assisted-1011,assisted,46,586,38,539.73,0.13,straight,straight,False,True
assisted-1011,assisted,47,597,38,544.36,67.17,right,right,False,True
assisted-1011,assisted,48,597,38,598.62,78.17,right,right,False,True
assisted-1011,assisted,49,598,38,416.4,5.32,left,left,False,True
assisted-1011,assisted,50,596,38,361.77,6.29,straight,straight,False,True
assisted-1011,assisted,51,596,38,462.8,2.2,right,right,False,True
assisted-1011,assisted,52,596,38,438.45,2.64,left,left,False,True
assisted-1011,assisted,53,594,38,389.15,1.85,straight,straight,False,True
assisted-1011,assisted,54,594,38,370.52,0.99,right,right,False,True
assisted-1011,assisted,55,593,38,366.27,0.33,left,left,False,True
assisted-1011,assisted,56,594,38,319.33,0.13,straight,straight,False,True
assisted-1011,assisted,57,598,38,509.17,0.13,right,right,False,True
assisted-1011,assisted,58,598,38,310.52,0.07,straight,straight,False,True
assisted-1011,assisted,59,599,38,352.13,0.06,straight,straight,False,True
assisted-1011,assisted,60,600,38,369.25,0.04,straight,straight,False,True
assisted-1011,assisted,61,601,38,353.67,0.03,straight,straight,False,True
assisted-1011,assisted,62,609,38,376.22,1.04,right,right,False,True
assisted-1011,assisted,63,605,38,339.74,0.2,right,right,False,True
assisted-1011,assisted,64,607,38,323.64,0.14,left,left,False,True
assisted-1011,assisted,65,605,38,339.33,0.3,right,right,False,True
assisted-1011,assisted,66,603,38,295.15,0.2,straight,straight,False,True
assisted-1011,assisted,67,602,38,303.64,0.13,straight,straight,False,True
assisted-1011,assisted,68,601,38,332.02,0.14,straight,straight,False,True
assisted-1011,assisted,69,600,38,308.65,0.08,straight,straight,False,True
assisted-1011,assisted,70,599,38,305.29,0.21,straight,straight,False,True
assisted-1011,assisted,71,606,38,336.83,0.84,right,right,False,True
assisted-1011,assisted,72,606,38,320.2,0.43,right,right,False,True
assisted-1011,assisted,73,608,38,356.77,0.76,left,left,False,True
assisted-1011,assisted,74,610,38,323.02,0.32,right,right,False,True
assisted-1011,assisted,75,610,38,366.57,0.11,straight,straight,False,True
assisted-1011,assisted,76,611,38,330.56,1.12,straight,straight,False,True
assisted-1011,assisted,77,612,38,307.87,0.17,straight,straight,False,True
verified-1008,verified,1,563,38,555.91,0.67,left,left,False,True
verified-1008,verified,2,563,38,403.82,0.19,straight,straight,False,True
verified-1008,verified,3,563,38,401.54,0.39,left,left,False,True
verified-1008,verified,4,563,38,555.77,0.21,straight,straight,False,True
verified-1008,verified,5,563,38,406.68,0.17,straight,straight,False,True
verified-1008,verified,6,564,38,349.7,0.1,straight,straight,False,True
verified-1008,verified,7,568,38,396.69,0.07,straight,straight,False,True
verified-1008,verified,8,576,38,650.17,0.26,left,left,False,True
verified-1008,verified,9,577,38,441.81,0.13,left,left,False,True
verified-1008,verified,10,575,38,440.46,0.13,straight,straight,False,True
verified-1008,verified,11,571,38,383.83,0.16,right,right,False,True
verified-1008,verified,12,571,38,341.04,0.05,straight,straight,False,True
verified-1008,verified,13,577,38,507.59,0.58,left,left,False,True
verified-1008,verified,14,575,38,367.18,0.26,straight,straight,False,True
verified-1008,verified,15,574,38,482.2,0.37,left,left,False,True
verified-1008,verified,16,574,38,449.26,0.14,straight,straight,False,True
verified-1008,verified,17,574,38,1430.19,0.1,straight,straight,False,True
verified-1008,verified,18,574,38,941.43,0.46,straight,straight,False,True
verified-1008,verified,19,583,38,816.73,7.37,right,right,False,True
verified-1008,verified,20,583,38,554.69,4.76,straight,straight,False,True
verified-1008,verified,21,581,38,422.78,3.94,right,right,False,True
verified-1008,verified,22,581,38,394.34,1.29,left,left,False,True
verified-1008,verified,23,580,38,644.25,0.95,straight,straight,False,True
verified-1008,verified,24,580,38,442.58,0.86,right,right,False,True
verified-1008,verified,25,580,38,618.88,0.32,left,left,False,True
verified-1008,verified,26,580,38,436.8,0.15,straight,straight,False,True
verified-1008,verified,27,580,38,545.14,0.81,right,right,False,True
verified-1008,verified,28,580,38,360.2,0.04,straight,straight,False,True
verified-1008,verified,29,580,38,419.66,0.03,straight,straight,False,True
verified-1008,verified,30,586,38,473.73,0.04,right,right,False,True
verified-1008,verified,31,586,38,420.27,0.04,right,right,False,True
verified-1008,verified,32,595,38,434.49,0.65,straight,straight,False,True
verified-1008,verified,33,594,38,338.3,0.19,straight,straight,False,True
verified-1008,verified,34,592,38,316.18,0.14,straight,straight,False,True
verified-1008,verified,35,592,38,409.39,0.09,straight,straight,False,True
verified-1008,verified,36,592,38,401.87,0.07,right,right,False,True
verified-1008,verified,37,592,38,289.16,0.05,left,left,False,True
verified-1008,verified,38,592,38,364.17,0.05,straight,straight,False,True
verified-1008,verified,39,592,38,285.83,0.03,straight,straight,False,True
verified-1008,verified,40,602,38,1135.16,0.51,left,left,False,True
verified-1008,verified,41,602,38,355.55,0.2,straight,straight,False,True
verified-1008,verified,42,601,38,336.1,0.62,left,left,False,True
verified-1008,verified,43,600,38,474.19,0.6,straight,straight,False,True
verified-1008,verified,44,598,38,336.99,0.33,straight,straight,False,True
verified-1008,verified,45,598,38,400.72,0.25,straight,straight,False,True
verified-1008,verified,46,598,38,373.9,0.28,straight,straight,False,True
verified-1008,verified,47,598,38,292.81,0.35,straight,straight,False,True
verified-1008,verified,48,598,38,348.91,0.14,straight,straight,False,True
verified-1008,verified,49,598,38,314.98,0.09,straight,straight,False,True
verified-1008,verified,50,598,38,326.8,0.07,straight,straight,False,True
verified-1008,verified,51,605,38,308.68,0.14,left,left,False,True
verified-1008,verified,52,605,38,323.64,0.56,left,left,False,True
verified-1008,verified,53,606,38,523.0,0.16,straight,straight,False,True
verified-1008,verified,54,606,38,367.41,0.16,straight,straight,False,True
verified-1008,verified,55,606,38,333.6,0.03,straight,straight,False,True
verified-1008,verified,56,604,38,324.36,0.03,straight,straight,False,True
assisted-1014,assisted,1,565,38,480.81,1.51,left,left,False,True
assisted-1014,assisted,2,564,38,361.86,1.1,straight,straight,False,True
assisted-1014,assisted,3,563,38,392.61,0.35,left,left,False,True
assisted-1014,assisted,4,563,38,387.62,0.27,straight,straight,False,True
assisted-1014,assisted,5,563,38,569.8,0.39,straight,straight,False,True
assisted-1014,assisted,6,564,38,385.89,0.28,right,right,False,True
assisted-1014,assisted,7,564,38,404.53,0.16,left,left,False,True
assisted-1014,assisted,8,568,38,331.73,0.1,straight,straight,False,True
assisted-1014,assisted,9,571,38,435.6,0.09,right,right,False,True
assisted-1014,assisted,10,579,38,498.65,0.62,straight,straight,False,True
assisted-1014,assisted,11,580,38,370.3,0.4,right,right,False,True
assisted-1014,assisted,12,578,38,920.7,0.57,straight,straight,False,True
assisted-1014,assisted,13,573,38,1002.18,0.72,straight,straight,False,True
assisted-1014,assisted,14,572,38,864.46,0.45,straight,straight,False,True
assisted-1014,assisted,15,569,38,447.7,0.42,straight,straight,False,True
assisted-1014,assisted,16,568,38,497.26,0.43,straight,straight,False,True
assisted-1014,assisted,17,568,38,499.26,0.17,straight,straight,False,True
assisted-1014,assisted,18,568,38,602.52,0.22,straight,straight,False,True
assisted-1014,assisted,19,568,38,635.14,0.18,straight,straight,False,True
assisted-1014,assisted,20,568,38,559.63,0.13,straight,straight,False,True
assisted-1014,assisted,21,568,38,341.03,0.04,straight,straight,False,True
assisted-1014,assisted,22,578,38,337.36,0.78,right,right,False,True
assisted-1014,assisted,23,576,38,411.47,0.46,straight,straight,False,True
assisted-1014,assisted,24,576,38,511.37,0.35,right,right,False,True
assisted-1014,assisted,25,574,38,441.48,0.98,left,left,False,True
assisted-1014,assisted,26,574,38,440.55,0.41,straight,straight,False,True
assisted-1014,assisted,27,574,38,334.63,0.07,right,right,False,True
assisted-1014,assisted,28,574,38,449.16,0.08,left,left,False,True
assisted-1014,assisted,29,574,38,990.81,0.07,right,right,False,True
assisted-1014,assisted,30,574,38,306.09,0.04,straight,straight,False,True
assisted-1014,assisted,31,574,38,325.28,0.03,straight,straight,False,True
assisted-1014,assisted,32,581,38,291.67,0.18,left,left,False,True
assisted-1014,assisted,33,581,38,388.54,0.12,straight,straight,False,True
assisted-1014,assisted,34,581,38,338.42,0.09,straight,straight,False,True
assisted-1014,assisted,35,582,38,328.2,0.14,straight,straight,False,True
assisted-1014,assisted,36,586,38,292.59,0.06,straight,straight,False,True
assisted-1014,assisted,37,595,38,359.43,0.9,left,left,False,True
assisted-1014,assisted,38,595,38,308.01,0.53,straight,straight,False,True
assisted-1014,assisted,39,596,38,368.24,0.57,left,left,False,True
assisted-1014,assisted,40,594,38,863.43,0.99,straight,straight,False,True
assisted-1014,assisted,41,591,38,352.12,0.15,straight,straight,False,True
assisted-1014,assisted,42,591,38,321.86,0.25,right,right,False,True
assisted-1014,assisted,43,590,38,353.14,0.13,straight,straight,False,True
assisted-1014,assisted,44,589,38,288.82,0.06,straight,straight,False,True
assisted-1014,assisted,45,599,38,308.03,0.47,right,right,False,True
assisted-1014,assisted,46,599,38,347.1,0.77,right,right,False,True
assisted-1014,assisted,47,597,38,320.19,0.43,straight,straight,False,True
assisted-1014,assisted,48,596,38,383.4,0.3,straight,straight,False,True
assisted-1014,assisted,49,593,38,324.18,0.43,straight,straight,False,True
assisted-1014,assisted,50,593,38,375.15,0.13,straight,straight,False,True
assisted-1014,assisted,51,593,38,451.89,0.08,right,right,False,True
assisted-1014,assisted,52,592,38,300.52,0.08,left,left,False,True
assisted-1014,assisted,53,592,38,268.06,0.05,straight,straight,False,True
assisted-1014,assisted,54,592,38,286.78,0.04,straight,straight,False,True
assisted-1014,assisted,55,592,38,293.52,0.04,straight,straight,False,True
assisted-1014,assisted,56,600,38,344.93,0.04,left,left,False,True
assisted-1014,assisted,57,601,38,317.92,0.03,straight,straight,False,True
assisted-1014,assisted,58,612,38,362.55,0.84,left,left,False,True
assisted-1014,assisted,59,609,38,478.92,0.24,straight,straight,False,True
assisted-1014,assisted,60,610,38,375.64,0.19,left,left,False,True
assisted-1014,assisted,61,611,38,283.82,0.04,right,right,False,True
assisted-1014,assisted,62,608,38,430.5,0.07,straight,straight,False,True
assisted-1014,assisted,63,608,38,474.7,0.04,left,left,False,True
assisted-1014,assisted,64,607,38,1029.57,0.05,right,right,False,True
assisted-1014,assisted,65,607,38,268.41,0.04,straight,straight,False,True
verified-1016,verified,1,563,38,359.67,0.13,right,right,False,True
verified-1016,verified,2,563,38,403.8,0.11,straight,straight,False,True
verified-1016,verified,3,563,38,354.26,0.07,straight,straight,False,True
verified-1016,verified,4,564,38,425.97,0.04,right,right,False,True
verified-1016,verified,5,564,38,425.98,0.17,left,left,False,True
verified-1016,verified,6,568,38,480.98,0.07,straight,straight,False,True
verified-1016,verified,7,576,38,343.25,0.09,right,right,False,True
verified-1016,verified,8,577,38,329.98,0.32,right,right,False,True
verified-1016,verified,9,575,38,447.33,0.05,straight,straight,False,True
verified-1016,verified,10,571,38,332.86,0.04,straight,straight,False,True
verified-1016,verified,11,570,38,316.99,0.04,straight,straight,False,True
verified-1016,verified,12,576,38,338.29,0.04,straight,straight,False,True
verified-1016,verified,13,575,38,347.12,0.04,right,right,False,True
verified-1016,verified,14,574,38,301.3,0.04,left,left,False,True
verified-1016,verified,15,581,38,419.89,1.12,right,right,False,True
verified-1016,verified,16,580,38,356.45,0.19,right,right,False,True
verified-1016,verified,17,582,38,328.95,0.06,left,left,False,True
verified-1016,verified,18,580,38,298.79,0.12,straight,straight,False,True
verified-1016,verified,19,580,38,385.62,0.12,right,right,False,True
verified-1016,verified,20,580,38,347.86,0.08,left,left,False,True
verified-1016,verified,21,586,38,329.88,0.46,straight,straight,False,True
verified-1016,verified,22,586,38,366.43,0.14,left,left,False,True
verified-1016,verified,23,586,38,374.74,0.09,straight,straight,False,True
verified-1016,verified,24,586,38,327.75,0.09,straight,straight,False,True
verified-1016,verified,25,586,38,318.47,0.19,right,right,False,True
verified-1016,verified,26,595,38,294.56,2.67,left,left,False,True
verified-1016,verified,27,593,38,391.58,1.37,straight,straight,False,True
verified-1016,verified,28,593,38,307.58,0.57,left,left,False,True
verified-1016,verified,29,592,38,312.78,0.41,straight,straight,False,True
verified-1016,verified,30,592,38,320.03,0.14,straight,straight,False,True
verified-1016,verified,31,592,38,279.17,0.2,right,right,False,True
verified-1016,verified,32,592,38,407.29,0.07,left,left,False,True
verified-1016,verified,33,592,38,285.09,0.04,straight,straight,False,True
verified-1016,verified,34,592,38,406.86,0.04,straight,straight,False,True
verified-1016,verified,35,592,38,351.49,0.03,straight,straight,False,True
verified-1016,verified,36,599,38,312.48,0.1,straight,straight,False,True
verified-1016,verified,37,600,38,324.61,0.06,left,left,False,True
verified-1016,verified,38,600,38,314.07,0.04,straight,straight,False,True
verified-1016,verified,39,600,38,300.14,0.05,right,right,False,True
verified-1016,verified,40,604,38,815.18,0.03,straight,straight,False,True
verified-1016,verified,41,614,38,504.15,52.96,left,left,False,True
verified-1016,verified,42,615,38,335.36,8.81,straight,straight,False,True
verified-1016,verified,43,616,38,313.3,4.83,left,left,False,True
verified-1016,verified,44,615,38,272.24,7.8,straight,straight,False,True
verified-1016,verified,45,612,38,277.68,6.53,straight,straight,False,True
verified-1016,verified,46,612,38,317.01,6.3,right,right,False,True
verified-1016,verified,47,612,38,386.79,0.56,left,left,False,True
verified-1016,verified,48,610,38,337.55,0.79,straight,straight,False,True
verified-1016,verified,49,610,38,1009.73,0.51,right,right,False,True
verified-1016,verified,50,608,38,307.26,0.11,left,left,False,True
verified-1016,verified,51,607,38,265.05,0.15,straight,straight,False,True
verified-1016,verified,52,606,38,421.84,0.11,right,right,False,True
verified-1016,verified,53,605,38,416.78,0.08,left,left,False,True
verified-1016,verified,54,604,38,297.42,0.05,straight,straight,False,True
verified-1016,verified,55,604,38,418.48,0.04,straight,straight,False,True
verified-1016,verified,56,604,38,361.17,0.03,straight,straight,False,True
unassisted-1014,unassisted,1,588,38,284.19,0.74,straight,straight,False,False
unassisted-1014,unassisted,2,588,38,323.74,0.61,straight,straight,False,False
unassisted-1014,unassisted,3,588,38,309.79,0.61,straight,straight,False,False
unassisted-1014,unassisted,4,588,38,336.75,0.79,straight,straight,False,False
unassisted-1014,unassisted,5,588,38,317.1,0.81,straight,straight,False,False
unassisted-1014,unassisted,6,588,38,363.11,0.76,straight,straight,False,False
unassisted-1014,unassisted,7,588,38,302.1,0.86,left,left,False,True
unassisted-1014,unassisted,8,588,38,281.83,0.52,straight,straight,False,True
unassisted-1014,unassisted,9,588,38,434.43,0.25,straight,straight,False,True
unassisted-1014,unassisted,10,588,38,340.78,15.18,straight,straight,False,True
unassisted-1014,unassisted,11,590,38,435.54,0.15,straight,straight,False,False
unassisted-1014,unassisted,12,590,38,392.32,0.3,left,left,False,True
unassisted-1014,unassisted,13,590,38,333.07,0.32,straight,straight,False,True
unassisted-1014,unassisted,14,590,38,342.66,0.23,straight,straight,False,True
unassisted-1014,unassisted,15,590,38,257.75,0.19,straight,straight,False,True
unassisted-1014,unassisted,16,590,38,357.42,0.17,straight,straight,False,True
unassisted-1014,unassisted,17,590,38,294.83,0.13,straight,straight,False,True
unassisted-1014,unassisted,18,590,38,335.82,0.11,straight,straight,False,True
unassisted-1014,unassisted,19,590,38,418.64,0.09,straight,straight,False,True
unassisted-1014,unassisted,20,590,38,357.99,0.06,straight,straight,False,True
unassisted-1014,unassisted,21,591,38,356.37,0.04,straight,straight,False,True
unassisted-1014,unassisted,22,594,38,395.37,0.03,left,left,False,True
unassisted-1014,unassisted,23,594,38,276.85,0.04,right,right,False,True
unassisted-1014,unassisted,24,600,38,333.01,0.28,left,left,False,False
unassisted-1014,unassisted,25,601,38,331.12,0.73,left,left,False,True
unassisted-1014,unassisted,26,600,38,422.0,0.68,straight,straight,False,True
unassisted-1014,unassisted,27,597,38,357.43,0.58,straight,straight,False,True
unassisted-1014,unassisted,28,596,38,334.6,0.56,straight,straight,False,True
unassisted-1014,unassisted,29,595,38,315.36,0.38,straight,straight,False,True
unassisted-1014,unassisted,30,594,38,330.19,0.34,straight,straight,False,True
unassisted-1014,unassisted,31,594,38,395.24,0.3,straight,straight,False,True
unassisted-1014,unassisted,32,594,38,317.1,0.13,straight,straight,False,True
unassisted-1014,unassisted,33,594,38,332.87,0.15,straight,straight,False,True
unassisted-1014,unassisted,34,595,38,278.94,0.06,straight,straight,False,True
unassisted-1014,unassisted,35,595,38,292.96,0.04,straight,straight,False,True
unassisted-1014,unassisted,36,595,38,304.48,0.04,left,left,False,True
unassisted-1014,unassisted,37,595,38,326.5,0.03,straight,straight,False,True
unassisted-1014,unassisted,38,600,38,438.7,0.84,straight,straight,False,False
unassisted-1014,unassisted,39,600,38,314.98,0.51,left,left,False,True
unassisted-1014,unassisted,40,600,38,595.39,0.82,straight,straight,False,True
unassisted-1014,unassisted,41,600,38,283.7,0.36,straight,straight,False,True
unassisted-1014,unassisted,42,600,38,397.21,0.17,straight,straight,False,True
unassisted-1014,unassisted,43,600,38,346.06,0.1,straight,straight,False,True
unassisted-1014,unassisted,44,600,38,342.87,0.07,straight,straight,False,False
unassisted-1014,unassisted,45,600,38,379.66,0.17,straight,straight,False,False
unassisted-1014,unassisted,46,600,38,341.15,0.34,straight,straight,False,False
unassisted-1014,unassisted,47,600,38,316.67,0.63,straight,straight,False,False
unassisted-1014,unassisted,48,602,38,315.5,0.9,straight,straight,False,False
unassisted-1014,unassisted,49,605,38,592.91,1.67,straight,straight,False,False
unassisted-1014,unassisted,50,606,38,348.43,0.83,left,left,False,True
unassisted-1014,unassisted,51,607,38,358.06,1.19,straight,straight,False,True
unassisted-1014,unassisted,52,608,38,310.95,0.7,straight,straight,False,True
unassisted-1014,unassisted,53,609,38,408.78,0.38,straight,straight,False,True
unassisted-1014,unassisted,54,609,38,309.64,0.2,straight,straight,False,True
unassisted-1014,unassisted,55,609,38,315.86,0.08,straight,straight,False,True
unassisted-1014,unassisted,56,609,38,468.95,0.09,straight,straight,False,False
unassisted-1014,unassisted,57,609,38,403.74,0.25,left,left,False,True
unassisted-1014,unassisted,58,608,38,312.19,0.13,straight,straight,False,True
unassisted-1014,unassisted,59,605,38,401.97,0.09,left,left,False,True
unassisted-1014,unassisted,60,605,38,677.5,0.07,straight,straight,False,False
unassisted-1014,unassisted,61,604,38,389.31,0.18,straight,straight,False,False
unassisted-1014,unassisted,62,603,38,708.49,0.23,straight,straight,False,False
unassisted-1014,unassisted,63,602,38,460.87,0.41,straight,straight,False,False
unassisted-1014,unassisted,64,602,38,487.55,0.49,straight,straight,False,False
unassisted-1014,unassisted,65,602,38,546.11,0.72,right,right,False,True
unassisted-1014,unassisted,66,601,38,416.24,0.39,right,right,False,True
unassisted-1014,unassisted,67,601,38,392.32,0.21,straight,straight,False,True
unassisted-1014,unassisted,68,601,38,405.23,0.16,straight,straight,False,True
unassisted-1014,unassisted,69,601,38,465.65,0.1,straight,straight,False,True
unassisted-1014,unassisted,70,601,38,461.74,0.06,straight,straight,False,True
unassisted-1014,unassisted,71,601,38,382.0,0.07,left,left,False,True
unassisted-1014,unassisted,72,601,38,588.21,0.05,straight,straight,False,True
unassisted-1014,unassisted,73,601,38,445.65,0.03,straight,straight,False,True
unassisted-1014,unassisted,74,606,38,332.63,0.04,left,left,False,True
unassisted-1014,unassisted,75,612,38,290.57,0.76,straight,straight,False,False
unassisted-1014,unassisted,76,612,38,284.79,1.8,straight,straight,False,False
unassisted-1014,unassisted,77,612,38,298.54,1.37,straight,straight,False,False
unassisted-1014,unassisted,78,612,38,305.2,2.44,straight,straight,False,False
unassisted-1014,unassisted,79,612,38,316.31,8.35,straight,straight,False,False
unassisted-1014,unassisted,80,612,38,360.81,2.98,right,right,False,True
unassisted-1014,unassisted,81,612,38,286.19,1.66,straight,straight,False,True
unassisted-1014,unassisted,82,612,38,313.82,0.92,straight,straight,False,True
unassisted-1014,unassisted,83,612,38,408.95,0.31,straight,straight,False,True
unassisted-1014,unassisted,84,612,38,291.42,0.12,straight,straight,False,True
unassisted-1014,unassisted,85,613,38,329.99,0.03,right,right,False,True
unassisted-1014,unassisted,86,613,38,302.35,0.12,straight,straight,False,True
unassisted-1014,unassisted,87,613,38,364.87,0.07,straight,straight,False,True
unassisted-1014,unassisted,88,613,38,312.41,0.06,straight,straight,False,True
unassisted-1014,unassisted,89,613,38,317.93,0.05,straight,straight,False,True
unassisted-1014,unassisted,90,613,38,341.19,0.04,straight,straight,False,True
unassisted-1014,unassisted,91,613,38,368.85,0.03,straight,straight,False,True
unassisted-1014,unassisted,92,613,38,302.14,0.03,straight,straight,False,True
unassisted-1014,unassisted,93,618,38,297.94,0.16,straight,straight,False,False
unassisted-1014,unassisted,94,619,38,309.32,0.69,straight,straight,False,False
unassisted-1014,unassisted,95,622,38,336.72,1.4,right,right,False,True
unassisted-1014,unassisted,96,622,38,292.39,1.11,straight,straight,False,True
unassisted-1014,unassisted,97,623,38,351.36,0.83,right,right,False,True
unassisted-1014,unassisted,98,621,38,292.96,0.12,straight,straight,False,True
unassisted-1014,unassisted,99,621,38,297.22,0.17,right,right,False,False
unassisted-1014,unassisted,100,621,38,278.0,0.56,right,right,False,False
unassisted-1014,unassisted,101,623,38,296.1,0.48,straight,straight,False,False
assisted-1003,assisted,1,566,38,350.05,0.53,right,right,False,True
assisted-1003,assisted,2,564,38,363.89,0.26,right,right,False,True
assisted-1003,assisted,3,564,38,439.0,0.16,left,left,False,True
assisted-1003,assisted,4,564,38,262.74,0.08,straight,straight,False,True
assisted-1003,assisted,5,565,38,331.11,0.06,right,right,False,True
assisted-1003,assisted,6,565,38,316.03,0.04,left,left,False,True
assisted-1003,assisted,7,569,38,300.78,0.05,right,right,False,True
assisted-1003,assisted,8,570,38,259.79,0.03,straight,straight,False,True
assisted-1003,assisted,9,579,38,270.35,0.1,right,right,False,True
assisted-1003,assisted,10,576,38,410.78,0.05,straight,straight,False,True
assisted-1003,assisted,11,576,38,355.11,0.07,right,right,False,True
assisted-1003,assisted,12,572,38,252.44,0.04,straight,straight,False,True
assisted-1003,assisted,13,570,38,311.47,0.03,straight,straight,False,True
assisted-1003,assisted,14,576,38,336.31,0.05,straight,straight,False,True
assisted-1003,assisted,15,575,38,320.0,0.04,straight,straight,False,True
assisted-1003,assisted,16,574,38,329.45,0.03,straight,straight,False,True
assisted-1003,assisted,17,584,38,287.07,1.37,left,left,False,True
assisted-1003,assisted,18,582,38,296.84,0.67,left,left,False,True
assisted-1003,assisted,19,583,38,314.48,0.28,straight,straight,False,True
assisted-1003,assisted,20,581,38,304.27,0.37,right,right,False,True
assisted-1003,assisted,21,581,38,475.97,0.12,left,left,False,True
assisted-1003,assisted,22,581,38,294.96,0.11,straight,straight,False,True
assisted-1003,assisted,23,581,38,349.78,0.06,right,right,False,True
assisted-1003,assisted,24,581,38,448.11,0.04,left,left,False,True
assisted-1003,assisted,25,582,38,290.09,0.03,straight,straight,False,True
assisted-1003,assisted,26,586,38,338.58,0.04,right,right,False,True
assisted-1003,assisted,27,595,38,350.02,0.58,left,left,False,True
assisted-1003,assisted,28,597,38,452.38,0.17,left,left,False,True
assisted-1003,assisted,29,599,38,387.87,0.1,straight,straight,False,True
assisted-1003,assisted,30,598,38,260.75,0.12,left,left,False,True
assisted-1003,assisted,31,598,38,359.72,0.06,straight,straight,False,True
assisted-1003,assisted,32,593,38,439.5,0.11,right,right,False,True
assisted-1003,assisted,33,593,38,319.23,0.07,straight,straight,False,True
assisted-1003,assisted,34,592,38,288.88,0.05,straight,straight,False,True
assisted-1003,assisted,35,592,38,413.13,0.04,straight,straight,False,True
assisted-1003,assisted,36,595,38,394.89,0.03,straight,straight,False,True
assisted-1003,assisted,37,606,38,321.1,0.34,right,right,False,True
assisted-1003,assisted,38,609,38,316.15,0.16,right,right,False,True
assisted-1003,assisted,39,608,38,320.66,0.12,straight,straight,False,True
assisted-1003,assisted,40,605,38,347.58,0.1,straight,straight,False,True
assisted-1003,assisted,41,604,38,296.68,0.13,straight,straight,False,True
assisted-1003,assisted,42,605,38,376.6,0.09,straight,straight,False,True
assisted-1003,assisted,43,606,38,352.3,0.06,straight,straight,False,True
assisted-1003,assisted,44,606,38,332.13,0.05,straight,straight,False,True
assisted-1003,assisted,45,606,38,305.46,0.04,straight,straight,False,True
assisted-1003,assisted,46,605,38,265.78,0.09,straight,straight,False,True
assisted-1003,assisted,47,611,38,327.89,0.13,right,right,False,True
assisted-1003,assisted,48,606,38,713.88,0.08,straight,straight,False,True
assisted-1003,assisted,49,605,38,323.27,0.12,right,right,False,True
assisted-1003,assisted,50,604,38,335.96,0.07,straight,straight,False,True
assisted-1003,assisted,51,603,38,315.46,0.06,straight,straight,False,True
assisted-1003,assisted,52,602,38,315.49,0.04,straight,straight,False,True
assisted-1003,assisted,53,601,38,296.96,0.03,straight,straight,False,True
assisted-1003,assisted,54,609,38,330.84,0.67,left,left,False,True
assisted-1003,assisted,55,607,38,262.61,0.31,straight,straight,False,True
assisted-1003,assisted,56,605,38,400.84,0.21,left,left,False,True
assisted-1003,assisted,57,605,38,353.05,0.15,right,right,False,True
assisted-1003,assisted,58,604,38,305.44,0.11,straight,straight,False,True
assisted-1003,assisted,59,604,38,315.21,0.07,straight,straight,False,True
assisted-1003,assisted,60,604,38,432.5,0.12,straight,straight,False,True
assisted-1003,assisted,61,604,38,510.22,0.05,straight,straight,False,True
assisted-1003,assisted,62,604,38,493.27,0.04,straight,straight,False,True
assisted-1009,assisted,1,563,38,296.21,0.17,straight,straight,False,True
assisted-1009,assisted,2,563,38,286.56,0.14,right,right,False,True
assisted-1009,assisted,3,563,38,450.11,0.09,left,left,False,True
assisted-1009,assisted,4,563,38,454.43,0.11,straight,straight,False,True
assisted-1009,assisted,5,563,38,367.09,0.09,right,right,False,True
assisted-1009,assisted,6,563,38,349.81,0.05,straight,straight,False,True
assisted-1009,assisted,7,564,38,392.05,0.03,straight,straight,False,True
assisted-1009,assisted,8,576,38,324.0,0.66,left,left,False,True
assisted-1009,assisted,9,574,38,369.26,0.26,left,left,False,True
assisted-1009,assisted,10,571,38,288.34,0.35,straight,straight,False,True
assisted-1009,assisted,11,570,38,336.19,0.21,right,right,False,True
assisted-1009,assisted,12,569,38,297.69,0.07,left,left,False,True
assisted-1009,assisted,13,568,38,333.2,0.1,straight,straight,False,True
assisted-1009,assisted,14,568,38,426.22,0.06,right,right,False,True
assisted-1009,assisted,15,570,38,508.83,0.1,left,left,False,True
assisted-1009,assisted,16,570,38,295.24,0.08,straight,straight,False,True
assisted-1009,assisted,17,570,38,476.2,0.02,straight,straight,False,True
assisted-1009,assisted,18,579,38,341.87,7.33,left,left,False,True
assisted-1009,assisted,19,578,38,316.72,3.87,straight,straight,False,True
assisted-1009,assisted,20,578,38,328.36,3.49,left,left,False,True
assisted-1009,assisted,21,578,38,324.97,2.21,straight,straight,False,True
assisted-1009,assisted,22,578,38,360.25,1.65,straight,straight,False,True
assisted-1009,assisted,23,578,38,281.11,0.94,right,right,False,True
assisted-1009,assisted,24,578,38,283.23,1.02,left,left,False,True
assisted-1009,assisted,25,576,38,270.19,0.39,straight,straight,False,True
assisted-1009,assisted,26,576,38,332.83,0.11,right,right,False,True
assisted-1009,assisted,27,575,38,372.12,0.21,left,left,False,True
assisted-1009,assisted,28,577,38,282.22,0.19,right,right,False,True
assisted-1009,assisted,29,576,38,490.61,0.08,straight,straight,False,True
assisted-1009,assisted,30,576,38,325.99,0.07,straight,straight,False,True
assisted-1009,assisted,31,576,38,328.03,0.05,straight,straight,False,True
assisted-1009,assisted,32,576,38,323.78,0.05,straight,straight,False,True
assisted-1009,assisted,33,577,38,429.78,0.03,straight,straight,False,True
assisted-1009,assisted,34,589,38,286.45,0.96,right,right,False,True
assisted-1009,assisted,35,588,38,308.03,0.19,right,right,False,True
assisted-1009,assisted,36,584,38,321.63,0.12,left,left,False,True
assisted-1009,assisted,37,585,38,340.58,0.23,right,right,False,True
assisted-1009,assisted,38,582,38,329.66,0.16,straight,straight,False,True
assisted-1009,assisted,39,582,38,430.46,0.13,straight,straight,False,True
assisted-1009,assisted,40,581,38,299.02,0.09,straight,straight,False,True
assisted-1009,assisted,41,580,38,572.33,0.07,straight,straight,False,True
assisted-1009,assisted,42,580,38,456.29,0.06,straight,straight,False,True
assisted-1009,assisted,43,580,38,414.04,0.04,straight,straight,False,True
assisted-1009,assisted,44,580,38,402.47,0.03,straight,straight,False,True
assisted-1009,assisted,45,590,38,572.08,0.31,right,right,False,True
assisted-1009,assisted,46,590,38,424.49,0.34,right,right,False,True
assisted-1009,assisted,47,590,38,375.81,0.15,straight,straight,False,True
assisted-1009,assisted,48,590,38,429.9,0.18,straight,straight,False,True
assisted-1009,assisted,49,587,38,495.84,0.15,straight,straight,False,True
assisted-1009,assisted,50,587,38,375.6,0.12,straight,straight,False,True
assisted-1009,assisted,51,587,38,359.23,0.1,straight,straight,False,True
assisted-1009,assisted,52,587,38,538.56,0.08,straight,straight,False,True
assisted-1009,assisted,53,587,38,680.25,0.05,straight,straight,False,True
assisted-1009,assisted,54,588,38,684.77,0.04,straight,straight,False,True
assisted-1009,assisted,55,592,38,319.44,0.03,straight,straight,False,True
assisted-1009,assisted,56,601,38,307.29,0.08,left,left,False,True
assisted-1009,assisted,57,603,38,297.71,0.02,left,left,False,True
assisted-1009,assisted,58,610,38,307.04,1.06,straight,straight,False,True
assisted-1009,assisted,59,606,38,291.44,0.95,straight,straight,False,True
assisted-1009,assisted,60,606,38,351.17,0.52,straight,straight,False,True
assisted-1009,assisted,61,603,38,341.62,0.3,straight,straight,False,True
assisted-1009,assisted,62,603,38,332.24,0.16,left,left,False,True
assisted-1009,assisted,63,602,38,298.8,0.1,straight,straight,False,True
assisted-1009,assisted,64,601,38,352.79,0.06,straight,straight,False,True
assisted-1009,assisted,65,600,38,488.66,0.07,right,right,False,True
assisted-1009,assisted,66,599,38,337.01,0.04,straight,straight,False,True
assisted-1009,assisted,67,598,38,426.86,0.03,straight,straight,False,True
assisted-1009,assisted,68,608,38,370.98,0.71,left,left,False,True
assisted-1009,assisted,69,607,38,335.75,0.68,left,left,False,True
assisted-1009,assisted,70,608,38,348.57,0.25,straight,straight,False,True
assisted-1009,assisted,71,607,38,335.22,0.18,straight,straight,False,True
assisted-1009,assisted,72,607,38,286.65,0.16,straight,straight,False,True
assisted-1009,assisted,73,605,38,307.9,0.1,straight,straight,False,True
assisted-1009,assisted,74,605,38,295.3,0.07,left,left,False,True
assisted-1009,assisted,75,605,38,372.45,0.07,right,right,False,True
assisted-1009,assisted,76,606,38,460.5,0.13,straight,straight,False,True
assisted-1009,assisted,77,610,38,298.92,0.03,straight,straight,False,True
verified-1015,verified,1,563,38,306.86,0.22,straight,straight,False,True
verified-1015,verified,2,562,38,299.13,0.21,left,left,False,True
verified-1015,verified,3,562,38,282.57,0.14,straight,straight,False,True
verified-1015,verified,4,562,38,325.78,0.08,straight,straight,False,True
verified-1015,verified,5,562,38,424.1,0.05,right,right,False,True
verified-1015,verified,6,562,38,412.66,0.05,left,left,False,True
verified-1015,verified,7,562,38,301.5,0.06,right,right,False,True
verified-1015,verified,8,562,38,257.24,0.03,straight,straight,False,True
verified-1015,verified,9,571,38,338.95,1.02,right,right,False,True
verified-1015,verified,10,571,38,324.93,1.03,straight,straight,False,True
verified-1015,verified,11,569,38,406.45,0.59,right,right,False,True
verified-1015,verified,12,569,38,403.33,0.39,left,left,False,True
verified-1015,verified,13,568,38,281.42,0.28,straight,straight,False,True
verified-1015,verified,14,568,38,329.71,0.16,right,right,False,True
verified-1015,verified,15,568,38,334.97,0.09,left,left,False,True
verified-1015,verified,16,568,38,285.14,0.06,straight,straight,False,True
verified-1015,verified,17,568,38,310.56,0.06,right,right,False,True
verified-1015,verified,18,568,38,443.62,0.03,left,left,False,True
verified-1015,verified,19,569,38,404.68,0.04,right,right,False,True
verified-1015,verified,20,576,38,340.02,0.08,straight,straight,False,True
verified-1015,verified,21,576,38,404.75,0.08,straight,straight,False,True
verified-1015,verified,22,576,38,407.53,0.04,straight,straight,False,True
verified-1015,verified,23,577,38,324.97,0.03,straight,straight,False,True
verified-1015,verified,24,587,38,310.82,0.03,straight,straight,False,True
verified-1015,verified,25,590,38,686.85,0.05,right,right,False,True
verified-1015,verified,26,595,38,327.67,0.04,right,right,False,True
verified-1015,verified,27,595,38,316.39,0.03,straight,straight,False,True
verified-1015,verified,28,592,38,315.8,0.03,straight,straight,False,True
verified-1015,verified,29,597,38,259.59,0.18,right,right,False,True
verified-1015,verified,30,598,38,330.14,0.1,left,left,False,True
verified-1015,verified,31,598,38,353.85,0.07,straight,straight,False,True
verified-1015,verified,32,597,38,919.78,0.04,right,right,False,True
verified-1015,verified,33,600,38,622.88,0.04,left,left,False,True
verified-1015,verified,34,599,38,415.37,0.04,right,right,False,True
verified-1015,verified,35,610,38,542.03,0.53,right,right,False,True
verified-1015,verified,36,611,38,458.28,0.02,straight,straight,False,True
verified-1015,verified,37,610,38,329.15,0.03,straight,straight,False,True
verified-1015,verified,38,611,38,312.84,0.03,straight,straight,False,True
verified-1015,verified,39,618,38,508.9,0.13,right,right,False,True
verified-1015,verified,40,616,38,378.26,0.1,straight,straight,False,True
verified-1015,verified,41,613,38,452.92,0.05,right,right,False,True
verified-1015,verified,42,613,38,560.24,0.05,left,left,False,True
verified-1015,verified,43,611,38,588.41,0.05,right,right,False,True
verified-1015,verified,44,610,38,278.74,0.04,straight,straight,False,True
assisted-1001,assisted,1,563,38,407.41,0.23,left,left,False,True
assisted-1001,assisted,2,562,38,497.69,0.16,straight,straight,False,True
assisted-1001,assisted,3,562,38,595.03,0.1,straight,straight,False,True
assisted-1001,assisted,4,562,38,376.0,0.16,right,right,False,True
assisted-1001,assisted,5,562,38,360.53,0.07,straight,straight,False,True
assisted-1001,assisted,6,562,38,428.75,0.06,straight,straight,False,True
assisted-1001,assisted,7,562,38,472.79,0.04,straight,straight,False,True
assisted-1001,assisted,8,562,38,435.16,0.02,straight,straight,False,True
assisted-1001,assisted,9,568,38,509.37,0.19,right,right,False,True
assisted-1001,assisted,10,568,38,557.64,0.1,right,right,False,True
assisted-1001,assisted,11,568,38,352.97,0.07,left,left,False,True
assisted-1001,assisted,12,568,38,487.64,0.05,straight,straight,False,True
assisted-1001,assisted,13,568,38,336.22,0.05,right,right,False,True
assisted-1001,assisted,14,568,38,310.62,0.03,straight,straight,False,True
assisted-1001,assisted,15,577,38,304.48,0.4,left,left,False,True
assisted-1001,assisted,16,575,38,327.03,0.31,left,left,False,True
assisted-1001,assisted,17,577,38,362.34,0.08,straight,straight,False,True
assisted-1001,assisted,18,575,38,300.82,0.1,straight,straight,False,True
assisted-1001,assisted,19,575,38,306.05,0.07,right,right,False,True
assisted-1001,assisted,20,575,38,395.57,0.04,straight,straight,False,True
assisted-1001,assisted,21,576,38,285.84,0.04,straight,straight,False,True
assisted-1001,assisted,22,580,38,441.16,0.03,straight,straight,False,True
assisted-1001,assisted,23,590,38,426.01,1.49,right,right,False,True
assisted-1001,assisted,24,591,38,316.61,1.57,straight,straight,False,True
assisted-1001,assisted,25,592,38,452.86,0.95,right,right,False,True
assisted-1001,assisted,26,589,38,331.16,0.86,left,left,False,True
assisted-1001,assisted,27,590,38,360.64,0.63,straight,straight,False,True
assisted-1001,assisted,28,589,38,283.18,0.24,right,right,False,True
assisted-1001,assisted,29,585,38,309.48,0.17,left,left,False,True
assisted-1001,assisted,30,585,38,286.98,0.09,straight,straight,False,True
assisted-1001,assisted,31,584,38,406.41,0.04,right,right,False,True
assisted-1001,assisted,32,582,38,336.77,0.04,left,left,False,True
assisted-1001,assisted,33,581,38,388.47,0.05,right,right,False,True
assisted-1001,assisted,34,580,38,342.27,0.04,straight,straight,False,True
assisted-1001,assisted,35,586,38,312.68,0.09,straight,straight,False,True
assisted-1001,assisted,36,586,38,288.41,0.11,right,right,False,True
assisted-1001,assisted,37,586,38,297.7,0.08,straight,straight,False,True
assisted-1001,assisted,38,586,38,264.16,0.06,straight,straight,False,True
assisted-1001,assisted,39,586,38,333.37,0.05,straight,straight,False,True
assisted-1001,assisted,40,586,38,309.55,0.04,straight,straight,False,True
assisted-1001,assisted,41,592,38,435.67,0.09,left,left,False,True
assisted-1001,assisted,42,593,38,315.95,0.16,left,left,False,True
assisted-1001,assisted,43,594,38,325.04,0.07,straight,straight,False,True
assisted-1001,assisted,44,594,38,412.98,0.05,straight,straight,False,True
assisted-1001,assisted,45,592,38,317.06,0.06,straight,straight,False,True
assisted-1001,assisted,46,592,38,343.18,0.04,straight,straight,False,True
assisted-1001,assisted,47,592,38,339.28,0.03,straight,straight,False,True
assisted-1001,assisted,48,599,38,380.41,0.11,left,left,False,True
assisted-1001,assisted,49,599,38,331.32,0.05,left,left,False,True
assisted-1001,assisted,50,600,38,311.67,0.03,right,right,False,True
assisted-1001,assisted,51,598,38,307.95,0.03,straight,straight,False,True
assisted-1001,assisted,52,605,38,364.11,0.24,right,right,False,True
assisted-1001,assisted,53,605,38,354.08,0.11,straight,straight,False,True
assisted-1001,assisted,54,610,38,281.42,0.22,right,right,False,True
assisted-1001,assisted,55,611,38,641.17,0.09,straight,straight,False,True
assisted-1001,assisted,56,612,38,474.78,0.06,straight,straight,False,True
assisted-1001,assisted,57,611,38,317.01,0.05,straight,straight,False,True
assisted-1001,assisted,58,612,38,396.16,0.03,right,right,False,True
assisted-1001,assisted,59,609,38,398.93,0.04,left,left,False,True
assisted-1015,assisted,1,563,38,435.47,0.28,straight,straight,False,True
assisted-1015,assisted,2,562,38,303.43,0.24,left,left,False,True
assisted-1015,assisted,3,562,38,359.01,0.13,straight,straight,False,True
assisted-1015,assisted,4,562,38,353.0,0.14,straight,straight,False,True
assisted-1015,assisted,5,562,38,324.42,0.05,right,right,False,True
assisted-1015,assisted,6,562,38,318.39,0.05,left,left,False,True
assisted-1015,assisted,7,562,38,364.26,0.06,right,right,False,True
assisted-1015,assisted,8,562,38,276.37,0.03,straight,straight,False,True
assisted-1015,assisted,9,571,38,359.37,0.98,right,right,False,True
assisted-1015,assisted,10,571,38,301.89,0.86,straight,straight,False,True
assisted-1015,assisted,11,569,38,373.01,0.58,right,right,False,True
assisted-1015,assisted,12,569,38,328.52,0.34,left,left,False,True
assisted-1015,assisted,13,568,38,364.91,0.25,straight,straight,False,True
assisted-1015,assisted,14,568,38,337.43,0.15,right,right,False,True
assisted-1015,assisted,15,568,38,296.02,0.13,left,left,False,True
assisted-1015,assisted,16,568,38,354.34,0.06,straight,straight,False,True
assisted-1015,assisted,17,568,38,320.3,0.05,right,right,False,True
assisted-1015,assisted,18,568,38,336.02,0.03,left,left,False,True
assisted-1015,assisted,19,569,38,311.41,0.05,right,right,False,True
assisted-1015,assisted,20,576,38,308.72,0.09,straight,straight,False,True
assisted-1015,assisted,21,576,38,295.76,0.05,straight,straight,False,True
assisted-1015,assisted,22,576,38,308.31,0.04,straight,straight,False,True
assisted-1015,assisted,23,577,38,346.13,0.03,straight,straight,False,True
assisted-1015,assisted,24,587,38,344.99,0.03,straight,straight,False,True
assisted-1015,assisted,25,590,38,321.11,0.05,right,right,False,True
assisted-1015,assisted,26,595,38,300.28,0.03,right,right,False,True
assisted-1015,assisted,27,595,38,281.06,0.03,straight,straight,False,True
assisted-1015,assisted,28,592,38,361.21,0.03,straight,straight,False,True
assisted-1015,assisted,29,597,38,323.11,0.2,right,right,False,True
assisted-1015,assisted,30,598,38,489.45,0.09,left,left,False,True
assisted-1015,assisted,31,598,38,302.43,0.08,straight,straight,False,True
assisted-1015,assisted,32,597,38,325.37,0.04,right,right,False,True
assisted-1015,assisted,33,600,38,324.5,0.03,left,left,False,True
assisted-1015,assisted,34,599,38,328.51,0.04,right,right,False,True
assisted-1015,assisted,35,610,38,304.37,0.42,right,right,False,True
assisted-1015,assisted,36,611,38,328.7,0.02,straight,straight,False,True
assisted-1015,assisted,37,610,38,278.75,0.04,straight,straight,False,True
assisted-1015,assisted,38,611,38,405.44,0.02,straight,straight,False,True
assisted-1015,assisted,39,618,38,312.97,0.14,right,right,False,True
assisted-1015,assisted,40,616,38,348.36,0.12,straight,straight,False,True
assisted-1015,assisted,41,613,38,367.21,0.06,right,right,False,True
assisted-1015,assisted,42,613,38,429.39,0.05,left,left,False,True
assisted-1015,assisted,43,611,38,319.97,0.05,right,right,False,True
assisted-1015,assisted,44,610,38,316.75,0.03,straight,straight,False,True
verified-1011,verified,1,563,38,331.52,0.16,right,right,False,True
verified-1011,verified,2,563,38,296.23,0.09,straight,straight,False,True
verified-1011,verified,3,563,38,276.04,0.06,right,right,False,True
verified-1011,verified,4,563,38,286.97,0.09,left,left,False,True
verified-1011,verified,5,564,38,394.67,0.04,straight,straight,False,True
verified-1011,verified,6,568,38,276.81,0.03,straight,straight,False,True
verified-1011,verified,7,577,38,304.23,0.36,left,left,False,True
verified-1011,verified,8,577,38,305.88,0.15,straight,straight,False,True
verified-1011,verified,9,578,38,298.4,0.11,left,left,False,True
verified-1011,verified,10,575,38,406.0,0.16,straight,straight,False,True
verified-1011,verified,11,571,38,429.62,0.08,straight,straight,False,True
verified-1011,verified,12,570,38,291.05,0.07,straight,straight,False,True
verified-1011,verified,13,569,38,269.0,0.05,straight,straight,False,True
verified-1011,verified,14,568,38,333.36,0.05,straight,straight,False,True
verified-1011,verified,15,568,38,372.53,0.03,straight,straight,False,True
verified-1011,verified,16,576,38,283.72,0.51,right,right,False,True
verified-1011,verified,17,574,38,340.86,0.3,straight,straight,False,True
verified-1011,verified,18,574,38,371.81,0.16,right,right,False,True
verified-1011,verified,19,574,38,325.87,0.1,left,left,False,True
verified-1011,verified,20,574,38,309.68,0.06,straight,straight,False,True
verified-1011,verified,21,574,38,370.26,0.04,right,right,False,True
verified-1011,verified,22,574,38,330.05,0.03,left,left,False,True
verified-1011,verified,23,576,38,342.81,0.03,right,right,False,True
verified-1011,verified,24,584,38,279.66,1.53,right,right,False,True
verified-1011,verified,25,584,38,339.49,1.51,straight,straight,False,True
verified-1011,verified,26,583,38,286.62,1.32,straight,straight,False,True
verified-1011,verified,27,581,38,359.16,0.92,right,right,False,True
verified-1011,verified,28,581,38,388.95,0.25,left,left,False,True
verified-1011,verified,29,580,38,325.98,0.4,straight,straight,False,True
verified-1011,verified,30,580,38,409.21,0.17,right,right,False,True
verified-1011,verified,31,580,38,338.88,0.06,left,left,False,True
verified-1011,verified,32,580,38,347.28,0.05,straight,straight,False,True
verified-1011,verified,33,580,38,422.73,0.05,right,right,False,True
verified-1011,verified,34,580,38,745.79,0.05,left,left,False,True
verified-1011,verified,35,580,38,603.73,0.04,straight,straight,False,True
verified-1011,verified,36,590,38,679.9,2.13,left,left,False,True
verified-1011,verified,37,590,38,368.73,1.26,left,left,False,True
verified-1011,verified,38,590,38,386.32,0.29,right,right,False,True
verified-1011,verified,39,587,38,453.52,0.58,left,left,False,True
verified-1011,verified,40,586,38,362.09,0.31,straight,straight,False,True
verified-1011,verified,41,586,38,307.11,0.14,straight,straight,False,True
verified-1011,verified,42,586,38,414.14,0.07,right,right,False,True
verified-1011,verified,43,586,38,524.44,0.06,left,left,False,True
verified-1011,verified,44,586,38,348.09,0.04,straight,straight,False,True
verified-1011,verified,45,586,38,394.75,0.04,right,right,False,True
verified-1011,verified,46,586,38,360.02,0.03,straight,straight,False,True
verified-1011,verified,47,597,38,293.54,33.93,right,right,False,True
verified-1011,verified,48,597,38,371.74,9.34,right,right,False,True
verified-1011,verified,49,598,38,445.78,3.14,left,left,False,True
verified-1011,verified,50,596,38,463.46,5.4,straight,straight,False,True
verified-1011,verified,51,596,38,295.21,2.05,right,right,False,True
verified-1011,verified,52,596,38,454.51,1.99,left,left,False,True
verified-1011,verified,53,594,38,305.34,0.8,straight,straight,False,True
verified-1011,verified,54,594,38,271.18,0.26,right,right,False,True
verified-1011,verified,55,593,38,355.14,0.24,left,left,False,True
verified-1011,verified,56,594,38,311.08,0.09,straight,straight,False,True
verified-1011,verified,57,598,38,447.99,0.1,right,right,False,True
verified-1011,verified,58,598,38,348.29,0.06,straight,straight,False,True
verified-1011,verified,59,599,38,325.01,7.29,straight,straight,False,True
verified-1011,verified,60,600,38,287.64,0.03,straight,straight,False,True
verified-1011,verified,61,601,38,303.48,0.03,straight,straight,False,True
verified-1011,verified,62,609,38,343.19,0.22,right,right,False,True
verified-1011,verified,63,605,38,288.51,0.11,right,right,False,True
verified-1011,verified,64,607,38,262.47,0.1,left,left,False,True
verified-1011,verified,65,605,38,420.33,0.13,right,right,False,True
verified-1011,verified,66,603,38,393.82,0.09,straight,straight,False,True
verified-1011,verified,67,602,38,297.16,0.06,straight,straight,False,True
verified-1011,verified,68,601,38,343.36,0.05,straight,straight,False,True
verified-1011,verified,69,600,38,314.83,0.04,straight,straight,False,True
verified-1011,verified,70,599,38,308.65,0.03,straight,straight,False,True
verified-1011,verified,71,606,38,396.87,0.13,right,right,False,True
verified-1011,verified,72,606,38,293.74,0.08,right,right,False,True
verified-1011,verified,73,608,38,343.67,0.04,left,left,False,True
verified-1011,verified,74,610,38,370.45,0.08,right,right,False,True
verified-1011,verified,75,610,38,325.54,0.05,straight,straight,False,True
verified-1011,verified,76,611,38,350.39,0.03,straight,straight,False,True
verified-1011,verified,77,612,38,388.87,0.03,straight,straight,False,True
unassisted-1004,unassisted,1,587,38,307.18,0.24,straight,straight,False,False
unassisted-1004,unassisted,2,587,38,418.24,0.45,straight,straight,False,False
unassisted-1004,unassisted,3,587,38,360.9,0.51,straight,straight,False,False
unassisted-1004,unassisted,4,587,38,269.35,0.55,straight,straight,False,False
unassisted-1004,unassisted,5,587,38,340.31,0.68,straight,straight,False,False
unassisted-1004,unassisted,6,587,38,382.49,0.65,straight,straight,False,False
unassisted-1004,unassisted,7,587,38,415.82,0.72,right,right,False,False
unassisted-1004,unassisted,8,587,38,447.88,0.77,straight,straight,False,False
unassisted-1004,unassisted,9,587,38,257.24,0.84,straight,straight,False,False
unassisted-1004,unassisted,10,588,38,278.64,1.07,right,right,False,True
unassisted-1004,unassisted,11,590,38,320.27,1.28,straight,straight,False,True
unassisted-1004,unassisted,12,590,38,294.04,1.09,straight,straight,False,True
unassisted-1004,unassisted,13,590,38,437.49,0.94,straight,straight,False,True
unassisted-1004,unassisted,14,590,38,306.15,0.81,straight,straight,False,True
unassisted-1004,unassisted,15,590,38,319.6,0.55,straight,straight,False,True
unassisted-1004,unassisted,16,590,38,290.17,0.41,straight,straight,False,True
unassisted-1004,unassisted,17,590,38,357.75,0.25,straight,straight,False,True
unassisted-1004,unassisted,18,590,38,331.66,0.2,straight,straight,False,True
unassisted-1004,unassisted,19,591,38,340.6,0.32,left,left,False,False
unassisted-1004,unassisted,20,594,38,259.0,0.35,straight,straight,False,False
unassisted-1004,unassisted,21,595,38,338.9,0.13,left,left,False,True
unassisted-1004,unassisted,22,595,38,313.91,0.24,straight,straight,False,False
unassisted-1004,unassisted,23,595,38,371.17,0.43,straight,straight,False,False
unassisted-1004,unassisted,24,595,38,337.26,0.46,straight,straight,False,False
unassisted-1004,unassisted,25,595,38,385.69,0.72,straight,straight,False,False
unassisted-1004,unassisted,26,595,38,451.56,0.75,straight,straight,False,False
unassisted-1004,unassisted,27,595,38,439.29,1.05,straight,straight,False,False
unassisted-1004,unassisted,28,595,38,469.57,1.03,straight,straight,False,False
unassisted-1004,unassisted,29,595,38,401.28,1.11,left,left,False,True
unassisted-1004,unassisted,30,594,38,357.79,1.31,straight,straight,False,True
unassisted-1004,unassisted,31,591,38,707.0,1.02,straight,straight,False,True
unassisted-1004,unassisted,32,590,38,795.72,1.41,straight,straight,False,True
unassisted-1004,unassisted,33,589,38,525.76,0.78,straight,straight,False,True
unassisted-1004,unassisted,34,589,38,328.55,0.55,straight,straight,False,True
unassisted-1004,unassisted,35,589,38,476.79,0.39,straight,straight,False,True
unassisted-1004,unassisted,36,589,38,442.28,0.22,straight,straight,False,True
unassisted-1004,unassisted,37,589,38,339.35,0.11,straight,straight,False,True
unassisted-1004,unassisted,38,589,38,373.44,0.21,straight,straight,False,False
unassisted-1004,unassisted,39,589,38,685.41,0.27,left,left,False,True
unassisted-1004,unassisted,40,589,38,338.17,0.48,straight,straight,False,True
unassisted-1004,unassisted,41,589,38,378.4,0.11,straight,straight,False,True
unassisted-1004,unassisted,42,589,38,306.1,0.1,straight,straight,False,True
unassisted-1004,unassisted,43,589,38,365.15,0.06,straight,straight,False,True
unassisted-1004,unassisted,44,589,38,293.93,0.05,straight,straight,False,True
unassisted-1004,unassisted,45,589,38,308.78,0.04,straight,straight,False,True
unassisted-1004,unassisted,46,589,38,282.21,0.02,left,left,False,True
unassisted-1004,unassisted,47,589,38,298.86,0.05,right,right,False,True
unassisted-1004,unassisted,48,595,38,360.8,0.18,straight,straight,False,False
unassisted-1004,unassisted,49,598,38,332.35,0.16,left,left,False,True
unassisted-1004,unassisted,50,598,38,286.61,0.21,straight,straight,False,False
unassisted-1004,unassisted,51,599,38,453.42,0.22,left,left,False,True
unassisted-1004,unassisted,52,597,38,303.45,0.22,straight,straight,False,True
unassisted-1004,unassisted,53,596,38,298.2,0.21,straight,straight,False,True
unassisted-1004,unassisted,54,595,38,280.03,0.11,left,left,False,True
unassisted-1004,unassisted,55,594,38,385.55,0.15,straight,straight,False,False
unassisted-1004,unassisted,56,594,38,359.48,0.13,straight,straight,False,False
unassisted-1004,unassisted,57,594,38,723.67,0.29,right,right,False,True
unassisted-1004,unassisted,58,595,38,323.74,0.14,right,right,False,True
unassisted-1004,unassisted,59,595,38,340.8,0.06,straight,straight,False,True
unassisted-1004,unassisted,60,595,38,297.65,0.1,straight,straight,False,False
unassisted-1004,unassisted,61,595,38,316.36,0.08,left,left,False,True
unassisted-1004,unassisted,62,595,38,320.17,0.06,left,left,False,True
unassisted-1004,unassisted,63,595,38,318.81,0.09,straight,straight,False,False
unassisted-1004,unassisted,64,595,38,278.75,0.06,straight,straight,False,False
unassisted-1004,unassisted,65,595,38,294.18,0.11,straight,straight,False,False
unassisted-1004,unassisted,66,595,38,293.99,0.1,right,right,False,True
unassisted-1004,unassisted,67,595,38,283.02,0.05,right,right,False,True
unassisted-1004,unassisted,68,595,38,311.97,0.05,straight,straight,False,True
unassisted-1004,unassisted,69,595,38,393.49,0.04,straight,straight,False,True
unassisted-1004,unassisted,70,595,38,289.84,0.05,left,left,False,True
unassisted-1004,unassisted,71,595,38,301.38,0.03,straight,straight,False,True
unassisted-1004,unassisted,72,602,38,298.93,13.68,straight,straight,False,False
unassisted-1004,unassisted,73,602,38,323.14,4.58,right,right,False,True
unassisted-1004,unassisted,74,602,38,313.47,3.89,straight,straight,False,True
unassisted-1004,unassisted,75,602,38,360.97,2.88,straight,straight,False,True
unassisted-1004,unassisted,76,602,38,374.69,2.18,straight,straight,False,True
unassisted-1004,unassisted,77,602,38,386.46,1.46,straight,straight,False,True
unassisted-1004,unassisted,78,602,38,360.64,0.91,straight,straight,False,True
unassisted-1004,unassisted,79,603,38,377.26,0.33,straight,straight,False,True
unassisted-1004,unassisted,80,606,38,381.47,0.17,straight,straight,False,True
unassisted-1004,unassisted,81,607,38,334.3,0.47,right,right,False,True
unassisted-1004,unassisted,82,609,38,422.73,0.12,straight,straight,False,True
unassisted-1004,unassisted,83,610,38,318.53,0.12,straight,straight,False,True
unassisted-1004,unassisted,84,611,38,426.03,0.08,straight,straight,False,True
unassisted-1004,unassisted,85,611,38,528.4,0.06,straight,straight,False,True
unassisted-1004,unassisted,86,611,38,359.02,0.07,straight,straight,False,True
unassisted-1004,unassisted,87,611,38,275.57,0.05,straight,straight,False,True
unassisted-1004,unassisted,88,611,38,374.8,0.03,straight,straight,False,True
unassisted-1004,unassisted,89,612,38,295.46,0.03,straight,straight,False,True
unassisted-1004,unassisted,90,615,38,387.04,0.02,straight,straight,False,True
unassisted-1004,unassisted,91,621,38,331.42,0.04,right,right,False,True
unassisted-1004,unassisted,92,621,38,303.27,0.12,straight,straight,False,True
unassisted-1004,unassisted,93,619,38,351.03,0.08,straight,straight,False,True
unassisted-1004,unassisted,94,619,38,329.63,0.05,straight,straight,False,True
unassisted-1004,unassisted,95,619,38,333.15,0.06,straight,straight,False,True
unassisted-1004,unassisted,96,618,38,385.6,0.05,straight,straight,False,True
unassisted-1004,unassisted,97,617,38,277.02,0.03,straight,straight,False,True
unassisted-1004,unassisted,98,616,38,366.34,0.02,straight,straight,False,True
unassisted-1004,unassisted,99,622,38,352.07,0.57,straight,straight,False,True
unassisted-1004,unassisted,100,622,38,297.39,0.24,straight,straight,False,True
unassisted-1004,unassisted,101,623,38,314.8,0.09,straight,straight,False,True
unassisted-1004,unassisted,102,623,38,350.08,0.04,right,right,False,True
unassisted-1004,unassisted,103,622,38,350.96,0.09,straight,straight,False,True
unassisted-1004,unassisted,104,619,38,317.03,0.07,straight,straight,False,True
unassisted-1004,unassisted,105,618,38,336.42,0.04,straight,straight,False,True
unassisted-1004,unassisted,106,617,38,340.12,0.04,straight,straight,False,True
unassisted-1004,unassisted,107,616,38,348.99,0.04,straight,straight,False,True
unassisted-1004,unassisted,108,615,38,352.65,0.06,straight,straight,False,True
unassisted-1004,unassisted,109,621,38,458.5,0.08,straight,straight,False,False
unassisted-1004,unassisted,110,620,38,465.68,0.21,straight,straight,False,False
unassisted-1004,unassisted,111,619,38,479.99,0.59,right,right,False,True
unassisted-1004,unassisted,112,619,38,355.55,0.28,straight,straight,False,True
unassisted-1004,unassisted,113,619,38,341.25,0.31,straight,straight,False,True
unassisted-1004,unassisted,114,619,38,304.23,0.13,straight,straight,False,True
unassisted-1004,unassisted,115,619,38,273.93,0.08,straight,straight,False,True
unassisted-1004,unassisted,116,619,38,319.13,0.06,straight,straight,False,True
unassisted-1004,unassisted,117,619,38,329.96,0.06,right,right,False,True
unassisted-1004,unassisted,118,619,38,306.98,0.03,straight,straight,False,True
unassisted-1004,unassisted,119,625,38,372.85,2.35,straight,straight,False,True
unassisted-1004,unassisted,120,625,38,305.59,0.87,left,left,False,False
unassisted-1004,unassisted,121,625,38,273.31,1.07,straight,straight,False,False
unassisted-1004,unassisted,122,625,38,292.11,1.59,straight,straight,False,False
unassisted-1004,unassisted,123,626,38,761.82,18.33,straight,straight,False,False
unassisted-1004,unassisted,124,629,38,295.47,3.24,left,left,False,False
unassisted-1004,unassisted,125,629,38,403.92,11.12,straight,straight,False,False
unassisted-1004,unassisted,126,630,38,580.61,22.45,straight,straight,False,False
unassisted-1004,unassisted,127,631,38,309.37,24.77,straight,straight,False,False
unassisted-1004,unassisted,128,632,38,288.02,35.93,left,left,False,True
unassisted-1004,unassisted,129,631,38,434.88,33.89,straight,straight,False,True
unassisted-1004,unassisted,130,631,38,428.85,40.46,straight,straight,False,True
unassisted-1004,unassisted,131,631,38,304.48,21.7,straight,straight,False,True
unassisted-1004,unassisted,132,631,38,341.32,15.38,straight,straight,False,True
unassisted-1004,unassisted,133,630,38,302.57,9.66,straight,straight,False,True
unassisted-1004,unassisted,134,629,38,336.46,3.28,straight,straight,False,True
unassisted-1004,unassisted,135,628,38,261.7,1.08,straight,straight,False,True
unassisted-1004,unassisted,136,627,38,313.25,0.38,straight,straight,False,True
unassisted-1004,unassisted,137,626,38,342.41,0.1,straight,straight,False,True
unassisted-1004,unassisted,138,626,38,312.71,9.95,right,right,False,False
unassisted-1004,unassisted,139,626,38,328.27,2.43,right,right,False,True
unassisted-1004,unassisted,140,626,38,303.98,1.77,straight,straight,False,True
unassisted-1004,unassisted,141,626,38,331.71,1.55,straight,straight,False,True
unassisted-1004,unassisted,142,626,38,385.05,1.8,straight,straight,False,True
unassisted-1004,unassisted,143,626,38,290.93,4.37,straight,straight,False,False
unassisted-1004,unassisted,144,626,38,292.61,7.71,straight,straight,False,False
unassisted-1004,unassisted,145,626,38,332.62,11.8,straight,straight,False,False
unassisted-1004,unassisted,146,626,38,302.66,20.62,straight,straight,False,False
unassisted-1004,unassisted,147,626,38,364.07,29.44,right,right,False,True
unassisted-1004,unassisted,148,626,38,280.26,42.52,straight,straight,False,True
unassisted-1004,unassisted,149,626,38,293.38,20.38,straight,straight,False,True
unassisted-1004,unassisted,150,626,38,278.28,11.09,straight,straight,False,True
unassisted-1004,unassisted,151,626,38,336.0,5.4,straight,straight,False,True
unassisted-1004,unassisted,152,626,38,304.61,7.24,straight,straight,False,True
unassisted-1004,unassisted,153,626,38,327.6,2.02,left,left,False,False
unassisted-1004,unassisted,154,627,38,324.6,1.73,straight,straight,False,False
unassisted-1004,unassisted,155,630,38,314.12,1.54,straight,straight,False,False
unassisted-1004,unassisted,156,631,38,274.66,22.58,left,left,False,False
unassisted-1004,unassisted,157,632,38,529.92,44.02,straight,straight,False,True
unassisted-1004,unassisted,158,633,38,410.62,60.66,straight,straight,False,False
unassisted-1004,unassisted,159,634,38,321.37,125.22,straight,straight,False,False
unassisted-1004,unassisted,160,635,38,368.73,182.86,straight,straight,False,False
unassisted-1004,unassisted,161,636,38,327.5,230.28,straight,straight,False,False
unassisted-1004,unassisted,162,637,38,377.72,183.26,left,left,False,True
unassisted-1004,unassisted,163,637,38,306.49,212.91,straight,straight,False,True
unassisted-1004,unassisted,164,634,38,339.06,164.57,straight,straight,False,True
unassisted-1004,unassisted,165,633,38,370.44,129.99,straight,straight,False,True
unassisted-1004,unassisted,166,632,38,400.62,86.52,straight,straight,False,True
unassisted-1004,unassisted,167,631,38,411.65,53.87,straight,straight,False,True
unassisted-1004,unassisted,168,630,38,363.2,21.8,straight,straight,False,True
unassisted-1001,unassisted,1,587,38,389.13,0.32,straight,straight,False,True
unassisted-1001,unassisted,2,587,38,359.56,0.23,straight,straight,False,True
unassisted-1001,unassisted,3,587,38,284.34,0.14,straight,straight,False,True
unassisted-1001,unassisted,4,587,38,261.05,0.11,straight,straight,False,True
unassisted-1001,unassisted,5,587,38,337.91,0.11,straight,straight,False,True
unassisted-1001,unassisted,6,587,38,316.9,0.08,left,left,False,True
unassisted-1001,unassisted,7,587,38,322.6,0.03,straight,straight,False,True
unassisted-1001,unassisted,8,587,38,298.64,0.03,straight,straight,False,True
unassisted-1001,unassisted,9,593,38,352.46,0.21,straight,straight,False,False
unassisted-1001,unassisted,10,593,38,318.1,0.27,straight,straight,False,False
unassisted-1001,unassisted,11,594,38,475.14,0.36,left,left,False,True
unassisted-1001,unassisted,12,594,38,315.1,0.18,straight,straight,False,True
unassisted-1001,unassisted,13,594,38,535.9,0.07,straight,straight,False,True
unassisted-1001,unassisted,14,594,38,711.63,0.11,straight,straight,False,False
unassisted-1001,unassisted,15,594,38,577.11,0.14,straight,straight,False,False
unassisted-1001,unassisted,16,594,38,509.18,0.32,straight,straight,False,False
unassisted-1001,unassisted,17,594,38,479.63,0.34,straight,straight,False,False
unassisted-1001,unassisted,18,594,38,565.87,0.61,straight,straight,False,False
unassisted-1001,unassisted,19,596,38,461.0,0.71,straight,straight,False,False
unassisted-1001,unassisted,20,599,38,449.05,1.02,straight,straight,False,False
unassisted-1001,unassisted,21,600,38,484.69,0.74,left,left,False,True
unassisted-1001,unassisted,22,601,38,599.47,0.73,straight,straight,False,True
unassisted-1001,unassisted,23,602,38,330.5,0.43,straight,straight,False,True
unassisted-1001,unassisted,24,602,38,377.71,0.16,straight,straight,False,True
unassisted-1001,unassisted,25,602,38,487.42,0.08,straight,straight,False,True
unassisted-1001,unassisted,26,602,38,316.93,0.07,straight,straight,False,False
unassisted-1001,unassisted,27,602,38,282.8,0.15,straight,straight,False,False
unassisted-1001,unassisted,28,602,38,476.77,0.28,left,left,False,True
unassisted-1001,unassisted,29,601,38,303.96,0.28,left,left,False,True
unassisted-1001,unassisted,30,601,38,329.47,0.13,straight,straight,False,True
unassisted-1001,unassisted,31,601,38,303.27,0.16,straight,straight,False,False
unassisted-1001,unassisted,32,601,38,322.9,0.15,straight,straight,False,False
unassisted-1001,unassisted,33,601,38,321.51,0.38,straight,straight,False,False
unassisted-1001,unassisted,34,601,38,298.21,0.43,straight,straight,False,False
unassisted-1001,unassisted,35,601,38,283.27,0.71,straight,straight,False,False
unassisted-1001,unassisted,36,601,38,268.16,1.02,right,right,False,True
unassisted-1001,unassisted,37,598,38,349.12,0.81,straight,straight,False,True
unassisted-1001,unassisted,38,597,38,319.17,0.54,straight,straight,False,True
unassisted-1001,unassisted,39,596,38,360.2,0.3,straight,straight,False,True
unassisted-1001,unassisted,40,595,38,496.68,0.15,straight,straight,False,True
unassisted-1001,unassisted,41,595,38,351.13,0.07,straight,straight,False,True
unassisted-1001,unassisted,42,595,38,281.8,0.11,right,right,False,True
unassisted-1001,unassisted,43,595,38,390.81,0.11,straight,straight,False,True
unassisted-1001,unassisted,44,595,38,285.63,0.04,straight,straight,False,True
unassisted-1001,unassisted,45,595,38,325.18,0.07,straight,straight,False,True
unassisted-1001,unassisted,46,595,38,325.14,0.03,straight,straight,False,True
unassisted-1001,unassisted,47,601,38,380.02,0.35,straight,straight,False,True
unassisted-1001,unassisted,48,601,38,338.74,0.23,straight,straight,False,True
unassisted-1001,unassisted,49,601,38,373.69,0.15,straight,straight,False,True
unassisted-1001,unassisted,50,602,38,432.35,0.07,straight,straight,False,True
unassisted-1001,unassisted,51,605,38,282.56,0.05,straight,straight,False,True
unassisted-1001,unassisted,52,606,38,301.09,0.14,left,left,False,True
unassisted-1001,unassisted,53,607,38,410.06,0.03,straight,straight,False,True
unassisted-1001,unassisted,54,608,38,414.16,0.02,straight,straight,False,True
unassisted-1001,unassisted,55,614,38,290.56,2.84,left,left,False,True
unassisted-1001,unassisted,56,614,38,295.3,1.61,straight,straight,False,True
unassisted-1001,unassisted,57,611,38,481.65,0.79,straight,straight,False,True
unassisted-1001,unassisted,58,610,38,306.77,0.31,straight,straight,False,True
unassisted-1001,unassisted,59,609,38,360.02,0.12,straight,straight,False,True
unassisted-1001,unassisted,60,608,38,313.67,0.15,straight,straight,False,False
unassisted-1001,unassisted,61,607,38,358.8,0.4,straight,straight,False,False
unassisted-1001,unassisted,62,606,38,353.77,0.66,straight,straight,False,False
unassisted-1001,unassisted,63,606,38,374.7,1.24,straight,straight,False,False
unassisted-1001,unassisted,64,606,38,312.46,2.05,straight,straight,False,False
unassisted-1001,unassisted,65,607,38,296.93,3.43,left,left,False,True
unassisted-1001,unassisted,66,607,38,297.92,2.08,left,left,False,True
unassisted-1001,unassisted,67,607,38,332.58,1.04,straight,straight,False,True
unassisted-1001,unassisted,68,607,38,301.96,0.61,straight,straight,False,True
unassisted-1001,unassisted,69,607,38,280.77,0.25,straight,straight,False,True
unassisted-1001,unassisted,70,607,38,444.46,0.1,straight,straight,False,True
unassisted-1001,unassisted,71,607,38,339.18,0.11,straight,straight,False,False
unassisted-1001,unassisted,72,607,38,332.04,0.27,straight,straight,False,False
unassisted-1001,unassisted,73,607,38,349.11,0.41,straight,straight,False,False
unassisted-1001,unassisted,74,608,38,346.56,1.12,straight,straight,False,False
unassisted-1001,unassisted,75,611,38,372.89,1.7,right,right,False,True
unassisted-1001,unassisted,76,611,38,309.12,1.34,straight,straight,False,True
unassisted-1001,unassisted,77,612,38,417.95,0.56,straight,straight,False,True
unassisted-1001,unassisted,78,613,38,315.6,0.53,straight,straight,False,True
unassisted-1001,unassisted,79,614,38,439.83,0.16,straight,straight,False,True
unassisted-1001,unassisted,80,615,38,342.08,0.06,straight,straight,False,True
unassisted-1001,unassisted,81,615,38,381.15,0.08,straight,straight,False,False
unassisted-1001,unassisted,82,616,38,364.44,0.27,straight,straight,False,False
unassisted-1001,unassisted,83,619,38,319.39,0.18,straight,straight,False,False
unassisted-1001,unassisted,84,620,38,333.82,0.22,right,right,False,True
unassisted-1001,unassisted,85,618,38,285.62,0.11,straight,straight,False,True
unassisted-1001,unassisted,86,618,38,514.74,0.08,straight,straight,False,True
unassisted-1001,unassisted,87,618,38,341.98,0.04,straight,straight,False,True
unassisted-1001,unassisted,88,618,38,362.73,0.05,straight,straight,False,False
unassisted-1001,unassisted,89,617,38,327.26,0.05,straight,straight,False,False
unassisted-1001,unassisted,90,616,38,339.23,0.14,straight,straight,False,False
unassisted-1001,unassisted,91,616,38,405.25,0.13,straight,straight,False,False
unassisted-1001,unassisted,92,616,38,341.49,0.29,straight,straight,False,False
unassisted-1001,unassisted,93,616,38,288.49,1.19,right,right,False,True
unassisted-1001,unassisted,94,615,38,512.97,0.16,straight,straight,False,True
unassisted-1001,unassisted,95,612,38,320.61,0.1,straight,straight,False,True
unassisted-1001,unassisted,96,611,38,314.23,0.12,straight,straight,False,False
unassisted-1001,unassisted,97,610,38,330.28,0.33,straight,straight,False,False
unassisted-1001,unassisted,98,609,38,358.54,0.32,straight,straight,False,False
unassisted-1001,unassisted,99,608,38,353.77,0.63,straight,straight,False,False
unassisted-1001,unassisted,100,607,38,284.95,0.99,straight,straight,False,False
unassisted-1001,unassisted,101,608,38,291.42,1.53,straight,straight,False,False
unassisted-1001,unassisted,102,608,38,303.05,3.0,right,right,False,True
unassisted-1001,unassisted,103,608,38,285.52,1.31,straight,straight,False,True
unassisted-1001,unassisted,104,608,38,304.63,0.85,straight,straight,False,True
assisted-1004,assisted,1,562,38,301.1,0.21,left,left,False,True
assisted-1004,assisted,2,562,38,337.69,0.36,left,left,False,True
assisted-1004,assisted,3,562,38,343.2,0.07,straight,straight,False,True
assisted-1004,assisted,4,562,38,431.27,0.04,right,right,False,True
assisted-1004,assisted,5,562,38,407.27,0.08,left,left,False,True
assisted-1004,assisted,6,563,38,292.57,0.07,right,right,False,True
assisted-1004,assisted,7,563,38,997.51,12.23,straight,straight,False,True
assisted-1004,assisted,8,571,38,586.93,0.26,right,right,False,True
assisted-1004,assisted,9,568,38,496.31,0.15,straight,straight,False,True
assisted-1004,assisted,10,568,38,479.22,0.1,right,right,False,True
assisted-1004,assisted,11,568,38,558.39,0.24,left,left,False,True
assisted-1004,assisted,12,568,38,485.1,0.06,straight,straight,False,True
assisted-1004,assisted,13,568,38,457.42,0.04,straight,straight,False,True
assisted-1004,assisted,14,568,38,353.09,0.03,straight,straight,False,True
assisted-1004,assisted,15,568,38,330.58,0.02,straight,straight,False,True
assisted-1004,assisted,16,579,38,475.38,5.29,right,right,False,True
assisted-1004,assisted,17,579,38,428.07,4.69,straight,straight,False,True
assisted-1004,assisted,18,579,38,327.11,3.23,straight,straight,False,True
assisted-1004,assisted,19,579,38,420.76,1.91,right,right,False,True
assisted-1004,assisted,20,579,38,595.94,2.12,left,left,False,True
assisted-1004,assisted,21,579,38,415.84,1.07,straight,straight,False,True
assisted-1004,assisted,22,579,38,368.69,0.74,right,right,False,True
assisted-1004,assisted,23,579,38,295.09,0.7,left,left,False,True
assisted-1004,assisted,24,578,38,312.7,0.21,straight,straight,False,True
assisted-1004,assisted,25,582,38,389.34,0.08,right,right,False,True
assisted-1004,assisted,26,581,38,286.38,0.17,left,left,False,True
assisted-1004,assisted,27,586,38,304.91,0.08,right,right,False,True
assisted-1004,assisted,28,586,38,429.69,0.06,straight,straight,False,True
assisted-1004,assisted,29,587,38,295.5,0.05,straight,straight,False,True
assisted-1004,assisted,30,587,38,645.71,0.03,straight,straight,False,True
assisted-1004,assisted,31,588,38,298.29,0.02,straight,straight,False,True
assisted-1004,assisted,32,592,38,359.75,0.02,straight,straight,False,True
assisted-1004,assisted,33,601,38,302.75,0.03,right,right,False,True
assisted-1004,assisted,34,599,38,463.99,0.08,straight,straight,False,True
assisted-1004,assisted,35,596,38,307.63,0.07,straight,straight,False,True
assisted-1004,assisted,36,596,38,341.61,0.06,straight,straight,False,True
assisted-1004,assisted,37,596,38,293.08,0.04,straight,straight,False,True
assisted-1004,assisted,38,595,38,416.37,0.03,straight,straight,False,True
assisted-1004,assisted,39,594,38,367.38,0.03,straight,straight,False,True
assisted-1004,assisted,40,593,38,541.48,0.02,straight,straight,False,True
assisted-1004,assisted,41,601,38,474.47,9.87,straight,straight,False,True
assisted-1004,assisted,42,599,38,296.19,0.31,straight,straight,False,True
assisted-1004,assisted,43,599,38,379.84,0.07,right,right,False,True
assisted-1004,assisted,44,596,38,458.68,0.16,left,left,False,True
assisted-1004,assisted,45,600,38,335.28,0.03,right,right,False,True
assisted-1004,assisted,46,594,38,423.25,0.16,straight,straight,False,True
assisted-1004,assisted,47,593,38,289.75,0.04,straight,straight,False,True
assisted-1004,assisted,48,592,38,323.0,0.04,straight,straight,False,True
assisted-1004,assisted,49,591,38,401.94,0.03,straight,straight,False,True
assisted-1004,assisted,50,590,38,331.68,0.02,straight,straight,False,True
assisted-1004,assisted,51,596,38,418.02,0.07,right,right,False,True
assisted-1004,assisted,52,593,38,423.21,0.1,straight,straight,False,True
assisted-1004,assisted,53,592,38,329.96,0.09,straight,straight,False,True
assisted-1004,assisted,54,592,38,342.53,0.05,straight,straight,False,True
assisted-1004,assisted,55,592,38,368.03,0.05,straight,straight,False,True
assisted-1004,assisted,56,592,38,435.94,0.03,straight,straight,False,True
assisted-1004,assisted,57,601,38,318.8,1.39,right,right,False,True
assisted-1004,assisted,58,599,38,326.96,0.71,right,right,False,True
assisted-1004,assisted,59,600,38,335.73,0.36,left,left,False,True
assisted-1004,assisted,60,598,38,309.8,0.16,straight,straight,False,True
assisted-1004,assisted,61,598,38,713.31,0.07,right,right,False,True
assisted-1004,assisted,62,598,38,388.7,0.09,left,left,False,True
assisted-1004,assisted,63,598,38,320.58,0.08,right,right,False,True
assisted-1004,assisted,64,598,38,283.58,0.05,straight,straight,False,True
assisted-1004,assisted,65,598,38,274.09,0.04,straight,straight,False,True
assisted-1004,assisted,66,598,38,442.4,0.05,straight,straight,False,True
assisted-1004,assisted,67,608,38,336.48,1.09,right,right,False,True
assisted-1004,assisted,68,606,38,314.01,0.57,straight,straight,False,True
assisted-1004,assisted,69,606,38,397.71,0.34,straight,straight,False,True
assisted-1004,assisted,70,606,38,320.83,0.25,right,right,False,True
assisted-1004,assisted,71,604,38,359.32,0.22,left,left,False,True
assisted-1004,assisted,72,604,38,287.1,0.1,straight,straight,False,True
assisted-1004,assisted,73,604,38,315.51,0.08,right,right,False,True
assisted-1004,assisted,74,604,38,281.33,0.05,left,left,False,True
assisted-1004,assisted,75,604,38,358.67,0.05,straight,straight,False,True
assisted-1004,assisted,76,604,38,343.19,0.04,right,right,False,True
assisted-1002,assisted,1,563,38,310.41,0.17,left,left,False,True
assisted-1002,assisted,2,563,38,317.42,0.06,straight,straight,False,True
assisted-1002,assisted,3,563,38,342.58,0.14,left,left,False,True
assisted-1002,assisted,4,563,38,366.97,0.07,straight,straight,False,True
assisted-1002,assisted,5,563,38,263.4,0.04,straight,straight,False,True
assisted-1002,assisted,6,564,38,384.93,0.04,straight,straight,False,True
assisted-1002,assisted,7,568,38,388.77,0.04,straight,straight,False,True
assisted-1002,assisted,8,576,38,341.38,0.1,right,right,False,True
assisted-1002,assisted,9,577,38,444.41,0.05,right,right,False,True
assisted-1002,assisted,10,575,38,304.67,0.05,left,left,False,True
assisted-1002,assisted,11,575,38,311.27,0.05,straight,straight,False,True
assisted-1002,assisted,12,575,38,345.58,0.03,right,right,False,True
assisted-1002,assisted,13,571,38,286.76,0.05,left,left,False,True
assisted-1002,assisted,14,582,38,298.2,1.73,right,right,False,True
assisted-1002,assisted,15,580,38,437.13,0.82,right,right,False,True
assisted-1002,assisted,16,579,38,266.19,0.77,left,left,False,True
assisted-1002,assisted,17,577,38,357.19,0.89,straight,straight,False,True
assisted-1002,assisted,18,575,38,310.34,0.38,right,right,False,True
assisted-1002,assisted,19,575,38,366.77,0.41,left,left,False,True
assisted-1002,assisted,20,574,38,330.29,0.11,straight,straight,False,True
assisted-1002,assisted,21,575,38,379.51,0.19,right,right,False,True
assisted-1002,assisted,22,574,38,309.17,0.11,straight,straight,False,True
assisted-1002,assisted,23,574,38,396.17,0.09,straight,straight,False,True
assisted-1002,assisted,24,574,38,358.46,0.04,straight,straight,False,True
assisted-1002,assisted,25,574,38,287.65,0.04,straight,straight,False,True
assisted-1002,assisted,26,574,38,349.99,0.03,straight,straight,False,True
assisted-1002,assisted,27,582,38,367.94,0.37,left,left,False,True
assisted-1002,assisted,28,582,38,288.96,0.35,left,left,False,True
assisted-1002,assisted,29,582,38,521.04,0.11,straight,straight,False,True
assisted-1002,assisted,30,580,38,336.44,0.1,straight,straight,False,True
assisted-1002,assisted,31,580,38,281.6,0.09,straight,straight,False,True
assisted-1002,assisted,32,580,38,300.55,0.14,straight,straight,False,True
assisted-1002,assisted,33,580,38,293.46,0.06,straight,straight,False,True
assisted-1002,assisted,34,580,38,400.84,0.04,straight,straight,False,True
assisted-1002,assisted,35,580,38,395.63,0.03,straight,straight,False,True
assisted-1002,assisted,36,590,38,267.71,0.27,right,right,False,True
assisted-1002,assisted,37,589,38,447.15,0.15,right,right,False,True
assisted-1002,assisted,38,589,38,333.75,0.12,straight,straight,False,True
assisted-1002,assisted,39,588,38,368.02,0.13,straight,straight,False,True
assisted-1002,assisted,40,586,38,331.24,0.14,straight,straight,False,True
assisted-1002,assisted,41,586,38,489.38,0.12,straight,straight,False,True
assisted-1002,assisted,42,586,38,382.77,0.1,straight,straight,False,True
assisted-1002,assisted,43,586,38,290.11,0.06,straight,straight,False,True
assisted-1002,assisted,44,586,38,380.39,0.04,straight,straight,False,True
assisted-1002,assisted,45,586,38,352.35,0.03,straight,straight,False,True
assisted-1002,assisted,46,594,38,373.08,0.4,right,right,False,True
assisted-1002,assisted,47,593,38,377.32,0.11,straight,straight,False,True
assisted-1002,assisted,48,593,38,305.12,0.09,right,right,False,True
assisted-1002,assisted,49,592,38,265.2,0.04,left,left,False,True
assisted-1002,assisted,50,592,38,322.1,0.04,straight,straight,False,True
assisted-1002,assisted,51,592,38,337.16,0.05,right,right,False,True
assisted-1002,assisted,52,602,38,354.65,8.99,left,left,False,True
assisted-1002,assisted,53,602,38,620.16,2.28,straight,straight,False,True
assisted-1002,assisted,54,602,38,383.19,0.78,right,right,False,True
assisted-1002,assisted,55,600,38,306.33,0.73,left,left,False,True
assisted-1002,assisted,56,601,38,357.16,0.19,straight,straight,False,True
assisted-1002,assisted,57,604,38,1209.41,0.12,right,right,False,True
assisted-1002,assisted,58,604,38,369.29,0.14,left,left,False,True
assisted-1002,assisted,59,609,38,325.32,0.98,right,right,False,True
assisted-1002,assisted,60,609,38,360.46,0.05,straight,straight,False,True
assisted-1002,assisted,61,610,38,315.38,0.04,straight,straight,False,True
assisted-1002,assisted,62,611,38,335.86,0.04,straight,straight,False,True
assisted-1002,assisted,63,612,38,327.58,0.03,straight,straight,False,True
assisted-1002,assisted,64,621,38,272.61,36.1,right,right,False,True
assisted-1002,assisted,65,620,38,344.52,37.68,straight,straight,False,True
assisted-1002,assisted,66,617,38,405.02,33.68,right,right,False,True
assisted-1002,assisted,67,616,38,282.59,31.46,left,left,False,True
assisted-1002,assisted,68,614,38,293.95,15.26,straight,straight,False,True
assisted-1002,assisted,69,613,38,295.42,7.55,right,right,False,True
assisted-1002,assisted,70,612,38,268.6,4.66,left,left,False,True
assisted-1002,assisted,71,611,38,314.26,1.77,straight,straight,False,True
assisted-1002,assisted,72,608,38,298.11,0.71,right,right,False,True
assisted-1002,assisted,73,607,38,290.95,0.53,left,left,False,True
assisted-1002,assisted,74,605,38,298.59,0.2,straight,straight,False,True
assisted-1002,assisted,75,604,38,314.79,0.08,right,right,False,True
assisted-1002,assisted,76,604,38,391.29,0.33,left,left,False,True
assisted-1002,assisted,77,604,38,311.05,0.29,right,right,False,True
assisted-1002,assisted,78,604,38,291.63,0.41,straight,straight,False,True
assisted-1002,assisted,79,604,38,318.46,0.15,straight,straight,False,True
assisted-1002,assisted,80,604,38,285.26,0.1,straight,straight,False,True
verified-1014,verified,1,565,38,314.01,0.36,left,left,False,True
verified-1014,verified,2,564,38,478.0,0.28,straight,straight,False,True
verified-1014,verified,3,563,38,288.29,0.13,left,left,False,True
verified-1014,verified,4,563,38,275.89,0.15,straight,straight,False,True
verified-1014,verified,5,563,38,465.01,0.09,straight,straight,False,True
verified-1014,verified,6,564,38,328.84,0.06,right,right,False,True
verified-1014,verified,7,564,38,307.51,0.04,left,left,False,True
verified-1014,verified,8,568,38,348.34,0.03,straight,straight,False,True
verified-1014,verified,9,571,38,314.93,0.05,right,right,False,True
verified-1014,verified,10,579,38,355.71,0.2,straight,straight,False,True
verified-1014,verified,11,580,38,399.25,0.26,right,right,False,True
verified-1014,verified,12,578,38,284.45,0.27,straight,straight,False,True
verified-1014,verified,13,573,38,280.67,0.2,straight,straight,False,True
verified-1014,verified,14,572,38,357.65,0.17,straight,straight,False,True
verified-1014,verified,15,569,38,348.09,0.14,straight,straight,False,True
verified-1014,verified,16,568,38,462.19,0.18,straight,straight,False,True
verified-1014,verified,17,568,38,366.31,0.09,straight,straight,False,True
verified-1014,verified,18,568,38,334.14,0.07,straight,straight,False,True
verified-1014,verified,19,568,38,308.31,0.05,straight,straight,False,True
verified-1014,verified,20,568,38,327.63,0.04,straight,straight,False,True
verified-1014,verified,21,568,38,550.14,0.03,straight,straight,False,True
verified-1014,verified,22,578,38,463.17,0.88,right,right,False,True
verified-1014,verified,23,576,38,669.71,0.38,straight,straight,False,True
verified-1014,verified,24,576,38,342.46,0.21,right,right,False,True
verified-1014,verified,25,574,38,295.87,0.25,left,left,False,True
verified-1014,verified,26,574,38,283.15,0.09,straight,straight,False,True
verified-1014,verified,27,574,38,278.95,0.07,right,right,False,True
verified-1014,verified,28,574,38,328.25,0.06,left,left,False,True
verified-1014,verified,29,574,38,359.66,0.07,right,right,False,True
verified-1014,verified,30,574,38,303.76,0.04,straight,straight,False,True
verified-1014,verified,31,574,38,321.43,0.03,straight,straight,False,True
verified-1014,verified,32,581,38,342.74,0.19,left,left,False,True
verified-1014,verified,33,581,38,284.29,0.06,straight,straight,False,True
verified-1014,verified,34,581,38,274.14,0.06,straight,straight,False,True
verified-1014,verified,35,582,38,266.79,0.05,straight,straight,False,True
verified-1014,verified,36,586,38,294.08,0.04,straight,straight,False,True
verified-1014,verified,37,595,38,359.9,0.17,left,left,False,True
verified-1014,verified,38,595,38,279.32,0.15,straight,straight,False,True
verified-1014,verified,39,596,38,320.05,0.08,left,left,False,True
verified-1014,verified,40,594,38,330.5,0.11,straight,straight,False,True
verified-1014,verified,41,591,38,410.91,0.03,straight,straight,False,True
verified-1014,verified,42,591,38,295.8,0.05,right,right,False,True
verified-1014,verified,43,590,38,285.59,0.06,straight,straight,False,True
verified-1014,verified,44,589,38,357.25,0.04,straight,straight,False,True
verified-1014,verified,45,599,38,354.75,0.16,right,right,False,True
verified-1014,verified,46,599,38,316.16,0.5,right,right,False,True
verified-1014,verified,47,597,38,286.07,0.35,straight,straight,False,True
verified-1014,verified,48,596,38,341.92,0.28,straight,straight,False,True
verified-1014,verified,49,593,38,313.98,0.93,straight,straight,False,True
verified-1014,verified,50,593,38,362.43,0.34,straight,straight,False,True
verified-1014,verified,51,593,38,323.44,0.26,right,right,False,True
verified-1014,verified,52,592,38,335.26,0.47,left,left,False,True
verified-1014,verified,53,592,38,349.32,0.15,straight,straight,False,True
verified-1014,verified,54,592,38,313.51,0.11,straight,straight,False,True
verified-1014,verified,55,592,38,305.64,0.08,straight,straight,False,True
verified-1014,verified,56,600,38,364.7,0.23,left,left,False,True
verified-1014,verified,57,601,38,339.58,0.14,straight,straight,False,True
verified-1014,verified,58,612,38,394.96,2.38,left,left,False,True
verified-1014,verified,59,609,38,290.89,0.88,straight,straight,False,True
verified-1014,verified,60,610,38,367.99,0.63,left,left,False,True
verified-1014,verified,61,611,38,384.11,0.13,right,right,False,True
verified-1014,verified,62,608,38,294.18,0.21,straight,straight,False,True
verified-1014,verified,63,608,38,427.55,0.14,left,left,False,True
verified-1014,verified,64,607,38,354.02,0.17,right,right,False,True
verified-1014,verified,65,607,38,327.35,0.13,straight,straight,False,True
verified-1003,verified,1,566,38,303.77,0.34,right,right,False,True
verified-1003,verified,2,564,38,284.17,0.2,right,right,False,True
verified-1003,verified,3,564,38,366.01,0.15,left,left,False,True
verified-1003,verified,4,564,38,357.85,0.09,straight,straight,False,True
verified-1003,verified,5,565,38,394.65,0.05,right,right,False,True
verified-1003,verified,6,565,38,282.9,0.04,left,left,False,True
verified-1003,verified,7,569,38,356.37,0.04,right,right,False,True
verified-1003,verified,8,570,38,285.79,0.03,straight,straight,False,True
verified-1003,verified,9,579,38,293.11,0.08,right,right,False,True
verified-1003,verified,10,576,38,339.19,0.04,straight,straight,False,True
verified-1003,verified,11,576,38,429.97,0.35,right,right,False,True
verified-1003,verified,12,572,38,259.72,0.04,straight,straight,False,True
verified-1003,verified,13,570,38,322.37,0.03,straight,straight,False,True
verified-1003,verified,14,576,38,285.6,0.07,straight,straight,False,True
verified-1003,verified,15,575,38,427.24,0.04,straight,straight,False,True
verified-1003,verified,16,574,38,427.78,0.04,straight,straight,False,True
verified-1003,verified,17,584,38,263.92,1.37,left,left,False,True
verified-1003,verified,18,582,38,293.59,0.76,left,left,False,True
verified-1003,verified,19,583,38,311.23,0.33,straight,straight,False,True
verified-1003,verified,20,581,38,451.08,0.4,right,right,False,True
verified-1003,verified,21,581,38,426.8,0.14,left,left,False,True
verified-1003,verified,22,581,38,405.08,0.12,straight,straight,False,True
verified-1003,verified,23,581,38,444.19,0.09,right,right,False,True
verified-1003,verified,24,581,38,278.94,0.03,left,left,False,True
verified-1003,verified,25,582,38,381.39,0.03,straight,straight,False,True
verified-1003,verified,26,586,38,303.36,0.04,right,right,False,True
verified-1003,verified,27,595,38,347.42,0.51,left,left,False,True
verified-1003,verified,28,597,38,311.38,0.11,left,left,False,True
verified-1003,verified,29,599,38,331.41,0.12,straight,straight,False,True
verified-1003,verified,30,598,38,293.32,0.1,left,left,False,True
verified-1003,verified,31,598,38,354.19,0.06,straight,straight,False,True
verified-1003,verified,32,593,38,381.19,0.45,right,right,False,True
verified-1003,verified,33,593,38,333.51,0.3,straight,straight,False,True
verified-1003,verified,34,592,38,297.3,0.33,straight,straight,False,True
verified-1003,verified,35,592,38,612.21,0.24,straight,straight,False,True
verified-1003,verified,36,595,38,333.45,0.1,straight,straight,False,True
verified-1003,verified,37,606,38,328.63,1.32,right,right,False,True
verified-1003,verified,38,609,38,349.94,0.55,right,right,False,True
verified-1003,verified,39,608,38,461.92,0.32,straight,straight,False,True
verified-1003,verified,40,605,38,333.92,0.62,straight,straight,False,True
verified-1003,verified,41,604,38,399.79,0.23,straight,straight,False,True
verified-1003,verified,42,605,38,413.02,0.24,straight,straight,False,True
verified-1003,verified,43,606,38,621.15,0.16,straight,straight,False,True
verified-1003,verified,44,606,38,371.81,0.14,straight,straight,False,True
verified-1003,verified,45,606,38,407.6,0.17,straight,straight,False,True
verified-1003,verified,46,605,38,318.19,0.11,straight,straight,False,True
verified-1003,verified,47,611,38,366.06,0.86,right,right,False,True
verified-1003,verified,48,606,38,338.13,0.33,straight,straight,False,True
verified-1003,verified,49,605,38,294.47,0.44,right,right,False,True
verified-1003,verified,50,604,38,324.28,0.16,straight,straight,False,True
verified-1003,verified,51,603,38,325.89,0.22,straight,straight,False,True
verified-1003,verified,52,602,38,329.27,0.1,straight,straight,False,True
verified-1003,verified,53,601,38,344.02,0.1,straight,straight,False,True
verified-1003,verified,54,609,38,313.56,1.14,left,left,False,True
verified-1003,verified,55,607,38,335.26,0.96,straight,straight,False,True
verified-1003,verified,56,605,38,403.64,1.1,left,left,False,True
verified-1003,verified,57,605,38,356.94,0.51,right,right,False,True
verified-1003,verified,58,604,38,309.76,0.47,straight,straight,False,True
verified-1003,verified,59,604,38,330.89,0.3,straight,straight,False,True
verified-1003,verified,60,604,38,282.06,0.13,straight,straight,False,True
verified-1003,verified,61,604,38,312.97,0.14,straight,straight,False,True
verified-1003,verified,62,604,38,309.17,0.12,straight,straight,False,True
assisted-1007,assisted,1,563,38,351.21,0.66,right,right,False,True
assisted-1007,assisted,2,562,38,571.32,0.19,left,left,False,True
assisted-1007,assisted,3,562,38,276.22,0.23,straight,straight,False,True
assisted-1007,assisted,4,562,38,352.01,0.21,right,right,False,True
assisted-1007,assisted,5,562,38,386.23,0.54,left,left,False,True
assisted-1007,assisted,6,562,38,368.28,0.76,straight,straight,False,True
assisted-1007,assisted,7,562,38,394.78,0.1,straight,straight,False,True
assisted-1007,assisted,8,562,38,403.14,0.16,straight,straight,False,True
assisted-1007,assisted,9,572,38,350.28,2.44,left,left,False,True
assisted-1007,assisted,10,572,38,312.96,1.89,left,left,False,True
assisted-1007,assisted,11,571,38,306.83,2.97,straight,straight,False,True
assisted-1007,assisted,12,569,38,431.51,0.88,straight,straight,False,True
assisted-1007,assisted,13,569,38,311.89,0.26,right,right,False,True
assisted-1007,assisted,14,568,38,418.56,0.71,left,left,False,True
assisted-1007,assisted,15,569,38,309.07,0.88,right,right,False,True
assisted-1007,assisted,16,568,38,318.38,0.34,straight,straight,False,True
assisted-1007,assisted,17,568,38,343.56,0.51,straight,straight,False,True
assisted-1007,assisted,18,568,38,361.48,0.21,straight,straight,False,True
assisted-1007,assisted,19,568,38,413.0,0.18,straight,straight,False,True
assisted-1007,assisted,20,568,38,302.82,0.12,straight,straight,False,True
assisted-1007,assisted,21,576,38,320.38,0.39,left,left,False,True
assisted-1007,assisted,22,576,38,455.33,0.1,straight,straight,False,True
assisted-1007,assisted,23,576,38,398.48,0.1,straight,straight,False,True
assisted-1007,assisted,24,584,38,301.31,13.7,left,left,False,True
assisted-1007,assisted,25,583,38,286.35,11.68,left,left,False,True
assisted-1007,assisted,26,584,38,339.62,3.54,straight,straight,False,True
assisted-1007,assisted,27,583,38,334.2,1.99,straight,straight,False,True
assisted-1007,assisted,28,581,38,319.37,0.29,right,right,False,True
assisted-1007,assisted,29,581,38,320.77,1.27,left,left,False,True
assisted-1007,assisted,30,581,38,304.6,0.46,right,right,False,True
assisted-1007,assisted,31,580,38,278.45,0.5,straight,straight,False,True
assisted-1007,assisted,32,580,38,298.04,0.3,straight,straight,False,True
assisted-1007,assisted,33,580,38,629.2,0.35,straight,straight,False,True
assisted-1007,assisted,34,580,38,333.55,0.17,straight,straight,False,True
assisted-1007,assisted,35,580,38,298.26,0.14,straight,straight,False,True
assisted-1007,assisted,36,580,38,335.8,0.14,straight,straight,False,True
assisted-1007,assisted,37,587,38,276.61,0.49,right,right,False,True
assisted-1007,assisted,38,587,38,302.56,0.2,straight,straight,False,True
assisted-1007,assisted,39,587,38,303.0,0.28,right,right,False,True
assisted-1007,assisted,40,586,38,290.54,0.14,straight,straight,False,True
assisted-1007,assisted,41,586,38,290.97,0.14,straight,straight,False,True
assisted-1007,assisted,42,586,38,395.95,0.25,straight,straight,False,True
assisted-1007,assisted,43,586,38,307.83,0.08,straight,straight,False,True
assisted-1007,assisted,44,596,38,293.63,19.18,left,left,False,True
assisted-1007,assisted,45,596,38,418.96,5.43,straight,straight,False,True
assisted-1007,assisted,46,594,38,354.5,3.69,left,left,False,True
assisted-1007,assisted,47,594,38,289.85,2.8,straight,straight,False,True
assisted-1007,assisted,48,593,38,299.42,1.08,straight,straight,False,True
assisted-1007,assisted,49,593,38,371.23,0.5,right,right,False,True
assisted-1007,assisted,50,593,38,342.63,0.52,left,left,False,True
assisted-1007,assisted,51,593,38,547.82,0.22,straight,straight,False,True
assisted-1007,assisted,52,594,38,462.18,0.38,right,right,False,True
assisted-1007,assisted,53,595,38,316.26,0.11,straight,straight,False,True
assisted-1007,assisted,54,599,38,291.02,0.23,straight,straight,False,True
assisted-1007,assisted,55,609,38,314.4,122.84,right,right,False,True
assisted-1007,assisted,56,609,38,387.25,71.21,straight,straight,False,True
assisted-1007,assisted,57,610,38,354.74,48.43,straight,straight,False,True
assisted-1007,assisted,58,611,38,422.61,25.49,right,right,False,True
assisted-1007,assisted,59,610,38,294.9,51.53,left,left,False,True
assisted-1007,assisted,60,611,38,300.4,6.66,straight,straight,False,True
assisted-1007,assisted,61,612,38,309.39,2.45,right,right,False,True
assisted-1007,assisted,62,609,38,299.75,5.75,left,left,False,True
assisted-1007,assisted,63,607,38,301.54,0.62,straight,straight,False,True
assisted-1007,assisted,64,607,38,353.2,0.46,right,right,False,True
assisted-1007,assisted,65,603,38,325.34,0.81,straight,straight,False,True
assisted-1007,assisted,66,602,38,349.86,0.71,straight,straight,False,True
assisted-1007,assisted,67,601,38,364.47,0.84,straight,straight,False,True
assisted-1007,assisted,68,600,38,358.14,0.33,straight,straight,False,True
assisted-1007,assisted,69,599,38,353.03,0.17,straight,straight,False,True
assisted-1007,assisted,70,598,38,471.69,0.15,straight,straight,False,True
assisted-1007,assisted,71,598,38,307.53,0.07,straight,straight,False,True
assisted-1007,assisted,72,605,38,421.22,2.9,right,right,False,True
assisted-1007,assisted,73,604,38,394.45,0.33,right,right,False,True
assisted-1007,assisted,74,606,38,449.91,0.4,left,left,False,True
assisted-1007,assisted,75,604,38,319.4,0.72,straight,straight,False,True
assisted-1007,assisted,76,604,38,361.0,0.31,right,right,False,True
assisted-1007,assisted,77,604,38,332.0,0.16,left,left,False,True
assisted-1007,assisted,78,604,38,312.89,0.14,right,right,False,True
verified-1006,verified,1,562,38,532.72,0.1,left,left,False,True
verified-1006,verified,2,562,38,281.56,0.16,left,left,False,True
verified-1006,verified,3,570,38,420.49,2.12,right,right,False,True
verified-1006,verified,4,569,38,342.85,0.63,straight,straight,False,True
verified-1006,verified,5,568,38,309.8,0.3,right,right,False,True
verified-1006,verified,6,568,38,377.11,0.85,left,left,False,True
verified-1006,verified,7,568,38,391.08,1.0,right,right,False,True
verified-1006,verified,8,568,38,323.77,0.19,straight,straight,False,True
verified-1006,verified,9,568,38,387.87,0.2,straight,straight,False,True
verified-1006,verified,10,568,38,451.6,0.09,straight,straight,False,True
verified-1006,verified,11,568,38,289.14,0.08,straight,straight,False,True
verified-1006,verified,12,574,38,345.5,0.24,right,right,False,True
verified-1006,verified,13,574,38,351.97,0.16,right,right,False,True
verified-1006,verified,14,576,38,311.54,0.13,straight,straight,False,True
verified-1006,verified,15,574,38,278.95,0.13,straight,straight,False,True
verified-1006,verified,16,574,38,332.09,0.08,straight,straight,False,True
verified-1006,verified,17,584,38,338.8,8.97,left,left,False,True
verified-1006,verified,18,584,38,297.36,8.03,straight,straight,False,True
verified-1006,verified,19,584,38,286.92,8.19,straight,straight,False,True
verified-1006,verified,20,582,38,361.93,3.05,right,right,False,True
verified-1006,verified,21,582,38,425.22,1.03,left,left,False,True
verified-1006,verified,22,581,38,504.08,0.99,straight,straight,False,True
verified-1006,verified,23,581,38,361.85,0.33,right,right,False,True
verified-1006,verified,24,581,38,297.83,0.23,left,left,False,True
verified-1006,verified,25,582,38,286.75,0.2,straight,straight,False,True
verified-1006,verified,26,586,38,336.89,0.14,right,right,False,True
verified-1006,verified,27,586,38,287.24,0.12,left,left,False,True
verified-1006,verified,28,590,38,378.99,0.14,right,right,False,True
verified-1006,verified,29,599,38,317.38,114.84,right,right,False,True
verified-1006,verified,30,599,38,361.56,44.87,straight,straight,False,True
verified-1006,verified,31,595,38,350.42,46.6,straight,straight,False,True
verified-1006,verified,32,595,38,348.05,26.83,right,right,False,True
verified-1006,verified,33,593,38,395.46,25.66,left,left,False,True
verified-1006,verified,34,592,38,319.92,13.82,straight,straight,False,True
verified-1006,verified,35,591,38,348.99,6.49,right,right,False,True
verified-1006,verified,36,590,38,316.98,7.42,left,left,False,True
verified-1006,verified,37,587,38,303.48,1.21,straight,straight,False,True
verified-1006,verified,38,587,38,390.32,0.56,right,right,False,True
verified-1006,verified,39,586,38,281.87,1.39,left,left,False,True
verified-1006,verified,40,587,38,324.37,1.04,right,right,False,True
verified-1006,verified,41,586,38,342.46,0.81,straight,straight,False,True
verified-1006,verified,42,586,38,425.67,1.91,straight,straight,False,True
verified-1006,verified,43,586,38,371.71,0.47,straight,straight,False,True
verified-1006,verified,44,586,38,343.41,0.19,straight,straight,False,True
verified-1006,verified,45,586,38,316.04,0.1,straight,straight,False,True
verified-1006,verified,46,596,38,325.13,2.86,right,right,False,True
verified-1006,verified,47,594,38,446.97,1.86,right,right,False,True
verified-1006,verified,48,594,38,366.79,0.96,left,left,False,True
verified-1006,verified,49,592,38,329.54,1.18,straight,straight,False,True
verified-1006,verified,50,592,38,376.4,0.44,right,right,False,True
verified-1006,verified,51,592,38,337.84,0.57,left,left,False,True
verified-1006,verified,52,592,38,282.8,0.14,straight,straight,False,True
verified-1006,verified,53,592,38,349.21,0.12,right,right,False,True
verified-1006,verified,54,592,38,349.15,0.11,left,left,False,True
verified-1006,verified,55,593,38,297.71,0.26,right,right,False,True
verified-1006,verified,56,599,38,323.29,0.35,right,right,False,True
verified-1006,verified,57,600,38,375.56,0.08,left,left,False,True
verified-1006,verified,58,598,38,351.0,0.2,straight,straight,False,True
verified-1006,verified,59,598,38,288.84,0.11,right,right,False,True
verified-1006,verified,60,598,38,279.54,0.12,left,left,False,True
verified-1006,verified,61,607,38,414.13,232.05,right,right,False,True
verified-1006,verified,62,607,38,307.79,199.49,right,right,False,True
verified-1006,verified,63,608,38,335.19,39.23,left,left,False,True
verified-1006,verified,64,607,38,288.2,10.36,straight,straight,False,True
verified-1006,verified,65,607,38,316.97,4.13,right,right,False,True
verified-1006,verified,66,605,38,343.54,3.35,left,left,False,True
verified-1006,verified,67,605,38,375.89,1.65,straight,straight,False,True
verified-1006,verified,68,604,38,304.93,0.74,right,right,False,True
verified-1006,verified,69,604,38,297.18,0.46,left,left,False,True
verified-1006,verified,70,604,38,343.87,0.19,straight,straight,False,True
verified-1006,verified,71,607,38,308.74,3.9,right,right,False,True
verified-1006,verified,72,606,38,386.74,0.07,straight,straight,False,True
verified-1006,verified,73,606,38,383.75,0.1,straight,straight,False,True
verified-1006,verified,74,606,38,327.36,0.06,straight,straight,False,True
verified-1007,verified,1,563,38,310.59,0.56,right,right,False,True
verified-1007,verified,2,562,38,425.03,0.23,left,left,False,True
verified-1007,verified,3,562,38,348.27,0.34,straight,straight,False,True
verified-1007,verified,4,562,38,292.24,0.51,right,right,False,True
verified-1007,verified,5,562,38,334.93,0.38,left,left,False,True
verified-1007,verified,6,562,38,319.68,0.16,straight,straight,False,True
verified-1007,verified,7,562,38,340.3,0.12,straight,straight,False,True
verified-1007,verified,8,562,38,316.99,0.09,straight,straight,False,True
verified-1007,verified,9,572,38,369.58,3.02,left,left,False,True
verified-1007,verified,10,572,38,300.09,1.96,left,left,False,True
verified-1007,verified,11,571,38,356.23,1.61,straight,straight,False,True
verified-1007,verified,12,569,38,322.18,0.72,straight,straight,False,True
verified-1007,verified,13,569,38,290.13,0.28,right,right,False,True
verified-1007,verified,14,568,38,323.06,1.06,left,left,False,True
verified-1007,verified,15,569,38,383.52,1.67,right,right,False,True
verified-1007,verified,16,568,38,316.84,0.28,straight,straight,False,True
verified-1007,verified,17,568,38,292.7,0.2,straight,straight,False,True
verified-1007,verified,18,568,38,331.52,0.1,straight,straight,False,True
verified-1007,verified,19,568,38,318.59,0.17,straight,straight,False,True
verified-1007,verified,20,568,38,301.34,0.08,straight,straight,False,True
verified-1007,verified,21,576,38,322.8,0.33,left,left,False,True
verified-1007,verified,22,576,38,352.04,0.28,straight,straight,False,True
verified-1007,verified,23,576,38,355.26,0.09,straight,straight,False,True
verified-1007,verified,24,584,38,265.51,7.0,left,left,False,True
verified-1007,verified,25,583,38,364.58,10.55,left,left,False,True
verified-1007,verified,26,584,38,372.08,3.47,straight,straight,False,True
verified-1007,verified,27,583,38,340.61,1.15,straight,straight,False,True
verified-1007,verified,28,581,38,278.08,0.55,right,right,False,True
verified-1007,verified,29,581,38,327.06,1.37,left,left,False,True
verified-1007,verified,30,581,38,316.38,0.43,right,right,False,True
verified-1007,verified,31,580,38,307.54,0.45,straight,straight,False,True
verified-1007,verified,32,580,38,299.0,0.29,straight,straight,False,True
verified-1007,verified,33,580,38,341.57,0.18,straight,straight,False,True
verified-1007,verified,34,580,38,306.24,0.16,straight,straight,False,True
verified-1007,verified,35,580,38,297.2,0.15,straight,straight,False,True
verified-1007,verified,36,580,38,331.76,0.09,straight,straight,False,True
verified-1007,verified,37,587,38,315.0,0.59,right,right,False,True
verified-1007,verified,38,587,38,377.63,0.18,straight,straight,False,True
verified-1007,verified,39,587,38,337.13,0.78,right,right,False,True
verified-1007,verified,40,586,38,316.25,0.23,straight,straight,False,True
verified-1007,verified,41,586,38,332.12,0.12,straight,straight,False,True
verified-1007,verified,42,586,38,414.94,0.13,straight,straight,False,True
verified-1007,verified,43,586,38,290.04,0.07,straight,straight,False,True
verified-1007,verified,44,596,38,280.05,17.78,left,left,False,True
verified-1007,verified,45,596,38,304.19,5.43,straight,straight,False,True
verified-1007,verified,46,594,38,294.4,5.2,left,left,False,True
verified-1007,verified,47,594,38,306.11,1.0,straight,straight,False,True
verified-1007,verified,48,593,38,305.03,0.62,straight,straight,False,True
verified-1007,verified,49,593,38,311.92,0.35,right,right,False,True
verified-1007,verified,50,593,38,310.16,0.44,left,left,False,True
verified-1007,verified,51,593,38,330.97,0.19,straight,straight,False,True
verified-1007,verified,52,594,38,294.41,0.21,right,right,False,True
verified-1007,verified,53,595,38,332.09,0.1,straight,straight,False,True
verified-1007,verified,54,599,38,322.51,0.19,straight,straight,False,True
verified-1007,verified,55,609,38,335.06,123.15,right,right,False,True
verified-1007,verified,56,609,38,352.13,74.21,straight,straight,False,True
verified-1007,verified,57,610,38,363.16,51.26,straight,straight,False,True
verified-1007,verified,58,611,38,287.43,26.91,right,right,False,True
verified-1007,verified,59,610,38,444.2,44.07,left,left,False,True
verified-1007,verified,60,611,38,441.05,10.91,straight,straight,False,True
verified-1007,verified,61,612,38,421.59,4.17,right,right,False,True
verified-1007,verified,62,609,38,344.83,2.52,left,left,False,True
verified-1007,verified,63,607,38,290.59,0.42,straight,straight,False,True
verified-1007,verified,64,607,38,321.18,0.34,right,right,False,True
verified-1007,verified,65,603,38,324.55,0.4,straight,straight,False,True
verified-1007,verified,66,602,38,353.81,1.32,straight,straight,False,True
verified-1007,verified,67,601,38,274.8,0.21,straight,straight,False,True
verified-1007,verified,68,600,38,292.2,0.2,straight,straight,False,True
verified-1007,verified,69,599,38,337.62,0.14,straight,straight,False,True
verified-1007,verified,70,598,38,321.81,0.15,straight,straight,False,True
verified-1007,verified,71,598,38,430.09,0.12,straight,straight,False,True
verified-1007,verified,72,605,38,325.82,1.5,right,right,False,True
verified-1007,verified,73,604,38,278.5,1.06,right,right,False,True
verified-1007,verified,74,606,38,282.87,0.23,left,left,False,True
verified-1007,verified,75,604,38,465.48,0.36,straight,straight,False,True
verified-1007,verified,76,604,38,325.91,0.14,right,right,False,True
verified-1007,verified,77,604,38,396.52,0.08,left,left,False,True
verified-1007,verified,78,604,38,316.82,0.12,right,right,False,True
unassisted-1005,unassisted,1,588,38,320.19,0.28,right,right,False,True
unassisted-1005,unassisted,2,588,38,390.27,0.16,straight,straight,False,False
unassisted-1005,unassisted,3,588,38,298.76,0.77,straight,straight,False,False
unassisted-1005,unassisted,4,589,38,409.64,1.3,straight,straight,False,False
unassisted-1005,unassisted,5,592,38,373.88,1.99,right,right,False,True
unassisted-1005,unassisted,6,592,38,389.29,0.7,straight,straight,False,True
unassisted-1005,unassisted,7,593,38,324.55,0.28,straight,straight,False,True
unassisted-1005,unassisted,8,594,38,326.23,0.12,straight,straight,False,True
unassisted-1005,unassisted,9,597,38,377.72,0.35,left,left,False,False
unassisted-1005,unassisted,10,598,38,410.92,0.28,left,left,False,True
unassisted-1005,unassisted,11,598,38,319.16,0.27,straight,straight,False,False
unassisted-1005,unassisted,12,597,38,307.14,0.68,straight,straight,False,False
unassisted-1005,unassisted,13,596,38,301.75,0.82,straight,straight,False,False
unassisted-1005,unassisted,14,596,38,356.03,0.86,straight,straight,False,False
unassisted-1005,unassisted,15,596,38,371.67,0.73,straight,straight,False,False
unassisted-1005,unassisted,16,596,38,438.5,2.69,straight,straight,False,False
unassisted-1005,unassisted,17,596,38,368.23,2.24,straight,straight,False,False
unassisted-1005,unassisted,18,596,38,322.26,1.54,straight,straight,False,False
unassisted-1005,unassisted,19,596,38,325.41,1.76,left,left,False,True
unassisted-1005,unassisted,20,595,38,342.75,2.09,straight,straight,False,True
unassisted-1005,unassisted,21,592,38,367.63,1.69,straight,straight,False,True
unassisted-1005,unassisted,22,591,38,288.9,1.56,straight,straight,False,True
unassisted-1005,unassisted,23,590,38,316.68,0.5,straight,straight,False,True
unassisted-1005,unassisted,24,590,38,306.47,0.62,straight,straight,False,False
unassisted-1005,unassisted,25,590,38,392.01,0.85,straight,straight,False,False
unassisted-1005,unassisted,26,590,38,357.8,1.6,straight,straight,False,False
unassisted-1005,unassisted,27,590,38,429.62,2.16,straight,straight,False,False
unassisted-1005,unassisted,28,590,38,297.81,3.22,straight,straight,False,False
unassisted-1005,unassisted,29,590,38,395.67,4.3,left,left,False,True
unassisted-1005,unassisted,30,590,38,407.78,3.04,straight,straight,False,True
unassisted-1005,unassisted,31,590,38,327.49,3.41,straight,straight,False,True
unassisted-1005,unassisted,32,590,38,397.35,2.43,straight,straight,False,True
unassisted-1005,unassisted,33,590,38,325.56,1.22,straight,straight,False,True
unassisted-1005,unassisted,34,590,38,269.62,1.7,straight,straight,False,True
unassisted-1005,unassisted,35,590,38,272.61,0.88,straight,straight,False,True
unassisted-1005,unassisted,36,590,38,292.3,1.04,straight,straight,False,True
unassisted-1005,unassisted,37,591,38,303.17,0.38,straight,straight,False,True
unassisted-1005,unassisted,38,594,38,321.18,0.55,straight,straight,False,False
unassisted-1005,unassisted,39,595,38,321.5,0.23,left,left,False,True
unassisted-1005,unassisted,40,596,38,353.45,0.16,straight,straight,False,True
unassisted-1005,unassisted,41,596,38,342.26,0.13,straight,straight,False,True
unassisted-1005,unassisted,42,596,38,389.05,0.07,straight,straight,False,True
unassisted-1005,unassisted,43,596,38,386.26,0.06,straight,straight,False,True
unassisted-1005,unassisted,44,596,38,404.24,0.06,left,left,False,True
unassisted-1005,unassisted,45,600,38,352.64,0.12,straight,straight,False,True
unassisted-1005,unassisted,46,597,38,449.36,0.07,straight,straight,False,True
unassisted-1005,unassisted,47,605,38,311.69,1.01,straight,straight,False,False
unassisted-1005,unassisted,48,604,38,318.92,2.21,straight,straight,False,False
unassisted-1005,unassisted,49,603,38,301.37,2.43,straight,straight,False,False
unassisted-1005,unassisted,50,602,38,347.68,8.05,straight,straight,False,False
unassisted-1005,unassisted,51,602,38,273.14,4.08,straight,straight,False,False
unassisted-1005,unassisted,52,602,38,320.38,4.23,straight,straight,False,False
unassisted-1005,unassisted,53,602,38,331.24,5.74,straight,straight,False,False
unassisted-1005,unassisted,54,602,38,274.79,5.6,straight,straight,False,False
unassisted-1005,unassisted,55,602,38,321.09,6.38,right,right,False,True
unassisted-1005,unassisted,56,602,38,321.1,3.66,straight,straight,False,True
unassisted-1005,unassisted,57,603,38,325.75,1.1,straight,straight,False,True
unassisted-1005,unassisted,58,604,38,286.55,0.7,straight,straight,False,True
unassisted-1005,unassisted,59,607,38,318.7,0.41,right,right,False,True
unassisted-1005,unassisted,60,607,38,310.29,0.81,straight,straight,False,True
unassisted-1005,unassisted,61,608,38,334.03,0.49,straight,straight,False,True
unassisted-1005,unassisted,62,609,38,468.99,1.01,straight,straight,False,True
unassisted-1005,unassisted,63,610,38,342.85,0.74,straight,straight,False,True
unassisted-1005,unassisted,64,610,38,399.98,0.25,straight,straight,False,True
unassisted-1005,unassisted,65,610,38,291.78,0.24,straight,straight,False,True
unassisted-1005,unassisted,66,610,38,315.57,0.21,straight,straight,False,True
unassisted-1005,unassisted,67,610,38,320.0,0.17,straight,straight,False,True
unassisted-1005,unassisted,68,611,38,375.58,0.46,straight,straight,False,True
unassisted-1005,unassisted,69,614,38,426.74,0.07,straight,straight,False,True
unassisted-1005,unassisted,70,619,38,326.76,0.83,right,right,False,True
unassisted-1005,unassisted,71,617,38,396.42,2.13,straight,straight,False,True
unassisted-1005,unassisted,72,617,38,344.17,0.76,straight,straight,False,True
unassisted-1005,unassisted,73,617,38,383.43,0.97,straight,straight,False,True
unassisted-1005,unassisted,74,617,38,301.75,0.36,straight,straight,False,True
unassisted-1005,unassisted,75,616,38,299.97,0.43,straight,straight,False,True
unassisted-1005,unassisted,76,615,38,400.16,0.35,straight,straight,False,True
unassisted-1005,unassisted,77,615,38,364.2,0.22,straight,straight,False,True
unassisted-1005,unassisted,78,615,38,322.44,0.26,straight,straight,False,True
unassisted-1005,unassisted,79,615,38,585.23,0.09,right,right,False,True
unassisted-1005,unassisted,80,615,38,319.46,0.1,straight,straight,False,True
unassisted-1005,unassisted,81,612,38,281.12,0.11,straight,straight,False,False
unassisted-1005,unassisted,82,611,38,327.37,0.7,straight,straight,False,False
unassisted-1005,unassisted,83,610,38,345.82,0.11,straight,straight,False,False
unassisted-1005,unassisted,84,609,38,305.4,0.33,straight,straight,False,False
unassisted-1005,unassisted,85,608,38,294.37,0.2,straight,straight,False,False
unassisted-1005,unassisted,86,607,38,333.12,0.38,straight,straight,False,False
unassisted-1005,unassisted,87,607,38,331.09,0.9,straight,straight,False,False
unassisted-1005,unassisted,88,607,38,461.08,0.44,straight,straight,False,False
unassisted-1005,unassisted,89,607,38,310.48,0.64,right,right,False,False
unassisted-1005,unassisted,90,607,38,376.97,2.12,straight,straight,False,False
unassisted-1005,unassisted,91,607,38,299.56,4.56,straight,straight,False,False
unassisted-1005,unassisted,92,607,38,319.72,5.66,straight,straight,False,False
unassisted-1005,unassisted,93,607,38,338.3,12.34,straight,straight,False,False
unassisted-1005,unassisted,94,607,38,281.82,39.26,straight,straight,False,False
unassisted-1005,unassisted,95,607,38,362.31,34.93,straight,straight,False,False
unassisted-1005,unassisted,96,607,38,333.28,93.41,straight,straight,False,False
unassisted-1005,unassisted,97,608,38,315.31,40.64,straight,straight,False,False
unassisted-1005,unassisted,98,611,38,454.58,92.93,right,right,False,True
unassisted-1005,unassisted,99,611,38,355.3,79.0,straight,straight,False,True
unassisted-1005,unassisted,100,612,38,343.53,39.29,straight,straight,False,True
unassisted-1005,unassisted,101,614,38,317.88,16.31,straight,straight,False,True
unassisted-1005,unassisted,102,615,38,464.91,12.98,straight,straight,False,True
unassisted-1005,unassisted,103,616,38,321.24,5.65,straight,straight,False,True
unassisted-1005,unassisted,104,616,38,289.55,2.07,straight,straight,False,True
unassisted-1005,unassisted,105,616,38,420.39,0.83,straight,straight,False,True
unassisted-1005,unassisted,106,617,38,315.22,1.1,straight,straight,False,False
unassisted-1005,unassisted,107,620,38,371.5,3.96,right,right,False,True
unassisted-1005,unassisted,108,617,38,327.72,1.8,straight,straight,False,True
unassisted-1005,unassisted,109,617,38,420.95,1.35,straight,straight,False,True
unassisted-1005,unassisted,110,617,38,378.3,1.01,straight,straight,False,True
unassisted-1005,unassisted,111,617,38,409.32,1.01,straight,straight,False,True
unassisted-1005,unassisted,112,617,38,319.58,0.38,straight,straight,False,True
unassisted-1005,unassisted,113,616,38,383.83,0.2,straight,straight,False,True
unassisted-1005,unassisted,114,616,38,379.29,0.13,straight,straight,False,True
unassisted-1005,unassisted,115,616,38,376.26,0.13,straight,straight,False,True
unassisted-1005,unassisted,116,616,38,308.52,0.21,straight,straight,False,True
unassisted-1005,unassisted,117,616,38,325.95,0.13,right,right,False,True
unassisted-1005,unassisted,118,619,38,325.16,0.68,straight,straight,False,True
unassisted-1005,unassisted,119,618,38,343.34,0.34,straight,straight,False,True
unassisted-1005,unassisted,120,617,38,351.54,0.16,straight,straight,False,True
unassisted-1005,unassisted,121,616,38,323.48,0.17,straight,straight,False,False
unassisted-1005,unassisted,122,615,38,306.73,0.21,straight,straight,False,False
unassisted-1005,unassisted,123,614,38,328.95,0.5,straight,straight,False,False
unassisted-1005,unassisted,124,613,38,341.14,1.24,straight,straight,False,False
unassisted-1005,unassisted,125,613,38,454.61,1.61,straight,straight,False,False
unassisted-1005,unassisted,126,613,38,425.96,3.21,straight,straight,False,False
unassisted-1005,unassisted,127,613,38,389.88,1.34,right,right,False,True
unassisted-1005,unassisted,128,614,38,435.8,1.56,straight,straight,False,True
unassisted-1005,unassisted,129,614,38,433.09,0.82,straight,straight,False,True
unassisted-1005,unassisted,130,614,38,393.21,0.41,straight,straight,False,True
unassisted-1005,unassisted,131,614,38,336.2,0.24,straight,straight,False,False
unassisted-1005,unassisted,132,614,38,322.52,0.79,straight,straight,False,False
unassisted-1005,unassisted,133,614,38,327.61,1.1,right,right,False,True
unassisted-1005,unassisted,134,614,38,486.08,0.78,straight,straight,False,True
unassisted-1005,unassisted,135,614,38,444.05,1.16,straight,straight,False,True
unassisted-1005,unassisted,136,614,38,336.4,0.24,straight,straight,False,True
unassisted-1005,unassisted,137,614,38,356.29,0.16,straight,straight,False,True
unassisted-1005,unassisted,138,614,38,357.9,0.13,straight,straight,False,True
unassisted-1005,unassisted,139,614,38,324.41,0.15,right,right,False,True
unassisted-1005,unassisted,140,614,38,411.58,0.12,straight,straight,False,True
unassisted-1005,unassisted,141,619,38,332.6,0.15,straight,straight,False,True
unassisted-1005,unassisted,142,619,38,315.39,1.41,straight,straight,False,False
unassisted-1005,unassisted,143,619,38,482.21,0.24,straight,straight,False,False
unassisted-1005,unassisted,144,619,38,304.06,0.41,right,right,False,False
unassisted-1005,unassisted,145,619,38,298.54,0.2,straight,straight,False,True
unassisted-1005,unassisted,146,619,38,292.34,0.33,right,right,False,True
unassisted-1005,unassisted,147,619,38,341.02,0.14,straight,straight,False,True
unassisted-1005,unassisted,148,619,38,399.39,0.22,straight,straight,False,False
unassisted-1005,unassisted,149,619,38,329.23,0.47,straight,straight,False,False
unassisted-1005,unassisted,150,619,38,438.19,1.17,straight,straight,False,False
unassisted-1005,unassisted,151,620,38,304.08,0.68,straight,straight,False,False
unassisted-1005,unassisted,152,620,38,375.73,1.44,straight,straight,False,False
unassisted-1005,unassisted,153,620,38,313.87,2.55,straight,straight,False,False
unassisted-1005,unassisted,154,621,38,495.01,6.76,straight,straight,False,False
unassisted-1005,unassisted,155,624,38,340.32,6.56,straight,straight,False,False
unassisted-1005,unassisted,156,625,38,327.23,8.36,left,left,False,False
unassisted-1005,unassisted,157,626,38,594.97,24.65,straight,straight,False,False
unassisted-1005,unassisted,158,627,38,339.11,112.95,straight,straight,False,False
unassisted-1005,unassisted,159,628,38,431.04,64.57,left,left,False,True
unassisted-1005,unassisted,160,628,38,339.75,78.9,left,left,False,True
unassisted-1005,unassisted,161,629,38,473.47,93.52,straight,straight,False,True
unassisted-1005,unassisted,162,630,38,363.28,12.88,right,right,False,True
unassisted-1005,unassisted,163,627,38,311.31,15.99,straight,straight,False,True
unassisted-1005,unassisted,164,626,38,322.75,7.6,straight,straight,False,True
unassisted-1005,unassisted,165,625,38,456.56,6.09,straight,straight,False,True
unassisted-1005,unassisted,166,624,38,345.71,1.46,straight,straight,False,True
unassisted-1005,unassisted,167,623,38,467.1,0.58,straight,straight,False,True
unassisted-1005,unassisted,168,622,38,364.53,0.33,straight,straight,False,True
unassisted-1005,unassisted,169,621,38,361.96,0.2,straight,straight,False,False
unassisted-1005,unassisted,170,620,38,301.33,0.87,straight,straight,False,False
unassisted-1005,unassisted,171,620,38,320.26,1.61,straight,straight,False,False
unassisted-1005,unassisted,172,620,38,352.48,0.58,left,left,False,True
unassisted-1005,unassisted,173,620,38,414.65,0.77,left,left,False,True
unassisted-1005,unassisted,174,620,38,368.84,0.3,straight,straight,False,True
unassisted-1005,unassisted,175,620,38,281.96,0.22,straight,straight,False,True
unassisted-1005,unassisted,176,620,38,391.22,0.29,right,right,False,True
unassisted-1005,unassisted,177,620,38,354.76,0.26,straight,straight,False,True
unassisted-1005,unassisted,178,620,38,353.06,0.19,straight,straight,False,True
unassisted-1005,unassisted,179,620,38,341.33,0.11,straight,straight,False,True
unassisted-1005,unassisted,180,626,38,340.39,39.12,straight,straight,False,False
unassisted-1005,unassisted,181,627,38,385.24,70.03,straight,straight,False,False
unassisted-1005,unassisted,182,630,38,407.19,86.64,straight,straight,False,False
unassisted-1005,unassisted,183,631,38,292.22,53.21,left,left,False,True
unassisted-1005,unassisted,184,632,38,310.12,60.22,straight,straight,False,True
unassisted-1005,unassisted,185,633,38,360.97,38.49,straight,straight,False,True
unassisted-1005,unassisted,186,634,38,396.47,12.98,straight,straight,False,True
unassisted-1005,unassisted,187,635,38,428.47,5.27,straight,straight,False,True
unassisted-1005,unassisted,188,636,38,329.71,0.98,left,left,False,True
unassisted-1005,unassisted,189,636,38,275.94,1.05,straight,straight,False,True
unassisted-1005,unassisted,190,635,38,376.25,1.8,straight,straight,False,True
unassisted-1005,unassisted,191,634,38,444.02,2.18,straight,straight,False,True
unassisted-1005,unassisted,192,633,38,339.27,0.81,straight,straight,False,True
unassisted-1005,unassisted,193,632,38,273.86,0.38,straight,straight,False,True
unassisted-1005,unassisted,194,631,38,391.91,24.42,straight,straight,False,True
unassisted-1005,unassisted,195,630,38,329.18,0.14,straight,straight,False,True
unassisted-1005,unassisted,196,629,38,449.87,0.29,straight,straight,False,False
unassisted-1005,unassisted,197,628,38,540.69,0.24,straight,straight,False,False
unassisted-1005,unassisted,198,627,38,366.43,0.41,straight,straight,False,False
unassisted-1005,unassisted,199,627,38,316.09,0.6,right,right,False,True
unassisted-1005,unassisted,200,628,38,299.05,0.12,right,right,False,True
verified-1005,verified,1,563,38,340.99,0.37,left,left,False,True
verified-1005,verified,2,563,38,341.91,0.4,left,left,False,True
verified-1005,verified,3,563,38,506.96,0.24,left,left,False,True
verified-1005,verified,4,563,38,362.15,0.27,right,right,False,True
verified-1005,verified,5,563,38,428.39,0.07,straight,straight,False,True
verified-1005,verified,6,564,38,289.49,0.07,straight,straight,False,True
verified-1005,verified,7,573,38,387.14,0.2,left,left,False,True
verified-1005,verified,8,573,38,361.51,0.15,straight,straight,False,True
verified-1005,verified,9,574,38,518.33,0.14,left,left,False,True
verified-1005,verified,10,571,38,696.48,0.1,straight,straight,False,True
verified-1005,verified,11,579,38,298.39,0.28,right,right,False,True
verified-1005,verified,12,579,38,382.73,0.1,right,right,False,True
verified-1005,verified,13,581,38,332.41,0.1,left,left,False,True
verified-1005,verified,14,582,38,340.5,0.14,right,right,False,True
verified-1005,verified,15,586,38,311.5,0.74,straight,straight,False,True
verified-1005,verified,16,595,38,370.1,0.11,left,left,False,True
verified-1005,verified,17,600,38,309.35,0.23,left,left,False,True
verified-1005,verified,18,601,38,274.25,0.19,straight,straight,False,True
verified-1005,verified,19,597,38,340.54,0.16,straight,straight,False,True
verified-1005,verified,20,603,38,474.95,1.17,straight,straight,False,True
verified-1005,verified,21,603,38,326.01,0.65,left,left,False,True
verified-1005,verified,22,599,38,275.69,0.79,straight,straight,False,True
verified-1005,verified,23,594,38,299.11,0.59,straight,straight,False,True
verified-1005,verified,24,592,38,314.31,0.35,right,right,False,True
verified-1005,verified,25,590,38,451.94,0.23,left,left,False,True
verified-1005,verified,26,589,38,384.54,0.46,straight,straight,False,True
verified-1005,verified,27,588,38,600.24,0.16,straight,straight,False,True
verified-1005,verified,28,587,38,396.42,0.09,straight,straight,False,True
verified-1005,verified,29,593,38,322.24,0.14,straight,straight,False,True
verified-1005,verified,30,592,38,383.93,0.13,left,left,False,True
verified-1005,verified,31,592,38,313.28,0.12,straight,straight,False,True
verified-1005,verified,32,601,38,314.57,22.17,left,left,False,True
verified-1005,verified,33,601,38,338.78,4.78,left,left,False,True
verified-1005,verified,34,602,38,361.98,0.5,right,right,False,True
verified-1005,verified,35,601,38,383.17,1.07,straight,straight,False,True
verified-1005,verified,36,598,38,318.42,1.09,left,left,False,True
verified-1005,verified,37,598,38,270.77,0.81,straight,straight,False,True
verified-1005,verified,38,598,38,303.83,0.41,straight,straight,False,True
verified-1005,verified,39,598,38,360.6,0.57,right,right,False,True
verified-1005,verified,40,598,38,363.89,0.1,left,left,False,True
verified-1005,verified,41,598,38,394.81,0.11,right,right,False,True
verified-1005,verified,42,598,38,740.68,0.12,straight,straight,False,True
verified-1005,verified,43,609,38,332.1,147.2,right,right,False,True
verified-1005,verified,44,609,38,363.48,121.13,straight,straight,False,True
verified-1005,verified,45,609,38,353.66,40.03,right,right,False,True
verified-1005,verified,46,609,38,433.39,10.13,left,left,False,True
verified-1005,verified,47,608,38,352.98,14.34,straight,straight,False,True
verified-1005,verified,48,606,38,334.91,3.34,right,right,False,True
verified-1005,verified,49,606,38,331.77,1.87,left,left,False,True
verified-1005,verified,50,605,38,379.4,1.02,straight,straight,False,True
verified-1005,verified,51,606,38,336.75,0.24,right,right,False,True
verified-1005,verified,52,606,38,400.62,0.48,left,left,False,True
verified-1005,verified,53,610,38,370.78,0.15,straight,straight,False,True
verified-1005,verified,54,614,38,322.56,1.98,right,right,False,True
verified-1005,verified,55,614,38,301.33,0.11,straight,straight,False,True
verified-1005,verified,56,615,38,302.51,0.14,straight,straight,False,True
verified-1010,verified,1,562,38,403.24,0.15,left,left,False,True
verified-1010,verified,2,562,38,298.8,0.1,straight,straight,False,True
verified-1010,verified,3,562,38,351.65,0.22,straight,straight,False,True
verified-1010,verified,4,562,38,323.67,0.19,right,right,False,True
verified-1010,verified,5,572,38,329.78,4.18,right,right,False,True
verified-1010,verified,6,572,38,379.27,2.82,straight,straight,False,True
verified-1010,verified,7,570,38,287.0,1.42,right,right,False,True
verified-1010,verified,8,570,38,310.33,2.32,left,left,False,True
verified-1010,verified,9,569,38,302.94,0.45,straight,straight,False,True
verified-1010,verified,10,569,38,314.42,0.22,right,right,False,True
verified-1010,verified,11,569,38,357.79,0.32,left,left,False,True
verified-1010,verified,12,569,38,690.27,0.28,right,right,False,True
verified-1010,verified,13,569,38,374.0,0.15,straight,straight,False,True
verified-1010,verified,14,570,38,289.55,0.22,straight,straight,False,True
verified-1010,verified,15,574,38,517.37,0.06,straight,straight,False,True
verified-1010,verified,16,584,38,362.09,0.6,left,left,False,True
verified-1010,verified,17,586,38,302.04,0.58,left,left,False,True
verified-1010,verified,18,585,38,351.47,0.73,straight,straight,False,True
verified-1010,verified,19,581,38,500.42,0.69,straight,straight,False,True
verified-1010,verified,20,578,38,332.75,0.29,straight,straight,False,True
verified-1010,verified,21,577,38,438.17,0.38,straight,straight,False,True
verified-1010,verified,22,576,38,403.63,0.31,straight,straight,False,True
verified-1010,verified,23,575,38,363.04,0.35,straight,straight,False,True
verified-1010,verified,24,575,38,321.12,0.11,straight,straight,False,True
verified-1010,verified,25,575,38,403.2,0.11,straight,straight,False,True
verified-1010,verified,26,575,38,318.85,0.1,straight,straight,False,True
verified-1010,verified,27,584,38,335.95,21.63,left,left,False,True
verified-1010,verified,28,583,38,336.65,16.39,left,left,False,True
verified-1010,verified,29,584,38,402.06,6.51,straight,straight,False,True
verified-1010,verified,30,583,38,440.51,9.71,straight,straight,False,True
verified-1010,verified,31,583,38,308.28,5.91,right,right,False,True
verified-1010,verified,32,581,38,435.86,2.52,left,left,False,True
verified-1010,verified,33,581,38,420.96,2.04,straight,straight,False,True
verified-1010,verified,34,580,38,345.25,0.57,right,right,False,True
verified-1010,verified,35,580,38,395.21,0.6,left,left,False,True
verified-1010,verified,36,580,38,371.07,0.61,straight,straight,False,True
verified-1010,verified,37,580,38,297.27,0.41,right,right,False,True
verified-1010,verified,38,580,38,431.37,0.21,left,left,False,True
verified-1010,verified,39,581,38,488.52,0.1,right,right,False,True
verified-1010,verified,40,581,38,317.55,0.16,straight,straight,False,True
verified-1010,verified,41,590,38,327.1,1.51,left,left,False,True
verified-1010,verified,42,594,38,380.14,2.43,left,left,False,True
verified-1010,verified,43,594,38,345.4,0.87,straight,straight,False,True
verified-1010,verified,44,595,38,274.5,0.24,straight,straight,False,True
verified-1010,verified,45,594,38,378.94,0.29,straight,straight,False,True
verified-1010,verified,46,595,38,325.71,0.2,left,left,False,True
verified-1010,verified,47,592,38,308.48,0.31,right,right,False,True
verified-1010,verified,48,593,38,302.39,0.11,straight,straight,False,True
verified-1010,verified,49,593,38,304.12,0.13,straight,straight,False,True
verified-1010,verified,50,602,38,316.54,0.17,left,left,False,True
verified-1010,verified,51,600,38,468.6,0.08,left,left,False,True
verified-1010,verified,52,605,38,404.01,1.06,right,right,False,True
verified-1010,verified,53,603,38,336.41,0.75,left,left,False,True
verified-1010,verified,54,601,38,300.59,0.61,straight,straight,False,True
verified-1010,verified,55,600,38,287.1,0.16,right,right,False,True
verified-1010,verified,56,600,38,329.06,0.17,left,left,False,True
verified-1010,verified,57,600,38,332.49,0.25,right,right,False,True
verified-1010,verified,58,600,38,268.84,0.13,straight,straight,False,True
verified-1010,verified,59,599,38,289.71,0.09,straight,straight,False,True
verified-1010,verified,60,606,38,346.99,0.54,left,left,False,True
verified-1010,verified,61,604,38,440.4,0.37,straight,straight,False,True
verified-1010,verified,62,604,38,343.89,0.17,straight,straight,False,True
verified-1010,verified,63,604,38,382.15,0.15,straight,straight,False,True
verified-1010,verified,64,604,38,410.37,0.08,straight,straight,False,True
verified-1010,verified,65,604,38,331.33,0.11,straight,straight,False,True
unassisted-1009,unassisted,1,588,38,310.78,0.34,straight,straight,False,True
unassisted-1009,unassisted,2,588,38,275.75,0.41,straight,straight,False,True
unassisted-1009,unassisted,3,588,38,311.07,0.16,straight,straight,False,True
unassisted-1009,unassisted,4,588,38,326.13,0.48,straight,straight,False,False
unassisted-1009,unassisted,5,588,38,435.14,0.3,right,right,False,True
unassisted-1009,unassisted,6,588,38,349.92,0.13,straight,straight,False,True
unassisted-1009,unassisted,7,588,38,279.76,0.15,straight,straight,False,True
unassisted-1009,unassisted,8,589,38,314.04,0.08,straight,straight,False,True
unassisted-1009,unassisted,9,592,38,315.29,0.25,right,right,False,True
unassisted-1009,unassisted,10,597,38,314.51,2.06,right,right,False,True
unassisted-1009,unassisted,11,596,38,321.61,1.66,straight,straight,False,True
unassisted-1009,unassisted,12,596,38,321.34,1.81,straight,straight,False,True
unassisted-1009,unassisted,13,595,38,326.79,0.5,straight,straight,False,True
unassisted-1009,unassisted,14,594,38,404.03,0.59,straight,straight,False,True
unassisted-1009,unassisted,15,594,38,492.23,0.41,straight,straight,False,True
unassisted-1009,unassisted,16,594,38,330.04,0.16,straight,straight,False,True
unassisted-1009,unassisted,17,594,38,458.45,0.28,straight,straight,False,False
unassisted-1009,unassisted,18,594,38,298.19,0.12,straight,straight,False,False
unassisted-1009,unassisted,19,594,38,318.59,0.28,straight,straight,False,False
unassisted-1009,unassisted,20,595,38,317.86,0.44,right,right,False,True
unassisted-1009,unassisted,21,595,38,383.51,0.17,straight,straight,False,True
unassisted-1009,unassisted,22,595,38,303.52,0.14,straight,straight,False,True
unassisted-1009,unassisted,23,595,38,377.28,0.09,right,right,False,True
unassisted-1009,unassisted,24,595,38,337.94,0.2,straight,straight,False,True
unassisted-1009,unassisted,25,595,38,384.55,0.27,straight,straight,False,True
unassisted-1009,unassisted,26,601,38,375.56,10.91,straight,straight,False,True
unassisted-1009,unassisted,27,601,38,353.3,5.8,straight,straight,False,True
unassisted-1009,unassisted,28,601,38,280.77,4.5,straight,straight,False,True
unassisted-1009,unassisted,29,601,38,389.41,3.62,straight,straight,False,True
unassisted-1009,unassisted,30,601,38,302.89,1.66,straight,straight,False,True
unassisted-1009,unassisted,31,601,38,404.25,0.58,straight,straight,False,True
unassisted-1009,unassisted,32,602,38,393.73,0.37,right,right,False,True
unassisted-1009,unassisted,33,602,38,379.88,0.74,straight,straight,False,True
unassisted-1009,unassisted,34,602,38,438.41,0.53,straight,straight,False,True
unassisted-1009,unassisted,35,602,38,315.9,0.71,straight,straight,False,True
unassisted-1009,unassisted,36,603,38,302.92,0.58,straight,straight,False,True
unassisted-1009,unassisted,37,603,38,300.33,0.23,straight,straight,False,True
unassisted-1009,unassisted,38,603,38,298.78,0.26,straight,straight,False,True
unassisted-1009,unassisted,39,603,38,288.74,0.18,straight,straight,False,True
unassisted-1009,unassisted,40,603,38,438.17,0.1,straight,straight,False,True
unassisted-1009,unassisted,41,604,38,344.03,0.1,straight,straight,False,True
unassisted-1009,unassisted,42,611,38,323.0,3.07,right,right,False,True
unassisted-1009,unassisted,43,610,38,352.22,0.79,straight,straight,False,True
unassisted-1009,unassisted,44,611,38,404.66,2.8,straight,straight,False,False
unassisted-1009,unassisted,45,612,38,725.22,2.75,straight,straight,False,False
unassisted-1009,unassisted,46,613,38,300.59,30.89,straight,straight,False,False
unassisted-1009,unassisted,47,614,38,345.22,6.63,straight,straight,False,False
unassisted-1009,unassisted,48,614,38,333.22,7.42,straight,straight,False,False
unassisted-1009,unassisted,49,614,38,419.03,14.61,right,right,False,True
unassisted-1009,unassisted,50,611,38,393.81,15.83,straight,straight,False,True
unassisted-1009,unassisted,51,610,38,324.36,13.12,straight,straight,False,True
unassisted-1009,unassisted,52,610,38,343.04,7.59,straight,straight,False,True
unassisted-1009,unassisted,53,609,38,276.83,4.69,straight,straight,False,True
unassisted-1009,unassisted,54,608,38,409.67,2.84,straight,straight,False,True
unassisted-1009,unassisted,55,607,38,358.57,2.38,straight,straight,False,True
unassisted-1009,unassisted,56,607,38,405.83,0.44,straight,straight,False,True
unassisted-1009,unassisted,57,607,38,413.56,0.5,straight,straight,False,True
unassisted-1009,unassisted,58,607,38,302.53,0.27,straight,straight,False,False
unassisted-1009,unassisted,59,607,38,340.37,0.52,right,right,False,True
unassisted-1009,unassisted,60,607,38,426.23,0.15,right,right,False,True
unassisted-1009,unassisted,61,607,38,769.12,0.21,left,left,False,True
unassisted-1009,unassisted,62,607,38,295.25,0.15,straight,straight,False,True
unassisted-1009,unassisted,63,607,38,321.7,0.13,straight,straight,False,True
unassisted-1009,unassisted,64,607,38,395.64,0.1,straight,straight,False,True
unassisted-1009,unassisted,65,613,38,445.41,0.82,straight,straight,False,True
unassisted-1009,unassisted,66,613,38,405.05,1.1,straight,straight,False,False
unassisted-1009,unassisted,67,614,38,324.92,4.19,straight,straight,False,False
unassisted-1009,unassisted,68,617,38,376.99,10.42,straight,straight,False,False
unassisted-1009,unassisted,69,618,38,321.65,7.05,right,right,False,True
unassisted-1009,unassisted,70,619,38,379.45,4.31,straight,straight,False,True
unassisted-1009,unassisted,71,620,38,370.32,3.19,straight,straight,False,True
unassisted-1009,unassisted,72,621,38,370.97,2.86,straight,straight,False,True
unassisted-1009,unassisted,73,622,38,361.01,1.59,straight,straight,False,True
unassisted-1009,unassisted,74,623,38,380.82,1.79,straight,straight,False,True
unassisted-1009,unassisted,75,624,38,382.5,1.34,straight,straight,False,True
unassisted-1009,unassisted,76,624,38,338.22,0.33,straight,straight,False,True
unassisted-1009,unassisted,77,625,38,302.67,0.13,straight,straight,False,True
unassisted-1009,unassisted,78,628,38,330.62,0.22,straight,straight,False,True
unassisted-1009,unassisted,79,629,38,340.67,0.41,right,right,False,True
unassisted-1009,unassisted,80,629,38,296.49,0.21,straight,straight,False,True
unassisted-1009,unassisted,81,627,38,381.4,0.07,straight,straight,False,True
unassisted-1009,unassisted,82,633,38,365.51,0.13,straight,straight,False,True
unassisted-1009,unassisted,83,633,38,295.44,0.07,straight,straight,False,True
unassisted-1009,unassisted,84,633,38,306.47,0.08,straight,straight,False,True
unassisted-1009,unassisted,85,633,38,332.82,0.07,right,right,False,True
unassisted-1009,unassisted,86,638,38,637.28,1.03,straight,straight,False,True
unassisted-1009,unassisted,87,634,38,388.58,0.47,straight,straight,False,True
unassisted-1009,unassisted,88,632,38,304.85,0.38,straight,straight,False,True
unassisted-1009,unassisted,89,630,38,328.4,0.38,straight,straight,False,True
unassisted-1009,unassisted,90,629,38,334.35,0.16,straight,straight,False,True
unassisted-1009,unassisted,91,628,38,295.0,0.14,straight,straight,False,True
unassisted-1009,unassisted,92,627,38,420.04,0.09,straight,straight,False,True
unassisted-1009,unassisted,93,626,38,352.31,0.11,right,right,False,True
unassisted-1009,unassisted,94,633,38,337.34,0.49,straight,straight,False,False
unassisted-1009,unassisted,95,632,38,311.09,1.84,straight,straight,False,False
unassisted-1009,unassisted,96,631,38,325.09,4.17,straight,straight,False,False
unassisted-1009,unassisted,97,632,38,432.53,22.38,straight,straight,False,False
unassisted-1009,unassisted,98,635,38,352.41,21.94,straight,straight,False,False
unassisted-1009,unassisted,99,636,38,471.05,30.45,straight,straight,False,False
verified-1009,verified,1,563,38,379.94,0.7,straight,straight,False,True
verified-1009,verified,2,563,38,356.5,0.25,right,right,False,True
verified-1009,verified,3,563,38,324.91,0.45,left,left,False,True
verified-1009,verified,4,563,38,322.7,0.27,straight,straight,False,True
verified-1009,verified,5,563,38,441.96,0.95,right,right,False,True
verified-1009,verified,6,563,38,356.34,0.1,straight,straight,False,True
verified-1009,verified,7,564,38,295.52,0.08,straight,straight,False,True
verified-1009,verified,8,576,38,497.71,2.05,left,left,False,True
verified-1009,verified,9,574,38,359.66,0.82,left,left,False,True
verified-1009,verified,10,571,38,397.74,0.97,straight,straight,False,True
verified-1009,verified,11,570,38,279.15,0.82,right,right,False,True
verified-1009,verified,12,569,38,355.47,0.2,left,left,False,True
verified-1009,verified,13,568,38,297.01,0.44,straight,straight,False,True
verified-1009,verified,14,568,38,312.37,0.15,right,right,False,True
verified-1009,verified,15,570,38,321.51,0.1,left,left,False,True
verified-1009,verified,16,570,38,326.01,0.15,straight,straight,False,True
verified-1009,verified,17,570,38,298.51,0.1,straight,straight,False,True
verified-1009,verified,18,579,38,401.9,12.74,left,left,False,True
verified-1009,verified,19,578,38,307.07,12.8,straight,straight,False,True
verified-1009,verified,20,578,38,450.46,11.88,left,left,False,True
verified-1009,verified,21,578,38,416.83,10.8,straight,straight,False,True
verified-1009,verified,22,578,38,356.63,6.9,straight,straight,False,True
verified-1009,verified,23,578,38,412.23,1.86,right,right,False,True
verified-1009,verified,24,578,38,381.16,6.79,left,left,False,True
verified-1009,verified,25,576,38,345.59,1.17,straight,straight,False,True
verified-1009,verified,26,576,38,403.14,0.26,right,right,False,True
verified-1009,verified,27,575,38,385.58,0.33,left,left,False,True
verified-1009,verified,28,577,38,308.61,0.66,right,right,False,True
verified-1009,verified,29,576,38,383.11,1.15,straight,straight,False,True
verified-1009,verified,30,576,38,344.75,0.24,straight,straight,False,True
verified-1009,verified,31,576,38,430.72,0.18,straight,straight,False,True
verified-1009,verified,32,576,38,415.35,0.13,straight,straight,False,True
verified-1009,verified,33,577,38,339.08,0.08,straight,straight,False,True
verified-1009,verified,34,589,38,336.05,2.62,right,right,False,True
verified-1009,verified,35,588,38,292.49,0.46,right,right,False,True
verified-1009,verified,36,584,38,325.56,0.34,left,left,False,True
verified-1009,verified,37,585,38,401.85,0.79,right,right,False,True
verified-1009,verified,38,582,38,329.83,0.53,straight,straight,False,True
verified-1009,verified,39,582,38,303.6,1.55,straight,straight,False,True
verified-1009,verified,40,581,38,318.98,1.58,straight,straight,False,True
verified-1009,verified,41,580,38,310.77,0.23,straight,straight,False,True
verified-1009,verified,42,580,38,438.57,0.15,straight,straight,False,True
verified-1009,verified,43,580,38,340.38,0.11,straight,straight,False,True
verified-1009,verified,44,580,38,419.61,0.08,straight,straight,False,True
verified-1009,verified,45,590,38,501.64,1.46,right,right,False,True
verified-1009,verified,46,590,38,389.62,0.86,right,right,False,True
verified-1009,verified,47,590,38,362.27,0.57,straight,straight,False,True
verified-1009,verified,48,590,38,363.09,0.42,straight,straight,False,True
verified-1009,verified,49,587,38,351.95,0.77,straight,straight,False,True
verified-1009,verified,50,587,38,393.33,0.34,straight,straight,False,True
verified-1009,verified,51,587,38,335.49,0.29,straight,straight,False,True
verified-1009,verified,52,587,38,344.32,0.22,straight,straight,False,True
verified-1009,verified,53,587,38,449.78,0.26,straight,straight,False,True
verified-1009,verified,54,588,38,316.39,0.15,straight,straight,False,True
verified-1009,verified,55,592,38,354.69,0.07,straight,straight,False,True
verified-1009,verified,56,601,38,366.05,0.57,left,left,False,True
verified-1009,verified,57,603,38,343.23,0.07,left,left,False,True
verified-1009,verified,58,610,38,347.83,4.06,straight,straight,False,True
verified-1009,verified,59,606,38,315.13,4.03,straight,straight,False,True
verified-1009,verified,60,606,38,341.25,1.25,straight,straight,False,True
verified-1009,verified,61,603,38,482.98,0.74,straight,straight,False,True
verified-1009,verified,62,603,38,313.25,0.67,left,left,False,True
verified-1009,verified,63,602,38,582.73,0.25,straight,straight,False,True
verified-1009,verified,64,601,38,371.46,0.14,straight,straight,False,True
verified-1009,verified,65,600,38,345.29,0.23,right,right,False,True
verified-1009,verified,66,599,38,397.17,0.24,straight,straight,False,True
verified-1009,verified,67,598,38,344.67,0.11,straight,straight,False,True
verified-1009,verified,68,608,38,342.28,2.39,left,left,False,True
verified-1009,verified,69,607,38,349.29,1.56,left,left,False,True
verified-1009,verified,70,608,38,333.77,1.86,straight,straight,False,True
verified-1009,verified,71,607,38,285.88,0.46,straight,straight,False,True
verified-1009,verified,72,607,38,348.78,0.57,straight,straight,False,True
verified-1009,verified,73,605,38,397.8,0.32,straight,straight,False,True
verified-1009,verified,74,605,38,357.06,0.16,left,left,False,True
verified-1009,verified,75,605,38,313.25,0.33,right,right,False,True
verified-1009,verified,76,606,38,303.45,0.08,straight,straight,False,True
verified-1009,verified,77,610,38,274.3,0.07,straight,straight,False,True
assisted-1010,assisted,1,562,38,306.96,0.44,left,left,False,True
assisted-1010,assisted,2,562,38,338.73,0.14,straight,straight,False,True
assisted-1010,assisted,3,562,38,357.09,0.04,straight,straight,False,True
assisted-1010,assisted,4,562,38,320.42,0.12,right,right,False,True
assisted-1010,assisted,5,572,38,406.69,3.27,right,right,False,True
assisted-1010,assisted,6,572,38,345.55,4.75,straight,straight,False,True
assisted-1010,assisted,7,570,38,361.73,1.78,right,right,False,True
assisted-1010,assisted,8,570,38,318.91,1.64,left,left,False,True
assisted-1010,assisted,9,569,38,361.7,0.96,straight,straight,False,True
assisted-1010,assisted,10,569,38,420.09,0.52,right,right,False,True
assisted-1010,assisted,11,569,38,332.42,0.22,left,left,False,True
assisted-1010,assisted,12,569,38,334.53,0.35,right,right,False,True
assisted-1010,assisted,13,569,38,351.31,0.14,straight,straight,False,True
assisted-1010,assisted,14,570,38,339.17,0.27,straight,straight,False,True
assisted-1010,assisted,15,574,38,352.1,0.08,straight,straight,False,True
assisted-1010,assisted,16,584,38,373.68,1.33,left,left,False,True
assisted-1010,assisted,17,586,38,387.96,1.17,left,left,False,True
assisted-1010,assisted,18,585,38,340.86,0.61,straight,straight,False,True
assisted-1010,assisted,19,581,38,294.12,0.83,straight,straight,False,True
assisted-1010,assisted,20,578,38,364.17,0.39,straight,straight,False,True
assisted-1010,assisted,21,577,38,362.97,0.54,straight,straight,False,True
assisted-1010,assisted,22,576,38,422.03,0.25,straight,straight,False,True
assisted-1010,assisted,23,575,38,369.69,0.19,straight,straight,False,True
assisted-1010,assisted,24,575,38,326.52,0.33,straight,straight,False,True
assisted-1010,assisted,25,575,38,304.58,0.17,straight,straight,False,True
assisted-1010,assisted,26,575,38,375.27,0.09,straight,straight,False,True
assisted-1010,assisted,27,584,38,370.76,46.03,left,left,False,True
assisted-1010,assisted,28,583,38,352.89,13.8,left,left,False,True
assisted-1010,assisted,29,584,38,287.25,10.15,straight,straight,False,True
assisted-1010,assisted,30,583,38,424.79,6.69,straight,straight,False,True
assisted-1010,assisted,31,583,38,372.71,4.51,right,right,False,True
assisted-1010,assisted,32,581,38,293.53,3.17,left,left,False,True
assisted-1010,assisted,33,581,38,407.13,1.35,straight,straight,False,True
assisted-1010,assisted,34,580,38,348.89,1.81,right,right,False,True
assisted-1010,assisted,35,580,38,342.14,0.46,left,left,False,True
assisted-1010,assisted,36,580,38,449.29,0.23,straight,straight,False,True
assisted-1010,assisted,37,580,38,409.9,0.13,right,right,False,True
assisted-1010,assisted,38,580,38,468.96,0.16,left,left,False,True
assisted-1010,assisted,39,581,38,424.49,0.12,right,right,False,True
assisted-1010,assisted,40,581,38,346.74,0.1,straight,straight,False,True
assisted-1010,assisted,41,590,38,309.44,1.27,left,left,False,True
assisted-1010,assisted,42,594,38,315.53,1.18,left,left,False,True
assisted-1010,assisted,43,594,38,361.0,0.63,straight,straight,False,True
assisted-1010,assisted,44,595,38,436.53,0.55,straight,straight,False,True
assisted-1010,assisted,45,594,38,380.35,0.19,straight,straight,False,True
assisted-1010,assisted,46,595,38,281.86,0.19,left,left,False,True
assisted-1010,assisted,47,592,38,365.53,0.25,right,right,False,True
assisted-1010,assisted,48,593,38,271.67,0.14,straight,straight,False,True
assisted-1010,assisted,49,593,38,385.49,0.12,straight,straight,False,True
assisted-1010,assisted,50,602,38,321.16,0.17,left,left,False,True
assisted-1010,assisted,51,600,38,400.5,0.52,left,left,False,True
assisted-1010,assisted,52,605,38,323.43,1.52,right,right,False,True
assisted-1010,assisted,53,603,38,350.8,0.68,left,left,False,True
assisted-1010,assisted,54,601,38,386.23,0.63,straight,straight,False,True
assisted-1010,assisted,55,600,38,403.92,0.15,right,right,False,True
assisted-1010,assisted,56,600,38,381.94,0.16,left,left,False,True
assisted-1010,assisted,57,600,38,376.43,0.19,right,right,False,True
assisted-1010,assisted,58,600,38,297.86,0.18,straight,straight,False,True
assisted-1010,assisted,59,599,38,396.22,0.08,straight,straight,False,True
assisted-1010,assisted,60,606,38,376.98,0.66,left,left,False,True
assisted-1010,assisted,61,604,38,312.83,0.23,straight,straight,False,True
assisted-1010,assisted,62,604,38,394.81,0.08,straight,straight,False,True
assisted-1010,assisted,63,604,38,331.58,0.11,straight,straight,False,True
assisted-1010,assisted,64,604,38,393.91,0.22,straight,straight,False,True
assisted-1010,assisted,65,604,38,418.36,0.09,straight,straight,False,True
unassisted-1008,unassisted,1,588,38,337.11,1.62,straight,straight,False,False
unassisted-1008,unassisted,2,588,38,427.24,0.45,straight,straight,False,False
unassisted-1008,unassisted,3,588,38,416.58,0.95,straight,straight,False,False
unassisted-1008,unassisted,4,588,38,455.93,0.74,straight,straight,False,False
unassisted-1008,unassisted,5,588,38,412.9,1.8,straight,straight,False,False
unassisted-1008,unassisted,6,588,38,335.98,1.19,straight,straight,False,False
unassisted-1008,unassisted,7,588,38,605.89,1.4,right,right,False,False
unassisted-1008,unassisted,8,588,38,291.27,2.2,straight,straight,False,False
unassisted-1008,unassisted,9,588,38,291.51,23.06,right,right,False,True
unassisted-1008,unassisted,10,588,38,359.72,30.21,straight,straight,False,True
unassisted-1008,unassisted,11,590,38,370.2,2.79,straight,straight,False,True
unassisted-1008,unassisted,12,590,38,348.05,2.47,straight,straight,False,True
unassisted-1008,unassisted,13,590,38,323.53,1.91,straight,straight,False,True
unassisted-1008,unassisted,14,590,38,377.51,1.22,straight,straight,False,True
unassisted-1008,unassisted,15,590,38,445.2,1.35,straight,straight,False,True
unassisted-1008,unassisted,16,590,38,396.56,1.49,straight,straight,False,True
unassisted-1008,unassisted,17,590,38,364.01,0.82,straight,straight,False,True
unassisted-1008,unassisted,18,591,38,333.21,0.38,straight,straight,False,True
unassisted-1008,unassisted,19,594,38,358.03,0.05,straight,straight,False,True
unassisted-1008,unassisted,20,595,38,333.27,0.35,left,left,False,False
unassisted-1008,unassisted,21,597,38,273.55,0.2,left,left,False,True
unassisted-1008,unassisted,22,596,38,325.02,0.22,straight,straight,False,False
unassisted-1008,unassisted,23,593,38,384.9,1.23,straight,straight,False,False
unassisted-1008,unassisted,24,592,38,466.05,0.99,straight,straight,False,False
unassisted-1008,unassisted,25,591,38,557.97,1.58,straight,straight,False,False
unassisted-1008,unassisted,26,591,38,325.13,2.0,straight,straight,False,False
unassisted-1008,unassisted,27,591,38,368.76,6.12,straight,straight,False,False
unassisted-1008,unassisted,28,591,38,449.18,7.41,straight,straight,False,False
unassisted-1008,unassisted,29,591,38,301.03,2.61,straight,straight,False,False
unassisted-1008,unassisted,30,591,38,367.2,3.71,straight,straight,False,False
unassisted-1008,unassisted,31,591,38,323.49,1.61,left,left,False,True
unassisted-1008,unassisted,32,590,38,342.17,1.93,straight,straight,False,True
unassisted-1008,unassisted,33,590,38,459.15,1.22,straight,straight,False,True
unassisted-1008,unassisted,34,590,38,745.54,0.81,straight,straight,False,True
unassisted-1008,unassisted,35,590,38,282.55,0.42,straight,straight,False,True
unassisted-1008,unassisted,36,590,38,305.58,0.99,straight,straight,False,False
unassisted-1008,unassisted,37,590,38,326.84,1.46,straight,straight,False,False
unassisted-1008,unassisted,38,590,38,297.13,1.64,straight,straight,False,False
unassisted-1008,unassisted,39,590,38,305.82,2.45,left,left,False,True
unassisted-1008,unassisted,40,590,38,469.28,2.12,straight,straight,False,True
unassisted-1008,unassisted,41,590,38,318.14,2.0,straight,straight,False,True
unassisted-1008,unassisted,42,590,38,366.58,1.48,straight,straight,False,True
unassisted-1008,unassisted,43,590,38,395.99,1.95,straight,straight,False,True
unassisted-1008,unassisted,44,590,38,309.85,2.4,straight,straight,False,True
unassisted-1008,unassisted,45,590,38,461.33,1.01,straight,straight,False,True
unassisted-1008,unassisted,46,590,38,305.26,0.27,straight,straight,False,True
unassisted-1008,unassisted,47,591,38,357.92,0.15,straight,straight,False,True
unassisted-1008,unassisted,48,594,38,407.63,0.13,straight,straight,False,True
unassisted-1008,unassisted,49,595,38,345.46,0.15,straight,straight,False,False
unassisted-1011,unassisted,1,588,38,335.07,1.71,right,right,False,True
unassisted-1011,unassisted,2,588,38,392.5,0.47,straight,straight,False,True
unassisted-1011,unassisted,3,588,38,426.01,0.17,right,right,False,True
unassisted-1011,unassisted,4,588,38,449.76,0.27,straight,straight,False,False
unassisted-1011,unassisted,5,588,38,293.83,0.11,straight,straight,False,False
unassisted-1011,unassisted,6,589,38,346.03,0.51,straight,straight,False,False
unassisted-1011,unassisted,7,592,38,467.86,0.76,straight,straight,False,False
unassisted-1011,unassisted,8,593,38,382.38,0.34,left,left,False,True
unassisted-1011,unassisted,9,595,38,395.43,0.15,left,left,False,True
unassisted-1011,unassisted,10,594,38,455.52,0.29,straight,straight,False,True
unassisted-1011,unassisted,11,593,38,315.74,0.17,straight,straight,False,True
unassisted-1011,unassisted,12,592,38,465.11,0.1,straight,straight,False,True
unassisted-1011,unassisted,13,591,38,355.06,0.18,straight,straight,False,False
unassisted-1011,unassisted,14,591,38,286.92,0.38,right,right,False,True
unassisted-1011,unassisted,15,594,38,317.29,0.06,right,right,False,True
unassisted-1011,unassisted,16,594,38,338.85,0.09,left,left,False,True
unassisted-1011,unassisted,17,600,38,348.19,1.01,left,left,False,True
unassisted-1011,unassisted,18,601,38,356.82,0.24,straight,straight,False,True
unassisted-1011,unassisted,19,601,38,358.75,0.29,straight,straight,False,False
unassisted-1011,unassisted,20,601,38,317.13,0.69,straight,straight,False,False
unassisted-1011,unassisted,21,601,38,313.08,1.39,straight,straight,False,False
unassisted-1011,unassisted,22,601,38,388.68,0.91,straight,straight,False,False
unassisted-1011,unassisted,23,601,38,308.8,2.4,left,left,False,True
unassisted-1011,unassisted,24,600,38,464.55,1.92,straight,straight,False,True
unassisted-1011,unassisted,25,597,38,327.64,1.94,straight,straight,False,True
unassisted-1011,unassisted,26,596,38,327.84,0.71,straight,straight,False,True
unassisted-1011,unassisted,27,596,38,289.4,0.52,straight,straight,False,True
unassisted-1011,unassisted,28,595,38,411.09,0.44,straight,straight,False,True
unassisted-1011,unassisted,29,595,38,387.09,0.22,straight,straight,False,True
unassisted-1011,unassisted,30,595,38,360.79,0.32,straight,straight,False,False
unassisted-1011,unassisted,31,595,38,275.91,0.47,straight,straight,False,False
unassisted-1011,unassisted,32,595,38,357.08,0.27,straight,straight,False,False
unassisted-1011,unassisted,33,595,38,404.52,1.56,left,left,False,True
unassisted-1011,unassisted,34,595,38,340.88,0.5,straight,straight,False,True
unassisted-1011,unassisted,35,595,38,310.83,0.36,straight,straight,False,True
unassisted-1011,unassisted,36,595,38,322.88,0.14,straight,straight,False,True
unassisted-1011,unassisted,37,595,38,391.14,0.36,straight,straight,False,False
unassisted-1011,unassisted,38,595,38,383.93,0.47,straight,straight,False,False
unassisted-1011,unassisted,39,595,38,351.19,0.39,straight,straight,False,False
unassisted-1011,unassisted,40,595,38,408.43,0.6,straight,straight,False,False
unassisted-1011,unassisted,41,596,38,323.23,1.36,straight,straight,False,False
unassisted-1011,unassisted,42,599,38,311.41,0.85,straight,straight,False,False
unassisted-1011,unassisted,43,600,38,339.73,1.46,left,left,False,True
unassisted-1011,unassisted,44,601,38,317.36,0.33,straight,straight,False,True
unassisted-1011,unassisted,45,602,38,344.08,0.29,straight,straight,False,True
unassisted-1011,unassisted,46,602,38,347.07,0.29,left,left,False,True
unassisted-1011,unassisted,47,601,38,315.47,0.3,straight,straight,False,True
unassisted-1011,unassisted,48,598,38,359.61,0.13,straight,straight,False,True
unassisted-1011,unassisted,49,597,38,499.71,0.18,straight,straight,False,True
unassisted-1011,unassisted,50,596,38,313.87,0.08,straight,straight,False,True
unassisted-1011,unassisted,51,595,38,405.29,0.09,straight,straight,False,True
unassisted-1011,unassisted,52,600,38,417.07,1.5,straight,straight,False,True
unassisted-1011,unassisted,53,600,38,446.73,0.64,straight,straight,False,True
unassisted-1011,unassisted,54,600,38,390.55,0.68,straight,straight,False,True
unassisted-1011,unassisted,55,600,38,303.03,0.35,straight,straight,False,True
unassisted-1011,unassisted,56,600,38,350.67,0.13,straight,straight,False,True
unassisted-1011,unassisted,57,600,38,266.96,0.37,right,right,False,True
unassisted-1011,unassisted,58,600,38,402.91,0.25,straight,straight,False,True
unassisted-1011,unassisted,59,600,38,343.4,0.07,straight,straight,False,True
unassisted-1011,unassisted,60,606,38,723.33,5.18,straight,straight,False,False
unassisted-1011,unassisted,61,606,38,316.28,8.12,straight,straight,False,False
unassisted-1011,unassisted,62,607,38,332.6,58.0,straight,straight,False,False
unassisted-1011,unassisted,63,610,38,310.74,17.87,right,right,False,True
unassisted-1011,unassisted,64,610,38,338.1,19.96,straight,straight,False,True
unassisted-1011,unassisted,65,611,38,307.91,15.8,straight,straight,False,True
unassisted-1011,unassisted,66,612,38,332.12,13.04,straight,straight,False,True
unassisted-1011,unassisted,67,613,38,372.56,8.02,straight,straight,False,True
unassisted-1011,unassisted,68,614,38,301.19,4.97,straight,straight,False,True
unassisted-1011,unassisted,69,614,38,434.39,1.31,straight,straight,False,True
unassisted-1011,unassisted,70,615,38,323.91,0.59,straight,straight,False,True
unassisted-1011,unassisted,71,615,38,323.99,0.3,straight,straight,False,True
unassisted-1011,unassisted,72,616,38,440.96,0.31,straight,straight,False,False
unassisted-1011,unassisted,73,619,38,464.36,1.13,straight,straight,False,False
unassisted-1011,unassisted,74,620,38,405.99,1.71,right,right,False,True
unassisted-1011,unassisted,75,618,38,368.26,0.48,straight,straight,False,True
unassisted-1011,unassisted,76,618,38,312.55,0.36,straight,straight,False,True
unassisted-1011,unassisted,77,618,38,263.88,0.19,straight,straight,False,True
unassisted-1011,unassisted,78,618,38,295.77,0.11,straight,straight,False,True
unassisted-1011,unassisted,79,617,38,302.17,0.21,straight,straight,False,True
unassisted-1011,unassisted,80,616,38,296.96,0.07,straight,straight,False,False
unassisted-1011,unassisted,81,616,38,277.1,0.15,straight,straight,False,False
unassisted-1011,unassisted,82,616,38,264.39,0.17,straight,straight,False,False
unassisted-1011,unassisted,83,616,38,322.45,0.19,right,right,False,True
unassisted-1011,unassisted,84,615,38,305.51,0.14,straight,straight,False,True
unassisted-1011,unassisted,85,612,38,591.58,0.18,straight,straight,False,False
unassisted-1011,unassisted,86,611,38,357.93,0.4,right,right,False,True
unassisted-1011,unassisted,87,610,38,336.77,0.4,straight,straight,False,True
unassisted-1011,unassisted,88,609,38,352.95,0.04,right,right,False,True
unassisted-1011,unassisted,89,609,38,377.1,0.25,left,left,False,True
unassisted-1011,unassisted,90,614,38,347.62,9.21,straight,straight,False,True
unassisted-1011,unassisted,91,613,38,381.01,9.16,straight,straight,False,True
unassisted-1011,unassisted,92,613,38,384.07,2.23,straight,straight,False,True
unassisted-1011,unassisted,93,613,38,280.07,1.63,straight,straight,False,True
unassisted-1011,unassisted,94,613,38,358.26,0.41,straight,straight,False,True
unassisted-1011,unassisted,95,614,38,373.68,0.31,left,left,False,True
unassisted-1011,unassisted,96,613,38,636.74,0.23,straight,straight,False,True
unassisted-1011,unassisted,97,613,38,339.41,0.67,straight,straight,False,True
unassisted-1011,unassisted,98,613,38,294.32,0.21,left,left,False,False
unassisted-1011,unassisted,99,612,38,345.62,0.22,straight,straight,False,False
unassisted-1011,unassisted,100,613,38,396.46,0.55,straight,straight,False,False
unassisted-1011,unassisted,101,614,38,312.16,0.45,straight,straight,False,False
unassisted-1011,unassisted,102,614,38,361.2,0.69,straight,straight,False,False
unassisted-1011,unassisted,103,614,38,401.1,1.45,straight,straight,False,False
unassisted-1011,unassisted,104,614,38,464.48,43.32,right,right,False,True
unassisted-1011,unassisted,105,614,38,405.08,0.94,straight,straight,False,True
unassisted-1011,unassisted,106,614,38,296.64,0.16,straight,straight,False,True
unassisted-1011,unassisted,107,614,38,329.08,0.22,straight,straight,False,False
unassisted-1011,unassisted,108,614,38,323.6,0.89,straight,straight,False,False
unassisted-1011,unassisted,109,614,38,361.16,1.57,straight,straight,False,False
unassisted-1011,unassisted,110,614,38,344.42,1.38,right,right,False,True
unassisted-1011,unassisted,111,614,38,328.97,0.52,straight,straight,False,True
unassisted-1011,unassisted,112,614,38,368.01,0.36,straight,straight,False,True
unassisted-1011,unassisted,113,614,38,336.35,0.26,straight,straight,False,True
unassisted-1011,unassisted,114,614,38,429.3,0.26,straight,straight,False,True
unassisted-1011,unassisted,115,614,38,293.06,0.14,straight,straight,False,True
unassisted-1011,unassisted,116,615,38,496.08,0.13,right,right,False,True
unassisted-1011,unassisted,117,615,38,299.2,0.1,straight,straight,False,True
unassisted-1011,unassisted,118,615,38,308.13,0.08,straight,straight,False,True
unassisted-1011,unassisted,119,621,38,303.47,94.35,straight,straight,False,True
unassisted-1011,unassisted,120,621,38,459.35,75.2,straight,straight,False,True
unassisted-1011,unassisted,121,621,38,358.25,34.53,straight,straight,False,True
unassisted-1011,unassisted,122,621,38,272.53,16.68,right,right,False,True
unassisted-1011,unassisted,123,620,38,307.8,23.13,straight,straight,False,True
unassisted-1011,unassisted,124,620,38,420.13,7.45,straight,straight,False,True
unassisted-1011,unassisted,125,620,38,326.86,3.31,straight,straight,False,True
unassisted-1011,unassisted,126,620,38,326.25,2.07,straight,straight,False,True
unassisted-1011,unassisted,127,620,38,401.16,1.37,straight,straight,False,True
unassisted-1011,unassisted,128,620,38,315.01,0.52,straight,straight,False,True
unassisted-1011,unassisted,129,621,38,356.74,0.44,straight,straight,False,True
unassisted-1011,unassisted,130,621,38,306.6,0.24,right,right,False,False
unassisted-1011,unassisted,131,621,38,347.43,1.33,straight,straight,False,False
unassisted-1011,unassisted,132,621,38,323.05,0.72,straight,straight,False,False
unassisted-1011,unassisted,133,621,38,320.63,0.81,straight,straight,False,False
unassisted-1011,unassisted,134,621,38,324.63,1.67,straight,straight,False,False
unassisted-1011,unassisted,135,621,38,325.27,3.38,right,right,False,True
unassisted-1011,unassisted,136,621,38,332.67,2.95,straight,straight,False,False
unassisted-1011,unassisted,137,621,38,291.08,15.05,straight,straight,False,False
unassisted-1011,unassisted,138,621,38,302.97,8.26,straight,straight,False,False
unassisted-1011,unassisted,139,621,38,407.11,30.22,straight,straight,False,False
unassisted-1011,unassisted,140,621,38,326.21,61.11,straight,straight,False,False
unassisted-1011,unassisted,141,621,38,341.89,79.55,straight,straight,False,False
unassisted-1011,unassisted,142,621,38,424.17,106.1,straight,straight,False,False
unassisted-1011,unassisted,143,622,38,341.33,118.17,straight,straight,False,False
unassisted-1011,unassisted,144,625,38,305.59,231.27,straight,straight,False,False
unassisted-1011,unassisted,145,626,38,344.62,157.48,right,right,False,True
unassisted-1011,unassisted,146,627,38,349.85,91.95,straight,straight,False,True
unassisted-1011,unassisted,147,628,38,300.71,110.92,straight,straight,False,True
unassisted-1011,unassisted,148,629,38,292.64,91.06,straight,straight,False,True
unassisted-1011,unassisted,149,630,38,387.73,34.09,straight,straight,False,True
unassisted-1011,unassisted,150,631,38,657.3,22.88,straight,straight,False,True
unassisted-1011,unassisted,151,632,38,386.21,7.03,straight,straight,False,True
unassisted-1011,unassisted,152,632,38,439.03,8.48,straight,straight,False,True
unassisted-1011,unassisted,153,633,38,473.62,0.44,straight,straight,False,True
unassisted-1011,unassisted,154,636,38,756.6,0.94,straight,straight,False,False
unassisted-1011,unassisted,155,637,38,475.7,1.76,right,right,False,True
unassisted-1011,unassisted,156,637,38,615.11,0.3,straight,straight,False,True
unassisted-1011,unassisted,157,635,38,345.05,0.57,straight,straight,False,True
unassisted-1011,unassisted,158,635,38,490.39,0.34,straight,straight,False,True
unassisted-1011,unassisted,159,635,38,478.56,0.19,straight,straight,False,True
unassisted-1011,unassisted,160,635,38,440.43,0.21,straight,straight,False,True
unassisted-1011,unassisted,161,635,38,328.9,0.14,straight,straight,False,True
unassisted-1011,unassisted,162,634,38,292.24,0.07,straight,straight,False,True
unassisted-1011,unassisted,163,633,38,330.18,0.11,straight,straight,False,True
unassisted-1011,unassisted,164,632,38,399.71,0.07,straight,straight,False,True
unassisted-1011,unassisted,165,632,38,499.14,0.08,right,right,False,True
unassisted-1011,unassisted,166,636,38,297.88,0.36,straight,straight,False,True
unassisted-1011,unassisted,167,633,38,313.85,0.2,straight,straight,False,True
unassisted-1011,unassisted,168,632,38,368.3,0.22,straight,straight,False,False
unassisted-1011,unassisted,169,631,38,299.75,0.47,straight,straight,False,False
unassisted-1011,unassisted,170,630,38,275.09,1.24,straight,straight,False,False
unassisted-1011,unassisted,171,629,38,370.88,5.71,straight,straight,False,False
unassisted-1011,unassisted,172,628,38,310.49,3.54,straight,straight,False,False
unassisted-1011,unassisted,173,627,38,280.66,63.0,right,right,False,True
unassisted-1011,unassisted,174,626,38,314.95,2.94,straight,straight,False,True
unassisted-1011,unassisted,175,625,38,355.93,1.3,straight,straight,False,True
unassisted-1011,unassisted,176,626,38,320.19,0.64,straight,straight,False,True
unassisted-1011,unassisted,177,626,38,335.53,0.9,straight,straight,False,True
unassisted-1011,unassisted,178,626,38,533.42,0.28,straight,straight,False,False
unassisted-1011,unassisted,179,626,38,339.09,0.47,straight,straight,False,False
unassisted-1011,unassisted,180,626,38,398.96,1.8,straight,straight,False,False
unassisted-1011,unassisted,181,627,38,339.08,4.2,straight,straight,False,False
unassisted-1011,unassisted,182,630,38,285.72,3.49,straight,straight,False,False
unassisted-1011,unassisted,183,631,38,316.07,2.42,left,left,False,False
unassisted-1011,unassisted,184,632,38,669.23,2.72,straight,straight,False,False
unassisted-1011,unassisted,185,633,38,360.25,21.06,straight,straight,False,False
unassisted-1011,unassisted,186,634,38,402.69,28.34,left,left,False,True
unassisted-1011,unassisted,187,634,38,362.81,21.18,straight,straight,False,True
unassisted-1011,unassisted,188,632,38,330.01,4.34,straight,straight,False,True
unassisted-1011,unassisted,189,632,38,406.66,1.4,straight,straight,False,True
unassisted-1011,unassisted,190,632,38,408.41,0.46,straight,straight,False,True
unassisted-1011,unassisted,191,631,38,318.11,0.35,straight,straight,False,False
unassisted-1011,unassisted,192,630,38,454.94,1.5,straight,straight,False,False
unassisted-1011,unassisted,193,629,38,417.39,4.33,left,left,False,True
unassisted-1011,unassisted,194,628,38,354.45,2.54,left,left,False,True
unassisted-1011,unassisted,195,627,38,331.39,0.44,straight,straight,False,True
unassisted-1011,unassisted,196,626,38,295.54,0.45,straight,straight,False,False
unassisted-1011,unassisted,197,626,38,325.0,1.72,straight,straight,False,False
unassisted-1011,unassisted,198,626,38,355.83,4.28,straight,straight,False,False
unassisted-1011,unassisted,199,627,38,412.07,9.26,straight,straight,False,False
unassisted-1011,unassisted,200,630,38,402.21,22.94,left,left,False,False
verified-1001,verified,1,563,38,425.33,1.27,left,left,False,True
verified-1001,verified,2,562,38,337.91,2.11,straight,straight,False,True
verified-1001,verified,3,562,38,352.26,0.39,straight,straight,False,True
verified-1001,verified,4,562,38,321.85,0.38,right,right,False,True
verified-1001,verified,5,562,38,349.51,0.17,straight,straight,False,True
verified-1001,verified,6,562,38,376.02,0.08,straight,straight,False,True
verified-1001,verified,7,562,38,335.85,0.1,straight,straight,False,True
verified-1001,verified,8,562,38,356.89,0.08,straight,straight,False,True
verified-1001,verified,9,568,38,417.74,0.33,right,right,False,True
verified-1001,verified,10,568,38,726.77,0.5,right,right,False,True
verified-1001,verified,11,568,38,274.09,0.17,left,left,False,True
verified-1001,verified,12,568,38,364.15,0.11,straight,straight,False,True
verified-1001,verified,13,568,38,429.37,0.15,right,right,False,True
verified-1001,verified,14,568,38,275.42,0.19,straight,straight,False,True
verified-1001,verified,15,577,38,314.76,1.61,left,left,False,True
verified-1001,verified,16,575,38,324.6,1.43,left,left,False,True
verified-1001,verified,17,577,38,365.18,0.27,straight,straight,False,True
verified-1001,verified,18,575,38,363.01,0.25,straight,straight,False,True
verified-1001,verified,19,575,38,318.1,0.31,right,right,False,True
verified-1001,verified,20,575,38,357.97,0.09,straight,straight,False,True
verified-1001,verified,21,576,38,304.06,0.23,straight,straight,False,True
verified-1001,verified,22,580,38,306.75,0.09,straight,straight,False,True
verified-1001,verified,23,590,38,603.25,6.12,right,right,False,True
verified-1001,verified,24,591,38,297.37,4.04,straight,straight,False,True
verified-1001,verified,25,592,38,322.4,3.33,right,right,False,True
verified-1001,verified,26,589,38,283.84,3.96,left,left,False,True
verified-1001,verified,27,590,38,313.64,2.92,straight,straight,False,True
verified-1001,verified,28,589,38,376.35,0.9,right,right,False,True
verified-1001,verified,29,585,38,311.5,0.51,left,left,False,True
verified-1001,verified,30,585,38,354.29,0.35,straight,straight,False,True
verified-1001,verified,31,584,38,336.04,0.18,right,right,False,True
verified-1001,verified,32,582,38,338.04,0.24,left,left,False,True
verified-1001,verified,33,581,38,330.56,0.13,right,right,False,True
verified-1001,verified,34,580,38,321.68,0.06,straight,straight,False,True
verified-1001,verified,35,586,38,369.3,0.24,straight,straight,False,True
verified-1001,verified,36,586,38,319.22,0.42,right,right,False,True
verified-1001,verified,37,586,38,309.21,0.26,straight,straight,False,True
verified-1001,verified,38,586,38,384.29,0.16,straight,straight,False,True
verified-1001,verified,39,586,38,285.95,0.22,straight,straight,False,True
verified-1001,verified,40,586,38,409.03,0.11,straight,straight,False,True
verified-1001,verified,41,592,38,336.1,0.47,left,left,False,True
verified-1001,verified,42,593,38,371.25,0.45,left,left,False,True
verified-1001,verified,43,594,38,505.79,0.21,straight,straight,False,True
verified-1001,verified,44,594,38,426.67,0.14,straight,straight,False,True
verified-1001,verified,45,592,38,345.15,0.1,straight,straight,False,True
verified-1001,verified,46,592,38,329.73,0.19,straight,straight,False,True
verified-1001,verified,47,592,38,333.88,0.08,straight,straight,False,True
verified-1001,verified,48,599,38,323.93,0.28,left,left,False,True
verified-1001,verified,49,599,38,296.27,0.13,left,left,False,True
verified-1001,verified,50,600,38,358.04,0.09,right,right,False,True
verified-1001,verified,51,598,38,305.44,0.11,straight,straight,False,True
verified-1001,verified,52,605,38,429.0,0.92,right,right,False,True
verified-1001,verified,53,605,38,412.28,0.4,straight,straight,False,True
verified-1001,verified,54,610,38,368.0,1.11,right,right,False,True
verified-1001,verified,55,611,38,351.3,0.32,straight,straight,False,True
verified-1001,verified,56,612,38,332.17,0.11,straight,straight,False,True
verified-1001,verified,57,611,38,307.53,0.11,straight,straight,False,True
verified-1001,verified,58,612,38,305.09,0.2,right,right,False,True
verified-1001,verified,59,609,38,278.17,0.27,left,left,False,True
assisted-1013,assisted,1,563,38,437.57,0.47,right,right,False,True
assisted-1013,assisted,2,563,38,363.97,0.3,straight,straight,False,True
assisted-1013,assisted,3,563,38,328.29,0.31,right,right,False,True
assisted-1013,assisted,4,563,38,363.28,0.14,straight,straight,False,True
assisted-1013,assisted,5,563,38,285.7,0.1,straight,straight,False,True
assisted-1013,assisted,6,564,38,398.37,0.05,straight,straight,False,True
assisted-1013,assisted,7,575,38,410.23,0.75,right,right,False,True
assisted-1013,assisted,8,573,38,282.22,0.29,straight,straight,False,True
assisted-1013,assisted,9,574,38,358.46,0.56,straight,straight,False,True
assisted-1013,assisted,10,575,38,343.04,0.52,right,right,False,True
assisted-1013,assisted,11,571,38,379.48,0.18,straight,straight,False,True
assisted-1013,assisted,12,570,38,300.94,0.46,straight,straight,False,True
assisted-1013,assisted,13,569,38,306.54,0.11,straight,straight,False,True
assisted-1013,assisted,14,568,38,313.29,0.06,straight,straight,False,True
assisted-1013,assisted,15,576,38,470.25,0.48,straight,straight,False,True
assisted-1013,assisted,16,575,38,325.28,0.37,right,right,False,True
assisted-1013,assisted,17,575,38,450.1,0.53,left,left,False,True
assisted-1013,assisted,18,575,38,329.23,0.46,right,right,False,True
assisted-1013,assisted,19,575,38,329.45,0.22,straight,straight,False,True
assisted-1013,assisted,20,575,38,361.7,0.15,straight,straight,False,True
assisted-1013,assisted,21,576,38,327.74,0.1,straight,straight,False,True
assisted-1013,assisted,22,580,38,305.93,0.06,straight,straight,False,True
assisted-1013,assisted,23,589,38,367.24,0.68,left,left,False,True
assisted-1013,assisted,24,589,38,278.17,0.44,straight,straight,False,True
assisted-1013,assisted,25,590,38,441.13,0.17,left,left,False,True
assisted-1013,assisted,26,588,38,277.55,0.56,straight,straight,False,True
assisted-1013,assisted,27,585,38,371.08,0.33,straight,straight,False,True
assisted-1013,assisted,28,584,38,350.21,0.13,right,right,False,True
assisted-1013,assisted,29,585,38,324.78,0.13,left,left,False,True
assisted-1013,assisted,30,584,38,392.29,0.07,straight,straight,False,True
assisted-1013,assisted,31,592,38,389.8,7.57,left,left,False,True
assisted-1013,assisted,32,590,38,325.44,7.42,left,left,False,True
assisted-1013,assisted,33,590,38,493.87,0.49,right,right,False,True
assisted-1013,assisted,34,587,38,315.05,2.19,left,left,False,True
assisted-1013,assisted,35,586,38,337.63,0.24,straight,straight,False,True
assisted-1013,assisted,36,588,38,297.23,0.7,right,right,False,True
assisted-1013,assisted,37,587,38,280.11,0.32,straight,straight,False,True
assisted-1013,assisted,38,587,38,290.91,0.22,straight,straight,False,True
assisted-1013,assisted,39,587,38,384.06,0.17,straight,straight,False,True
assisted-1013,assisted,40,587,38,414.53,0.12,straight,straight,False,True
assisted-1013,assisted,41,587,38,340.28,0.1,straight,straight,False,True
assisted-1013,assisted,42,596,38,325.93,64.07,right,right,False,True
assisted-1013,assisted,43,595,38,297.45,35.09,right,right,False,True
assisted-1013,assisted,44,596,38,404.72,14.22,left,left,False,True
assisted-1013,assisted,45,595,38,395.51,14.37,straight,straight,False,True
assisted-1013,assisted,46,595,38,446.22,5.33,right,right,False,True
assisted-1013,assisted,47,593,38,319.45,5.0,left,left,False,True
assisted-1013,assisted,48,593,38,296.96,0.9,straight,straight,False,True
assisted-1013,assisted,49,592,38,350.65,0.57,right,right,False,True
assisted-1013,assisted,50,592,38,315.3,0.65,left,left,False,True
assisted-1013,assisted,51,592,38,345.99,0.21,straight,straight,False,True
assisted-1013,assisted,52,592,38,340.39,0.35,right,right,False,True
assisted-1013,assisted,53,592,38,275.73,0.25,straight,straight,False,True
assisted-1013,assisted,54,592,38,324.86,0.12,straight,straight,False,True
assisted-1013,assisted,55,592,38,384.55,0.12,straight,straight,False,True
assisted-1013,assisted,56,602,38,320.62,121.65,right,right,False,True
assisted-1013,assisted,57,602,38,350.03,110.12,straight,straight,False,True
assisted-1013,assisted,58,602,38,413.23,77.83,right,right,False,True
assisted-1013,assisted,59,602,38,476.91,48.33,left,left,False,True
assisted-1013,assisted,60,602,38,298.45,37.9,straight,straight,False,True
assisted-1013,assisted,61,602,38,380.13,13.74,right,right,False,True
assisted-1013,assisted,62,602,38,387.6,12.83,left,left,False,True
assisted-1013,assisted,63,600,38,311.12,3.24,straight,straight,False,True
assisted-1013,assisted,64,600,38,314.2,1.8,right,right,False,True
assisted-1013,assisted,65,599,38,385.39,1.24,left,left,False,True
assisted-1013,assisted,66,600,38,314.79,0.24,straight,straight,False,True
assisted-1013,assisted,67,604,38,371.09,0.17,right,right,False,True
assisted-1013,assisted,68,604,38,292.69,0.16,left,left,False,True
assisted-1013,assisted,69,609,38,425.79,2.07,right,right,False,True
assisted-1013,assisted,70,609,38,427.15,0.1,straight,straight,False,True
assisted-1013,assisted,71,610,38,331.78,0.2,straight,straight,False,True
assisted-1013,assisted,72,616,38,368.51,0.82,right,right,False,True
assisted-1013,assisted,73,614,38,369.98,0.32,right,right,False,True
assisted-1013,assisted,74,617,38,432.04,0.18,left,left,False,True
assisted-1013,assisted,75,612,38,303.03,0.53,straight,straight,False,True
assisted-1013,assisted,76,612,38,343.45,0.28,right,right,False,True
assisted-1013,assisted,77,611,38,337.93,0.08,left,left,False,True
assisted-1013,assisted,78,610,38,394.62,0.11,right,right,False,True
assisted-1008,assisted,1,563,38,510.91,0.74,left,left,False,True
assisted-1008,assisted,2,563,38,312.76,0.5,straight,straight,False,True
assisted-1008,assisted,3,563,38,353.48,0.22,left,left,False,True
assisted-1008,assisted,4,563,38,324.5,0.13,straight,straight,False,True
assisted-1008,assisted,5,563,38,334.35,0.4,straight,straight,False,True
assisted-1008,assisted,6,564,38,337.52,0.25,straight,straight,False,True
assisted-1008,assisted,7,568,38,347.43,0.08,straight,straight,False,True
assisted-1008,assisted,8,576,38,270.33,0.34,left,left,False,True
assisted-1008,assisted,9,577,38,336.98,0.09,left,left,False,True
assisted-1008,assisted,10,575,38,361.36,0.15,straight,straight,False,True
assisted-1008,assisted,11,571,38,340.11,0.35,right,right,False,True
assisted-1008,assisted,12,571,38,325.05,0.09,straight,straight,False,True
assisted-1008,assisted,13,577,38,306.05,0.8,left,left,False,True
assisted-1008,assisted,14,575,38,359.17,0.38,straight,straight,False,True
assisted-1008,assisted,15,574,38,272.28,0.15,left,left,False,True
assisted-1008,assisted,16,574,38,388.0,0.14,straight,straight,False,True
assisted-1008,assisted,17,574,38,396.48,0.12,straight,straight,False,True
assisted-1008,assisted,18,574,38,818.6,0.1,straight,straight,False,True
assisted-1008,assisted,19,583,38,348.36,12.58,right,right,False,True
assisted-1008,assisted,20,583,38,342.16,7.64,straight,straight,False,True
assisted-1008,assisted,21,581,38,312.92,3.6,right,right,False,True
assisted-1008,assisted,22,581,38,373.0,1.89,left,left,False,True
assisted-1008,assisted,23,580,38,379.53,0.68,straight,straight,False,True
assisted-1008,assisted,24,580,38,410.12,0.39,right,right,False,True
assisted-1008,assisted,25,580,38,370.24,0.32,left,left,False,True
assisted-1008,assisted,26,580,38,278.57,0.27,straight,straight,False,True
assisted-1008,assisted,27,580,38,320.37,0.17,right,right,False,True
assisted-1008,assisted,28,580,38,359.28,0.1,straight,straight,False,True
assisted-1008,assisted,29,580,38,335.21,0.06,straight,straight,False,True
assisted-1008,assisted,30,586,38,412.9,0.13,right,right,False,True
assisted-1008,assisted,31,586,38,371.25,0.23,right,right,False,True
assisted-1008,assisted,32,595,38,351.43,0.87,straight,straight,False,True
assisted-1008,assisted,33,594,38,398.79,0.51,straight,straight,False,True
assisted-1008,assisted,34,592,38,344.11,0.79,straight,straight,False,True
assisted-1008,assisted,35,592,38,289.99,0.25,straight,straight,False,True
assisted-1008,assisted,36,592,38,621.77,0.33,right,right,False,True
assisted-1008,assisted,37,592,38,537.25,0.11,left,left,False,True
assisted-1008,assisted,38,592,38,373.78,0.08,straight,straight,False,True
assisted-1008,assisted,39,592,38,318.05,0.08,straight,straight,False,True
assisted-1008,assisted,40,602,38,397.72,0.73,left,left,False,True
assisted-1008,assisted,41,602,38,336.33,0.27,straight,straight,False,True
assisted-1008,assisted,42,601,38,1278.38,0.32,left,left,False,True
assisted-1008,assisted,43,600,38,277.51,0.71,straight,straight,False,True
assisted-1008,assisted,44,598,38,292.05,0.31,straight,straight,False,True
assisted-1008,assisted,45,598,38,405.01,0.42,straight,straight,False,True
assisted-1008,assisted,46,598,38,295.76,0.29,straight,straight,False,True
assisted-1008,assisted,47,598,38,424.07,0.22,straight,straight,False,True
assisted-1008,assisted,48,598,38,371.51,0.1,straight,straight,False,True
assisted-1008,assisted,49,598,38,400.57,0.09,straight,straight,False,True
assisted-1008,assisted,50,598,38,300.17,0.09,straight,straight,False,True
assisted-1008,assisted,51,605,38,283.71,0.21,left,left,False,True
assisted-1008,assisted,52,605,38,365.75,0.25,left,left,False,True
assisted-1008,assisted,53,606,38,292.59,0.17,straight,straight,False,True
assisted-1008,assisted,54,606,38,353.52,0.11,straight,straight,False,True
assisted-1008,assisted,55,606,38,383.22,0.15,straight,straight,False,True
assisted-1008,assisted,56,604,38,365.44,0.09,straight,straight,False,True
unassisted-1015,unassisted,1,587,38,286.33,0.95,straight,straight,False,True
unassisted-1015,unassisted,2,587,38,410.66,0.45,straight,straight,False,True
unassisted-1015,unassisted,3,587,38,370.14,0.54,straight,straight,False,True
unassisted-1015,unassisted,4,587,38,364.43,0.17,straight,straight,False,True
unassisted-1015,unassisted,5,587,38,433.53,0.37,left,left,False,True
unassisted-1015,unassisted,6,587,38,278.07,0.26,straight,straight,False,True
unassisted-1015,unassisted,7,587,38,335.82,0.3,straight,straight,False,True
unassisted-1015,unassisted,8,587,38,364.79,0.08,straight,straight,False,True
unassisted-1015,unassisted,9,593,38,327.47,3.9,straight,straight,False,False
unassisted-1015,unassisted,10,593,38,308.58,4.99,right,right,False,False
unassisted-1015,unassisted,11,594,38,364.95,3.98,right,right,False,True
unassisted-1015,unassisted,12,594,38,349.09,3.93,straight,straight,False,True
unassisted-1015,unassisted,13,594,38,318.97,4.87,straight,straight,False,True
unassisted-1015,unassisted,14,594,38,313.01,2.69,straight,straight,False,True
unassisted-1015,unassisted,15,594,38,290.85,2.14,straight,straight,False,True
unassisted-1015,unassisted,16,594,38,453.04,1.1,straight,straight,False,True
unassisted-1015,unassisted,17,594,38,305.52,0.39,straight,straight,False,True
unassisted-1015,unassisted,18,594,38,343.24,0.23,straight,straight,False,True
unassisted-1015,unassisted,19,596,38,312.52,0.42,right,right,False,True
unassisted-1015,unassisted,20,596,38,357.78,0.19,straight,straight,False,True
unassisted-1015,unassisted,21,596,38,316.05,0.14,straight,straight,False,True
unassisted-1015,unassisted,22,596,38,284.0,0.11,straight,straight,False,True
unassisted-1015,unassisted,23,596,38,409.57,0.2,straight,straight,False,True
unassisted-1015,unassisted,24,602,38,291.19,0.21,straight,straight,False,True
unassisted-1015,unassisted,25,602,38,327.61,0.15,straight,straight,False,True
unassisted-1015,unassisted,26,602,38,291.19,0.08,straight,straight,False,True
unassisted-1015,unassisted,27,603,38,335.15,0.07,straight,straight,False,True
unassisted-1015,unassisted,28,612,38,308.47,0.1,right,right,False,True
unassisted-1015,unassisted,29,611,38,332.26,0.19,left,left,False,True
unassisted-1015,unassisted,30,618,38,379.25,0.16,left,left,False,False
unassisted-1015,unassisted,31,620,38,349.58,0.11,straight,straight,False,True
unassisted-1015,unassisted,32,624,38,322.24,0.29,left,left,False,True
unassisted-1015,unassisted,33,624,38,346.05,0.13,straight,straight,False,True
unassisted-1015,unassisted,34,623,38,389.59,0.25,left,left,False,True
unassisted-1015,unassisted,35,621,38,393.82,0.09,straight,straight,False,True
unassisted-1015,unassisted,36,620,38,432.74,0.22,right,right,False,True
unassisted-1015,unassisted,37,626,38,385.32,0.62,straight,straight,False,True
unassisted-1015,unassisted,38,625,38,337.8,0.32,straight,straight,False,True
unassisted-1015,unassisted,39,624,38,308.16,0.18,straight,straight,False,True
unassisted-1015,unassisted,40,622,38,359.22,0.17,straight,straight,False,False
unassisted-1015,unassisted,41,620,38,367.37,0.3,straight,straight,False,False
unassisted-1015,unassisted,42,619,38,280.61,0.64,straight,straight,False,False
unassisted-1015,unassisted,43,619,38,577.56,0.46,straight,straight,False,False
unassisted-1015,unassisted,44,619,38,322.9,0.53,straight,straight,False,False
unassisted-1015,unassisted,45,619,38,334.39,0.82,right,right,False,True
unassisted-1015,unassisted,46,620,38,307.78,0.21,right,right,False,True
unassisted-1015,unassisted,47,621,38,406.55,0.29,straight,straight,False,True
unassisted-1015,unassisted,48,621,38,289.37,0.4,straight,straight,False,True
unassisted-1015,unassisted,49,621,38,298.82,0.38,straight,straight,False,True
unassisted-1015,unassisted,50,621,38,316.91,0.1,straight,straight,False,True
unassisted-1015,unassisted,51,621,38,376.93,0.13,straight,straight,False,False
unassisted-1015,unassisted,52,621,38,306.92,0.12,straight,straight,False,False
unassisted-1015,unassisted,53,621,38,427.4,0.6,straight,straight,False,False
unassisted-1015,unassisted,54,621,38,357.2,0.18,straight,straight,False,False
unassisted-1015,unassisted,55,622,38,322.14,0.28,straight,straight,False,False
unassisted-1015,unassisted,56,625,38,282.28,0.61,straight,straight,False,False
unassisted-1015,unassisted,57,626,38,325.17,0.4,straight,straight,False,False
verified-1004,verified,1,562,38,359.61,1.95,left,left,False,True
verified-1004,verified,2,562,38,340.91,2.27,left,left,False,True
verified-1004,verified,3,562,38,350.29,0.31,straight,straight,False,True
verified-1004,verified,4,562,38,445.53,0.16,right,right,False,True
verified-1004,verified,5,562,38,324.79,0.13,left,left,False,True
verified-1004,verified,6,563,38,371.85,0.23,right,right,False,True
verified-1004,verified,7,563,38,287.69,0.12,straight,straight,False,True
verified-1004,verified,8,571,38,305.61,0.4,right,right,False,True
verified-1004,verified,9,568,38,312.06,0.4,straight,straight,False,True
verified-1004,verified,10,568,38,374.63,0.42,right,right,False,True
verified-1004,verified,11,568,38,660.55,0.27,left,left,False,True
verified-1004,verified,12,568,38,319.77,0.16,straight,straight,False,True
verified-1004,verified,13,568,38,339.34,0.1,straight,straight,False,True
verified-1004,verified,14,568,38,317.8,0.08,straight,straight,False,True
verified-1004,verified,15,568,38,988.84,0.09,straight,straight,False,True
verified-1004,verified,16,579,38,358.93,48.34,right,right,False,True
verified-1004,verified,17,579,38,366.46,114.86,straight,straight,False,True
verified-1004,verified,18,579,38,333.38,18.4,straight,straight,False,True
verified-1004,verified,19,579,38,393.88,8.16,right,right,False,True
verified-1004,verified,20,579,38,278.37,4.9,left,left,False,True
verified-1004,verified,21,579,38,337.85,2.88,straight,straight,False,True
verified-1004,verified,22,579,38,322.64,1.43,right,right,False,True
verified-1004,verified,23,579,38,310.68,1.98,left,left,False,True
verified-1004,verified,24,578,38,304.7,0.63,straight,straight,False,True
verified-1004,verified,25,582,38,367.26,0.18,right,right,False,True
verified-1004,verified,26,581,38,282.25,0.7,left,left,False,True
verified-1004,verified,27,586,38,520.29,0.31,right,right,False,True
verified-1004,verified,28,586,38,276.68,0.38,straight,straight,False,True
verified-1004,verified,29,587,38,332.38,0.09,straight,straight,False,True
verified-1004,verified,30,587,38,400.77,0.11,straight,straight,False,True
verified-1004,verified,31,588,38,314.05,0.08,straight,straight,False,True
verified-1004,verified,32,592,38,349.0,0.07,straight,straight,False,True
verified-1004,verified,33,601,38,316.02,0.12,right,right,False,True
verified-1004,verified,34,599,38,354.53,0.37,straight,straight,False,True
verified-1004,verified,35,596,38,309.52,0.18,straight,straight,False,True
verified-1004,verified,36,596,38,361.37,0.12,straight,straight,False,True
verified-1004,verified,37,596,38,324.39,0.13,straight,straight,False,True
verified-1004,verified,38,595,38,345.07,0.1,straight,straight,False,True
verified-1004,verified,39,594,38,321.16,0.33,straight,straight,False,True
verified-1004,verified,40,593,38,295.33,0.07,straight,straight,False,True
verified-1004,verified,41,601,38,291.08,2.24,straight,straight,False,True
verified-1004,verified,42,599,38,378.21,23.72,straight,straight,False,True
verified-1004,verified,43,599,38,315.51,0.24,right,right,False,True
verified-1004,verified,44,596,38,328.66,0.28,left,left,False,True
verified-1004,verified,45,600,38,344.21,0.48,right,right,False,True
verified-1004,verified,46,594,38,337.83,0.18,straight,straight,False,True
verified-1004,verified,47,593,38,338.63,0.12,straight,straight,False,True
verified-1004,verified,48,592,38,342.07,0.25,straight,straight,False,True
verified-1004,verified,49,591,38,287.25,0.12,straight,straight,False,True
verified-1004,verified,50,590,38,320.96,0.06,straight,straight,False,True
verified-1004,verified,51,596,38,346.02,0.19,right,right,False,True
verified-1004,verified,52,593,38,308.95,0.33,straight,straight,False,True
verified-1004,verified,53,592,38,338.88,0.23,straight,straight,False,True
verified-1004,verified,54,592,38,393.76,0.28,straight,straight,False,True
verified-1004,verified,55,592,38,369.84,0.07,straight,straight,False,True
verified-1004,verified,56,592,38,363.47,0.08,straight,straight,False,True
verified-1004,verified,57,601,38,325.76,4.04,right,right,False,True
verified-1004,verified,58,599,38,323.83,1.67,right,right,False,True
verified-1004,verified,59,600,38,301.41,0.41,left,left,False,True
verified-1004,verified,60,598,38,426.5,0.52,straight,straight,False,True
verified-1004,verified,61,598,38,338.02,0.25,right,right,False,True
verified-1004,verified,62,598,38,343.81,0.2,left,left,False,True
verified-1004,verified,63,598,38,366.97,0.33,right,right,False,True
verified-1004,verified,64,598,38,326.21,0.89,straight,straight,False,True
verified-1004,verified,65,598,38,315.16,0.12,straight,straight,False,True
verified-1004,verified,66,598,38,298.22,0.1,straight,straight,False,True
verified-1004,verified,67,608,38,368.69,3.66,right,right,False,True
verified-1004,verified,68,606,38,322.79,1.09,straight,straight,False,True
verified-1004,verified,69,606,38,344.15,1.01,straight,straight,False,True
verified-1004,verified,70,606,38,474.34,0.76,right,right,False,True
verified-1004,verified,71,604,38,454.94,0.5,left,left,False,True
verified-1004,verified,72,604,38,1055.59,0.39,straight,straight,False,True
verified-1004,verified,73,604,38,510.39,0.22,right,right,False,True
verified-1004,verified,74,604,38,562.42,0.09,left,left,False,True
verified-1004,verified,75,604,38,437.67,0.59,straight,straight,False,True
verified-1004,verified,76,604,38,338.39,0.49,right,right,False,True
assisted-1005,assisted,1,563,38,312.88,0.34,left,left,False,True
assisted-1005,assisted,2,563,38,306.5,0.31,left,left,False,True
assisted-1005,assisted,3,563,38,348.59,0.28,left,left,False,True
assisted-1005,assisted,4,563,38,337.8,0.18,right,right,False,True
assisted-1005,assisted,5,563,38,329.92,0.13,straight,straight,False,True
assisted-1005,assisted,6,564,38,315.03,0.06,straight,straight,False,True
assisted-1005,assisted,7,573,38,297.21,0.41,left,left,False,True
assisted-1005,assisted,8,573,38,352.56,0.35,straight,straight,False,True
assisted-1005,assisted,9,574,38,331.28,0.15,left,left,False,True
assisted-1005,assisted,10,571,38,295.21,0.15,straight,straight,False,True
assisted-1005,assisted,11,579,38,383.21,0.23,right,right,False,True
assisted-1005,assisted,12,579,38,324.78,0.18,right,right,False,True
assisted-1005,assisted,13,581,38,342.99,0.16,left,left,False,True
assisted-1005,assisted,14,582,38,409.77,0.14,right,right,False,True
assisted-1005,assisted,15,586,38,330.42,0.07,straight,straight,False,True
assisted-1005,assisted,16,595,38,356.53,0.25,left,left,False,True
assisted-1005,assisted,17,600,38,304.1,0.04,left,left,False,True
assisted-1005,assisted,18,601,38,279.65,0.05,straight,straight,False,True
assisted-1005,assisted,19,597,38,318.94,0.05,straight,straight,False,True
assisted-1005,assisted,20,603,38,325.4,0.71,straight,straight,False,True
assisted-1005,assisted,21,603,38,280.2,0.32,left,left,False,True
assisted-1005,assisted,22,599,38,323.76,0.41,straight,straight,False,True
assisted-1005,assisted,23,594,38,298.94,0.31,straight,straight,False,True
assisted-1005,assisted,24,592,38,282.04,0.19,right,right,False,True
assisted-1005,assisted,25,590,38,389.93,0.13,left,left,False,True
assisted-1005,assisted,26,589,38,357.2,0.15,straight,straight,False,True
assisted-1005,assisted,27,588,38,389.52,0.15,straight,straight,False,True
assisted-1005,assisted,28,587,38,342.34,0.09,straight,straight,False,True
assisted-1005,assisted,29,593,38,294.73,0.92,straight,straight,False,True
assisted-1005,assisted,30,592,38,346.35,0.15,left,left,False,True
assisted-1005,assisted,31,592,38,395.02,0.1,straight,straight,False,True
assisted-1005,assisted,32,601,38,311.96,20.61,left,left,False,True
assisted-1005,assisted,33,601,38,286.4,7.75,left,left,False,True
assisted-1005,assisted,34,602,38,304.24,0.81,right,right,False,True
assisted-1005,assisted,35,601,38,294.96,2.12,straight,straight,False,True
assisted-1005,assisted,36,598,38,301.73,1.41,left,left,False,True
assisted-1005,assisted,37,598,38,381.92,0.72,straight,straight,False,True
assisted-1005,assisted,38,598,38,341.03,0.2,straight,straight,False,True
assisted-1005,assisted,39,598,38,317.55,0.16,right,right,False,True
assisted-1005,assisted,40,598,38,314.66,0.26,left,left,False,True
assisted-1005,assisted,41,598,38,293.4,0.13,right,right,False,True
assisted-1005,assisted,42,598,38,314.99,0.14,straight,straight,False,True
assisted-1005,assisted,43,609,38,389.5,116.04,right,right,False,True
assisted-1005,assisted,44,609,38,348.17,82.13,straight,straight,False,True
assisted-1005,assisted,45,609,38,342.18,35.17,right,right,False,True
assisted-1005,assisted,46,609,38,312.78,6.08,left,left,False,True
assisted-1005,assisted,47,608,38,379.0,7.61,straight,straight,False,True
assisted-1005,assisted,48,606,38,329.27,2.83,right,right,False,True
assisted-1005,assisted,49,606,38,333.95,3.24,left,left,False,True
assisted-1005,assisted,50,605,38,341.58,0.98,straight,straight,False,True
assisted-1005,assisted,51,606,38,346.93,0.3,right,right,False,True
assisted-1005,assisted,52,606,38,316.77,0.62,left,left,False,True
assisted-1005,assisted,53,610,38,338.15,0.09,straight,straight,False,True
assisted-1005,assisted,54,614,38,301.02,2.0,right,right,False,True
assisted-1005,assisted,55,614,38,342.71,0.1,straight,straight,False,True
assisted-1005,assisted,56,615,38,334.97,0.1,straight,straight,False,True
assisted-1012,assisted,1,562,38,339.68,0.47,left,left,False,True
assisted-1012,assisted,2,562,38,382.25,0.14,left,left,False,True
assisted-1012,assisted,3,562,38,293.18,0.21,right,right,False,True
assisted-1012,assisted,4,562,38,485.82,0.39,straight,straight,False,True
assisted-1012,assisted,5,568,38,395.43,0.21,right,right,False,True
assisted-1012,assisted,6,568,38,404.1,0.3,straight,straight,False,True
assisted-1012,assisted,7,568,38,268.44,0.13,straight,straight,False,True
assisted-1012,assisted,8,568,38,324.71,0.13,right,right,False,True
assisted-1012,assisted,9,568,38,335.86,0.15,left,left,False,True
assisted-1012,assisted,10,574,38,365.43,0.14,left,left,False,True
assisted-1012,assisted,11,576,38,399.78,0.09,straight,straight,False,True
assisted-1012,assisted,12,574,38,314.76,0.23,straight,straight,False,True
assisted-1012,assisted,13,581,38,347.4,0.48,left,left,False,True
assisted-1012,assisted,14,580,38,354.94,0.26,straight,straight,False,True
assisted-1012,assisted,15,580,38,283.86,0.2,straight,straight,False,True
assisted-1012,assisted,16,580,38,488.86,0.16,straight,straight,False,True
assisted-1012,assisted,17,580,38,340.58,0.09,straight,straight,False,True
assisted-1012,assisted,18,580,38,332.48,0.11,straight,straight,False,True
assisted-1012,assisted,19,590,38,304.71,6.84,left,left,False,True
assisted-1012,assisted,20,590,38,331.4,7.06,left,left,False,True
assisted-1012,assisted,21,588,38,370.43,3.76,straight,straight,False,True
assisted-1012,assisted,22,588,38,314.12,0.67,straight,straight,False,True
assisted-1012,assisted,23,586,38,323.63,0.6,right,right,False,True
assisted-1012,assisted,24,586,38,355.21,0.46,left,left,False,True
assisted-1012,assisted,25,586,38,318.07,0.19,straight,straight,False,True
assisted-1012,assisted,26,586,38,437.5,0.25,right,right,False,True
assisted-1012,assisted,27,586,38,321.71,0.11,straight,straight,False,True
assisted-1012,assisted,28,586,38,383.55,0.1,straight,straight,False,True
assisted-1012,assisted,29,586,38,292.2,0.06,straight,straight,False,True
assisted-1012,assisted,30,592,38,368.55,0.19,left,left,False,True
assisted-1012,assisted,31,592,38,369.27,0.08,straight,straight,False,True
assisted-1012,assisted,32,592,38,326.87,0.2,straight,straight,False,True
assisted-1012,assisted,33,592,38,350.71,0.1,straight,straight,False,True
assisted-1012,assisted,34,602,38,295.88,30.05,left,left,False,True
assisted-1012,assisted,35,602,38,346.44,26.86,left,left,False,True
assisted-1012,assisted,36,602,38,369.11,63.31,straight,straight,False,True
assisted-1012,assisted,37,602,38,339.14,23.73,straight,straight,False,True
assisted-1012,assisted,38,602,38,391.8,3.9,right,right,False,True
assisted-1012,assisted,39,599,38,310.69,2.81,left,left,False,True
assisted-1012,assisted,40,599,38,315.05,2.37,straight,straight,False,True
assisted-1012,assisted,41,598,38,411.68,0.67,right,right,False,True
assisted-1012,assisted,42,598,38,492.61,4.54,left,left,False,True
assisted-1012,assisted,43,598,38,457.02,0.49,straight,straight,False,True
assisted-1012,assisted,44,598,38,402.55,0.1,right,right,False,True
assisted-1012,assisted,45,598,38,501.97,0.15,left,left,False,True
assisted-1012,assisted,46,598,38,449.68,0.26,right,right,False,True
assisted-1012,assisted,47,598,38,586.68,0.13,straight,straight,False,True
assisted-1012,assisted,48,607,38,345.43,5.01,right,right,False,True
assisted-1012,assisted,49,607,38,378.36,3.55,straight,straight,False,True
assisted-1012,assisted,50,605,38,418.23,0.69,right,right,False,True
assisted-1012,assisted,51,606,38,475.94,0.44,left,left,False,True
assisted-1012,assisted,52,605,38,290.44,1.51,right,right,False,True
assisted-1012,assisted,53,604,38,306.9,0.27,straight,straight,False,True
assisted-1012,assisted,54,604,38,354.27,0.57,straight,straight,False,True
assisted-1012,assisted,55,604,38,358.84,0.28,straight,straight,False,True
assisted-1012,assisted,56,604,38,354.96,0.1,straight,straight,False,True
assisted-1012,assisted,57,604,38,373.82,0.08,straight,straight,False,True
assisted-1012,assisted,58,604,38,278.78,0.15,straight,straight,False,True
unassisted-1002,unassisted,1,588,38,297.47,0.41,straight,straight,False,False
unassisted-1002,unassisted,2,588,38,328.92,0.69,straight,straight,False,False
unassisted-1002,unassisted,3,588,38,387.78,0.97,straight,straight,False,False
unassisted-1002,unassisted,4,588,38,458.88,0.98,straight,straight,False,False
unassisted-1002,unassisted,5,588,38,405.02,1.16,straight,straight,False,False
unassisted-1002,unassisted,6,588,38,359.49,1.36,straight,straight,False,False
unassisted-1002,unassisted,7,588,38,344.48,1.81,left,left,False,True
unassisted-1002,unassisted,8,588,38,457.27,0.45,straight,straight,False,True
unassisted-1002,unassisted,9,588,38,323.12,0.3,left,left,False,True
unassisted-1002,unassisted,10,588,38,412.12,0.66,straight,straight,False,True
unassisted-1002,unassisted,11,590,38,408.09,3.33,straight,straight,False,True
unassisted-1002,unassisted,12,590,38,504.95,0.63,straight,straight,False,True
unassisted-1002,unassisted,13,590,38,455.28,0.59,straight,straight,False,True
unassisted-1002,unassisted,14,590,38,655.93,0.23,straight,straight,False,True
unassisted-1002,unassisted,15,590,38,461.82,1.31,straight,straight,False,True
unassisted-1002,unassisted,16,590,38,424.57,0.21,straight,straight,False,True
unassisted-1002,unassisted,17,590,38,435.87,0.23,straight,straight,False,True
unassisted-1002,unassisted,18,591,38,379.78,0.68,straight,straight,False,True
unassisted-1002,unassisted,19,594,38,493.13,0.06,straight,straight,False,True
unassisted-1002,unassisted,20,599,38,389.22,2.03,left,left,False,False
unassisted-1002,unassisted,21,600,38,384.29,0.53,left,left,False,True
unassisted-1002,unassisted,22,600,38,320.6,0.24,straight,straight,False,True
unassisted-1002,unassisted,23,597,38,349.94,0.36,straight,straight,False,False
unassisted-1002,unassisted,24,596,38,403.64,0.56,straight,straight,False,False
unassisted-1002,unassisted,25,595,38,298.58,0.58,straight,straight,False,False
unassisted-1002,unassisted,26,594,38,347.23,0.95,straight,straight,False,False
unassisted-1002,unassisted,27,594,38,287.49,1.45,straight,straight,False,False
unassisted-1002,unassisted,28,594,38,456.43,4.36,straight,straight,False,False
unassisted-1002,unassisted,29,594,38,642.14,4.14,straight,straight,False,False
unassisted-1002,unassisted,30,595,38,318.43,3.82,straight,straight,False,False
unassisted-1002,unassisted,31,595,38,418.98,3.02,straight,straight,False,False
unassisted-1002,unassisted,32,595,38,304.56,4.44,right,right,False,False
unassisted-1002,unassisted,33,595,38,375.51,6.48,straight,straight,False,False
unassisted-1002,unassisted,34,595,38,311.07,7.24,straight,straight,False,False
unassisted-1002,unassisted,35,595,38,317.89,6.44,straight,straight,False,False
unassisted-1002,unassisted,36,596,38,520.14,10.55,straight,straight,False,False
unassisted-1002,unassisted,37,599,38,409.42,11.81,right,right,False,True
unassisted-1002,unassisted,38,599,38,367.78,21.34,straight,straight,False,True
unassisted-1002,unassisted,39,600,38,286.07,26.52,straight,straight,False,True
unassisted-1002,unassisted,40,601,38,292.18,9.66,right,right,False,True
unassisted-1002,unassisted,41,598,38,320.34,7.17,straight,straight,False,True
unassisted-1002,unassisted,42,597,38,346.12,6.4,straight,straight,False,True
unassisted-1002,unassisted,43,596,38,280.0,6.31,straight,straight,False,True
unassisted-1002,unassisted,44,595,38,306.0,4.22,straight,straight,False,True
unassisted-1002,unassisted,45,595,38,452.53,3.09,straight,straight,False,True
unassisted-1002,unassisted,46,595,38,400.61,1.64,straight,straight,False,True
unassisted-1002,unassisted,47,595,38,310.3,1.98,straight,straight,False,True
unassisted-1002,unassisted,48,595,38,381.79,0.53,straight,straight,False,True
unassisted-1002,unassisted,49,595,38,448.09,0.33,straight,straight,False,True
unassisted-1002,unassisted,50,595,38,320.37,0.25,right,right,False,False
unassisted-1002,unassisted,51,595,38,308.23,0.69,right,right,False,True
unassisted-1002,unassisted,52,595,38,302.25,0.87,straight,straight,False,False
unassisted-1002,unassisted,53,595,38,320.77,0.89,straight,straight,False,False
unassisted-1002,unassisted,54,595,38,394.36,2.96,straight,straight,False,False
unassisted-1002,unassisted,55,595,38,401.95,3.07,straight,straight,False,False
unassisted-1002,unassisted,56,595,38,273.21,5.53,straight,straight,False,False
unassisted-1002,unassisted,57,595,38,335.77,5.99,straight,straight,False,False
unassisted-1002,unassisted,58,595,38,278.49,6.83,straight,straight,False,False
unassisted-1002,unassisted,59,595,38,346.59,9.57,straight,straight,False,False
unassisted-1002,unassisted,60,596,38,514.55,8.49,straight,straight,False,False
unassisted-1002,unassisted,61,599,38,398.46,11.16,straight,straight,False,False
unassisted-1002,unassisted,62,600,38,364.54,6.77,right,right,False,True
unassisted-1002,unassisted,63,601,38,356.76,6.02,straight,straight,False,True
unassisted-1002,unassisted,64,602,38,492.73,3.41,straight,straight,False,True
unassisted-1002,unassisted,65,602,38,406.21,4.32,straight,straight,False,True
unassisted-1002,unassisted,66,602,38,332.39,2.67,straight,straight,False,True
unassisted-1002,unassisted,67,602,38,300.0,1.41,straight,straight,False,True
unassisted-1002,unassisted,68,602,38,316.75,0.55,straight,straight,False,True
unassisted-1002,unassisted,69,603,38,370.37,0.51,straight,straight,False,False
assisted-1006,assisted,1,562,38,481.21,0.16,left,left,False,True
assisted-1006,assisted,2,562,38,436.52,0.19,left,left,False,True
assisted-1006,assisted,3,570,38,329.72,2.15,right,right,False,True
assisted-1006,assisted,4,569,38,313.56,0.59,straight,straight,False,True
assisted-1006,assisted,5,568,38,338.59,0.22,right,right,False,True
assisted-1006,assisted,6,568,38,320.23,0.51,left,left,False,True
assisted-1006,assisted,7,568,38,309.81,0.58,right,right,False,True
assisted-1006,assisted,8,568,38,307.73,0.2,straight,straight,False,True
assisted-1006,assisted,9,568,38,388.87,0.11,straight,straight,False,True
assisted-1006,assisted,10,568,38,389.39,0.11,straight,straight,False,True
assisted-1006,assisted,11,568,38,383.0,0.1,straight,straight,False,True
assisted-1006,assisted,12,574,38,303.36,0.16,right,right,False,True
assisted-1006,assisted,13,574,38,292.35,2.46,right,right,False,True
assisted-1006,assisted,14,576,38,306.81,0.13,straight,straight,False,True
assisted-1006,assisted,15,574,38,329.46,0.1,straight,straight,False,True
assisted-1006,assisted,16,574,38,357.04,0.09,straight,straight,False,True
assisted-1006,assisted,17,584,38,306.63,8.53,left,left,False,True
assisted-1006,assisted,18,584,38,356.67,8.18,straight,straight,False,True
assisted-1006,assisted,19,584,38,326.74,7.49,straight,straight,False,True
assisted-1006,assisted,20,582,38,428.25,4.4,right,right,False,True
assisted-1006,assisted,21,582,38,374.35,2.39,left,left,False,True
assisted-1006,assisted,22,581,38,404.32,0.97,straight,straight,False,True
assisted-1006,assisted,23,581,38,311.64,1.18,right,right,False,True
assisted-1006,assisted,24,581,38,305.18,0.17,left,left,False,True
assisted-1006,assisted,25,582,38,320.38,0.38,straight,straight,False,True
assisted-1006,assisted,26,586,38,412.33,0.1,right,right,False,True
assisted-1006,assisted,27,586,38,554.45,0.14,left,left,False,True
assisted-1006,assisted,28,590,38,526.0,0.12,right,right,False,True
assisted-1006,assisted,29,599,38,375.15,184.46,right,right,False,True
assisted-1006,assisted,30,599,38,358.81,41.44,straight,straight,False,True
assisted-1006,assisted,31,595,38,518.25,43.42,straight,straight,False,True
assisted-1006,assisted,32,595,38,318.88,37.29,right,right,False,True
assisted-1006,assisted,33,593,38,307.44,39.65,left,left,False,True
assisted-1006,assisted,34,592,38,600.45,12.02,straight,straight,False,True
assisted-1006,assisted,35,591,38,319.94,5.37,right,right,False,True
assisted-1006,assisted,36,590,38,331.35,5.27,left,left,False,True
assisted-1006,assisted,37,587,38,426.89,0.99,straight,straight,False,True
assisted-1006,assisted,38,587,38,329.82,0.4,right,right,False,True
assisted-1006,assisted,39,586,38,553.06,0.7,left,left,False,True
assisted-1006,assisted,40,587,38,453.56,0.55,right,right,False,True
assisted-1006,assisted,41,586,38,410.43,0.31,straight,straight,False,True
assisted-1006,assisted,42,586,38,290.36,0.2,straight,straight,False,True
assisted-1006,assisted,43,586,38,347.55,0.34,straight,straight,False,True
assisted-1006,assisted,44,586,38,340.0,0.13,straight,straight,False,True
assisted-1006,assisted,45,586,38,284.71,0.1,straight,straight,False,True
assisted-1006,assisted,46,596,38,310.87,2.37,right,right,False,True
assisted-1006,assisted,47,594,38,368.4,1.68,right,right,False,True
assisted-1006,assisted,48,594,38,325.89,1.66,left,left,False,True
assisted-1006,assisted,49,592,38,366.89,0.66,straight,straight,False,True
assisted-1006,assisted,50,592,38,304.4,0.61,right,right,False,True
assisted-1006,assisted,51,592,38,352.94,0.23,left,left,False,True
assisted-1006,assisted,52,592,38,349.34,0.37,straight,straight,False,True
assisted-1006,assisted,53,592,38,369.32,0.42,right,right,False,True
assisted-1006,assisted,54,592,38,336.18,0.1,left,left,False,True
assisted-1006,assisted,55,593,38,1124.49,0.14,right,right,False,True
assisted-1006,assisted,56,599,38,342.76,0.57,right,right,False,True
assisted-1006,assisted,57,600,38,387.16,0.15,left,left,False,True
assisted-1006,assisted,58,598,38,359.25,0.16,straight,straight,False,True
assisted-1006,assisted,59,598,38,312.91,0.12,right,right,False,True
assisted-1006,assisted,60,598,38,291.46,0.14,left,left,False,True
assisted-1006,assisted,61,607,38,434.69,286.28,right,right,False,True
assisted-1006,assisted,62,607,38,392.43,81.68,right,right,False,True
assisted-1006,assisted,63,608,38,369.98,14.11,left,left,False,True
assisted-1006,assisted,64,607,38,317.29,14.41,straight,straight,False,True
assisted-1006,assisted,65,607,38,284.72,5.04,right,right,False,True
assisted-1006,assisted,66,605,38,344.72,4.37,left,left,False,True
assisted-1006,assisted,67,605,38,386.62,0.88,straight,straight,False,True
assisted-1006,assisted,68,604,38,428.26,1.28,right,right,False,True
assisted-1006,assisted,69,604,38,321.42,0.54,left,left,False,True
assisted-1006,assisted,70,604,38,323.66,0.21,straight,straight,False,True
assisted-1006,assisted,71,607,38,273.23,3.43,right,right,False,True
assisted-1006,assisted,72,606,38,323.22,0.11,straight,straight,False,True
assisted-1006,assisted,73,606,38,445.08,0.08,straight,straight,False,True
assisted-1006,assisted,74,606,38,307.52,0.07,straight,straight,False,True
unassisted-1012,unassisted,1,587,38,326.88,0.2,straight,straight,False,False
unassisted-1012,unassisted,2,587,38,317.61,0.45,straight,straight,False,False
unassisted-1012,unassisted,3,587,38,379.54,0.74,straight,straight,False,False
unassisted-1012,unassisted,4,587,38,295.75,0.39,straight,straight,False,False
unassisted-1012,unassisted,5,587,38,282.69,1.14,straight,straight,False,False
unassisted-1012,unassisted,6,587,38,318.88,1.09,straight,straight,False,False
unassisted-1012,unassisted,7,587,38,300.68,0.74,right,right,False,False
unassisted-1012,unassisted,8,587,38,360.72,1.61,straight,straight,False,False
unassisted-1012,unassisted,9,587,38,301.8,1.49,straight,straight,False,False
unassisted-1012,unassisted,10,588,38,416.81,2.8,right,right,False,True
unassisted-1012,unassisted,11,590,38,342.54,2.66,straight,straight,False,True
unassisted-1012,unassisted,12,590,38,329.87,1.93,straight,straight,False,True
unassisted-1012,unassisted,13,590,38,327.0,0.82,right,right,False,True
unassisted-1012,unassisted,14,589,38,305.82,2.79,straight,straight,False,True
unassisted-1012,unassisted,15,589,38,297.25,0.7,straight,straight,False,True
unassisted-1012,unassisted,16,589,38,326.32,0.67,straight,straight,False,True
unassisted-1012,unassisted,17,589,38,302.24,0.26,straight,straight,False,True
unassisted-1012,unassisted,18,589,38,309.95,0.28,straight,straight,False,True
unassisted-1012,unassisted,19,589,38,299.97,0.44,straight,straight,False,False
unassisted-1012,unassisted,20,589,38,445.06,0.29,straight,straight,False,False
unassisted-1012,unassisted,21,589,38,328.09,0.77,straight,straight,False,False
unassisted-1012,unassisted,22,589,38,1163.74,0.45,left,left,False,True
unassisted-1012,unassisted,23,589,38,488.82,0.84,straight,straight,False,True
unassisted-1012,unassisted,24,589,38,340.89,0.23,straight,straight,False,True
unassisted-1012,unassisted,25,589,38,349.25,0.11,straight,straight,False,True
unassisted-1012,unassisted,26,589,38,324.73,0.1,straight,straight,False,False
unassisted-1012,unassisted,27,589,38,546.56,0.22,straight,straight,False,False
unassisted-1012,unassisted,28,590,38,391.73,0.17,straight,straight,False,False
unassisted-1012,unassisted,29,593,38,284.23,0.32,straight,straight,False,False
unassisted-1012,unassisted,30,594,38,412.32,0.33,straight,straight,False,False
verified-1012,verified,1,562,38,331.5,0.21,left,left,False,True
verified-1012,verified,2,562,38,367.77,0.2,left,left,False,True
verified-1012,verified,3,562,38,372.95,0.18,right,right,False,True
verified-1012,verified,4,562,38,380.15,0.08,straight,straight,False,True
verified-1012,verified,5,568,38,316.32,0.46,right,right,False,True
verified-1012,verified,6,568,38,297.98,0.6,straight,straight,False,True
verified-1012,verified,7,568,38,285.2,0.11,straight,straight,False,True
verified-1012,verified,8,568,38,334.33,0.33,right,right,False,True
verified-1012,verified,9,568,38,446.8,0.21,left,left,False,True
verified-1012,verified,10,574,38,312.18,0.21,left,left,False,True
verified-1012,verified,11,576,38,325.39,0.05,straight,straight,False,True
verified-1012,verified,12,574,38,323.03,0.1,straight,straight,False,True
verified-1012,verified,13,581,38,355.63,0.89,left,left,False,True
verified-1012,verified,14,580,38,370.77,0.31,straight,straight,False,True
verified-1012,verified,15,580,38,321.8,0.51,straight,straight,False,True
verified-1012,verified,16,580,38,322.85,0.15,straight,straight,False,True
verified-1012,verified,17,580,38,319.17,0.13,straight,straight,False,True
verified-1012,verified,18,580,38,317.15,0.11,straight,straight,False,True
verified-1012,verified,19,590,38,291.45,11.58,left,left,False,True
verified-1012,verified,20,590,38,337.14,6.01,left,left,False,True
verified-1012,verified,21,588,38,319.97,1.9,straight,straight,False,True
verified-1012,verified,22,588,38,433.7,2.5,straight,straight,False,True
verified-1012,verified,23,586,38,287.08,0.63,right,right,False,True
verified-1012,verified,24,586,38,282.45,0.74,left,left,False,True
verified-1012,verified,25,586,38,359.24,0.41,straight,straight,False,True
verified-1012,verified,26,586,38,454.56,0.16,right,right,False,True
verified-1012,verified,27,586,38,532.12,0.21,straight,straight,False,True
verified-1012,verified,28,586,38,421.41,0.06,straight,straight,False,True
verified-1012,verified,29,586,38,281.89,0.06,straight,straight,False,True
verified-1012,verified,30,592,38,379.94,0.52,left,left,False,True
verified-1012,verified,31,592,38,343.46,0.18,straight,straight,False,True
verified-1012,verified,32,592,38,472.92,0.16,straight,straight,False,True
verified-1012,verified,33,592,38,289.49,0.26,straight,straight,False,True
verified-1012,verified,34,602,38,346.83,40.82,left,left,False,True
verified-1012,verified,35,602,38,323.92,25.86,left,left,False,True
verified-1012,verified,36,602,38,477.81,22.27,straight,straight,False,True
verified-1012,verified,37,602,38,294.77,6.88,straight,straight,False,True
verified-1012,verified,38,602,38,305.9,4.21,right,right,False,True
verified-1012,verified,39,599,38,312.45,2.81,left,left,False,True
verified-1012,verified,40,599,38,467.17,2.1,straight,straight,False,True
verified-1012,verified,41,598,38,383.01,1.39,right,right,False,True
verified-1012,verified,42,598,38,394.18,0.6,left,left,False,True
verified-1012,verified,43,598,38,349.56,0.87,straight,straight,False,True
verified-1012,verified,44,598,38,435.56,0.2,right,right,False,True
verified-1012,verified,45,598,38,334.88,0.14,left,left,False,True
verified-1012,verified,46,598,38,412.26,0.14,right,right,False,True
verified-1012,verified,47,598,38,353.24,0.35,straight,straight,False,True
verified-1012,verified,48,607,38,407.13,3.02,right,right,False,True
verified-1012,verified,49,607,38,328.96,1.53,straight,straight,False,True
verified-1012,verified,50,605,38,439.03,0.77,right,right,False,True
verified-1012,verified,51,606,38,443.35,0.37,left,left,False,True
verified-1012,verified,52,605,38,339.04,0.49,right,right,False,True
verified-1012,verified,53,604,38,295.04,0.33,straight,straight,False,True
verified-1012,verified,54,604,38,454.84,0.17,straight,straight,False,True
verified-1012,verified,55,604,38,356.28,0.24,straight,straight,False,True
verified-1012,verified,56,604,38,380.72,0.19,straight,straight,False,True
verified-1012,verified,57,604,38,304.5,0.13,straight,straight,False,True
verified-1012,verified,58,604,38,821.11,0.07,straight,straight,False,True
verified-1002,verified,1,563,38,370.41,0.45,left,left,False,True
verified-1002,verified,2,563,38,325.86,0.41,straight,straight,False,True
verified-1002,verified,3,563,38,306.78,0.74,left,left,False,True
verified-1002,verified,4,563,38,327.72,0.3,straight,straight,False,True
verified-1002,verified,5,563,38,356.21,0.3,straight,straight,False,True
verified-1002,verified,6,564,38,319.4,0.11,straight,straight,False,True
verified-1002,verified,7,568,38,338.69,0.1,straight,straight,False,True
verified-1002,verified,8,576,38,569.76,0.32,right,right,False,True
verified-1002,verified,9,577,38,350.81,0.16,right,right,False,True
verified-1002,verified,10,575,38,366.71,0.43,left,left,False,True
verified-1002,verified,11,575,38,315.92,0.11,straight,straight,False,True
verified-1002,verified,12,575,38,274.04,0.1,right,right,False,True
verified-1002,verified,13,571,38,342.27,0.1,left,left,False,True
verified-1002,verified,14,582,38,329.49,5.27,right,right,False,True
verified-1002,verified,15,580,38,345.09,3.54,right,right,False,True
verified-1002,verified,16,579,38,358.63,2.91,left,left,False,True
verified-1002,verified,17,577,38,312.55,3.37,straight,straight,False,True
verified-1002,verified,18,575,38,386.22,0.9,right,right,False,True
verified-1002,verified,19,575,38,333.66,1.08,left,left,False,True
verified-1002,verified,20,574,38,309.29,0.36,straight,straight,False,True
verified-1002,verified,21,575,38,309.09,0.51,right,right,False,True
verified-1002,verified,22,574,38,515.26,0.32,straight,straight,False,True
verified-1002,verified,23,574,38,433.84,0.15,straight,straight,False,True
verified-1002,verified,24,574,38,433.32,0.12,straight,straight,False,True
verified-1002,verified,25,574,38,304.3,0.08,straight,straight,False,True
verified-1002,verified,26,574,38,323.97,0.06,straight,straight,False,True
verified-1002,verified,27,582,38,332.66,0.91,left,left,False,True
verified-1002,verified,28,582,38,308.4,0.78,left,left,False,True
verified-1002,verified,29,582,38,323.03,0.37,straight,straight,False,True
verified-1002,verified,30,580,38,464.02,0.58,straight,straight,False,True
verified-1002,verified,31,580,38,296.4,0.2,straight,straight,False,True
verified-1002,verified,32,580,38,324.96,0.15,straight,straight,False,True
verified-1002,verified,33,580,38,340.18,0.3,straight,straight,False,True
verified-1002,verified,34,580,38,321.39,0.17,straight,straight,False,True
verified-1002,verified,35,580,38,299.03,0.09,straight,straight,False,True
verified-1002,verified,36,590,38,394.47,0.74,right,right,False,True
verified-1002,verified,37,589,38,407.41,0.46,right,right,False,True
verified-1002,verified,38,589,38,407.45,0.39,straight,straight,False,True
verified-1002,verified,39,588,38,505.76,0.4,straight,straight,False,True
verified-1002,verified,40,586,38,338.35,0.31,straight,straight,False,True
verified-1002,verified,41,586,38,655.34,0.28,straight,straight,False,True
verified-1002,verified,42,586,38,329.21,0.16,straight,straight,False,True
verified-1002,verified,43,586,38,324.17,0.36,straight,straight,False,True
verified-1002,verified,44,586,38,356.46,0.13,straight,straight,False,True
verified-1002,verified,45,586,38,353.51,0.07,straight,straight,False,True
verified-1002,verified,46,594,38,407.26,0.69,right,right,False,True
verified-1002,verified,47,593,38,347.59,0.44,straight,straight,False,True
verified-1002,verified,48,593,38,352.26,0.24,right,right,False,True
verified-1002,verified,49,592,38,351.82,0.16,left,left,False,True
verified-1002,verified,50,592,38,338.48,0.08,straight,straight,False,True
verified-1002,verified,51,592,38,270.05,0.11,right,right,False,True
verified-1002,verified,52,602,38,343.84,63.9,left,left,False,True
verified-1002,verified,53,602,38,354.3,10.19,straight,straight,False,True
verified-1002,verified,54,602,38,353.11,3.08,right,right,False,True
verified-1002,verified,55,600,38,317.15,2.59,left,left,False,True
verified-1002,verified,56,601,38,328.96,1.44,straight,straight,False,True
verified-1002,verified,57,604,38,447.39,0.23,right,right,False,True
verified-1002,verified,58,604,38,319.92,0.61,left,left,False,True
verified-1002,verified,59,609,38,335.72,3.58,right,right,False,True
verified-1002,verified,60,609,38,275.65,0.16,straight,straight,False,True
verified-1002,verified,61,610,38,331.01,0.12,straight,straight,False,True
verified-1002,verified,62,611,38,365.31,17.81,straight,straight,False,True
verified-1002,verified,63,612,38,320.02,0.07,straight,straight,False,True
verified-1002,verified,64,621,38,326.16,190.28,right,right,False,True
verified-1002,verified,65,620,38,307.38,258.19,straight,straight,False,True
verified-1002,verified,66,617,38,317.05,172.89,right,right,False,True
verified-1002,verified,67,616,38,348.5,193.94,left,left,False,True
verified-1002,verified,68,614,38,290.34,84.13,straight,straight,False,True
verified-1002,verified,69,613,38,333.17,42.22,right,right,False,True
verified-1002,verified,70,612,38,499.98,24.56,left,left,False,True
verified-1002,verified,71,611,38,294.24,8.56,straight,straight,False,True
verified-1002,verified,72,608,38,320.21,2.53,right,right,False,True
verified-1002,verified,73,607,38,328.6,2.07,left,left,False,True
verified-1002,verified,74,605,38,320.95,0.7,straight,straight,False,True
verified-1002,verified,75,604,38,329.7,0.24,right,right,False,True
verified-1002,verified,76,604,38,363.55,1.88,left,left,False,True
verified-1002,verified,77,604,38,766.23,0.39,right,right,False,True
verified-1002,verified,78,604,38,305.68,0.14,straight,straight,False,True
verified-1002,verified,79,604,38,305.96,0.25,straight,straight,False,True
verified-1002,verified,80,604,38,330.08,0.08,straight,straight,False,True
unassisted-1016,unassisted,1,588,38,366.89,0.45,straight,straight,False,False
unassisted-1016,unassisted,2,588,38,302.92,0.82,straight,straight,False,False
unassisted-1016,unassisted,3,588,38,305.74,1.91,straight,straight,False,False
unassisted-1016,unassisted,4,588,38,306.79,1.46,straight,straight,False,False
unassisted-1016,unassisted,5,588,38,298.91,1.19,straight,straight,False,False
unassisted-1016,unassisted,6,588,38,301.52,2.97,right,right,False,True
unassisted-1016,unassisted,7,588,38,275.46,1.95,straight,straight,False,True
unassisted-1016,unassisted,8,588,38,336.71,1.13,straight,straight,False,True
unassisted-1016,unassisted,9,589,38,333.12,0.9,straight,straight,False,True
unassisted-1016,unassisted,10,592,38,387.8,0.18,straight,straight,False,True
unassisted-1016,unassisted,11,595,38,348.64,0.28,right,right,False,True
unassisted-1016,unassisted,12,596,38,320.77,0.19,straight,straight,False,True
unassisted-1016,unassisted,13,596,38,1015.31,0.17,straight,straight,False,True
unassisted-1016,unassisted,14,596,38,444.07,0.38,straight,straight,False,True
unassisted-1016,unassisted,15,596,38,303.12,0.11,straight,straight,False,True
unassisted-1016,unassisted,16,596,38,337.68,0.06,straight,straight,False,True
unassisted-1016,unassisted,17,601,38,326.87,0.11,right,right,False,True
unassisted-1016,unassisted,18,600,38,353.02,0.14,straight,straight,False,True
unassisted-1016,unassisted,19,597,38,271.69,0.16,straight,straight,False,True
unassisted-1016,unassisted,20,596,38,323.68,0.09,left,left,False,True
unassisted-1016,unassisted,21,595,38,364.91,0.16,right,right,False,True
unassisted-1016,unassisted,22,601,38,367.61,0.11,straight,straight,False,True
unassisted-1016,unassisted,23,600,38,290.1,0.08,straight,straight,False,True
unassisted-1016,unassisted,24,600,38,366.46,0.1,right,right,False,True
unassisted-1016,unassisted,25,606,38,354.01,0.56,straight,straight,False,True
unassisted-1016,unassisted,26,606,38,306.86,0.68,straight,straight,False,True
unassisted-1016,unassisted,27,606,38,454.03,0.24,straight,straight,False,True
unassisted-1016,unassisted,28,606,38,384.67,0.13,straight,straight,False,True
unassisted-1016,unassisted,29,606,38,314.16,0.13,straight,straight,False,False
unassisted-1016,unassisted,30,606,38,337.64,0.6,right,right,False,True
unassisted-1016,unassisted,31,606,38,348.19,0.11,straight,straight,False,True
unassisted-1016,unassisted,32,606,38,332.23,0.1,right,right,False,True
unassisted-1016,unassisted,33,612,38,369.01,0.18,right,right,False,True
unassisted-1016,unassisted,34,612,38,342.45,0.26,left,left,False,True
unassisted-1016,unassisted,35,612,38,338.93,0.47,straight,straight,False,False
unassisted-1016,unassisted,36,612,38,385.75,1.27,straight,straight,False,False
unassisted-1016,unassisted,37,612,38,307.48,1.5,straight,straight,False,False
unassisted-1016,unassisted,38,612,38,357.73,1.02,straight,straight,False,False
unassisted-1016,unassisted,39,612,38,408.85,1.03,right,right,False,True
unassisted-1016,unassisted,40,612,38,401.15,0.23,straight,straight,False,True
unassisted-1016,unassisted,41,612,38,361.97,0.75,straight,straight,False,False
unassisted-1016,unassisted,42,612,38,375.85,2.39,straight,straight,False,False
unassisted-1016,unassisted,43,613,38,330.78,5.07,straight,straight,False,False
unassisted-1016,unassisted,44,613,38,340.52,4.98,left,left,False,False
unassisted-1016,unassisted,45,614,38,319.24,4.5,straight,straight,False,False
unassisted-1016,unassisted,46,617,38,308.92,5.66,straight,straight,False,False
unassisted-1016,unassisted,47,618,38,303.81,21.36,straight,straight,False,False
unassisted-1010,unassisted,1,587,38,351.58,0.07,straight,straight,False,True
unassisted-1010,unassisted,2,587,38,398.87,0.23,straight,straight,False,False
unassisted-1010,unassisted,3,587,38,721.02,0.21,straight,straight,False,False
unassisted-1010,unassisted,4,587,38,394.23,0.42,straight,straight,False,False
unassisted-1010,unassisted,5,587,38,335.46,0.59,straight,straight,False,False
unassisted-1010,unassisted,6,587,38,297.22,0.56,straight,straight,False,False
unassisted-1010,unassisted,7,587,38,277.64,0.89,left,left,False,True
unassisted-1010,unassisted,8,587,38,346.86,0.55,straight,straight,False,True
unassisted-1010,unassisted,9,587,38,387.25,0.22,straight,straight,False,True
unassisted-1010,unassisted,10,587,38,335.22,0.19,left,left,False,True
unassisted-1010,unassisted,11,589,38,328.51,0.22,straight,straight,False,True
unassisted-1010,unassisted,12,589,38,379.99,0.13,straight,straight,False,True
unassisted-1010,unassisted,13,589,38,357.78,0.14,left,left,False,False
unassisted-1010,unassisted,14,589,38,367.98,0.11,straight,straight,False,False
unassisted-1010,unassisted,15,589,38,323.6,0.31,right,right,False,True
unassisted-1010,unassisted,16,589,38,355.57,0.11,straight,straight,False,True
unassisted-1010,unassisted,17,589,38,447.78,0.22,straight,straight,False,False
unassisted-1010,unassisted,18,589,38,357.52,0.36,right,right,False,True
unassisted-1010,unassisted,19,589,38,385.91,0.08,straight,straight,False,True
unassisted-1010,unassisted,20,589,38,319.3,0.14,right,right,False,True
unassisted-1010,unassisted,21,595,38,310.65,6.58,straight,straight,False,False
unassisted-1010,unassisted,22,595,38,286.92,5.2,straight,straight,False,False
unassisted-1010,unassisted,23,595,38,313.43,5.46,straight,straight,False,False
unassisted-1010,unassisted,24,595,38,329.03,5.49,straight,straight,False,False
unassisted-1010,unassisted,25,595,38,496.78,7.0,straight,straight,False,False
unassisted-1010,unassisted,26,595,38,368.66,13.56,right,right,False,True
unassisted-1010,unassisted,27,595,38,380.02,4.74,straight,straight,False,True
unassisted-1010,unassisted,28,595,38,337.9,8.1,straight,straight,False,True
unassisted-1010,unassisted,29,595,38,367.96,2.54,straight,straight,False,True
unassisted-1010,unassisted,30,595,38,384.73,0.49,straight,straight,False,True
unassisted-1010,unassisted,31,596,38,317.61,0.52,right,right,False,True
unassisted-1010,unassisted,32,596,38,418.26,0.68,straight,straight,False,True
unassisted-1010,unassisted,33,596,38,343.28,0.76,straight,straight,False,True
unassisted-1010,unassisted,34,596,38,327.52,0.38,straight,straight,False,True
unassisted-1010,unassisted,35,596,38,320.16,0.48,straight,straight,False,True
unassisted-1010,unassisted,36,596,38,407.85,0.17,straight,straight,False,True
unassisted-1010,unassisted,37,596,38,293.24,0.23,straight,straight,False,True
unassisted-1010,unassisted,38,596,38,269.23,0.66,straight,straight,False,True
unassisted-1010,unassisted,39,596,38,452.83,0.83,straight,straight,False,True
unassisted-1010,unassisted,40,597,38,422.38,0.13,straight,straight,False,True
unassisted-1010,unassisted,41,600,38,374.55,0.08,straight,straight,False,True
unassisted-1010,unassisted,42,605,38,318.31,0.91,left,left,False,True
unassisted-1010,unassisted,43,607,38,336.05,1.65,straight,straight,False,False
unassisted-1010,unassisted,44,611,38,410.35,1.69,left,left,False,True
unassisted-1010,unassisted,45,611,38,385.34,0.77,straight,straight,False,True
unassisted-1010,unassisted,46,609,38,343.93,0.79,left,left,False,True
unassisted-1010,unassisted,47,607,38,368.29,1.35,straight,straight,False,False
unassisted-1010,unassisted,48,606,38,279.32,1.87,straight,straight,False,False
unassisted-1010,unassisted,49,604,38,299.83,1.78,straight,straight,False,False
unassisted-1010,unassisted,50,602,38,287.55,4.33,straight,straight,False,False
unassisted-1010,unassisted,51,601,38,332.45,7.5,straight,straight,False,False
unassisted-1010,unassisted,52,602,38,292.69,8.92,straight,straight,False,False
unassisted-1010,unassisted,53,602,38,298.65,11.32,straight,straight,False,False
unassisted-1010,unassisted,54,602,38,389.27,15.78,straight,straight,False,False
unassisted-1010,unassisted,55,602,38,378.89,24.84,right,right,False,True
unassisted-1010,unassisted,56,601,38,330.66,12.85,straight,straight,False,True
unassisted-1010,unassisted,57,601,38,350.91,8.35,straight,straight,False,True
unassisted-1010,unassisted,58,601,38,319.59,11.09,straight,straight,False,True
unassisted-1010,unassisted,59,601,38,348.71,4.48,straight,straight,False,True
unassisted-1010,unassisted,60,601,38,360.21,2.9,straight,straight,False,True
unassisted-1010,unassisted,61,601,38,316.06,2.28,straight,straight,False,True
unassisted-1010,unassisted,62,601,38,340.27,0.49,straight,straight,False,True
unassisted-1010,unassisted,63,601,38,307.84,0.6,right,right,False,True
unassisted-1010,unassisted,64,601,38,331.01,0.44,right,right,False,False
unassisted-1010,unassisted,65,601,38,354.0,0.96,straight,straight,False,False
unassisted-1010,unassisted,66,601,38,384.93,1.66,straight,straight,False,False
unassisted-1010,unassisted,67,601,38,525.14,2.2,straight,straight,False,False
unassisted-1010,unassisted,68,601,38,471.54,5.14,straight,straight,False,False
unassisted-1010,unassisted,69,601,38,732.8,5.65,straight,straight,False,False
unassisted-1010,unassisted,70,601,38,621.14,9.03,straight,straight,False,False
unassisted-1010,unassisted,71,601,38,490.56,8.63,straight,straight,False,False
unassisted-1010,unassisted,72,602,38,327.24,18.48,straight,straight,False,False
unassisted-1010,unassisted,73,605,38,307.61,63.95,straight,straight,False,False
unassisted-1010,unassisted,74,606,38,380.07,13.26,left,left,False,True
unassisted-1010,unassisted,75,607,38,383.96,10.86,straight,straight,False,True
unassisted-1010,unassisted,76,608,38,330.01,7.2,straight,straight,False,True
unassisted-1010,unassisted,77,609,38,448.26,13.6,straight,straight,False,True
unassisted-1010,unassisted,78,609,38,346.95,2.12,straight,straight,False,True
unassisted-1010,unassisted,79,609,38,466.36,1.95,straight,straight,False,True
unassisted-1010,unassisted,80,609,38,304.12,0.36,straight,straight,False,True
unassisted-1010,unassisted,81,610,38,351.3,0.77,left,left,False,True
unassisted-1010,unassisted,82,609,38,365.63,0.68,straight,straight,False,True
unassisted-1010,unassisted,83,606,38,311.31,0.48,straight,straight,False,True
unassisted-1010,unassisted,84,605,38,314.48,0.73,straight,straight,False,True
unassisted-1010,unassisted,85,604,38,284.85,0.31,left,left,False,False
unassisted-1010,unassisted,86,602,38,299.99,1.15,straight,straight,False,False
unassisted-1010,unassisted,87,601,38,375.73,0.99,straight,straight,False,False
unassisted-1010,unassisted,88,601,38,404.44,2.03,straight,straight,False,False
unassisted-1010,unassisted,89,601,38,710.09,3.68,straight,straight,False,False
unassisted-1010,unassisted,90,601,38,290.83,4.84,straight,straight,False,False
unassisted-1010,unassisted,91,601,38,392.62,6.88,straight,straight,False,False
verified-1013,verified,1,563,38,606.47,0.84,right,right,False,True
verified-1013,verified,2,563,38,386.44,0.17,straight,straight,False,True
verified-1013,verified,3,563,38,326.81,0.32,right,right,False,True
verified-1013,verified,4,563,38,342.69,0.17,straight,straight,False,True
verified-1013,verified,5,563,38,347.57,0.1,straight,straight,False,True
verified-1013,verified,6,564,38,275.93,0.09,straight,straight,False,True
verified-1013,verified,7,575,38,376.45,1.45,right,right,False,True
verified-1013,verified,8,573,38,339.47,0.32,straight,straight,False,True
verified-1013,verified,9,574,38,419.78,0.22,straight,straight,False,True
verified-1013,verified,10,575,38,358.73,0.67,right,right,False,True
verified-1013,verified,11,571,38,408.69,0.27,straight,straight,False,True
verified-1013,verified,12,570,38,419.96,0.15,straight,straight,False,True
verified-1013,verified,13,569,38,399.2,0.13,straight,straight,False,True
verified-1013,verified,14,568,38,294.32,0.27,straight,straight,False,True
verified-1013,verified,15,576,38,347.85,0.54,straight,straight,False,True
verified-1013,verified,16,575,38,299.1,0.39,right,right,False,True
verified-1013,verified,17,575,38,297.04,0.23,left,left,False,True
verified-1013,verified,18,575,38,367.9,0.33,right,right,False,True
verified-1013,verified,19,575,38,722.31,0.16,straight,straight,False,True
verified-1013,verified,20,575,38,523.63,0.33,straight,straight,False,True
verified-1013,verified,21,576,38,385.25,0.47,straight,straight,False,True
verified-1013,verified,22,580,38,342.99,0.19,straight,straight,False,True
verified-1013,verified,23,589,38,369.59,7.22,left,left,False,True
verified-1013,verified,24,589,38,384.14,0.29,straight,straight,False,True
verified-1013,verified,25,590,38,356.01,0.16,left,left,False,True
verified-1013,verified,26,588,38,553.31,0.23,straight,straight,False,True
verified-1013,verified,27,585,38,339.8,0.44,straight,straight,False,True
verified-1013,verified,28,584,38,298.15,0.17,right,right,False,True
verified-1013,verified,29,585,38,327.59,0.25,left,left,False,True
verified-1013,verified,30,584,38,391.37,0.08,straight,straight,False,True
verified-1013,verified,31,592,38,319.28,40.68,left,left,False,True
verified-1013,verified,32,590,38,309.22,4.97,left,left,False,True
verified-1013,verified,33,590,38,313.07,0.61,right,right,False,True
verified-1013,verified,34,587,38,307.23,3.05,left,left,False,True
verified-1013,verified,35,586,38,561.6,0.33,straight,straight,False,True
verified-1013,verified,36,588,38,356.0,0.32,right,right,False,True
verified-1013,verified,37,587,38,334.8,0.26,straight,straight,False,True
verified-1013,verified,38,587,38,325.85,0.26,straight,straight,False,True
verified-1013,verified,39,587,38,323.26,0.16,straight,straight,False,True
verified-1013,verified,40,587,38,369.16,0.31,straight,straight,False,True
verified-1013,verified,41,587,38,342.44,0.13,straight,straight,False,True
verified-1013,verified,42,596,38,279.02,89.28,right,right,False,True
verified-1013,verified,43,595,38,308.17,44.54,right,right,False,True
verified-1013,verified,44,596,38,416.86,17.01,left,left,False,True
verified-1013,verified,45,595,38,370.98,11.3,straight,straight,False,True
verified-1013,verified,46,595,38,419.83,3.83,right,right,False,True
verified-1013,verified,47,593,38,442.83,6.05,left,left,False,True
verified-1013,verified,48,593,38,488.29,0.92,straight,straight,False,True
verified-1013,verified,49,592,38,712.62,0.72,right,right,False,True
verified-1013,verified,50,592,38,510.78,0.3,left,left,False,True
verified-1013,verified,51,592,38,330.28,0.25,straight,straight,False,True
verified-1013,verified,52,592,38,343.7,0.4,right,right,False,True
verified-1013,verified,53,592,38,361.88,0.29,straight,straight,False,True
verified-1013,verified,54,592,38,324.54,0.13,straight,straight,False,True
verified-1013,verified,55,592,38,397.25,0.09,straight,straight,False,True
verified-1013,verified,56,602,38,291.26,212.26,right,right,False,True
verified-1013,verified,57,602,38,296.59,153.61,straight,straight,False,True
verified-1013,verified,58,602,38,343.67,127.93,right,right,False,True
verified-1013,verified,59,602,38,398.06,50.49,left,left,False,True
verified-1013,verified,60,602,38,507.99,39.38,straight,straight,False,True
verified-1013,verified,61,602,38,398.3,18.58,right,right,False,True
verified-1013,verified,62,602,38,408.74,5.17,left,left,False,True
verified-1013,verified,63,600,38,270.33,4.57,straight,straight,False,True
verified-1013,verified,64,600,38,370.75,1.31,right,right,False,True
verified-1013,verified,65,599,38,303.1,0.9,left,left,False,True
verified-1013,verified,66,600,38,324.37,0.64,straight,straight,False,True
verified-1013,verified,67,604,38,289.73,0.39,right,right,False,True
verified-1013,verified,68,604,38,314.72,0.27,left,left,False,True
verified-1013,verified,69,609,38,305.1,1.12,right,right,False,True
verified-1013,verified,70,609,38,371.41,0.12,straight,straight,False,True
verified-1013,verified,71,610,38,343.83,0.1,straight,straight,False,True
verified-1013,verified,72,616,38,308.99,1.2,right,right,False,True
verified-1013,verified,73,614,38,296.1,0.4,right,right,False,True
verified-1013,verified,74,617,38,381.64,0.2,left,left,False,True
verified-1013,verified,75,612,38,335.94,0.34,straight,straight,False,True
verified-1013,verified,76,612,38,369.93,0.17,right,right,False,True
verified-1013,verified,77,611,38,343.16,0.13,left,left,False,True
verified-1013,verified,78,610,38,292.61,0.11,right,right,False,True
unassisted-1006,unassisted,1,587,38,371.01,0.1,straight,straight,False,False
unassisted-1006,unassisted,2,587,38,309.93,0.09,straight,straight,False,False
unassisted-1006,unassisted,3,587,38,352.79,0.27,straight,straight,False,False
unassisted-1006,unassisted,4,587,38,344.57,0.29,straight,straight,False,False
unassisted-1006,unassisted,5,587,38,328.31,0.22,straight,straight,False,False
unassisted-1006,unassisted,6,587,38,361.23,0.46,straight,straight,False,False
unassisted-1006,unassisted,7,587,38,352.93,0.43,right,right,False,False
unassisted-1006,unassisted,8,587,38,339.65,0.25,straight,straight,False,False
unassisted-1006,unassisted,9,587,38,387.67,1.19,straight,straight,False,False
unassisted-1006,unassisted,10,588,38,369.04,1.28,right,right,False,True
unassisted-1006,unassisted,11,590,38,322.71,2.56,straight,straight,False,True
unassisted-1006,unassisted,12,590,38,319.5,1.18,straight,straight,False,True
unassisted-1006,unassisted,13,590,38,329.3,1.17,straight,straight,False,True
unassisted-1006,unassisted,14,590,38,271.1,0.67,straight,straight,False,True
unassisted-1006,unassisted,15,590,38,335.25,0.58,straight,straight,False,True
unassisted-1006,unassisted,16,590,38,383.15,0.19,right,right,False,True
unassisted-1006,unassisted,17,589,38,316.86,0.28,straight,straight,False,True
unassisted-1006,unassisted,18,589,38,321.44,0.2,straight,straight,False,True
unassisted-1006,unassisted,19,589,38,275.93,0.07,straight,straight,False,True
unassisted-1006,unassisted,20,589,38,299.32,0.12,left,left,False,True
unassisted-1006,unassisted,21,594,38,300.68,1.69,straight,straight,False,False
unassisted-1006,unassisted,22,594,38,409.89,2.01,straight,straight,False,False
unassisted-1006,unassisted,23,595,38,451.96,3.2,straight,straight,False,False
unassisted-1006,unassisted,24,598,38,329.86,3.88,straight,straight,False,False
unassisted-1006,unassisted,25,599,38,368.45,8.84,straight,straight,False,False
