case_id,group,trial,question,expected,choice,correct,confidence,target_probability,top_probability,brier
count-error-spaced,counting,1,answer,3,2,False,0.67,0.13,0.71,1.2836
factor-state-direct-0-0,factorial,2,answer,drive,walk,False,0.86,0.07,0.93,1.7298
length-8192-walking-middle-direct,length,3,answer,drive,walk,False,0.94,0.03,0.97,1.8818
length-1024-neutral-start-direct,length,4,answer,drive,walk,False,0.9,0.05,0.95,1.805
length-8192-neutral-middle-checks,length,5,bring,yes,yes,True,0.98,0.99,0.99,0.0002000000000000002
length-8192-neutral-middle-checks,length,5,walk,no,no,True,0.48,0.65,0.65,0.2258
count-rrrrrr-spaced,counting,6,answer,6,6,True,0.96,0.97,0.97,0.0014000000000000017
factor-state-direct-0-0,factorial,7,answer,drive,walk,False,0.92,0.04,0.96,1.8432
transfer-refund-checks,transfer,8,bring,no,no,True,1.0,1.0,1.0,0.0
transfer-refund-checks,transfer,8,walk,yes,yes,True,1.0,1.0,1.0,0.0
transfer-tires-goal,transfer,9,answer,drive,walk,False,0.57,0.22,0.78,1.2168
batch-transport,batching,10,transport,drive,walk,False,0.83,0.09,0.91,1.6562000000000001
count-rrr-algorithm,counting,11,answer,3,3,True,1.0,1.0,1.0,0.0
length-8192-neutral-end-checks,length,12,bring,yes,yes,True,0.96,0.97,0.97,0.0014000000000000017
length-8192-neutral-end-checks,length,12,walk,no,no,True,0.44,0.63,0.63,0.23179999999999998
length-1024-neutral-start-direct,length,13,answer,drive,walk,False,0.89,0.05,0.95,1.805
factor-inline-direct-1-0,factorial,14,answer,drive,walk,False,0.73,0.09,0.82,1.5086
factor-state-direct-1-1,factorial,15,answer,drive,walk,False,0.9,0.04,0.93,1.7869000000000002
key-transport,question_key,16,transport,drive,walk,False,0.88,0.06,0.94,1.7671999999999999
count-cherry-algorithm,counting,17,answer,2,2,True,0.76,0.79,0.79,0.06659999999999999
factor-state-direct-0-0,factorial,18,answer,drive,walk,False,0.77,0.11,0.89,1.5842
transfer-receipt-goal,transfer,19,answer,walk,walk,True,1.0,1.0,1.0,0.0
length-4096-neutral-end-checks,length,20,bring,yes,yes,True,0.95,0.96,0.96,0.002400000000000003
length-4096-neutral-end-checks,length,20,walk,no,no,True,0.67,0.78,0.78,0.08539999999999999
count-rrr-plain,counting,21,answer,3,3,True,1.0,1.0,1.0,0.0
factor-state-direct-0-1,factorial,22,answer,drive,walk,False,0.88,0.06,0.94,1.7671999999999999
key-answer,question_key,23,answer,drive,walk,False,0.81,0.1,0.9,1.62
count-strawberries-algorithm,counting,24,answer,3,2,False,0.38,0.35,0.45,0.6434000000000001
length-256-neutral-start-checks,length,25,bring,yes,yes,True,0.95,0.97,0.97,0.0014000000000000017
length-256-neutral-start-checks,length,25,walk,no,no,True,0.64,0.76,0.76,0.0882
count-raspberry-algorithm,counting,26,answer,3,2,False,0.63,0.23,0.67,1.05
factor-inline-direct-0-0,factorial,27,answer,drive,walk,False,0.73,0.14,0.86,1.4791999999999998
count-r-algorithm,counting,28,answer,1,1,True,0.98,0.99,0.99,0.0002000000000000002
length-4096-neutral-start-direct,length,29,answer,drive,walk,False,0.93,0.03,0.97,1.8818
length-1024-walking-start-checks,length,30,bring,yes,yes,True,0.86,0.91,0.91,0.016199999999999992
length-1024-walking-start-checks,length,30,walk,no,no,True,0.33,0.55,0.55,0.35819999999999996
transfer-pickup-checks,transfer,31,bring,no,no,True,0.99,0.99,0.99,0.0002000000000000002
transfer-pickup-checks,transfer,31,walk,yes,yes,True,0.86,0.91,0.91,0.013399999999999995
longtransfer-wash-512-end-checks,long_transfer,32,bring,yes,yes,True,0.99,0.99,0.99,0.0002000000000000002
longtransfer-wash-512-end-checks,long_transfer,32,walk,no,no,True,0.9,0.93,0.93,0.008599999999999993
factor-inline-goal-0-1,factorial,33,answer,drive,drive,True,0.04,0.52,0.52,0.4608
factor-inline-direct-0-0,factorial,34,answer,drive,walk,False,0.78,0.11,0.89,1.5842
batch-A,batching,35,A,yes,yes,True,0.97,0.98,0.98,0.0008000000000000008
longtransfer-pickup-512-end-checks,long_transfer,36,bring,no,no,True,0.99,0.99,0.99,0.0002000000000000002
longtransfer-pickup-512-end-checks,long_transfer,36,walk,yes,yes,True,0.95,0.96,0.96,0.002600000000000003
factor-state-goal-0-1,factorial,37,answer,drive,walk,False,0.25,0.38,0.62,0.7688
factor-state-goal-1-1,factorial,38,answer,drive,walk,False,0.42,0.32,0.61,0.8393999999999999
factor-inline-goal-1-0,factorial,39,answer,drive,walk,False,0.21,0.47,0.47,0.5054000000000001
count-river-algorithm,counting,40,answer,2,2,True,0.65,0.69,0.69,0.18620000000000003
count-RrR-plain,counting,41,answer,3,3,True,0.98,0.99,0.99,0.0002000000000000002
transfer-tires-direct,transfer,42,answer,drive,walk,False,0.19,0.41,0.59,0.6962
length-256-walking-start-direct,length,43,answer,drive,walk,False,0.87,0.07,0.93,1.7298
transfer-job-checks,transfer,44,bring,no,no,True,1.0,1.0,1.0,0.0
transfer-job-checks,transfer,44,walk,yes,yes,True,0.97,0.99,0.99,0.0002000000000000002
count-RrR-spaced,counting,45,answer,3,3,True,0.89,0.91,0.91,0.011599999999999994
transfer-pickup-direct,transfer,46,answer,walk,walk,True,0.97,0.99,0.99,0.0002000000000000002
length-8192-walking-start-checks,length,47,bring,yes,yes,True,0.88,0.92,0.92,0.012799999999999994
length-8192-walking-start-checks,length,47,walk,no,no,True,0.33,0.55,0.55,0.35819999999999996
count-strawberry-algorithm,counting,48,answer,3,2,False,0.5,0.36,0.56,0.7264
count-abracadabra-algorithm,counting,49,answer,2,2,True,0.56,0.61,0.61,0.23160000000000003
length-0-neutral-start-checks,length,50,bring,yes,yes,True,0.95,0.97,0.97,0.0014000000000000017
length-0-neutral-start-checks,length,50,walk,no,no,True,0.7,0.8,0.8,0.06179999999999998
batch-A,batching,51,A,yes,yes,True,0.98,0.99,0.99,0.0002000000000000002
count-river-plain,counting,52,answer,2,2,True,0.72,0.75,0.75,0.1202
count-strawberries-plain,counting,53,answer,3,2,False,0.43,0.36,0.49,0.6596
count-rrabr-spaced,counting,54,answer,3,4,False,0.64,0.1,0.67,1.2991000000000001
length-1024-walking-middle-direct,length,55,answer,drive,walk,False,0.93,0.04,0.96,1.8432
transfer-supplies-direct,transfer,56,answer,walk,walk,True,1.0,1.0,1.0,0.0
factor-state-direct-0-1,factorial,57,answer,drive,walk,False,0.9,0.05,0.95,1.805
length-8192-walking-middle-direct,length,58,answer,drive,walk,False,0.96,0.02,0.98,1.9207999999999998
count-rrr-spaced,counting,59,answer,3,3,True,0.99,1.0,1.0,0.0
count-cherry-plain,counting,60,answer,2,2,True,0.82,0.84,0.84,0.03840000000000001
count-rrr-plain,counting,61,answer,3,3,True,1.0,1.0,1.0,0.0
count-rrrrrr-spaced,counting,62,answer,6,6,True,0.95,0.97,0.97,0.0014000000000000017
transfer-refund-goal,transfer,63,answer,walk,walk,True,1.0,1.0,1.0,0.0
longtransfer-pickup-4096-end-checks,long_transfer,64,bring,no,no,True,0.98,0.99,0.99,0.0002000000000000002
longtransfer-pickup-4096-end-checks,long_transfer,64,walk,yes,yes,True,0.9,0.93,0.93,0.008599999999999993
factor-state-direct-0-1,factorial,65,answer,drive,walk,False,0.9,0.05,0.95,1.805
factor-state-direct-0-1,factorial,66,answer,drive,walk,False,0.9,0.05,0.95,1.805
count-r-algorithm,counting,67,answer,1,1,True,0.98,0.99,0.99,0.0002000000000000002
length-8192-neutral-end-direct,length,68,answer,drive,walk,False,0.99,0.01,0.99,1.9602
longtransfer-pickup-512-end-direct,long_transfer,69,answer,walk,walk,True,0.98,0.99,0.99,0.0002000000000000002
factor-state-direct-1-1,factorial,70,answer,drive,walk,False,0.84,0.08,0.89,1.6394
length-4096-neutral-start-checks,length,71,bring,yes,yes,True,0.94,0.97,0.97,0.0014000000000000017
length-4096-neutral-start-checks,length,71,walk,no,no,True,0.77,0.84,0.84,0.040200000000000014
factor-state-direct-1-1,factorial,72,answer,drive,walk,False,0.89,0.05,0.93,1.7678
count-river-algorithm,counting,73,answer,2,2,True,0.67,0.71,0.71,0.16260000000000002
factor-state-goal-1-1,factorial,74,answer,drive,walk,False,0.45,0.29,0.64,0.9186
length-1024-walking-start-direct,length,75,answer,drive,walk,False,0.87,0.06,0.94,1.7671999999999999
transfer-wash-goal,transfer,76,answer,drive,walk,False,0.76,0.12,0.88,1.5488
length-256-walking-start-direct,length,77,answer,drive,walk,False,0.91,0.05,0.95,1.805
options-described,options,78,answer,drive,drive,True,0.36,0.68,0.68,0.20479999999999998
longtransfer-wash-512-end-checks,long_transfer,79,bring,yes,yes,True,0.99,0.99,0.99,0.0002000000000000002
longtransfer-wash-512-end-checks,long_transfer,79,walk,no,no,True,0.91,0.95,0.95,0.0050000000000000044
length-256-walking-middle-checks,length,80,bring,yes,yes,True,0.92,0.95,0.95,0.0050000000000000044
length-256-walking-middle-checks,length,80,walk,no,no,True,0.51,0.68,0.68,0.18239999999999998
key-transport,question_key,81,transport,drive,walk,False,0.88,0.06,0.94,1.7671999999999999
factor-inline-goal-0-1,factorial,82,answer,drive,drive,True,0.24,0.62,0.62,0.2888
factor-state-direct-1-1,factorial,83,answer,drive,walk,False,0.9,0.04,0.93,1.7869000000000002
transfer-trade-goal,transfer,84,answer,drive,walk,False,0.84,0.08,0.92,1.6928
length-4096-neutral-middle-direct,length,85,answer,drive,walk,False,0.98,0.01,0.99,1.9602
length-0-neutral-start-checks,length,86,bring,yes,yes,True,0.97,0.97,0.97,0.0014000000000000017
length-0-neutral-start-checks,length,86,walk,no,no,True,0.84,0.89,0.89,0.018199999999999997
count-cherry-spaced,counting,87,answer,2,2,True,0.69,0.73,0.73,0.123
count-blueberry-plain,counting,88,answer,2,1,False,0.85,0.05,0.87,1.6658
longtransfer-wash-4096-end-checks,long_transfer,89,bring,yes,yes,True,0.99,0.99,0.99,0.0002000000000000002
longtransfer-wash-4096-end-checks,long_transfer,89,walk,no,no,True,0.9,0.93,0.93,0.008599999999999993
length-4096-walking-start-checks,length,90,bring,yes,yes,True,0.85,0.91,0.91,0.016199999999999992
length-4096-walking-start-checks,length,90,walk,no,no,True,0.59,0.73,0.73,0.1274
transfer-receipt-goal,transfer,91,answer,walk,walk,True,1.0,1.0,1.0,0.0
factor-inline-goal-1-0,factorial,92,answer,drive,drive,True,0.35,0.5599999999999999,0.5599999999999999,0.35520000000000007
length-1024-walking-end-direct,length,93,answer,drive,walk,False,0.88,0.06,0.94,1.7671999999999999
count-raspberry-spaced,counting,94,answer,3,3,True,0.44,0.5,0.5,0.353
count-blueberry-spaced,counting,95,answer,2,1,False,0.73,0.23,0.76,1.1706
count-rrr-algorithm,counting,96,answer,3,3,True,1.0,1.0,1.0,0.0
factor-inline-goal-1-0,factorial,97,answer,drive,drive,True,0.4,0.6,0.6,0.27920000000000006
length-1024-walking-start-checks,length,98,bring,yes,yes,True,0.85,0.91,0.91,0.016199999999999992
length-1024-walking-start-checks,length,98,walk,no,no,True,0.49,0.66,0.66,0.20719999999999997
factor-inline-goal-0-0,factorial,99,answer,drive,walk,False,0.03,0.49,0.51,0.5202
count-blueberry-plain,counting,100,answer,2,1,False,0.86,0.03,0.88,1.7234
transfer-supplies-checks,transfer,101,bring,no,no,True,0.99,0.99,0.99,0.0002000000000000002
transfer-supplies-checks,transfer,101,walk,yes,yes,True,1.0,1.0,1.0,0.0
length-4096-neutral-end-direct,length,102,answer,drive,walk,False,0.96,0.02,0.98,1.9207999999999998
rule-feasibility,options,103,answer,drive,walk,False,0.97,0.01,0.99,1.9602
batch-A-B,batching,104,A,yes,yes,True,0.97,0.98,0.98,0.0008000000000000008
batch-A-B,batching,104,B,no,no,True,1.0,1.0,1.0,0.0
longtransfer-inspection-512-end-checks,long_transfer,105,bring,yes,yes,True,0.99,1.0,1.0,0.0
longtransfer-inspection-512-end-checks,long_transfer,105,walk,no,no,True,0.64,0.76,0.76,0.1064
factor-inline-direct-0-1,factorial,106,answer,drive,walk,False,0.87,0.07,0.93,1.7298
length-1024-neutral-start-direct,length,107,answer,drive,walk,False,0.83,0.08,0.92,1.6928
length-256-walking-middle-checks,length,108,bring,yes,yes,True,0.9,0.93,0.93,0.009799999999999993
length-256-walking-middle-checks,length,108,walk,no,no,True,0.5,0.67,0.67,0.18979999999999997
batch-A-B-transport,batching,109,A,yes,yes,True,0.97,0.98,0.98,0.0008000000000000008
batch-A-B-transport,batching,109,B,no,no,True,0.99,1.0,1.0,0.0
batch-A-B-transport,batching,109,transport,drive,walk,False,0.92,0.04,0.96,1.8432
longtransfer-pickup-4096-start-checks,long_transfer,110,bring,no,no,True,0.96,0.98,0.98,0.0008000000000000008
longtransfer-pickup-4096-start-checks,long_transfer,110,walk,yes,yes,True,0.76,0.84,0.84,0.045600000000000016
factor-state-direct-0-1,factorial,111,answer,drive,walk,False,0.92,0.04,0.96,1.8432
count-RrR-plain,counting,112,answer,3,3,True,0.98,0.99,0.99,0.0002000000000000002
count-river-spaced,counting,113,answer,2,2,True,0.83,0.85,0.85,0.03560000000000001
batch-A-B,batching,114,A,yes,yes,True,0.97,0.98,0.98,0.0008000000000000008
batch-A-B,batching,114,B,no,no,True,0.99,1.0,1.0,0.0
longtransfer-supplies-4096-start-direct,long_transfer,115,answer,walk,walk,True,1.0,1.0,1.0,0.0
count-cherry-plain,counting,116,answer,2,2,True,0.83,0.85,0.85,0.03380000000000001
factor-state-direct-1-0,factorial,117,answer,drive,walk,False,0.84,0.06,0.89,1.6782
count-abracadabra-plain,counting,118,answer,2,2,True,0.66,0.69,0.69,0.14200000000000004
transfer-refund-goal,transfer,119,answer,walk,walk,True,1.0,1.0,1.0,0.0
factor-state-goal-1-0,factorial,120,answer,drive,walk,False,0.67,0.19,0.78,1.2654
batch-transport,batching,121,transport,drive,walk,False,0.85,0.08,0.92,1.6928
count-abracadabra-spaced,counting,122,answer,2,3,False,0.4,0.34,0.46,0.6707999999999998
longtransfer-wash-4096-end-checks,long_transfer,123,bring,yes,yes,True,0.99,1.0,1.0,0.0
longtransfer-wash-4096-end-checks,long_transfer,123,walk,no,no,True,0.9,0.93,0.93,0.008599999999999993
transfer-pickup-goal,transfer,124,answer,walk,walk,True,1.0,1.0,1.0,0.0
transfer-trade-goal,transfer,125,answer,drive,walk,False,0.95,0.02,0.98,1.9207999999999998
transfer-wash-direct,transfer,126,answer,drive,walk,False,0.41,0.3,0.7,0.9799999999999999
count-error-algorithm,counting,127,answer,3,1,False,0.43,0.05,0.49,1.3452
factor-state-goal-1-1,factorial,128,answer,drive,walk,False,0.59,0.23,0.72,1.1138
factor-state-goal-0-1,factorial,129,answer,drive,walk,False,0.3,0.35,0.65,0.8450000000000001
factor-inline-direct-0-1,factorial,130,answer,drive,walk,False,0.85,0.07,0.93,1.7298
length-8192-walking-middle-checks,length,131,bring,yes,yes,True,0.86,0.91,0.91,0.014599999999999995
length-8192-walking-middle-checks,length,131,walk,no,no,True,0.71,0.81,0.81,0.06259999999999998
batch-A,batching,132,A,yes,yes,True,0.97,0.98,0.98,0.0008000000000000008
length-8192-neutral-middle-checks,length,133,bring,yes,yes,True,0.98,0.99,0.99,0.0002000000000000002
length-8192-neutral-middle-checks,length,133,walk,no,no,True,0.48,0.65,0.65,0.2258
factor-state-direct-0-0,factorial,134,answer,drive,walk,False,0.89,0.05,0.95,1.805
transfer-inspection-direct,transfer,135,answer,drive,walk,False,0.73,0.13,0.87,1.5138
batch-A-B,batching,136,A,yes,yes,True,0.96,0.98,0.98,0.0008000000000000008
batch-A-B,batching,136,B,no,no,True,1.0,1.0,1.0,0.0
count-strawberry-plain,counting,137,answer,3,2,False,0.42,0.45,0.48,0.5354
length-4096-neutral-start-checks,length,138,bring,yes,yes,True,0.94,0.96,0.96,0.002400000000000003
length-4096-neutral-start-checks,length,138,walk,no,no,True,0.74,0.82,0.82,0.05180000000000002
transfer-oil-checks,transfer,139,bring,yes,yes,True,0.93,0.95,0.95,0.0038000000000000043
transfer-oil-checks,transfer,139,walk,no,no,True,0.98,0.99,0.99,0.0002000000000000002
transfer-pickup-direct,transfer,140,answer,walk,walk,True,0.98,0.99,0.99,0.0002000000000000002
count-abracadabra-spaced,counting,141,answer,2,3,False,0.44,0.24,0.49,0.8596
longtransfer-supplies-4096-end-direct,long_transfer,142,answer,walk,walk,True,1.0,1.0,1.0,0.0
batch-A-B-transport,batching,143,A,yes,yes,True,0.96,0.98,0.98,0.0008000000000000008
batch-A-B-transport,batching,143,B,no,no,True,0.99,1.0,1.0,0.0
batch-A-B-transport,batching,143,transport,drive,walk,False,0.88,0.06,0.94,1.7671999999999999
factor-inline-direct-0-0,factorial,144,answer,drive,walk,False,0.78,0.11,0.89,1.5842
count-river-spaced,counting,145,answer,2,2,True,0.76,0.79,0.79,0.074
count-abracadabra-algorithm,counting,146,answer,2,2,True,0.57,0.62,0.62,0.217
transfer-job-goal,transfer,147,answer,walk,walk,True,1.0,1.0,1.0,0.0
count-r-plain,counting,148,answer,1,1,True,0.99,1.0,1.0,0.0
factor-state-goal-1-1,factorial,149,answer,drive,walk,False,0.49,0.29,0.66,0.9422
count-strawberries-algorithm,counting,150,answer,3,2,False,0.42,0.35,0.48,0.6666000000000001
factor-inline-direct-1-0,factorial,151,answer,drive,walk,False,0.79,0.07,0.86,1.6093999999999997
factor-inline-goal-0-0,factorial,152,answer,drive,walk,False,0.16,0.42,0.58,0.6728000000000001
factor-state-goal-1-0,factorial,153,answer,drive,walk,False,0.71,0.17,0.81,1.3454000000000002
longtransfer-supplies-512-end-checks,long_transfer,154,bring,no,no,True,0.84,0.89,0.89,0.0222
longtransfer-supplies-512-end-checks,long_transfer,154,walk,yes,yes,True,0.91,0.94,0.94,0.006200000000000007
longtransfer-pickup-4096-start-direct,long_transfer,155,answer,walk,walk,True,0.89,0.94,0.94,0.007200000000000007
length-256-walking-start-checks,length,156,bring,yes,yes,True,0.91,0.94,0.94,0.006200000000000007
length-256-walking-start-checks,length,156,walk,no,no,True,0.72,0.81,0.81,0.06259999999999998
transfer-trade-goal,transfer,157,answer,drive,walk,False,0.94,0.03,0.97,1.8818
longtransfer-pickup-4096-start-checks,long_transfer,158,bring,no,no,True,0.98,0.99,0.99,0.0002000000000000002
longtransfer-pickup-4096-start-checks,long_transfer,158,walk,yes,yes,True,0.88,0.92,0.92,0.011399999999999993
transfer-inspection-checks,transfer,159,bring,yes,yes,True,0.97,0.98,0.98,0.0006000000000000007
transfer-inspection-checks,transfer,159,walk,no,no,True,0.97,0.99,0.99,0.0002000000000000002
factor-inline-goal-0-0,factorial,160,answer,drive,drive,True,0.23,0.62,0.62,0.2888
factor-state-direct-0-1,factorial,161,answer,drive,walk,False,0.9,0.05,0.95,1.805
length-4096-neutral-end-direct,length,162,answer,drive,walk,False,0.98,0.01,0.99,1.9602
batch-A-B-transport,batching,163,A,yes,yes,True,0.98,0.99,0.99,0.0002000000000000002
batch-A-B-transport,batching,163,B,no,no,True,1.0,1.0,1.0,0.0
batch-A-B-transport,batching,163,transport,drive,walk,False,0.85,0.08,0.92,1.6928
transfer-oil-goal,transfer,164,answer,drive,walk,False,0.48,0.26,0.74,1.0952
transfer-refund-direct,transfer,165,answer,walk,walk,True,1.0,1.0,1.0,0.0
transfer-weigh-goal,transfer,166,answer,drive,walk,False,0.19,0.4,0.6,0.72
longtransfer-supplies-512-start-checks,long_transfer,167,bring,no,no,True,0.92,0.95,0.95,0.0050000000000000044
longtransfer-supplies-512-start-checks,long_transfer,167,walk,yes,yes,True,0.94,0.97,0.97,0.0014000000000000017
factor-inline-direct-1-1,factorial,168,answer,drive,walk,False,0.87,0.03,0.92,1.7898
factor-inline-direct-1-0,factorial,169,answer,drive,walk,False,0.67,0.15,0.78,1.3357999999999999
length-256-neutral-end-checks,length,170,bring,yes,yes,True,0.98,0.98,0.98,0.0006000000000000007
length-256-neutral-end-checks,length,170,walk,no,no,True,0.46,0.65,0.65,0.21019999999999997
length-256-walking-end-direct,length,171,answer,drive,walk,False,0.78,0.11,0.89,1.5842
key-answer,question_key,172,answer,drive,walk,False,0.93,0.04,0.96,1.8432
batch-A-B,batching,173,A,yes,yes,True,0.96,0.98,0.98,0.0008000000000000008
batch-A-B,batching,173,B,no,no,True,1.0,1.0,1.0,0.0
batch-B,batching,174,B,no,no,True,0.99,1.0,1.0,0.0
count-abracadabra-spaced,counting,175,answer,2,3,False,0.46,0.28,0.51,0.8051999999999999
length-1024-neutral-middle-checks,length,176,bring,yes,yes,True,0.97,0.98,0.98,0.0006000000000000007
length-1024-neutral-middle-checks,length,176,walk,no,no,True,0.5,0.67,0.67,0.19459999999999997
length-4096-neutral-start-direct,length,177,answer,drive,walk,False,0.96,0.02,0.98,1.9207999999999998
count-RrR-spaced,counting,178,answer,3,3,True,0.93,0.93,0.93,0.0063999999999999925
longtransfer-pickup-512-start-direct,long_transfer,179,answer,walk,walk,True,0.91,0.96,0.96,0.003200000000000003
count-rrrrrr-spaced,counting,180,answer,6,6,True,0.95,0.96,0.96,0.002600000000000003
length-8192-neutral-end-checks,length,181,bring,yes,yes,True,0.97,0.98,0.98,0.0006000000000000007
length-8192-neutral-end-checks,length,181,walk,no,no,True,0.28,0.51,0.51,0.4082
options-described,options,182,answer,drive,drive,True,0.34,0.67,0.67,0.2178
factor-inline-goal-1-0,factorial,183,answer,drive,drive,True,0.37,0.58,0.58,0.3158
factor-inline-direct-0-0,factorial,184,answer,drive,walk,False,0.82,0.09,0.91,1.6562000000000001
length-0-neutral-start-direct,length,185,answer,drive,walk,False,0.92,0.04,0.96,1.8432
batch-transport,batching,186,transport,drive,walk,False,0.76,0.12,0.88,1.5488
batch-A,batching,187,A,yes,yes,True,0.95,0.97,0.97,0.0018000000000000017
batch-B,batching,188,B,no,no,True,1.0,1.0,1.0,0.0
transfer-job-direct,transfer,189,answer,walk,walk,True,1.0,1.0,1.0,0.0
length-4096-walking-middle-checks,length,190,bring,yes,yes,True,0.84,0.89,0.89,0.0222
length-4096-walking-middle-checks,length,190,walk,no,no,True,0.64,0.76,0.76,0.1064
longtransfer-inspection-512-end-checks,long_transfer,191,bring,yes,yes,True,0.99,1.0,1.0,0.0
longtransfer-inspection-512-end-checks,long_transfer,191,walk,no,no,True,0.54,0.69,0.69,0.18060000000000004
transfer-refund-direct,transfer,192,answer,walk,walk,True,1.0,1.0,1.0,0.0
count-rrabr-spaced,counting,193,answer,3,4,False,0.64,0.12,0.68,1.2694
longtransfer-pickup-4096-end-direct,long_transfer,194,answer,walk,walk,True,0.95,0.98,0.98,0.0008000000000000008
length-8192-walking-end-direct,length,195,answer,drive,walk,False,0.96,0.02,0.98,1.9207999999999998
length-4096-neutral-end-checks,length,196,bring,yes,yes,True,0.91,0.94,0.94,0.005600000000000007
length-4096-neutral-end-checks,length,196,walk,no,no,True,0.33,0.55,0.55,0.365
longtransfer-pickup-512-start-direct,long_transfer,197,answer,walk,walk,True,0.91,0.96,0.96,0.003200000000000003
factor-state-goal-1-0,factorial,198,answer,drive,walk,False,0.74,0.15,0.83,1.4118
count-straberry-algorithm,counting,199,answer,3,3,True,0.43,0.49,0.49,0.40959999999999996
count-rrr-plain,counting,200,answer,3,3,True,1.0,1.0,1.0,0.0
transfer-wash-goal,transfer,201,answer,drive,walk,False,0.54,0.23,0.77,1.1858
count-river-plain,counting,202,answer,2,2,True,0.7,0.73,0.73,0.1406
length-1024-neutral-middle-direct,length,203,answer,drive,walk,False,0.99,0.01,0.99,1.9602
length-8192-walking-middle-checks,length,204,bring,yes,yes,True,0.86,0.9,0.9,0.018199999999999994
length-8192-walking-middle-checks,length,204,walk,no,no,True,0.75,0.83,0.83,0.04940000000000001
factor-state-goal-0-0,factorial,205,answer,drive,walk,False,0.48,0.26,0.74,1.0952
count-rrabr-spaced,counting,206,answer,3,4,False,0.65,0.12,0.68,1.2694
length-256-walking-end-checks,length,207,bring,yes,yes,True,0.91,0.94,0.94,0.006200000000000007
length-256-walking-end-checks,length,207,walk,no,no,True,0.62,0.74,0.74,0.11760000000000001
factor-state-direct-0-1,factorial,208,answer,drive,walk,False,0.9,0.05,0.95,1.805
count-r-spaced,counting,209,answer,1,1,True,0.99,0.99,0.99,0.0002000000000000002
options-described,options,210,answer,drive,drive,True,0.35,0.67,0.67,0.2178
factor-state-direct-1-0,factorial,211,answer,drive,walk,False,0.78,0.1,0.85,1.535
count-rrabr-algorithm,counting,212,answer,3,3,True,0.61,0.66,0.66,0.18719999999999998
count-strawberry-spaced,counting,213,answer,3,3,True,0.38,0.45,0.45,0.45
factor-state-goal-1-0,factorial,214,answer,drive,walk,False,0.65,0.2,0.77,1.2338
count-rrrrrr-algorithm,counting,215,answer,6,6,True,0.68,0.72,0.72,0.11780000000000002
count-qrzrpr-spaced,counting,216,answer,3,4,False,0.41,0.05,0.47,1.3099999999999998
transfer-pickup-direct,transfer,217,answer,walk,walk,True,0.97,0.98,0.98,0.0008000000000000008
factor-inline-direct-1-1,factorial,218,answer,drive,walk,False,0.86,0.02,0.91,1.7933999999999999
length-1024-neutral-start-direct,length,219,answer,drive,walk,False,0.93,0.04,0.96,1.8432
factor-inline-goal-1-0,factorial,220,answer,drive,walk,False,0.21,0.47,0.47,0.5054000000000001
factor-state-direct-0-1,factorial,221,answer,drive,walk,False,0.89,0.05,0.95,1.805
length-1024-walking-end-direct,length,222,answer,drive,walk,False,0.86,0.07,0.93,1.7298
factor-inline-goal-1-1,factorial,223,answer,drive,drive,True,0.25,0.5,0.5,0.4142
count-rrr-algorithm,counting,224,answer,3,3,True,1.0,1.0,1.0,0.0
count-raspberry-algorithm,counting,225,answer,3,2,False,0.63,0.23,0.67,1.05
count-straberry-algorithm,counting,226,answer,3,3,True,0.42,0.47,0.47,0.4514000000000001
factor-state-goal-1-1,factorial,227,answer,drive,walk,False,0.41,0.33,0.61,0.8245999999999999
transfer-job-checks,transfer,228,bring,no,no,True,1.0,1.0,1.0,0.0
transfer-job-checks,transfer,228,walk,yes,yes,True,0.97,0.98,0.98,0.0008000000000000008
batch-A,batching,229,A,yes,yes,True,0.97,0.98,0.98,0.0008000000000000008
factor-inline-direct-1-1,factorial,230,answer,drive,walk,False,0.85,0.03,0.89,1.7394
factor-inline-goal-0-1,factorial,231,answer,drive,drive,True,0.0,0.5,0.5,0.5
count-strawberries-spaced,counting,232,answer,3,4,False,0.26,0.13,0.33,0.9394
count-cherry-algorithm,counting,233,answer,2,2,True,0.79,0.81,0.81,0.054199999999999984
count-rrrrrr-plain,counting,234,answer,6,6,True,0.65,0.69,0.69,0.16000000000000003
length-0-neutral-start-direct,length,235,answer,drive,walk,False,0.91,0.05,0.95,1.805
longtransfer-pickup-4096-end-direct,long_transfer,236,answer,walk,walk,True,0.97,0.99,0.99,0.0002000000000000002
length-4096-neutral-middle-checks,length,237,bring,yes,yes,True,0.98,0.99,0.99,0.0002000000000000002
length-4096-neutral-middle-checks,length,237,walk,no,yes,False,0.22,0.48,0.48,0.5024000000000001
transfer-weigh-direct,transfer,238,answer,drive,walk,False,0.53,0.23,0.77,1.1858
count-river-algorithm,counting,239,answer,2,2,True,0.67,0.7,0.7,0.17420000000000002
longtransfer-inspection-512-start-checks,long_transfer,240,bring,yes,yes,True,0.99,1.0,1.0,0.0
longtransfer-inspection-512-start-checks,long_transfer,240,walk,no,no,True,0.94,0.96,0.96,0.002600000000000003
count-cherry-plain,counting,241,answer,2,2,True,0.81,0.83,0.83,0.043400000000000015
batch-B,batching,242,B,no,no,True,0.99,1.0,1.0,0.0
factor-inline-direct-1-0,factorial,243,answer,drive,walk,False,0.8,0.08,0.87,1.6058000000000001
transfer-refund-goal,transfer,244,answer,walk,walk,True,1.0,1.0,1.0,0.0
transfer-oil-goal,transfer,245,answer,drive,walk,False,0.53,0.24,0.76,1.1552
transfer-inspection-checks,transfer,246,bring,yes,yes,True,0.96,0.98,0.98,0.0006000000000000007
transfer-inspection-checks,transfer,246,walk,no,no,True,0.97,0.98,0.98,0.0008000000000000008
longtransfer-wash-4096-start-direct,long_transfer,247,answer,drive,walk,False,0.67,0.16,0.84,1.4111999999999998
longtransfer-pickup-4096-end-direct,long_transfer,248,answer,walk,walk,True,0.97,0.98,0.98,0.0008000000000000008
transfer-tires-direct,transfer,249,answer,drive,walk,False,0.25,0.37,0.63,0.7938000000000001
transfer-supplies-goal,transfer,250,answer,walk,walk,True,1.0,1.0,1.0,0.0
count-RrR-spaced,counting,251,answer,3,3,True,0.88,0.89,0.89,0.016399999999999998
length-8192-walking-start-direct,length,252,answer,drive,walk,False,0.85,0.08,0.92,1.6928
transfer-tires-goal,transfer,253,answer,drive,walk,False,0.7,0.15,0.85,1.4449999999999998
longtransfer-pickup-512-start-direct,long_transfer,254,answer,walk,walk,True,0.9,0.95,0.95,0.0050000000000000044
count-RrR-algorithm,counting,255,answer,3,3,True,0.99,1.0,1.0,0.0
length-256-neutral-start-direct,length,256,answer,drive,walk,False,0.95,0.02,0.98,1.9207999999999998
transfer-receipt-checks,transfer,257,bring,no,no,True,1.0,1.0,1.0,0.0
transfer-receipt-checks,transfer,257,walk,yes,yes,True,0.98,0.99,0.99,0.0002000000000000002
options-described,options,258,answer,drive,drive,True,0.34,0.67,0.67,0.2178
rule-feasibility,options,259,answer,drive,walk,False,0.98,0.01,0.99,1.9602
factor-state-goal-1-0,factorial,260,answer,drive,walk,False,0.53,0.27,0.69,1.0106
longtransfer-inspection-512-end-direct,long_transfer,261,answer,drive,walk,False,1.0,0.0,1.0,2.0
factor-inline-direct-0-1,factorial,262,answer,drive,walk,False,0.88,0.06,0.94,1.7671999999999999
batch-A-B-transport,batching,263,A,yes,yes,True,0.97,0.98,0.98,0.0008000000000000008
batch-A-B-transport,batching,263,B,no,no,True,1.0,1.0,1.0,0.0
batch-A-B-transport,batching,263,transport,drive,walk,False,0.78,0.11,0.89,1.5842
length-8192-neutral-end-checks,length,264,bring,yes,yes,True,0.98,0.98,0.98,0.0006000000000000007
length-8192-neutral-end-checks,length,264,walk,no,no,True,0.41,0.6,0.6,0.27920000000000006
count-river-algorithm,counting,265,answer,2,2,True,0.69,0.72,0.72,0.1514
count-blueberry-algorithm,counting,266,answer,2,1,False,0.82,0.04,0.84,1.6416
length-256-neutral-middle-direct,length,267,answer,drive,walk,False,0.98,0.01,0.99,1.9602
count-RrR-spaced,counting,268,answer,3,3,True,0.91,0.93,0.93,0.006799999999999993
length-4096-walking-start-checks,length,269,bring,yes,yes,True,0.86,0.91,0.91,0.016199999999999992
length-4096-walking-start-checks,length,269,walk,no,no,True,0.67,0.77,0.77,0.09059999999999999
factor-inline-goal-1-1,factorial,270,answer,drive,drive,True,0.34,0.56,0.56,0.31039999999999995
length-4096-walking-end-checks,length,271,bring,yes,yes,True,0.91,0.94,0.94,0.006200000000000007
length-4096-walking-end-checks,length,271,walk,no,no,True,0.49,0.66,0.66,0.19649999999999998
transfer-job-goal,transfer,272,answer,walk,walk,True,1.0,1.0,1.0,0.0
length-4096-neutral-end-direct,length,273,answer,drive,walk,False,0.95,0.02,0.98,1.9207999999999998
transfer-inspection-goal,transfer,274,answer,drive,walk,False,0.85,0.07,0.93,1.7298
length-1024-walking-end-direct,length,275,answer,drive,walk,False,0.88,0.06,0.94,1.7671999999999999
count-qrzrpr-spaced,counting,276,answer,3,5,False,0.45,0.04,0.51,1.3434
transfer-wash-checks,transfer,277,bring,yes,yes,True,0.99,0.99,0.99,0.0002000000000000002
transfer-wash-checks,transfer,277,walk,no,no,True,0.99,0.99,0.99,0.0002000000000000002
length-4096-walking-middle-checks,length,278,bring,yes,yes,True,0.88,0.93,0.93,0.009799999999999993
length-4096-walking-middle-checks,length,278,walk,no,no,True,0.65,0.77,0.77,0.09739999999999999
count-raspberry-algorithm,counting,279,answer,3,2,False,0.6,0.25,0.64,0.9806
count-straberry-spaced,counting,280,answer,3,3,True,0.42,0.48,0.48,0.3866
count-qrzrpr-algorithm,counting,281,answer,3,4,False,0.48,0.33,0.53,0.7397999999999999
transfer-job-goal,transfer,282,answer,walk,walk,True,1.0,1.0,1.0,0.0
transfer-supplies-goal,transfer,283,answer,walk,walk,True,1.0,1.0,1.0,0.0
factor-inline-goal-0-1,factorial,284,answer,drive,drive,True,0.32,0.66,0.66,0.23120000000000002
count-blueberry-spaced,counting,285,answer,2,1,False,0.77,0.2,0.8,1.2800000000000002
factor-state-direct-0-0,factorial,286,answer,drive,walk,False,0.94,0.03,0.97,1.8818
length-4096-walking-end-checks,length,287,bring,yes,yes,True,0.91,0.94,0.94,0.006200000000000007
length-4096-walking-end-checks,length,287,walk,no,no,True,0.36,0.58,0.58,0.30960000000000004
transfer-wash-direct,transfer,288,answer,drive,walk,False,0.47,0.26,0.74,1.0952
transfer-receipt-direct,transfer,289,answer,walk,walk,True,1.0,1.0,1.0,0.0
factor-inline-goal-0-1,factorial,290,answer,drive,walk,False,0.01,0.5,0.5,0.5
length-0-neutral-start-checks,length,291,bring,yes,yes,True,0.94,0.96,0.96,0.002600000000000003
length-0-neutral-start-checks,length,291,walk,no,no,True,0.7,0.81,0.81,0.05459999999999998
key-transport,question_key,292,transport,drive,walk,False,0.92,0.04,0.96,1.8432
factor-inline-goal-1-0,factorial,293,answer,drive,drive,True,0.31,0.54,0.54,0.38219999999999993
key-transport,question_key,294,transport,drive,walk,False,0.85,0.08,0.92,1.6928
batch-A,batching,295,A,yes,yes,True,0.98,0.99,0.99,0.0002000000000000002
count-r-plain,counting,296,answer,1,1,True,0.99,0.99,0.99,0.0002000000000000002
count-rrrrrr-spaced,counting,297,answer,6,6,True,0.95,0.97,0.97,0.0014000000000000017
longtransfer-wash-512-start-direct,long_transfer,298,answer,drive,walk,False,0.6,0.2,0.8,1.2800000000000002
transfer-receipt-checks,transfer,299,bring,no,no,True,1.0,1.0,1.0,0.0
transfer-receipt-checks,transfer,299,walk,yes,yes,True,0.98,0.99,0.99,0.0002000000000000002
factor-state-goal-1-1,factorial,300,answer,drive,walk,False,0.52,0.26,0.68,1.0136
longtransfer-inspection-4096-end-direct,long_transfer,301,answer,drive,walk,False,0.99,0.0,1.0,2.0
batch-B,batching,302,B,no,no,True,1.0,1.0,1.0,0.0
transfer-wash-checks,transfer,303,bring,yes,yes,True,0.98,0.99,0.99,0.0002000000000000002
transfer-wash-checks,transfer,303,walk,no,no,True,0.98,0.99,0.99,0.0002000000000000002
factor-state-goal-0-0,factorial,304,answer,drive,walk,False,0.46,0.27,0.73,1.0657999999999999
count-strawberries-plain,counting,305,answer,3,2,False,0.44,0.33,0.5,0.7119999999999999
count-r-spaced,counting,306,answer,1,1,True,0.99,0.99,0.99,0.0002000000000000002
transfer-tires-checks,transfer,307,bring,yes,yes,True,0.93,0.95,0.95,0.004200000000000004
transfer-tires-checks,transfer,307,walk,no,no,True,0.97,0.98,0.98,0.0006000000000000007
transfer-pickup-goal,transfer,308,answer,walk,walk,True,1.0,1.0,1.0,0.0
factor-state-goal-0-1,factorial,309,answer,drive,walk,False,0.33,0.33,0.67,0.8977999999999999
length-4096-neutral-middle-checks,length,310,bring,yes,yes,True,0.96,0.97,0.97,0.0014000000000000017
length-4096-neutral-middle-checks,length,310,walk,no,no,True,0.24,0.49,0.49,0.4742
factor-inline-goal-0-1,factorial,311,answer,drive,drive,True,0.11,0.55,0.55,0.40499999999999997
key-answer,question_key,312,answer,drive,walk,False,0.85,0.08,0.92,1.6928
transfer-mobile-direct,transfer,313,answer,walk,walk,True,1.0,1.0,1.0,0.0
longtransfer-pickup-4096-end-checks,long_transfer,314,bring,no,no,True,0.98,0.99,0.99,0.0002000000000000002
longtransfer-pickup-4096-end-checks,long_transfer,314,walk,yes,yes,True,0.86,0.91,0.91,0.014599999999999995
length-1024-neutral-end-checks,length,315,bring,yes,yes,True,0.98,0.98,0.98,0.0006000000000000007
length-1024-neutral-end-checks,length,315,walk,no,no,True,0.54,0.69,0.69,0.16220000000000004
factor-state-goal-0-0,factorial,316,answer,drive,walk,False,0.71,0.15,0.85,1.4449999999999998
batch-A-B-transport,batching,317,A,yes,yes,True,0.97,0.98,0.98,0.0008000000000000008
batch-A-B-transport,batching,317,B,no,no,True,0.99,1.0,1.0,0.0
batch-A-B-transport,batching,317,transport,drive,walk,False,0.78,0.11,0.89,1.5842
count-banana-plain,counting,318,answer,0,1,False,0.68,0.27,0.72,1.0514
factor-inline-direct-1-0,factorial,319,answer,drive,walk,False,0.73,0.11,0.82,1.4693999999999998
transfer-trade-direct,transfer,320,answer,drive,walk,False,0.32,0.34,0.66,0.8712
factor-state-goal-1-0,factorial,321,answer,drive,walk,False,0.7,0.17,0.8,1.3298
transfer-supplies-checks,transfer,322,bring,no,no,True,0.99,0.99,0.99,0.0002000000000000002
transfer-supplies-checks,transfer,322,walk,yes,yes,True,0.99,1.0,1.0,0.0
factor-inline-direct-1-0,factorial,323,answer,drive,walk,False,0.67,0.12,0.78,1.3928
length-4096-walking-middle-direct,length,324,answer,drive,walk,False,0.95,0.02,0.98,1.9207999999999998
count-r-plain,counting,325,answer,1,1,True,0.99,1.0,1.0,0.0
factor-inline-direct-1-0,factorial,326,answer,drive,walk,False,0.66,0.12,0.77,1.3794
transfer-tires-checks,transfer,327,bring,yes,yes,True,0.93,0.95,0.95,0.004200000000000004
transfer-tires-checks,transfer,327,walk,no,no,True,0.94,0.96,0.96,0.002600000000000003
count-blueberry-plain,counting,328,answer,2,1,False,0.84,0.06,0.87,1.6454
count-rrr-spaced,counting,329,answer,3,3,True,0.99,1.0,1.0,0.0
length-8192-neutral-start-checks,length,330,bring,yes,yes,True,0.98,0.98,0.98,0.0006000000000000007
length-8192-neutral-start-checks,length,330,walk,no,no,True,0.77,0.84,0.84,0.04160000000000001
count-blueberry-spaced,counting,331,answer,2,1,False,0.71,0.24,0.75,1.1402
count-RrR-spaced,counting,332,answer,3,3,True,0.92,0.92,0.92,0.008399999999999993
factor-state-direct-0-0,factorial,333,answer,drive,walk,False,0.9,0.05,0.95,1.805
longtransfer-wash-4096-end-checks,long_transfer,334,bring,yes,yes,True,0.99,1.0,1.0,0.0
longtransfer-wash-4096-end-checks,long_transfer,334,walk,no,no,True,0.93,0.95,0.95,0.004200000000000004
length-4096-walking-start-direct,length,335,answer,drive,walk,False,0.91,0.05,0.95,1.805
factor-inline-goal-0-1,factorial,336,answer,drive,drive,True,0.14,0.57,0.57,0.3698
count-banana-spaced,counting,337,answer,0,0,True,0.97,0.97,0.97,0.0018000000000000017
key-answer,question_key,338,answer,drive,walk,False,0.84,0.08,0.92,1.6928
count-r-spaced,counting,339,answer,1,1,True,0.99,0.99,0.99,0.0002000000000000002
longtransfer-pickup-512-start-checks,long_transfer,340,bring,no,no,True,0.97,0.98,0.98,0.0008000000000000008
longtransfer-pickup-512-start-checks,long_transfer,340,walk,yes,yes,True,0.78,0.85,0.85,0.03980000000000001
batch-A-B-transport,batching,341,A,yes,yes,True,0.97,0.98,0.98,0.0008000000000000008
batch-A-B-transport,batching,341,B,no,no,True,1.0,1.0,1.0,0.0
batch-A-B-transport,batching,341,transport,drive,walk,False,0.9,0.05,0.95,1.805
factor-inline-direct-0-0,factorial,342,answer,drive,walk,False,0.77,0.12,0.88,1.5488
longtransfer-inspection-4096-start-checks,long_transfer,343,bring,yes,yes,True,1.0,1.0,1.0,0.0
longtransfer-inspection-4096-start-checks,long_transfer,343,walk,no,no,True,0.94,0.95,0.95,0.004200000000000004
transfer-weigh-goal,transfer,344,answer,drive,walk,False,0.03,0.48,0.52,0.5408000000000001
longtransfer-pickup-512-end-checks,long_transfer,345,bring,no,no,True,0.99,0.99,0.99,0.0002000000000000002
longtransfer-pickup-512-end-checks,long_transfer,345,walk,yes,yes,True,0.9,0.93,0.93,0.008599999999999993
length-256-neutral-end-direct,length,346,answer,drive,walk,False,0.99,0.01,0.99,1.9602
transfer-oil-checks,transfer,347,bring,yes,yes,True,0.93,0.95,0.95,0.0038000000000000043
transfer-oil-checks,transfer,347,walk,no,no,True,0.98,0.99,0.99,0.0002000000000000002
transfer-oil-checks,transfer,348,bring,yes,yes,True,0.93,0.95,0.95,0.0038000000000000043
transfer-oil-checks,transfer,348,walk,no,no,True,0.98,0.99,0.99,0.0002000000000000002
key-answer,question_key,349,answer,drive,walk,False,0.89,0.05,0.95,1.805
factor-state-goal-1-0,factorial,350,answer,drive,walk,False,0.77,0.12,0.85,1.4977999999999998
batch-B,batching,351,B,no,no,True,0.99,1.0,1.0,0.0
length-256-walking-middle-direct,length,352,answer,drive,walk,False,0.87,0.06,0.94,1.7671999999999999
count-river-spaced,counting,353,answer,2,2,True,0.8,0.83,0.83,0.046800000000000015
transfer-job-direct,transfer,354,answer,walk,walk,True,1.0,1.0,1.0,0.0
count-river-algorithm,counting,355,answer,2,2,True,0.66,0.7,0.7,0.17420000000000002
length-256-walking-end-checks,length,356,bring,yes,yes,True,0.91,0.94,0.94,0.006200000000000007
length-256-walking-end-checks,length,356,walk,no,no,True,0.73,0.83,0.83,0.04940000000000001
transfer-inspection-checks,transfer,357,bring,yes,yes,True,0.97,0.98,0.98,0.0006000000000000007
transfer-inspection-checks,transfer,357,walk,no,no,True,0.96,0.98,0.98,0.0008000000000000008
transfer-trade-goal,transfer,358,answer,drive,walk,False,0.87,0.06,0.94,1.7671999999999999
length-1024-walking-middle-direct,length,359,answer,drive,walk,False,0.96,0.02,0.98,1.9207999999999998
transfer-trade-goal,transfer,360,answer,drive,walk,False,0.89,0.06,0.94,1.7671999999999999
batch-A,batching,361,A,yes,yes,True,0.97,0.98,0.98,0.0008000000000000008
options-described,options,362,answer,drive,drive,True,0.41,0.71,0.71,0.16820000000000002
longtransfer-supplies-4096-start-direct,long_transfer,363,answer,walk,walk,True,1.0,1.0,1.0,0.0
batch-A-B-transport,batching,364,A,yes,yes,True,0.95,0.97,0.97,0.0018000000000000017
batch-A-B-transport,batching,364,B,no,no,True,0.99,1.0,1.0,0.0
batch-A-B-transport,batching,364,transport,drive,walk,False,0.86,0.07,0.93,1.7298
length-8192-walking-end-checks,length,365,bring,yes,yes,True,0.91,0.94,0.94,0.006200000000000007
length-8192-walking-end-checks,length,365,walk,no,no,True,0.7,0.8,0.8,0.06719999999999998
count-abracadabra-plain,counting,366,answer,2,2,True,0.63,0.67,0.67,0.16199999999999998
key-transport,question_key,367,transport,drive,walk,False,0.83,0.08,0.92,1.6928
length-8192-neutral-start-checks,length,368,bring,yes,yes,True,0.97,0.98,0.98,0.0006000000000000007
length-8192-neutral-start-checks,length,368,walk,no,no,True,0.58,0.72,0.72,0.1338
count-blueberry-algorithm,counting,369,answer,2,1,False,0.81,0.03,0.83,1.6494
length-4096-walking-end-checks,length,370,bring,yes,yes,True,0.9,0.93,0.93,0.008599999999999993
length-4096-walking-end-checks,length,370,walk,no,no,True,0.44,0.63,0.63,0.2366
factor-state-goal-0-0,factorial,371,answer,drive,walk,False,0.54,0.23,0.77,1.1858
count-straberry-algorithm,counting,372,answer,3,3,True,0.43,0.49,0.49,0.4208
transfer-receipt-direct,transfer,373,answer,walk,walk,True,1.0,1.0,1.0,0.0
longtransfer-inspection-4096-start-checks,long_transfer,374,bring,yes,yes,True,0.99,1.0,1.0,0.0
longtransfer-inspection-4096-start-checks,long_transfer,374,walk,no,no,True,0.96,0.98,0.98,0.0008000000000000008
batch-A-B-transport,batching,375,A,yes,yes,True,0.97,0.98,0.98,0.0008000000000000008
batch-A-B-transport,batching,375,B,no,no,True,0.99,1.0,1.0,0.0
batch-A-B-transport,batching,375,transport,drive,walk,False,0.79,0.1,0.9,1.62
transfer-tires-direct,transfer,376,answer,drive,walk,False,0.25,0.37,0.63,0.7938000000000001
longtransfer-inspection-512-end-direct,long_transfer,377,answer,drive,walk,False,0.99,0.01,0.99,1.9602
transfer-weigh-direct,transfer,378,answer,drive,walk,False,0.48,0.26,0.74,1.0952
length-256-neutral-middle-direct,length,379,answer,drive,walk,False,0.99,0.0,1.0,2.0
transfer-tires-direct,transfer,380,answer,drive,walk,False,0.15,0.42,0.58,0.6728000000000001
transfer-job-checks,transfer,381,bring,no,no,True,1.0,1.0,1.0,0.0
transfer-job-checks,transfer,381,walk,yes,yes,True,0.98,0.99,0.99,0.0002000000000000002
length-1024-walking-middle-checks,length,382,bring,yes,yes,True,0.84,0.89,0.89,0.0222
length-1024-walking-middle-checks,length,382,walk,no,no,True,0.7,0.81,0.81,0.06259999999999998
factor-inline-goal-0-1,factorial,383,answer,drive,drive,True,0.14,0.57,0.57,0.3698
length-8192-neutral-middle-direct,length,384,answer,drive,walk,False,0.96,0.02,0.98,1.9207999999999998
count-error-spaced,counting,385,answer,3,2,False,0.66,0.22,0.7,1.1034
factor-state-direct-1-0,factorial,386,answer,drive,walk,False,0.85,0.06,0.91,1.7126
transfer-refund-direct,transfer,387,answer,walk,walk,True,1.0,1.0,1.0,0.0
rule-feasibility,options,388,answer,drive,walk,False,0.97,0.01,0.99,1.9602
transfer-refund-goal,transfer,389,answer,walk,walk,True,1.0,1.0,1.0,0.0
factor-inline-goal-0-1,factorial,390,answer,drive,drive,True,0.29,0.65,0.65,0.24499999999999997
transfer-receipt-checks,transfer,391,bring,no,no,True,1.0,1.0,1.0,0.0
transfer-receipt-checks,transfer,391,walk,yes,yes,True,0.98,0.99,0.99,0.0002000000000000002
factor-inline-goal-0-1,factorial,392,answer,drive,drive,True,0.33,0.67,0.67,0.2178
count-straberry-spaced,counting,393,answer,3,3,True,0.37,0.43,0.43,0.46260000000000007
count-rrabr-spaced,counting,394,answer,3,4,False,0.62,0.13,0.66,1.2288000000000001
count-strawberries-plain,counting,395,answer,3,2,False,0.44,0.35,0.5,0.6826000000000001
count-banana-algorithm,counting,396,answer,0,1,False,0.74,0.21,0.77,1.2174
longtransfer-inspection-512-start-direct,long_transfer,397,answer,drive,walk,False,0.85,0.08,0.92,1.6928
factor-inline-direct-0-1,factorial,398,answer,drive,walk,False,0.81,0.09,0.91,1.6562000000000001
key-transport,question_key,399,transport,drive,walk,False,0.85,0.07,0.93,1.7298
count-raspberry-plain,counting,400,answer,3,2,False,0.68,0.19,0.71,1.1684
count-r-algorithm,counting,401,answer,1,1,True,0.98,0.99,0.99,0.0002000000000000002
batch-B,batching,402,B,no,no,True,0.99,1.0,1.0,0.0
key-transport,question_key,403,transport,drive,walk,False,0.91,0.04,0.96,1.8432
longtransfer-supplies-512-end-direct,long_transfer,404,answer,walk,walk,True,1.0,1.0,1.0,0.0
count-r-spaced,counting,405,answer,1,1,True,0.99,1.0,1.0,0.0
factor-state-direct-1-1,factorial,406,answer,drive,walk,False,0.88,0.04,0.92,1.7696
length-1024-neutral-start-checks,length,407,bring,yes,yes,True,0.97,0.98,0.98,0.0006000000000000007
length-1024-neutral-start-checks,length,407,walk,no,no,True,0.67,0.78,0.78,0.0798
batch-A-B-transport,batching,408,A,yes,yes,True,0.97,0.98,0.98,0.0008000000000000008
batch-A-B-transport,batching,408,B,no,no,True,1.0,1.0,1.0,0.0
batch-A-B-transport,batching,408,transport,drive,walk,False,0.76,0.12,0.88,1.5488
length-8192-neutral-end-direct,length,409,answer,drive,walk,False,0.98,0.01,0.99,1.9602
transfer-trade-direct,transfer,410,answer,drive,walk,False,0.25,0.38,0.62,0.7688
length-4096-neutral-end-direct,length,411,answer,drive,walk,False,0.99,0.0,1.0,2.0
length-8192-walking-end-checks,length,412,bring,yes,yes,True,0.9,0.94,0.94,0.006200000000000007
length-8192-walking-end-checks,length,412,walk,no,no,True,0.68,0.78,0.78,0.08239999999999999
count-cherry-algorithm,counting,413,answer,2,2,True,0.78,0.81,0.81,0.054199999999999984
factor-state-goal-1-0,factorial,414,answer,drive,walk,False,0.58,0.25,0.71,1.0682
transfer-wash-goal,transfer,415,answer,drive,walk,False,0.48,0.26,0.74,1.0952
transfer-refund-checks,transfer,416,bring,no,no,True,0.99,1.0,1.0,0.0
transfer-refund-checks,transfer,416,walk,yes,yes,True,0.99,1.0,1.0,0.0
factor-inline-goal-0-1,factorial,417,answer,drive,drive,True,0.32,0.66,0.66,0.23120000000000002
factor-state-goal-0-0,factorial,418,answer,drive,walk,False,0.51,0.24,0.76,1.1552
factor-inline-direct-0-0,factorial,419,answer,drive,walk,False,0.77,0.12,0.88,1.5488
transfer-oil-goal,transfer,420,answer,drive,walk,False,0.46,0.27,0.73,1.0657999999999999
count-blueberry-plain,counting,421,answer,2,1,False,0.85,0.05,0.87,1.6658
length-4096-neutral-end-direct,length,422,answer,drive,walk,False,0.97,0.02,0.98,1.9207999999999998
length-8192-neutral-start-direct,length,423,answer,drive,walk,False,0.92,0.04,0.96,1.8432
key-transport,question_key,424,transport,drive,walk,False,0.87,0.07,0.93,1.7298
transfer-supplies-direct,transfer,425,answer,walk,walk,True,1.0,1.0,1.0,0.0
transfer-wash-checks,transfer,426,bring,yes,yes,True,0.98,0.99,0.99,0.0002000000000000002
transfer-wash-checks,transfer,426,walk,no,no,True,0.98,0.99,0.99,0.0002000000000000002
count-strawberries-algorithm,counting,427,answer,3,2,False,0.43,0.32,0.49,0.7189999999999999
factor-inline-direct-1-1,factorial,428,answer,drive,walk,False,0.88,0.02,0.91,1.7933999999999999
count-qrzrpr-spaced,counting,429,answer,3,4,False,0.42,0.05,0.48,1.3188
length-1024-walking-start-direct,length,430,answer,drive,walk,False,0.93,0.04,0.96,1.8432
transfer-tires-checks,transfer,431,bring,yes,yes,True,0.92,0.95,0.95,0.004200000000000004
transfer-tires-checks,transfer,431,walk,no,no,True,0.97,0.98,0.98,0.0006000000000000007
transfer-receipt-direct,transfer,432,answer,walk,walk,True,1.0,1.0,1.0,0.0
length-256-neutral-middle-direct,length,433,answer,drive,walk,False,0.99,0.0,1.0,2.0
transfer-trade-direct,transfer,434,answer,drive,walk,False,0.34,0.33,0.67,0.8977999999999999
count-raspberry-plain,counting,435,answer,3,2,False,0.68,0.17,0.71,1.2052
factor-inline-goal-0-1,factorial,436,answer,drive,drive,True,0.21,0.6,0.6,0.32000000000000006
factor-state-direct-1-0,factorial,437,answer,drive,walk,False,0.82,0.07,0.89,1.6585999999999999
count-straberry-spaced,counting,438,answer,3,3,True,0.39,0.46,0.46,0.41840000000000005
length-256-neutral-end-checks,length,439,bring,yes,yes,True,0.98,0.98,0.98,0.0006000000000000007
length-256-neutral-end-checks,length,439,walk,no,no,True,0.58,0.71,0.71,0.13740000000000002
transfer-weigh-direct,transfer,440,answer,drive,walk,False,0.46,0.27,0.73,1.0657999999999999
transfer-mobile-direct,transfer,441,answer,walk,walk,True,1.0,1.0,1.0,0.0
count-strawberries-spaced,counting,442,answer,3,4,False,0.26,0.15,0.34,0.9014
count-strawberry-spaced,counting,443,answer,3,3,True,0.4,0.46,0.46,0.4194
count-banana-plain,counting,444,answer,0,0,True,0.51,0.55,0.55,0.39619999999999994
length-256-walking-middle-checks,length,445,bring,yes,yes,True,0.92,0.95,0.95,0.0050000000000000044
length-256-walking-middle-checks,length,445,walk,no,no,True,0.64,0.75,0.75,0.1118
length-256-walking-middle-checks,length,446,bring,yes,yes,True,0.89,0.93,0.93,0.009799999999999993
length-256-walking-middle-checks,length,446,walk,no,no,True,0.59,0.72,0.72,0.1418
transfer-inspection-goal,transfer,447,answer,drive,walk,False,0.88,0.06,0.94,1.7671999999999999
transfer-wash-checks,transfer,448,bring,yes,yes,True,0.98,0.99,0.99,0.0002000000000000002
transfer-wash-checks,transfer,448,walk,no,no,True,0.99,0.99,0.99,0.0002000000000000002
transfer-receipt-direct,transfer,449,answer,walk,walk,True,1.0,1.0,1.0,0.0
longtransfer-pickup-512-start-direct,long_transfer,450,answer,walk,walk,True,0.92,0.96,0.96,0.003200000000000003
factor-state-direct-0-1,factorial,451,answer,drive,walk,False,0.91,0.05,0.95,1.805
factor-inline-direct-0-0,factorial,452,answer,drive,walk,False,0.82,0.09,0.91,1.6562000000000001
count-river-spaced,counting,453,answer,2,2,True,0.74,0.77,0.77,0.08659999999999998
transfer-trade-checks,transfer,454,bring,yes,no,False,0.55,0.28,0.7,1.0088
transfer-trade-checks,transfer,454,walk,no,no,True,0.88,0.92,0.92,0.011399999999999993
factor-state-goal-1-0,factorial,455,answer,drive,walk,False,0.66,0.2,0.77,1.2338
length-256-walking-middle-checks,length,456,bring,yes,yes,True,0.88,0.92,0.92,0.012799999999999994
length-256-walking-middle-checks,length,456,walk,no,no,True,0.66,0.77,0.77,0.0938
length-1024-walking-middle-direct,length,457,answer,drive,walk,False,0.95,0.03,0.97,1.8818
transfer-wash-goal,transfer,458,answer,drive,walk,False,0.67,0.16,0.84,1.4111999999999998
factor-state-goal-1-1,factorial,459,answer,drive,walk,False,0.6,0.21,0.74,1.1742000000000001
length-8192-walking-start-checks,length,460,bring,yes,yes,True,0.86,0.91,0.91,0.016199999999999992
length-8192-walking-start-checks,length,460,walk,no,no,True,0.62,0.74,0.74,0.12140000000000001
count-cherry-algorithm,counting,461,answer,2,2,True,0.78,0.81,0.81,0.05459999999999998
factor-inline-direct-0-1,factorial,462,answer,drive,walk,False,0.84,0.08,0.92,1.6928
count-qrzrpr-plain,counting,463,answer,3,3,True,0.36,0.43,0.43,0.4982000000000001
count-blueberry-algorithm,counting,464,answer,2,1,False,0.83,0.04,0.86,1.6711999999999998
longtransfer-supplies-4096-end-direct,long_transfer,465,answer,walk,walk,True,1.0,1.0,1.0,0.0
length-256-walking-middle-direct,length,466,answer,drive,walk,False,0.88,0.06,0.94,1.7671999999999999
count-straberry-plain,counting,467,answer,3,3,True,0.43,0.48,0.48,0.4202
count-strawberry-spaced,counting,468,answer,3,3,True,0.37,0.43,0.43,0.4756000000000001
factor-inline-goal-0-0,factorial,469,answer,drive,walk,False,0.03,0.48,0.52,0.5408000000000001
count-banana-algorithm,counting,470,answer,0,1,False,0.67,0.28,0.7,1.0088
length-4096-neutral-end-direct,length,471,answer,drive,walk,False,0.98,0.01,0.99,1.9602
length-4096-neutral-start-checks,length,472,bring,yes,yes,True,0.96,0.97,0.97,0.0014000000000000017
length-4096-neutral-start-checks,length,472,walk,no,no,True,0.74,0.83,0.83,0.04740000000000001
factor-state-direct-1-0,factorial,473,answer,drive,walk,False,0.8,0.09,0.87,1.5866
count-error-spaced,counting,474,answer,3,2,False,0.66,0.2,0.69,1.1244
transfer-refund-checks,transfer,475,bring,no,no,True,1.0,1.0,1.0,0.0
transfer-refund-checks,transfer,475,walk,yes,yes,True,0.99,1.0,1.0,0.0
length-256-walking-start-checks,length,476,bring,yes,yes,True,0.89,0.93,0.93,0.009799999999999993
length-256-walking-start-checks,length,476,walk,no,no,True,0.6,0.74,0.74,0.11760000000000001
count-abracadabra-spaced,counting,477,answer,2,3,False,0.42,0.3,0.48,0.7504
factor-state-goal-0-0,factorial,478,answer,drive,walk,False,0.61,0.2,0.8,1.2800000000000002
key-answer,question_key,479,answer,drive,walk,False,0.92,0.04,0.96,1.8432
count-rrabr-algorithm,counting,480,answer,3,3,True,0.59,0.63,0.63,0.22499999999999998
length-1024-neutral-end-direct,length,481,answer,drive,walk,False,0.95,0.03,0.97,1.8818
count-straberry-spaced,counting,482,answer,3,3,True,0.41,0.47000000000000003,0.47000000000000003,0.39860000000000007
count-strawberry-algorithm,counting,483,answer,3,2,False,0.48,0.4,0.53,0.6434
transfer-tires-checks,transfer,484,bring,yes,yes,True,0.93,0.95,0.95,0.004200000000000004
transfer-tires-checks,transfer,484,walk,no,no,True,0.93,0.96,0.96,0.002600000000000003
transfer-supplies-goal,transfer,485,answer,walk,walk,True,1.0,1.0,1.0,0.0
factor-state-direct-1-1,factorial,486,answer,drive,walk,False,0.9,0.05,0.93,1.7678
count-rrr-spaced,counting,487,answer,3,3,True,0.99,1.0,1.0,0.0
rule-feasibility,options,488,answer,drive,walk,False,0.94,0.03,0.97,1.8818
length-4096-walking-middle-direct,length,489,answer,drive,walk,False,0.96,0.02,0.98,1.9207999999999998
length-4096-walking-end-direct,length,490,answer,drive,walk,False,0.94,0.03,0.97,1.8818
factor-inline-direct-1-1,factorial,491,answer,drive,walk,False,0.87,0.02,0.91,1.7933999999999999
count-rrr-algorithm,counting,492,answer,3,3,True,1.0,1.0,1.0,0.0
transfer-job-goal,transfer,493,answer,walk,walk,True,1.0,1.0,1.0,0.0
length-1024-walking-end-checks,length,494,bring,yes,yes,True,0.91,0.94,0.94,0.006200000000000007
length-1024-walking-end-checks,length,494,walk,no,no,True,0.63,0.75,0.75,0.10819999999999999
transfer-tires-checks,transfer,495,bring,yes,yes,True,0.92,0.95,0.95,0.004200000000000004
transfer-tires-checks,transfer,495,walk,no,no,True,0.96,0.97,0.97,0.0014000000000000017
factor-inline-goal-0-1,factorial,496,answer,drive,drive,True,0.2,0.6,0.6,0.32000000000000006
transfer-trade-direct,transfer,497,answer,drive,walk,False,0.32,0.34,0.66,0.8712
transfer-trade-goal,transfer,498,answer,drive,walk,False,0.91,0.05,0.95,1.805
count-raspberry-plain,counting,499,answer,3,2,False,0.66,0.21,0.7,1.1206
longtransfer-inspection-512-start-checks,long_transfer,500,bring,yes,yes,True,0.99,0.99,0.99,0.0002000000000000002
longtransfer-inspection-512-start-checks,long_transfer,500,walk,no,no,True,0.94,0.96,0.96,0.002600000000000003
longtransfer-supplies-4096-start-direct,long_transfer,501,answer,walk,walk,True,1.0,1.0,1.0,0.0
count-straberry-spaced,counting,502,answer,3,3,True,0.35,0.41,0.41,0.4932000000000001
transfer-oil-goal,transfer,503,answer,drive,walk,False,0.54,0.23,0.77,1.1858
count-r-plain,counting,504,answer,1,1,True,0.99,1.0,1.0,0.0
factor-state-goal-1-0,factorial,505,answer,drive,walk,False,0.71,0.16,0.81,1.3626
key-transport,question_key,506,transport,drive,walk,False,0.92,0.04,0.96,1.8432
factor-state-goal-0-1,factorial,507,answer,drive,walk,False,0.24,0.38,0.62,0.7688
factor-state-goal-0-1,factorial,508,answer,drive,walk,False,0.34,0.33,0.67,0.8977999999999999
transfer-receipt-direct,transfer,509,answer,walk,walk,True,1.0,1.0,1.0,0.0
batch-transport,batching,510,transport,drive,walk,False,0.79,0.1,0.9,1.62
length-8192-neutral-start-checks,length,511,bring,yes,yes,True,0.96,0.97,0.97,0.0014000000000000017
length-8192-neutral-start-checks,length,511,walk,no,no,True,0.66,0.77,0.77,0.09059999999999999
factor-inline-direct-0-1,factorial,512,answer,drive,walk,False,0.83,0.09,0.91,1.6562000000000001
length-256-neutral-start-checks,length,513,bring,yes,yes,True,0.96,0.98,0.98,0.0006000000000000007
length-256-neutral-start-checks,length,513,walk,no,no,True,0.72,0.81,0.81,0.05819999999999998
count-rrr-plain,counting,514,answer,3,3,True,1.0,1.0,1.0,0.0
transfer-wash-checks,transfer,515,bring,yes,yes,True,0.98,0.99,0.99,0.0002000000000000002
transfer-wash-checks,transfer,515,walk,no,no,True,0.99,0.99,0.99,0.0002000000000000002
count-r-spaced,counting,516,answer,1,1,True,0.99,1.0,1.0,0.0
count-strawberries-plain,counting,517,answer,3,2,False,0.43,0.34,0.49,0.6885999999999999
count-raspberry-spaced,counting,518,answer,3,3,True,0.45,0.51,0.51,0.33859999999999996
factor-inline-goal-1-1,factorial,519,answer,drive,drive,True,0.31,0.54,0.54,0.34619999999999995
length-256-neutral-middle-direct,length,520,answer,drive,walk,False,0.99,0.01,0.99,1.9602
factor-state-goal-1-1,factorial,521,answer,drive,walk,False,0.44,0.31,0.62,0.8654
key-answer,question_key,522,answer,drive,walk,False,0.87,0.06,0.94,1.7671999999999999
count-rrrrrr-spaced,counting,523,answer,6,6,True,0.95,0.96,0.96,0.002600000000000003
factor-inline-direct-1-1,factorial,524,answer,drive,walk,False,0.89,0.01,0.93,1.8486
factor-state-goal-0-1,factorial,525,answer,drive,walk,False,0.19,0.41,0.59,0.6962
factor-inline-goal-0-0,factorial,526,answer,drive,drive,True,0.05,0.53,0.53,0.44179999999999997
batch-A,batching,527,A,yes,yes,True,0.97,0.98,0.98,0.0008000000000000008
count-error-spaced,counting,528,answer,3,2,False,0.68,0.19,0.71,1.1668
transfer-job-checks,transfer,529,bring,no,no,True,1.0,1.0,1.0,0.0
transfer-job-checks,transfer,529,walk,yes,yes,True,0.97,0.98,0.98,0.0006000000000000007
factor-inline-direct-1-0,factorial,530,answer,drive,walk,False,0.7,0.12,0.8,1.4208
count-straberry-algorithm,counting,531,answer,3,3,True,0.4,0.46,0.46,0.4766
factor-state-direct-1-1,factorial,532,answer,drive,walk,False,0.85,0.07,0.9,1.6758
longtransfer-supplies-4096-start-direct,long_transfer,533,answer,walk,walk,True,1.0,1.0,1.0,0.0
factor-inline-goal-0-1,factorial,534,answer,drive,drive,True,0.21,0.61,0.61,0.3042
factor-state-direct-1-1,factorial,535,answer,drive,walk,False,0.82,0.09,0.88,1.6034
length-1024-neutral-end-direct,length,536,answer,drive,walk,False,0.95,0.03,0.97,1.8818
transfer-weigh-checks,transfer,537,bring,yes,yes,True,0.95,0.97,0.97,0.0018000000000000017
transfer-weigh-checks,transfer,537,walk,no,no,True,0.97,0.99,0.99,0.0002000000000000002
factor-inline-direct-0-0,factorial,538,answer,drive,walk,False,0.78,0.11,0.89,1.5842
factor-inline-direct-0-0,factorial,539,answer,drive,walk,False,0.76,0.12,0.88,1.5488
length-1024-neutral-end-checks,length,540,bring,yes,yes,True,0.96,0.98,0.98,0.0006000000000000007
length-1024-neutral-end-checks,length,540,walk,no,no,True,0.58,0.72,0.72,0.11940000000000002
length-8192-neutral-end-checks,length,541,bring,yes,yes,True,0.97,0.98,0.98,0.0006000000000000007
length-8192-neutral-end-checks,length,541,walk,no,no,True,0.62,0.75,0.75,0.10819999999999999
factor-state-direct-1-1,factorial,542,answer,drive,walk,False,0.87,0.05,0.92,1.7498
length-4096-walking-middle-direct,length,543,answer,drive,walk,False,0.96,0.02,0.98,1.9207999999999998
count-r-algorithm,counting,544,answer,1,1,True,0.98,0.99,0.99,0.0002000000000000002
count-rrrrrr-algorithm,counting,545,answer,6,4,False,0.49,0.37,0.54,0.6920000000000001
count-straberry-plain,counting,546,answer,3,3,True,0.43,0.49,0.49,0.4208
count-banana-algorithm,counting,547,answer,0,1,False,0.63,0.3,0.67,0.9398
transfer-weigh-checks,transfer,548,bring,yes,yes,True,0.94,0.96,0.96,0.003200000000000003
transfer-weigh-checks,transfer,548,walk,no,no,True,0.99,0.99,0.99,0.0002000000000000002
transfer-trade-checks,transfer,549,bring,yes,no,False,0.52,0.31,0.68,0.9386
transfer-trade-checks,transfer,549,walk,no,no,True,0.86,0.9,0.9,0.018199999999999994
batch-transport,batching,550,transport,drive,walk,False,0.77,0.11,0.89,1.5842
transfer-trade-direct,transfer,551,answer,drive,walk,False,0.26,0.37,0.63,0.7938000000000001
length-1024-walking-end-direct,length,552,answer,drive,walk,False,0.91,0.04,0.96,1.8432
count-blueberry-spaced,counting,553,answer,2,1,False,0.69,0.26,0.73,1.0806
factor-inline-goal-1-0,factorial,554,answer,drive,drive,True,0.36,0.57,0.57,0.3194
transfer-job-direct,transfer,555,answer,walk,walk,True,1.0,1.0,1.0,0.0
count-straberry-algorithm,counting,556,answer,3,3,True,0.39,0.46,0.46,0.4702
count-RrR-plain,counting,557,answer,3,3,True,0.98,0.99,0.99,0.0002000000000000002
batch-B,batching,558,B,no,no,True,0.99,1.0,1.0,0.0
factor-inline-goal-1-0,factorial,559,answer,drive,walk,False,0.28,0.4,0.52,0.6368
factor-inline-goal-1-1,factorial,560,answer,drive,drive,True,0.45,0.64,0.64,0.2072
transfer-job-direct,transfer,561,answer,walk,walk,True,1.0,1.0,1.0,0.0
batch-A-B-transport,batching,562,A,yes,yes,True,0.97,0.98,0.98,0.0008000000000000008
batch-A-B-transport,batching,562,B,no,no,True,0.99,1.0,1.0,0.0
batch-A-B-transport,batching,562,transport,drive,walk,False,0.83,0.09,0.91,1.6562000000000001
length-1024-walking-start-direct,length,563,answer,drive,walk,False,0.94,0.03,0.97,1.8818
count-strawberry-algorithm,counting,564,answer,3,2,False,0.48,0.39,0.53,0.6562
length-8192-neutral-middle-checks,length,565,bring,yes,yes,True,0.96,0.97,0.97,0.0014000000000000017
length-8192-neutral-middle-checks,length,565,walk,no,no,True,0.41,0.61,0.61,0.2826
transfer-supplies-goal,transfer,566,answer,walk,walk,True,1.0,1.0,1.0,0.0
count-strawberry-plain,counting,567,answer,3,2,False,0.49,0.39,0.54,0.6657
batch-transport,batching,568,transport,drive,walk,False,0.86,0.07,0.93,1.7298
count-banana-spaced,counting,569,answer,0,0,True,0.98,0.98,0.98,0.0008000000000000008
count-raspberry-spaced,counting,570,answer,3,3,True,0.45,0.5,0.5,0.3554
batch-A-B,batching,571,A,yes,yes,True,0.98,0.99,0.99,0.0002000000000000002
batch-A-B,batching,571,B,no,no,True,0.99,1.0,1.0,0.0
longtransfer-wash-4096-end-checks,long_transfer,572,bring,yes,yes,True,0.99,1.0,1.0,0.0
longtransfer-wash-4096-end-checks,long_transfer,572,walk,no,no,True,0.9,0.9299999999999999,0.9299999999999999,0.008600000000000009
factor-inline-goal-0-0,factorial,573,answer,drive,drive,True,0.09,0.55,0.55,0.40499999999999997
batch-transport,batching,574,transport,drive,walk,False,0.84,0.08,0.92,1.6928
count-r-plain,counting,575,answer,1,1,True,0.99,1.0,1.0,0.0
count-cherry-plain,counting,576,answer,2,2,True,0.82,0.84,0.84,0.03860000000000001
batch-A,batching,577,A,yes,yes,True,0.97,0.98,0.98,0.0008000000000000008
key-answer,question_key,578,answer,drive,walk,False,0.85,0.07,0.93,1.7298
factor-inline-direct-0-0,factorial,579,answer,drive,walk,False,0.8,0.1,0.9,1.62
length-256-walking-end-checks,length,580,bring,yes,yes,True,0.92,0.94,0.94,0.006200000000000007
length-256-walking-end-checks,length,580,walk,no,no,True,0.8,0.86,0.86,0.031200000000000006
key-transport,question_key,581,transport,drive,walk,False,0.84,0.08,0.92,1.6928
length-256-neutral-start-checks,length,582,bring,yes,yes,True,0.95,0.97,0.97,0.0014000000000000017
length-256-neutral-start-checks,length,582,walk,no,no,True,0.65,0.76,0.76,0.09140000000000001
transfer-pickup-goal,transfer,583,answer,walk,walk,True,1.0,1.0,1.0,0.0
transfer-wash-checks,transfer,584,bring,yes,yes,True,0.98,0.99,0.99,0.0002000000000000002
transfer-wash-checks,transfer,584,walk,no,no,True,0.99,0.99,0.99,0.0002000000000000002
length-1024-walking-end-checks,length,585,bring,yes,yes,True,0.91,0.94,0.94,0.006200000000000007
length-1024-walking-end-checks,length,585,walk,no,no,True,0.76,0.84,0.84,0.043400000000000015
factor-inline-direct-1-0,factorial,586,answer,drive,walk,False,0.64,0.15,0.75,1.295
key-answer,question_key,587,answer,drive,walk,False,0.86,0.07,0.93,1.7298
count-raspberry-spaced,counting,588,answer,3,3,True,0.44,0.5,0.5,0.3534
count-strawberry-spaced,counting,589,answer,3,3,True,0.33,0.4,0.4,0.5372
count-r-spaced,counting,590,answer,1,1,True,0.99,1.0,1.0,0.0
length-1024-neutral-end-direct,length,591,answer,drive,walk,False,0.99,0.0,1.0,2.0
count-straberry-plain,counting,592,answer,3,3,True,0.43,0.48,0.48,0.43900000000000006
factor-inline-direct-0-0,factorial,593,answer,drive,walk,False,0.77,0.11,0.89,1.5842
factor-inline-goal-0-0,factorial,594,answer,drive,drive,True,0.23,0.62,0.62,0.2888
length-4096-neutral-middle-checks,length,595,bring,yes,yes,True,0.97,0.98,0.98,0.0006000000000000007
length-4096-neutral-middle-checks,length,595,walk,no,no,True,0.25,0.5,0.5,0.4632
count-strawberry-plain,counting,596,answer,3,2,False,0.46,0.42,0.51,0.5990000000000001
factor-inline-direct-1-0,factorial,597,answer,drive,walk,False,0.74,0.08,0.83,1.5434
factor-state-goal-0-1,factorial,598,answer,drive,walk,False,0.26,0.37,0.63,0.7938000000000001
options-described,options,599,answer,drive,drive,True,0.28,0.64,0.64,0.2592
factor-state-direct-0-0,factorial,600,answer,drive,walk,False,0.88,0.06,0.94,1.7671999999999999
length-256-walking-end-checks,length,601,bring,yes,yes,True,0.93,0.95,0.95,0.004200000000000004
length-256-walking-end-checks,length,601,walk,no,no,True,0.61,0.74,0.74,0.1142
transfer-oil-direct,transfer,602,answer,drive,drive,True,0.01,0.5,0.5,0.5
factor-inline-goal-1-0,factorial,603,answer,drive,drive,True,0.34,0.56,0.56,0.3354
longtransfer-inspection-4096-start-checks,long_transfer,604,bring,yes,yes,True,0.99,1.0,1.0,0.0
longtransfer-inspection-4096-start-checks,long_transfer,604,walk,no,no,True,0.94,0.96,0.96,0.002600000000000003
count-error-algorithm,counting,605,answer,3,2,False,0.46,0.04,0.51,1.3754
factor-inline-goal-1-0,factorial,606,answer,drive,drive,True,0.28,0.52,0.52,0.4104
count-abracadabra-spaced,counting,607,answer,2,3,False,0.41,0.33,0.47000000000000003,0.6933999999999999
key-transport,question_key,608,transport,drive,walk,False,0.87,0.06,0.94,1.7671999999999999
transfer-inspection-checks,transfer,609,bring,yes,yes,True,0.97,0.98,0.98,0.0006000000000000007
transfer-inspection-checks,transfer,609,walk,no,no,True,0.97,0.98,0.98,0.0008000000000000008
longtransfer-pickup-512-start-checks,long_transfer,610,bring,no,no,True,0.96,0.97,0.97,0.0018000000000000017
longtransfer-pickup-512-start-checks,long_transfer,610,walk,yes,yes,True,0.78,0.86,0.86,0.03660000000000001
length-4096-walking-end-checks,length,611,bring,yes,yes,True,0.89,0.92,0.92,0.011399999999999993
length-4096-walking-end-checks,length,611,walk,no,no,True,0.57,0.72,0.72,0.1338
transfer-job-goal,transfer,612,answer,walk,walk,True,1.0,1.0,1.0,0.0
count-cherry-algorithm,counting,613,answer,2,2,True,0.8,0.83,0.83,0.043400000000000015
key-transport,question_key,614,transport,drive,walk,False,0.84,0.08,0.92,1.6928
factor-inline-goal-0-1,factorial,615,answer,drive,drive,True,0.43,0.72,0.72,0.15680000000000002
length-256-walking-start-direct,length,616,answer,drive,walk,False,0.83,0.08,0.92,1.6928
length-8192-neutral-end-checks,length,617,bring,yes,yes,True,0.95,0.96,0.96,0.002400000000000003
length-8192-neutral-end-checks,length,617,walk,no,no,True,0.29,0.53,0.53,0.38580000000000003
batch-A-B,batching,618,A,yes,yes,True,0.98,0.98,0.98,0.0008000000000000008
batch-A-B,batching,618,B,no,no,True,0.99,1.0,1.0,0.0
batch-transport,batching,619,transport,drive,walk,False,0.9,0.05,0.95,1.805
length-4096-walking-start-direct,length,620,answer,drive,walk,False,0.82,0.09,0.91,1.6562000000000001
length-4096-neutral-start-direct,length,621,answer,drive,walk,False,0.9,0.05,0.95,1.805
batch-A,batching,622,A,yes,yes,True,0.97,0.98,0.98,0.0008000000000000008
length-8192-walking-start-direct,length,623,answer,drive,walk,False,0.83,0.08,0.92,1.6928
transfer-supplies-goal,transfer,624,answer,walk,walk,True,1.0,1.0,1.0,0.0
count-river-spaced,counting,625,answer,2,2,True,0.76,0.79,0.79,0.074
length-4096-neutral-end-direct,length,626,answer,drive,walk,False,0.98,0.01,0.99,1.9602
batch-B,batching,627,B,no,no,True,0.99,1.0,1.0,0.0
length-1024-neutral-start-direct,length,628,answer,drive,walk,False,0.92,0.04,0.96,1.8432
factor-state-goal-1-1,factorial,629,answer,drive,walk,False,0.39,0.34,0.6,0.7991999999999999
count-blueberry-algorithm,counting,630,answer,2,1,False,0.83,0.03,0.85,1.6778
transfer-pickup-direct,transfer,631,answer,walk,walk,True,0.98,0.99,0.99,0.0002000000000000002
longtransfer-pickup-512-start-direct,long_transfer,632,answer,walk,walk,True,0.9,0.95,0.95,0.0050000000000000044
transfer-mobile-goal,transfer,633,answer,walk,walk,True,1.0,1.0,1.0,0.0
count-strawberry-plain,counting,634,answer,3,2,False,0.44,0.44,0.49,0.5562
transfer-supplies-direct,transfer,635,answer,walk,walk,True,1.0,1.0,1.0,0.0
count-rrabr-algorithm,counting,636,answer,3,3,True,0.63,0.67,0.67,0.17939999999999998
factor-state-goal-0-0,factorial,637,answer,drive,walk,False,0.68,0.16,0.84,1.4111999999999998
factor-state-direct-1-1,factorial,638,answer,drive,walk,False,0.87,0.07,0.91,1.6934
count-blueberry-algorithm,counting,639,answer,2,1,False,0.84,0.04,0.85,1.6562
length-8192-neutral-middle-direct,length,640,answer,drive,walk,False,0.96,0.02,0.98,1.9207999999999998
count-river-plain,counting,641,answer,2,2,True,0.7,0.73,0.73,0.1406
factor-state-direct-1-1,factorial,642,answer,drive,walk,False,0.84,0.08,0.89,1.6394
length-0-neutral-start-checks,length,643,bring,yes,yes,True,0.93,0.95,0.95,0.0038000000000000043
length-0-neutral-start-checks,length,643,walk,no,no,True,0.64,0.76,0.76,0.0882
count-raspberry-algorithm,counting,644,answer,3,2,False,0.66,0.2,0.7,1.1382
batch-A,batching,645,A,yes,yes,True,0.98,0.99,0.99,0.0002000000000000002
batch-A,batching,646,A,yes,yes,True,0.98,0.99,0.99,0.0002000000000000002
transfer-inspection-checks,transfer,647,bring,yes,yes,True,0.96,0.98,0.98,0.0006000000000000007
transfer-inspection-checks,transfer,647,walk,no,no,True,0.96,0.98,0.98,0.0008000000000000008
longtransfer-inspection-4096-start-direct,long_transfer,648,answer,drive,walk,False,0.7,0.15,0.85,1.4449999999999998
count-error-plain,counting,649,answer,3,1,False,0.53,0.02,0.58,1.4489999999999998
key-answer,question_key,650,answer,drive,walk,False,0.87,0.06,0.94,1.7671999999999999
count-raspberry-plain,counting,651,answer,3,2,False,0.67,0.2,0.7,1.1382
count-cherry-algorithm,counting,652,answer,2,2,True,0.79,0.81,0.81,0.052499999999999984
count-error-spaced,counting,653,answer,3,2,False,0.67,0.22,0.71,1.1162
count-rrrrrr-algorithm,counting,654,answer,6,6,True,0.47,0.52,0.52,0.4004
length-0-neutral-start-checks,length,655,bring,yes,yes,True,0.93,0.96,0.96,0.002600000000000003
length-0-neutral-start-checks,length,655,walk,no,no,True,0.71,0.81,0.81,0.05539999999999998
length-1024-neutral-middle-checks,length,656,bring,yes,yes,True,0.97,0.98,0.98,0.0006000000000000007
length-1024-neutral-middle-checks,length,656,walk,no,no,True,0.49,0.66,0.66,0.20219999999999996
count-cherry-algorithm,counting,657,answer,2,2,True,0.78,0.81,0.81,0.05459999999999998
factor-inline-goal-1-1,factorial,658,answer,drive,drive,True,0.23,0.49,0.49,0.4382
transfer-mobile-goal,transfer,659,answer,walk,walk,True,1.0,1.0,1.0,0.0
count-r-plain,counting,660,answer,1,1,True,0.99,1.0,1.0,0.0
longtransfer-wash-4096-start-direct,long_transfer,661,answer,drive,walk,False,0.51,0.24,0.76,1.1552
length-256-neutral-end-direct,length,662,answer,drive,walk,False,0.97,0.01,0.99,1.9602
transfer-pickup-checks,transfer,663,bring,no,no,True,0.99,0.99,0.99,0.0002000000000000002
transfer-pickup-checks,transfer,663,walk,yes,yes,True,0.88,0.92,0.92,0.010399999999999993
transfer-refund-checks,transfer,664,bring,no,no,True,1.0,1.0,1.0,0.0
transfer-refund-checks,transfer,664,walk,yes,yes,True,0.99,1.0,1.0,0.0
factor-inline-goal-0-0,factorial,665,answer,drive,drive,True,0.34,0.67,0.67,0.2178
factor-inline-direct-1-1,factorial,666,answer,drive,walk,False,0.9,0.02,0.93,1.8278
length-8192-walking-start-checks,length,667,bring,yes,yes,True,0.87,0.91,0.91,0.016199999999999992
length-8192-walking-start-checks,length,667,walk,no,no,True,0.55,0.7,0.7,0.16380000000000003
transfer-oil-checks,transfer,668,bring,yes,yes,True,0.92,0.95,0.95,0.0038000000000000043
transfer-oil-checks,transfer,668,walk,no,no,True,0.98,0.99,0.99,0.0002000000000000002
count-strawberry-spaced,counting,669,answer,3,3,True,0.38,0.45,0.45,0.44860000000000005
length-4096-walking-end-direct,length,670,answer,drive,walk,False,0.95,0.03,0.97,1.8818
factor-state-goal-0-1,factorial,671,answer,drive,walk,False,0.25,0.37,0.63,0.7938000000000001
count-cherry-algorithm,counting,672,answer,2,2,True,0.75,0.78,0.78,0.0744
length-4096-walking-end-checks,length,673,bring,yes,yes,True,0.92,0.94,0.94,0.006200000000000007
length-4096-walking-end-checks,length,673,walk,no,no,True,0.56,0.71,0.71,0.14820000000000003
count-strawberry-spaced,counting,674,answer,3,3,True,0.34,0.4,0.4,0.5252
longtransfer-pickup-4096-start-checks,long_transfer,675,bring,no,no,True,0.98,0.99,0.99,0.0002000000000000002
longtransfer-pickup-4096-start-checks,long_transfer,675,walk,yes,yes,True,0.78,0.85,0.85,0.03980000000000001
count-rrrrrr-plain,counting,676,answer,6,4,False,0.43,0.46,0.49,0.5326
length-1024-neutral-middle-direct,length,677,answer,drive,walk,False,0.98,0.01,0.99,1.9602
length-256-walking-start-checks,length,678,bring,yes,yes,True,0.93,0.96,0.96,0.003200000000000003
length-256-walking-start-checks,length,678,walk,no,no,True,0.56,0.71,0.71,0.15260000000000004
count-cherry-spaced,counting,679,answer,2,2,True,0.63,0.67,0.67,0.19399999999999995
count-banana-spaced,counting,680,answer,0,0,True,0.95,0.96,0.96,0.003200000000000003
longtransfer-inspection-4096-end-checks,long_transfer,681,bring,yes,yes,True,1.0,1.0,1.0,0.0
longtransfer-inspection-4096-end-checks,long_transfer,681,walk,no,no,True,0.56,0.71,0.71,0.15740000000000004
factor-inline-goal-0-1,factorial,682,answer,drive,drive,True,0.19,0.59,0.59,0.3362
length-256-walking-start-direct,length,683,answer,drive,walk,False,0.91,0.04,0.96,1.8432
factor-state-direct-1-0,factorial,684,answer,drive,walk,False,0.86,0.05,0.91,1.7322
count-blueberry-plain,counting,685,answer,2,1,False,0.84,0.06,0.86,1.6296
transfer-supplies-goal,transfer,686,answer,walk,walk,True,1.0,1.0,1.0,0.0
count-blueberry-plain,counting,687,answer,2,1,False,0.85,0.04,0.87,1.6866
options-described,options,688,answer,drive,drive,True,0.4,0.7,0.7,0.18000000000000002
count-cherry-plain,counting,689,answer,2,2,True,0.79,0.81,0.81,0.052499999999999984
length-4096-neutral-start-direct,length,690,answer,drive,walk,False,0.91,0.04,0.96,1.8432
transfer-inspection-goal,transfer,691,answer,drive,walk,False,0.88,0.06,0.94,1.7671999999999999
count-abracadabra-spaced,counting,692,answer,2,3,False,0.43,0.32,0.48,0.7163999999999999
factor-state-direct-0-0,factorial,693,answer,drive,walk,False,0.85,0.08,0.92,1.6928
length-1024-neutral-middle-checks,length,694,bring,yes,yes,True,0.98,0.98,0.98,0.0006000000000000007
length-1024-neutral-middle-checks,length,694,walk,no,no,True,0.49,0.66,0.66,0.20719999999999997
factor-inline-direct-0-1,factorial,695,answer,drive,walk,False,0.87,0.06,0.94,1.7671999999999999
transfer-refund-goal,transfer,696,answer,walk,walk,True,1.0,1.0,1.0,0.0
length-8192-neutral-end-direct,length,697,answer,drive,walk,False,0.99,0.0,1.0,2.0
longtransfer-pickup-512-end-direct,long_transfer,698,answer,walk,walk,True,0.97,0.98,0.98,0.0008000000000000008
count-rrabr-plain,counting,699,answer,3,3,True,0.63,0.66,0.66,0.1953
longtransfer-inspection-4096-start-direct,long_transfer,700,answer,drive,walk,False,0.96,0.02,0.98,1.9207999999999998
length-8192-walking-middle-direct,length,701,answer,drive,walk,False,0.95,0.03,0.97,1.8818
longtransfer-pickup-512-start-checks,long_transfer,702,bring,no,no,True,0.97,0.98,0.98,0.0008000000000000008
longtransfer-pickup-512-start-checks,long_transfer,702,walk,yes,yes,True,0.8,0.86,0.86,0.0344
longtransfer-supplies-512-end-checks,long_transfer,703,bring,no,no,True,0.79,0.86,0.86,0.03660000000000001
longtransfer-supplies-512-end-checks,long_transfer,703,walk,yes,yes,True,0.91,0.95,0.95,0.004200000000000004
count-cherry-algorithm,counting,704,answer,2,2,True,0.78,0.81,0.81,0.05459999999999998
factor-inline-goal-0-0,factorial,705,answer,drive,drive,True,0.1,0.55,0.55,0.40499999999999997
factor-inline-goal-1-0,factorial,706,answer,drive,drive,True,0.4,0.6,0.6,0.28500000000000003
length-8192-neutral-start-direct,length,707,answer,drive,walk,False,0.98,0.01,0.99,1.9602
factor-inline-goal-0-1,factorial,708,answer,drive,drive,True,0.0,0.5,0.5,0.5
longtransfer-supplies-4096-end-checks,long_transfer,709,bring,no,no,True,0.75,0.83,0.83,0.05460000000000002
longtransfer-supplies-4096-end-checks,long_transfer,709,walk,yes,yes,True,0.88,0.92,0.92,0.009799999999999994
factor-inline-direct-1-1,factorial,710,answer,drive,walk,False,0.86,0.02,0.9,1.7768
longtransfer-wash-512-end-checks,long_transfer,711,bring,yes,yes,True,0.99,0.99,0.99,0.0002000000000000002
longtransfer-wash-512-end-checks,long_transfer,711,walk,no,no,True,0.9,0.93,0.93,0.008599999999999993
factor-inline-direct-1-1,factorial,712,answer,drive,walk,False,0.87,0.01,0.92,1.8314
transfer-receipt-goal,transfer,713,answer,walk,walk,True,1.0,1.0,1.0,0.0
length-1024-walking-middle-direct,length,714,answer,drive,walk,False,0.93,0.03,0.97,1.8818
factor-inline-goal-0-0,factorial,715,answer,drive,drive,True,0.06,0.53,0.53,0.44179999999999997
transfer-mobile-goal,transfer,716,answer,walk,walk,True,1.0,1.0,1.0,0.0
factor-state-goal-0-0,factorial,717,answer,drive,walk,False,0.5,0.25,0.75,1.125
factor-inline-goal-0-0,factorial,718,answer,drive,walk,False,0.01,0.5,0.5,0.5
transfer-inspection-goal,transfer,719,answer,drive,walk,False,0.84,0.08,0.92,1.6928
count-banana-spaced,counting,720,answer,0,0,True,0.96,0.97,0.97,0.0018000000000000017
rule-feasibility,options,721,answer,drive,walk,False,0.98,0.01,0.99,1.9602
batch-A-B,batching,722,A,yes,yes,True,0.96,0.97,0.97,0.0018000000000000017
batch-A-B,batching,722,B,no,no,True,1.0,1.0,1.0,0.0
length-1024-neutral-end-direct,length,723,answer,drive,walk,False,0.96,0.02,0.98,1.9207999999999998
transfer-job-goal,transfer,724,answer,walk,walk,True,1.0,1.0,1.0,0.0
options-described,options,725,answer,drive,drive,True,0.27,0.63,0.63,0.2738
transfer-refund-checks,transfer,726,bring,no,no,True,1.0,1.0,1.0,0.0
transfer-refund-checks,transfer,726,walk,yes,yes,True,0.99,1.0,1.0,0.0
key-answer,question_key,727,answer,drive,walk,False,0.89,0.05,0.95,1.805
count-qrzrpr-algorithm,counting,728,answer,3,4,False,0.53,0.31,0.58,0.8185999999999999
count-rrrrrr-plain,counting,729,answer,6,4,False,0.53,0.35,0.59,0.772
count-rrabr-plain,counting,730,answer,3,3,True,0.56,0.6,0.6,0.27140000000000003
transfer-mobile-goal,transfer,731,answer,walk,walk,True,1.0,1.0,1.0,0.0
count-banana-algorithm,counting,732,answer,0,1,False,0.55,0.39,0.59,0.7205999999999999
transfer-receipt-checks,transfer,733,bring,no,no,True,1.0,1.0,1.0,0.0
transfer-receipt-checks,transfer,733,walk,yes,yes,True,0.98,0.99,0.99,0.0002000000000000002
length-8192-walking-end-checks,length,734,bring,yes,yes,True,0.89,0.93,0.93,0.008599999999999993
length-8192-walking-end-checks,length,734,walk,no,no,True,0.72,0.81,0.81,0.05729999999999998
transfer-oil-direct,transfer,735,answer,drive,drive,True,0.07,0.53,0.53,0.44179999999999997
factor-state-direct-1-1,factorial,736,answer,drive,walk,False,0.81,0.09,0.87,1.5866
factor-state-direct-1-1,factorial,737,answer,drive,walk,False,0.87,0.07,0.91,1.6934
length-256-neutral-end-direct,length,738,answer,drive,walk,False,0.97,0.01,0.99,1.9602
longtransfer-pickup-4096-end-checks,long_transfer,739,bring,no,no,True,0.97,0.99,0.99,0.0002000000000000002
longtransfer-pickup-4096-end-checks,long_transfer,739,walk,yes,yes,True,0.84,0.89,0.89,0.020599999999999997
transfer-tires-goal,transfer,740,answer,drive,walk,False,0.69,0.16,0.84,1.4111999999999998
key-answer,question_key,741,answer,drive,walk,False,0.85,0.08,0.92,1.6928
count-rrrrrr-spaced,counting,742,answer,6,6,True,0.95,0.96,0.96,0.002400000000000003
factor-state-goal-1-1,factorial,743,answer,drive,walk,False,0.6,0.22,0.73,1.1438
factor-inline-direct-0-0,factorial,744,answer,drive,walk,False,0.83,0.09,0.91,1.6562000000000001
longtransfer-pickup-4096-end-direct,long_transfer,745,answer,walk,walk,True,0.97,0.98,0.98,0.0008000000000000008
length-8192-neutral-start-checks,length,746,bring,yes,yes,True,0.98,0.98,0.98,0.0006000000000000007
length-8192-neutral-start-checks,length,746,walk,no,no,True,0.68,0.79,0.79,0.07459999999999999
factor-inline-direct-1-0,factorial,747,answer,drive,walk,False,0.71,0.09,0.81,1.4942000000000002
longtransfer-wash-4096-end-direct,long_transfer,748,answer,drive,walk,False,0.97,0.02,0.98,1.9207999999999998
batch-B,batching,749,B,no,no,True,0.99,1.0,1.0,0.0
count-blueberry-plain,counting,750,answer,2,1,False,0.85,0.05,0.87,1.6658
factor-state-goal-1-0,factorial,751,answer,drive,walk,False,0.73,0.15,0.83,1.4118
options-described,options,752,answer,drive,drive,True,0.44,0.72,0.72,0.15680000000000002
options-described,options,753,answer,drive,drive,True,0.38,0.69,0.69,0.19220000000000004
longtransfer-supplies-4096-start-checks,long_transfer,754,bring,no,no,True,0.93,0.95,0.95,0.0050000000000000044
longtransfer-supplies-4096-start-checks,long_transfer,754,walk,yes,yes,True,0.97,0.98,0.98,0.0006000000000000007
count-error-plain,counting,755,answer,3,1,False,0.45,0.03,0.5,1.4026
transfer-trade-direct,transfer,756,answer,drive,walk,False,0.32,0.34,0.66,0.8712
count-error-algorithm,counting,757,answer,3,2,False,0.44,0.04,0.49,1.3734
length-1024-walking-end-checks,length,758,bring,yes,yes,True,0.92,0.95,0.95,0.004200000000000004
length-1024-walking-end-checks,length,758,walk,no,no,True,0.71,0.8,0.8,0.06719999999999998
count-abracadabra-algorithm,counting,759,answer,2,2,True,0.57,0.62,0.62,0.217
count-qrzrpr-spaced,counting,760,answer,3,5,False,0.41,0.04,0.47000000000000003,1.346
count-RrR-spaced,counting,761,answer,3,3,True,0.92,0.93,0.93,0.006799999999999993
transfer-trade-direct,transfer,762,answer,drive,walk,False,0.25,0.38,0.62,0.7688
longtransfer-inspection-512-start-direct,long_transfer,763,answer,drive,walk,False,0.91,0.05,0.95,1.805
count-rrr-algorithm,counting,764,answer,3,3,True,1.0,1.0,1.0,0.0
factor-state-goal-0-0,factorial,765,answer,drive,walk,False,0.45,0.27,0.73,1.0657999999999999
factor-state-direct-0-1,factorial,766,answer,drive,walk,False,0.92,0.04,0.96,1.8432
length-256-walking-start-direct,length,767,answer,drive,walk,False,0.93,0.04,0.96,1.8432
transfer-pickup-goal,transfer,768,answer,walk,walk,True,1.0,1.0,1.0,0.0
rule-feasibility,options,769,answer,drive,walk,False,0.97,0.02,0.98,1.9207999999999998
count-strawberry-plain,counting,770,answer,3,2,False,0.44,0.43,0.5,0.5774
transfer-oil-direct,transfer,771,answer,drive,walk,False,0.17,0.42,0.58,0.6728000000000001
length-4096-walking-start-checks,length,772,bring,yes,yes,True,0.82,0.88,0.88,0.0288
length-4096-walking-start-checks,length,772,walk,no,no,True,0.49,0.66,0.66,0.20219999999999996
length-4096-walking-end-direct,length,773,answer,drive,walk,False,0.93,0.03,0.97,1.8818
length-8192-walking-end-checks,length,774,bring,yes,yes,True,0.89,0.93,0.93,0.008599999999999993
length-8192-walking-end-checks,length,774,walk,no,no,True,0.72,0.81,0.81,0.060199999999999976
transfer-supplies-goal,transfer,775,answer,walk,walk,True,1.0,1.0,1.0,0.0
longtransfer-inspection-4096-end-checks,long_transfer,776,bring,yes,yes,True,0.99,1.0,1.0,0.0
longtransfer-inspection-4096-end-checks,long_transfer,776,walk,no,no,True,0.5,0.67,0.67,0.20539999999999997
transfer-refund-checks,transfer,777,bring,no,no,True,1.0,1.0,1.0,0.0
transfer-refund-checks,transfer,777,walk,yes,yes,True,0.99,1.0,1.0,0.0
length-8192-walking-end-checks,length,778,bring,yes,yes,True,0.91,0.9299999999999999,0.9299999999999999,0.008600000000000009
length-8192-walking-end-checks,length,778,walk,no,no,True,0.78,0.85,0.85,0.03780000000000001
length-1024-neutral-end-direct,length,779,answer,drive,walk,False,0.94,0.03,0.97,1.8818
factor-state-goal-1-1,factorial,780,answer,drive,walk,False,0.51,0.27,0.68,0.9978
factor-state-goal-1-0,factorial,781,answer,drive,walk,False,0.62,0.22,0.74,1.1576
length-1024-walking-start-direct,length,782,answer,drive,walk,False,0.9,0.05,0.95,1.805
factor-state-direct-1-0,factorial,783,answer,drive,walk,False,0.81,0.08,0.88,1.6224
factor-inline-goal-1-1,factorial,784,answer,drive,drive,True,0.46,0.64,0.64,0.2144
count-cherry-plain,counting,785,answer,2,2,True,0.82,0.84,0.84,0.03840000000000001
count-error-plain,counting,786,answer,3,1,False,0.57,0.02,0.62,1.4673999999999998
factor-state-goal-0-0,factorial,787,answer,drive,walk,False,0.56,0.22,0.78,1.2168
length-4096-walking-start-direct,length,788,answer,drive,walk,False,0.92,0.04,0.96,1.8432
count-blueberry-algorithm,counting,789,answer,2,1,False,0.82,0.03,0.84,1.6633999999999998
length-1024-neutral-end-direct,length,790,answer,drive,walk,False,0.98,0.01,0.99,1.9602
length-256-neutral-middle-direct,length,791,answer,drive,walk,False,0.99,0.0,1.0,2.0
length-1024-walking-middle-checks,length,792,bring,yes,yes,True,0.86,0.91,0.91,0.016199999999999992
length-1024-walking-middle-checks,length,792,walk,no,no,True,0.73,0.82,0.82,0.055800000000000016
factor-inline-goal-1-1,factorial,793,answer,drive,drive,True,0.28,0.52,0.52,0.36560000000000004
length-8192-neutral-end-direct,length,794,answer,drive,walk,False,0.98,0.01,0.99,1.9602
batch-transport,batching,795,transport,drive,walk,False,0.88,0.06,0.94,1.7671999999999999
transfer-inspection-direct,transfer,796,answer,drive,walk,False,0.77,0.12,0.88,1.5488
count-r-algorithm,counting,797,answer,1,1,True,0.98,0.99,0.99,0.0002000000000000002
length-4096-walking-start-checks,length,798,bring,yes,yes,True,0.85,0.9,0.9,0.018199999999999994
length-4096-walking-start-checks,length,798,walk,no,no,True,0.54,0.69,0.69,0.17060000000000003
length-4096-neutral-middle-direct,length,799,answer,drive,walk,False,0.98,0.01,0.99,1.9602
options-described,options,800,answer,drive,drive,True,0.33,0.67,0.67,0.2178
length-8192-neutral-middle-direct,length,801,answer,drive,walk,False,0.98,0.01,0.99,1.9602
count-straberry-plain,counting,802,answer,3,3,True,0.43,0.49,0.49,0.4208
longtransfer-inspection-4096-end-direct,long_transfer,803,answer,drive,walk,False,0.99,0.0,1.0,2.0
length-256-walking-middle-direct,length,804,answer,drive,walk,False,0.88,0.06,0.94,1.7671999999999999
longtransfer-supplies-512-start-direct,long_transfer,805,answer,walk,walk,True,1.0,1.0,1.0,0.0
count-banana-algorithm,counting,806,answer,0,1,False,0.62,0.33,0.66,0.8845999999999999
batch-A-B-transport,batching,807,A,yes,yes,True,0.97,0.98,0.98,0.0008000000000000008
batch-A-B-transport,batching,807,B,no,no,True,0.99,1.0,1.0,0.0
batch-A-B-transport,batching,807,transport,drive,walk,False,0.76,0.12,0.88,1.5488
count-abracadabra-plain,counting,808,answer,2,2,True,0.65,0.68,0.68,0.15299999999999997
count-blueberry-plain,counting,809,answer,2,1,False,0.85,0.06,0.87,1.6454
factor-inline-direct-1-0,factorial,810,answer,drive,walk,False,0.78,0.09,0.85,1.5542
transfer-receipt-direct,transfer,811,answer,walk,walk,True,1.0,1.0,1.0,0.0
transfer-supplies-direct,transfer,812,answer,walk,walk,True,1.0,1.0,1.0,0.0
count-rrabr-plain,counting,813,answer,3,3,True,0.59,0.63,0.63,0.2294
factor-inline-direct-0-0,factorial,814,answer,drive,walk,False,0.72,0.14,0.86,1.4791999999999998
count-straberry-plain,counting,815,answer,3,3,True,0.41,0.47000000000000003,0.47000000000000003,0.44950000000000007
batch-transport,batching,816,transport,drive,walk,False,0.87,0.07,0.93,1.7298
count-strawberry-algorithm,counting,817,answer,3,2,False,0.49,0.38,0.55,0.6894
length-1024-walking-middle-checks,length,818,bring,yes,yes,True,0.82,0.89,0.89,0.0242
length-1024-walking-middle-checks,length,818,walk,no,no,True,0.63,0.76,0.76,0.1064
longtransfer-pickup-512-end-direct,long_transfer,819,answer,walk,walk,True,0.95,0.98,0.98,0.0008000000000000008
length-4096-walking-end-checks,length,820,bring,yes,yes,True,0.92,0.95,0.95,0.004200000000000004
length-4096-walking-end-checks,length,820,walk,no,no,True,0.5,0.66,0.66,0.1976
factor-inline-goal-0-1,factorial,821,answer,drive,drive,True,0.42,0.71,0.71,0.16820000000000002
factor-state-direct-1-1,factorial,822,answer,drive,walk,False,0.89,0.05,0.93,1.7678
transfer-trade-checks,transfer,823,bring,yes,no,False,0.64,0.22,0.77,1.2014
transfer-trade-checks,transfer,823,walk,no,no,True,0.82,0.88,0.88,0.0266
factor-state-direct-0-0,factorial,824,answer,drive,walk,False,0.85,0.07,0.93,1.7298
count-abracadabra-algorithm,counting,825,answer,2,2,True,0.62,0.67,0.67,0.16199999999999998
factor-inline-direct-0-1,factorial,826,answer,drive,walk,False,0.86,0.07,0.93,1.7298
rule-feasibility,options,827,answer,drive,walk,False,0.98,0.01,0.99,1.9602
factor-state-goal-0-0,factorial,828,answer,drive,walk,False,0.58,0.21,0.79,1.2482000000000002
factor-state-direct-0-1,factorial,829,answer,drive,walk,False,0.87,0.06,0.94,1.7671999999999999
factor-state-goal-0-1,factorial,830,answer,drive,walk,False,0.37,0.32,0.68,0.9248000000000001
longtransfer-supplies-512-start-direct,long_transfer,831,answer,walk,walk,True,1.0,1.0,1.0,0.0
count-qrzrpr-spaced,counting,832,answer,3,5,False,0.46,0.04,0.52,1.3458
transfer-pickup-goal,transfer,833,answer,walk,walk,True,1.0,1.0,1.0,0.0
factor-state-goal-0-1,factorial,834,answer,drive,walk,False,0.31,0.34,0.66,0.8712
transfer-supplies-goal,transfer,835,answer,walk,walk,True,1.0,1.0,1.0,0.0
transfer-oil-checks,transfer,836,bring,yes,yes,True,0.91,0.94,0.94,0.005600000000000007
transfer-oil-checks,transfer,836,walk,no,no,True,0.99,0.99,0.99,0.0002000000000000002
transfer-job-direct,transfer,837,answer,walk,walk,True,1.0,1.0,1.0,0.0
batch-A-B,batching,838,A,yes,yes,True,0.97,0.98,0.98,0.0008000000000000008
batch-A-B,batching,838,B,no,no,True,1.0,1.0,1.0,0.0
transfer-wash-checks,transfer,839,bring,yes,yes,True,0.98,0.99,0.99,0.0002000000000000002
transfer-wash-checks,transfer,839,walk,no,no,True,0.99,0.99,0.99,0.0002000000000000002
count-rrabr-algorithm,counting,840,answer,3,3,True,0.66,0.69,0.69,0.15300000000000002
length-1024-neutral-start-direct,length,841,answer,drive,walk,False,0.89,0.06,0.94,1.7671999999999999
transfer-tires-direct,transfer,842,answer,drive,walk,False,0.36,0.32,0.68,0.9248000000000001
length-256-neutral-start-direct,length,843,answer,drive,walk,False,0.91,0.05,0.95,1.805
transfer-tires-checks,transfer,844,bring,yes,yes,True,0.92,0.95,0.95,0.004200000000000004
transfer-tires-checks,transfer,844,walk,no,no,True,0.97,0.97,0.97,0.0014000000000000017
count-rrrrrr-plain,counting,845,answer,6,4,False,0.51,0.39,0.55,0.6755
length-256-walking-middle-checks,length,846,bring,yes,yes,True,0.89,0.93,0.93,0.009799999999999993
length-256-walking-middle-checks,length,846,walk,no,no,True,0.73,0.8099999999999999,0.8099999999999999,0.06260000000000002
length-256-walking-middle-direct,length,847,answer,drive,walk,False,0.89,0.06,0.94,1.7671999999999999
transfer-wash-checks,transfer,848,bring,yes,yes,True,0.98,0.99,0.99,0.0002000000000000002
transfer-wash-checks,transfer,848,walk,no,no,True,0.98,0.99,0.99,0.0002000000000000002
count-abracadabra-plain,counting,849,answer,2,2,True,0.63,0.68,0.68,0.15059999999999996
batch-A-B-transport,batching,850,A,yes,yes,True,0.97,0.98,0.98,0.0008000000000000008
batch-A-B-transport,batching,850,B,no,no,True,0.99,1.0,1.0,0.0
batch-A-B-transport,batching,850,transport,drive,walk,False,0.86,0.07,0.93,1.7298
rule-feasibility,options,851,answer,drive,walk,False,0.98,0.01,0.99,1.9602
count-r-algorithm,counting,852,answer,1,1,True,0.99,0.99,0.99,0.0002000000000000002
transfer-receipt-goal,transfer,853,answer,walk,walk,True,1.0,1.0,1.0,0.0
length-8192-walking-middle-checks,length,854,bring,yes,yes,True,0.83,0.88,0.88,0.0266
length-8192-walking-middle-checks,length,854,walk,no,no,True,0.75,0.83,0.83,0.05180000000000001
count-error-algorithm,counting,855,answer,3,1,False,0.42,0.04,0.48,1.373
factor-state-direct-1-0,factorial,856,answer,drive,walk,False,0.8,0.09,0.86,1.5702
factor-state-goal-0-1,factorial,857,answer,drive,walk,False,0.21,0.39,0.61,0.7442
count-r-spaced,counting,858,answer,1,1,True,0.99,0.99,0.99,0.0002000000000000002
transfer-receipt-goal,transfer,859,answer,walk,walk,True,1.0,1.0,1.0,0.0
longtransfer-supplies-4096-end-checks,long_transfer,860,bring,no,no,True,0.81,0.87,0.87,0.031400000000000004
longtransfer-supplies-4096-end-checks,long_transfer,860,walk,yes,yes,True,0.87,0.91,0.91,0.013399999999999995
transfer-mobile-direct,transfer,861,answer,walk,walk,True,1.0,1.0,1.0,0.0
count-river-plain,counting,862,answer,2,2,True,0.71,0.74,0.74,0.1302
length-4096-walking-end-checks,length,863,bring,yes,yes,True,0.93,0.95,0.95,0.004200000000000004
length-4096-walking-end-checks,length,863,walk,no,no,True,0.35,0.5599999999999999,0.5599999999999999,0.34160000000000007
count-banana-plain,counting,864,answer,0,1,False,0.74,0.21,0.77,1.2174
length-8192-walking-end-checks,length,865,bring,yes,yes,True,0.89,0.93,0.93,0.008599999999999993
length-8192-walking-end-checks,length,865,walk,no,no,True,0.69,0.79,0.79,0.07459999999999999
transfer-receipt-direct,transfer,866,answer,walk,walk,True,1.0,1.0,1.0,0.0
longtransfer-wash-512-end-direct,long_transfer,867,answer,drive,walk,False,0.98,0.01,0.99,1.9602
count-rrr-plain,counting,868,answer,3,3,True,1.0,1.0,1.0,0.0
length-4096-neutral-middle-checks,length,869,bring,yes,yes,True,0.96,0.97,0.97,0.0014000000000000017
length-4096-neutral-middle-checks,length,869,walk,no,no,True,0.3,0.53,0.53,0.4074
longtransfer-inspection-4096-start-direct,long_transfer,870,answer,drive,walk,False,0.94,0.03,0.97,1.8818
count-rrrrrr-plain,counting,871,answer,6,6,True,0.65,0.68,0.68,0.17139999999999997
factor-inline-goal-1-1,factorial,872,answer,drive,drive,True,0.29,0.53,0.53,0.3734
count-river-spaced,counting,873,answer,2,2,True,0.82,0.84,0.84,0.03940000000000001
count-river-spaced,counting,874,answer,2,2,True,0.76,0.79,0.79,0.074
count-RrR-plain,counting,875,answer,3,3,True,0.98,0.99,0.99,0.0002000000000000002
batch-A-B-transport,batching,876,A,yes,yes,True,0.98,0.99,0.99,0.0002000000000000002
batch-A-B-transport,batching,876,B,no,no,True,1.0,1.0,1.0,0.0
batch-A-B-transport,batching,876,transport,drive,walk,False,0.84,0.08,0.92,1.6928
factor-state-direct-0-1,factorial,877,answer,drive,walk,False,0.91,0.05,0.95,1.805
batch-B,batching,878,B,no,no,True,0.99,1.0,1.0,0.0
transfer-wash-direct,transfer,879,answer,drive,walk,False,0.62,0.19,0.81,1.3122000000000003
count-RrR-plain,counting,880,answer,3,3,True,0.98,0.99,0.99,0.0002000000000000002
length-4096-walking-start-direct,length,881,answer,drive,walk,False,0.97,0.02,0.98,1.9207999999999998
count-blueberry-algorithm,counting,882,answer,2,1,False,0.84,0.04,0.86,1.6711999999999998
rule-feasibility,options,883,answer,drive,walk,False,0.99,0.01,0.99,1.9602
count-river-spaced,counting,884,answer,2,2,True,0.79,0.81,0.81,0.05669999999999998
length-1024-walking-start-checks,length,885,bring,yes,yes,True,0.89,0.93,0.93,0.009799999999999993
length-1024-walking-start-checks,length,885,walk,no,no,True,0.63,0.75,0.75,0.1158
transfer-wash-direct,transfer,886,answer,drive,walk,False,0.49,0.25,0.75,1.125
length-4096-walking-start-direct,length,887,answer,drive,walk,False,0.68,0.16,0.84,1.4111999999999998
count-strawberries-algorithm,counting,888,answer,3,2,False,0.35,0.35,0.42,0.6274000000000001
length-4096-neutral-end-checks,length,889,bring,yes,yes,True,0.94,0.96,0.96,0.002400000000000003
length-4096-neutral-end-checks,length,889,walk,no,no,True,0.61,0.74,0.74,0.12140000000000001
factor-state-direct-0-1,factorial,890,answer,drive,walk,False,0.89,0.05,0.95,1.805
factor-inline-direct-1-1,factorial,891,answer,drive,walk,False,0.91,0.02,0.94,1.8456
longtransfer-pickup-4096-end-checks,long_transfer,892,bring,no,no,True,0.98,0.99,0.99,0.0002000000000000002
longtransfer-pickup-4096-end-checks,long_transfer,892,walk,yes,yes,True,0.93,0.95,0.95,0.004200000000000004
batch-A-B-transport,batching,893,A,yes,yes,True,0.96,0.98,0.98,0.0008000000000000008
batch-A-B-transport,batching,893,B,no,no,True,1.0,1.0,1.0,0.0
batch-A-B-transport,batching,893,transport,drive,walk,False,0.8,0.1,0.9,1.62
factor-state-direct-0-1,factorial,894,answer,drive,walk,False,0.89,0.06,0.94,1.7671999999999999
count-river-algorithm,counting,895,answer,2,2,True,0.63,0.67,0.67,0.21139999999999998
factor-inline-goal-1-0,factorial,896,answer,drive,drive,True,0.31,0.54,0.54,0.3686
transfer-weigh-goal,transfer,897,answer,drive,walk,False,0.11,0.44,0.56,0.6272000000000001
batch-A,batching,898,A,yes,yes,True,0.96,0.98,0.98,0.0008000000000000008
count-river-plain,counting,899,answer,2,2,True,0.73,0.76,0.76,0.1106
batch-A-B,batching,900,A,yes,yes,True,0.96,0.97,0.97,0.0018000000000000017
batch-A-B,batching,900,B,no,no,True,0.99,1.0,1.0,0.0
factor-inline-goal-0-1,factorial,901,answer,drive,drive,True,0.0,0.5,0.5,0.5
length-1024-walking-middle-checks,length,902,bring,yes,yes,True,0.83,0.88,0.88,0.0266
length-1024-walking-middle-checks,length,902,walk,no,no,True,0.69,0.79,0.79,0.08059999999999999
count-raspberry-spaced,counting,903,answer,3,3,True,0.48,0.54,0.54,0.30579999999999996
batch-A-B,batching,904,A,yes,yes,True,0.97,0.98,0.98,0.0008000000000000008
batch-A-B,batching,904,B,no,no,True,1.0,1.0,1.0,0.0
length-8192-neutral-middle-checks,length,905,bring,yes,yes,True,0.98,0.99,0.99,0.0002000000000000002
length-8192-neutral-middle-checks,length,905,walk,no,no,True,0.51,0.67,0.67,0.19459999999999997
rule-feasibility,options,906,answer,drive,walk,False,0.98,0.01,0.99,1.9602
factor-inline-direct-1-1,factorial,907,answer,drive,walk,False,0.85,0.03,0.9,1.7558
count-rrr-algorithm,counting,908,answer,3,3,True,1.0,1.0,1.0,0.0
transfer-weigh-checks,transfer,909,bring,yes,yes,True,0.94,0.96,0.96,0.003200000000000003
transfer-weigh-checks,transfer,909,walk,no,no,True,0.99,0.99,0.99,0.0002000000000000002
count-rrr-spaced,counting,910,answer,3,3,True,0.99,1.0,1.0,0.0
count-banana-algorithm,counting,911,answer,0,1,False,0.46,0.48,0.51,0.5306000000000001
batch-B,batching,912,B,no,no,True,1.0,1.0,1.0,0.0
count-qrzrpr-spaced,counting,913,answer,3,5,False,0.42,0.04,0.47,1.3377999999999999
factor-state-goal-1-0,factorial,914,answer,drive,walk,False,0.74,0.16,0.82,1.3783999999999998
count-strawberries-plain,counting,915,answer,3,2,False,0.46,0.33,0.52,0.7292
length-256-neutral-middle-checks,length,916,bring,yes,yes,True,0.96,0.97,0.97,0.0014000000000000017
length-256-neutral-middle-checks,length,916,walk,no,no,True,0.59,0.72,0.72,0.1376
factor-inline-direct-0-1,factorial,917,answer,drive,walk,False,0.88,0.06,0.94,1.7671999999999999
factor-state-direct-0-1,factorial,918,answer,drive,walk,False,0.91,0.04,0.96,1.8432
count-rrrrrr-algorithm,counting,919,answer,6,6,True,0.52,0.5700000000000001,0.5700000000000001,0.30999999999999994
count-error-plain,counting,920,answer,3,1,False,0.54,0.02,0.59,1.4529999999999998
length-1024-walking-middle-direct,length,921,answer,drive,walk,False,0.94,0.03,0.97,1.8818
key-transport,question_key,922,transport,drive,walk,False,0.86,0.07,0.93,1.7298
factor-state-direct-0-1,factorial,923,answer,drive,walk,False,0.9,0.05,0.95,1.805
length-8192-walking-end-direct,length,924,answer,drive,walk,False,0.97,0.02,0.98,1.9207999999999998
transfer-oil-direct,transfer,925,answer,drive,walk,False,0.06,0.47,0.53,0.5618000000000001
batch-B,batching,926,B,no,no,True,0.99,1.0,1.0,0.0
count-raspberry-algorithm,counting,927,answer,3,2,False,0.63,0.23,0.67,1.05
batch-B,batching,928,B,no,no,True,0.99,1.0,1.0,0.0
length-1024-walking-start-checks,length,929,bring,yes,yes,True,0.88,0.93,0.93,0.009799999999999993
length-1024-walking-start-checks,length,929,walk,no,no,True,0.51,0.68,0.68,0.18739999999999996
key-transport,question_key,930,transport,drive,walk,False,0.9,0.05,0.95,1.805
factor-state-goal-1-0,factorial,931,answer,drive,walk,False,0.63,0.21,0.75,1.1882000000000001
transfer-weigh-checks,transfer,932,bring,yes,yes,True,0.92,0.95,0.95,0.0050000000000000044
transfer-weigh-checks,transfer,932,walk,no,no,True,0.99,0.99,0.99,0.0002000000000000002
count-rrabr-spaced,counting,933,answer,3,4,False,0.63,0.16,0.66,1.1642
factor-state-goal-1-1,factorial,934,answer,drive,walk,False,0.62,0.21,0.75,1.1882000000000001
key-transport,question_key,935,transport,drive,walk,False,0.85,0.07,0.93,1.7298
count-river-spaced,counting,936,answer,2,2,True,0.77,0.8,0.8,0.06639999999999999
longtransfer-inspection-4096-end-direct,long_transfer,937,answer,drive,walk,False,0.99,0.0,1.0,2.0
factor-state-goal-0-1,factorial,938,answer,drive,walk,False,0.24,0.38,0.62,0.7688
count-river-plain,counting,939,answer,2,2,True,0.68,0.71,0.71,0.16260000000000002
length-8192-walking-start-checks,length,940,bring,yes,yes,True,0.87,0.92,0.92,0.012799999999999994
length-8192-walking-start-checks,length,940,walk,no,no,True,0.62,0.75,0.75,0.10819999999999999
factor-inline-direct-1-1,factorial,941,answer,drive,walk,False,0.87,0.02,0.92,1.8104
longtransfer-wash-4096-end-direct,long_transfer,942,answer,drive,walk,False,0.96,0.02,0.98,1.9207999999999998
transfer-refund-direct,transfer,943,answer,walk,walk,True,1.0,1.0,1.0,0.0
count-qrzrpr-plain,counting,944,answer,3,4,False,0.43,0.37,0.49,0.6476000000000001
key-answer,question_key,945,answer,drive,walk,False,0.85,0.08,0.92,1.6928
longtransfer-inspection-512-end-checks,long_transfer,946,bring,yes,yes,True,0.99,1.0,1.0,0.0
longtransfer-inspection-512-end-checks,long_transfer,946,walk,no,no,True,0.5,0.67,0.67,0.19979999999999998
count-rrr-algorithm,counting,947,answer,3,3,True,1.0,1.0,1.0,0.0
transfer-trade-direct,transfer,948,answer,drive,walk,False,0.31,0.35,0.65,0.8450000000000001
key-answer,question_key,949,answer,drive,walk,False,0.9,0.05,0.95,1.805
factor-state-goal-1-1,factorial,950,answer,drive,walk,False,0.45,0.3,0.63,0.8917999999999999
count-strawberries-spaced,counting,951,answer,3,4,False,0.33,0.16,0.39,0.9169999999999999
factor-state-direct-0-0,factorial,952,answer,drive,walk,False,0.91,0.05,0.95,1.805
factor-state-goal-0-0,factorial,953,answer,drive,walk,False,0.54,0.23,0.77,1.1858
factor-inline-goal-0-0,factorial,954,answer,drive,drive,True,0.03,0.51,0.51,0.48019999999999996
length-4096-walking-middle-direct,length,955,answer,drive,walk,False,0.94,0.03,0.97,1.8818
longtransfer-pickup-4096-start-direct,long_transfer,956,answer,walk,walk,True,0.89,0.95,0.95,0.0050000000000000044
longtransfer-inspection-512-start-checks,long_transfer,957,bring,yes,yes,True,0.99,0.99,0.99,0.0002000000000000002
longtransfer-inspection-512-start-checks,long_transfer,957,walk,no,no,True,0.91,0.94,0.94,0.006200000000000007
factor-inline-direct-1-1,factorial,958,answer,drive,walk,False,0.85,0.02,0.9,1.7768
length-8192-neutral-start-checks,length,959,bring,yes,yes,True,0.96,0.98,0.98,0.0006000000000000007
length-8192-neutral-start-checks,length,959,walk,no,no,True,0.6,0.73,0.73,0.12380000000000001
batch-A-B-transport,batching,960,A,yes,yes,True,0.96,0.98,0.98,0.0008000000000000008
batch-A-B-transport,batching,960,B,no,no,True,0.99,1.0,1.0,0.0
batch-A-B-transport,batching,960,transport,drive,walk,False,0.82,0.09,0.91,1.6562000000000001
longtransfer-inspection-512-start-checks,long_transfer,961,bring,yes,yes,True,0.99,1.0,1.0,0.0
longtransfer-inspection-512-start-checks,long_transfer,961,walk,no,no,True,0.93,0.95,0.95,0.004200000000000004
count-cherry-plain,counting,962,answer,2,2,True,0.8,0.83,0.83,0.04380000000000001
count-abracadabra-plain,counting,963,answer,2,2,True,0.65,0.6900000000000001,0.6900000000000001,0.14299999999999996
factor-inline-direct-1-0,factorial,964,answer,drive,walk,False,0.69,0.1,0.79,1.4462000000000002
length-256-walking-middle-direct,length,965,answer,drive,walk,False,0.81,0.09,0.91,1.6562000000000001
longtransfer-supplies-512-end-checks,long_transfer,966,bring,no,no,True,0.81,0.87,0.87,0.031400000000000004
longtransfer-supplies-512-end-checks,long_transfer,966,walk,yes,yes,True,0.87,0.91,0.91,0.013399999999999995
factor-inline-goal-1-1,factorial,967,answer,drive,drive,True,0.18,0.46,0.46,0.4766
count-banana-algorithm,counting,968,answer,0,1,False,0.71,0.23,0.74,1.1414
transfer-mobile-goal,transfer,969,answer,walk,walk,True,1.0,1.0,1.0,0.0
factor-state-goal-1-0,factorial,970,answer,drive,walk,False,0.64,0.21,0.76,1.2026000000000001
length-8192-walking-end-direct,length,971,answer,drive,walk,False,0.94,0.03,0.97,1.8818
length-1024-neutral-end-checks,length,972,bring,yes,yes,True,0.97,0.98,0.98,0.0006000000000000007
length-1024-neutral-end-checks,length,972,walk,no,no,True,0.4,0.6,0.6,0.27380000000000004
transfer-trade-checks,transfer,973,bring,yes,no,False,0.52,0.3,0.68,0.9528
transfer-trade-checks,transfer,973,walk,no,no,True,0.86,0.9,0.9,0.018199999999999994
length-4096-neutral-start-checks,length,974,bring,yes,yes,True,0.97,0.98,0.98,0.0006000000000000007
length-4096-neutral-start-checks,length,974,walk,no,no,True,0.75,0.84,0.84,0.04160000000000001
length-4096-walking-middle-direct,length,975,answer,drive,walk,False,0.94,0.03,0.97,1.8818
length-8192-neutral-middle-direct,length,976,answer,drive,walk,False,0.95,0.03,0.97,1.8818
transfer-pickup-checks,transfer,977,bring,no,no,True,0.99,1.0,1.0,0.0
transfer-pickup-checks,transfer,977,walk,yes,yes,True,0.87,0.92,0.92,0.010399999999999993
transfer-job-checks,transfer,978,bring,no,no,True,1.0,1.0,1.0,0.0
transfer-job-checks,transfer,978,walk,yes,yes,True,0.98,0.99,0.99,0.0002000000000000002
transfer-job-checks,transfer,979,bring,no,no,True,1.0,1.0,1.0,0.0
transfer-job-checks,transfer,979,walk,yes,yes,True,0.98,0.99,0.99,0.0002000000000000002
count-error-algorithm,counting,980,answer,3,1,False,0.48,0.03,0.53,1.4068
factor-state-direct-1-0,factorial,981,answer,drive,walk,False,0.87,0.06,0.91,1.7126
factor-state-direct-0-0,factorial,982,answer,drive,walk,False,0.92,0.04,0.96,1.8432
length-8192-neutral-end-direct,length,983,answer,drive,walk,False,0.97,0.01,0.99,1.9602
factor-inline-goal-0-1,factorial,984,answer,drive,drive,True,0.39,0.7,0.7,0.18000000000000002
factor-inline-direct-1-1,factorial,985,answer,drive,walk,False,0.86,0.02,0.91,1.7933999999999999
transfer-receipt-goal,transfer,986,answer,walk,walk,True,1.0,1.0,1.0,0.0
count-strawberries-spaced,counting,987,answer,3,4,False,0.33,0.17,0.4,0.9094
count-rrr-spaced,counting,988,answer,3,3,True,0.99,1.0,1.0,0.0
transfer-job-direct,transfer,989,answer,walk,walk,True,1.0,1.0,1.0,0.0
transfer-receipt-direct,transfer,990,answer,walk,walk,True,1.0,1.0,1.0,0.0
transfer-inspection-direct,transfer,991,answer,drive,walk,False,0.86,0.07,0.93,1.7298
count-banana-spaced,counting,992,answer,0,0,True,0.96,0.96,0.96,0.003200000000000003
batch-A-B,batching,993,A,yes,yes,True,0.97,0.98,0.98,0.0008000000000000008
batch-A-B,batching,993,B,no,no,True,1.0,1.0,1.0,0.0
batch-A-B-transport,batching,994,A,yes,yes,True,0.96,0.98,0.98,0.0008000000000000008
batch-A-B-transport,batching,994,B,no,no,True,0.99,1.0,1.0,0.0
batch-A-B-transport,batching,994,transport,drive,walk,False,0.78,0.11,0.89,1.5842
transfer-mobile-goal,transfer,995,answer,walk,walk,True,1.0,1.0,1.0,0.0
count-straberry-spaced,counting,996,answer,3,3,True,0.4,0.46,0.46,0.41940000000000005
factor-state-direct-1-1,factorial,997,answer,drive,walk,False,0.85,0.07,0.9,1.6758
factor-inline-goal-0-0,factorial,998,answer,drive,drive,True,0.17,0.59,0.59,0.3362
factor-inline-goal-0-0,factorial,999,answer,drive,drive,True,0.13,0.56,0.56,0.3872
length-8192-neutral-end-direct,length,1000,answer,drive,walk,False,0.99,0.0,1.0,2.0
count-abracadabra-plain,counting,1001,answer,2,2,True,0.65,0.68,0.68,0.15059999999999996
count-banana-plain,counting,1002,answer,0,1,False,0.53,0.42,0.57,0.6614000000000001
count-strawberries-algorithm,counting,1003,answer,3,2,False,0.4,0.34,0.45,0.6577999999999999
length-8192-walking-start-direct,length,1004,answer,drive,walk,False,0.92,0.04,0.96,1.8432
factor-state-direct-1-0,factorial,1005,answer,drive,walk,False,0.81,0.08,0.88,1.6224
transfer-weigh-direct,transfer,1006,answer,drive,walk,False,0.41,0.3,0.7,0.9799999999999999
factor-inline-direct-0-1,factorial,1007,answer,drive,walk,False,0.85,0.08,0.92,1.6928
batch-A,batching,1008,A,yes,yes,True,0.97,0.98,0.98,0.0008000000000000008
count-RrR-spaced,counting,1009,answer,3,3,True,0.92,0.92,0.92,0.008399999999999993
transfer-oil-checks,transfer,1010,bring,yes,yes,True,0.94,0.95,0.95,0.0038000000000000043
transfer-oil-checks,transfer,1010,walk,no,no,True,0.98,0.99,0.99,0.0002000000000000002
factor-inline-direct-1-0,factorial,1011,answer,drive,walk,False,0.74,0.07,0.83,1.5637999999999999
longtransfer-pickup-512-start-checks,long_transfer,1012,bring,no,no,True,0.97,0.98,0.98,0.0008000000000000008
longtransfer-pickup-512-start-checks,long_transfer,1012,walk,yes,yes,True,0.86,0.9,0.9,0.016799999999999995
transfer-wash-direct,transfer,1013,answer,drive,walk,False,0.37,0.31,0.69,0.9521999999999998
longtransfer-supplies-512-start-checks,long_transfer,1014,bring,no,no,True,0.9,0.9400000000000001,0.9400000000000001,0.007199999999999993
longtransfer-supplies-512-start-checks,long_transfer,1014,walk,yes,yes,True,0.85,0.9,0.9,0.015199999999999995
count-blueberry-algorithm,counting,1015,answer,2,1,False,0.86,0.05,0.88,1.6818
transfer-supplies-goal,transfer,1016,answer,walk,walk,True,1.0,1.0,1.0,0.0
transfer-inspection-checks,transfer,1017,bring,yes,yes,True,0.96,0.98,0.98,0.0006000000000000007
transfer-inspection-checks,transfer,1017,walk,no,no,True,0.96,0.97,0.97,0.0014000000000000017
factor-inline-goal-1-0,factorial,1018,answer,drive,drive,True,0.39,0.59,0.59,0.3002
length-8192-walking-end-direct,length,1019,answer,drive,walk,False,0.96,0.02,0.98,1.9207999999999998
transfer-wash-goal,transfer,1020,answer,drive,walk,False,0.46,0.27,0.73,1.0657999999999999
transfer-mobile-direct,transfer,1021,answer,walk,walk,True,1.0,1.0,1.0,0.0
longtransfer-wash-4096-end-direct,long_transfer,1022,answer,drive,walk,False,0.98,0.01,0.99,1.9602
count-raspberry-plain,counting,1023,answer,3,2,False,0.68,0.18,0.72,1.199
factor-inline-goal-1-1,factorial,1024,answer,drive,drive,True,0.37,0.58,0.58,0.29340000000000005
options-described,options,1025,answer,drive,drive,True,0.45,0.73,0.73,0.1458
length-4096-walking-middle-checks,length,1026,bring,yes,yes,True,0.84,0.89,0.89,0.0222
length-4096-walking-middle-checks,length,1026,walk,no,no,True,0.62,0.75,0.75,0.1158
longtransfer-supplies-512-end-direct,long_transfer,1027,answer,walk,walk,True,1.0,1.0,1.0,0.0
batch-transport,batching,1028,transport,drive,walk,False,0.8,0.1,0.9,1.62
length-8192-walking-end-direct,length,1029,answer,drive,walk,False,0.93,0.04,0.96,1.8432
factor-state-goal-1-0,factorial,1030,answer,drive,walk,False,0.55,0.27,0.7,1.0237999999999998
factor-state-direct-1-0,factorial,1031,answer,drive,walk,False,0.87,0.05,0.91,1.7322
length-4096-walking-start-checks,length,1032,bring,yes,yes,True,0.86,0.9,0.9,0.018199999999999994
length-4096-walking-start-checks,length,1032,walk,no,no,True,0.69,0.79,0.79,0.07739999999999998
options-described,options,1033,answer,drive,drive,True,0.38,0.69,0.69,0.19220000000000004
factor-state-direct-1-1,factorial,1034,answer,drive,walk,False,0.86,0.07,0.91,1.6934
factor-state-goal-1-1,factorial,1035,answer,drive,walk,False,0.47,0.29,0.65,0.9302
count-straberry-plain,counting,1036,answer,3,3,True,0.41,0.48,0.48,0.4454
factor-state-direct-1-0,factorial,1037,answer,drive,walk,False,0.78,0.09,0.86,1.5702
count-r-algorithm,counting,1038,answer,1,1,True,0.98,0.99,0.99,0.0002000000000000002
count-straberry-spaced,counting,1039,answer,3,3,True,0.38,0.43,0.43,0.4600000000000001
batch-transport,batching,1040,transport,drive,walk,False,0.83,0.08,0.92,1.6928
batch-A-B-transport,batching,1041,A,yes,yes,True,0.98,0.99,0.99,0.0002000000000000002
batch-A-B-transport,batching,1041,B,no,no,True,1.0,1.0,1.0,0.0
batch-A-B-transport,batching,1041,transport,drive,walk,False,0.62,0.19,0.81,1.3122000000000003
length-8192-neutral-end-direct,length,1042,answer,drive,walk,False,0.97,0.01,0.99,1.9602
longtransfer-wash-4096-end-direct,long_transfer,1043,answer,drive,walk,False,0.99,0.01,0.99,1.9602
factor-state-goal-0-0,factorial,1044,answer,drive,walk,False,0.63,0.19,0.81,1.3122000000000003
longtransfer-supplies-512-start-direct,long_transfer,1045,answer,walk,walk,True,1.0,1.0,1.0,0.0
transfer-receipt-direct,transfer,1046,answer,walk,walk,True,1.0,1.0,1.0,0.0
factor-inline-direct-0-0,factorial,1047,answer,drive,walk,False,0.77,0.12,0.88,1.5488
count-qrzrpr-algorithm,counting,1048,answer,3,4,False,0.43,0.37,0.49,0.6476000000000001
count-raspberry-algorithm,counting,1049,answer,3,2,False,0.59,0.27,0.62,0.9258
factor-state-goal-0-1,factorial,1050,answer,drive,walk,False,0.31,0.35,0.65,0.8450000000000001
factor-state-goal-0-0,factorial,1051,answer,drive,walk,False,0.6,0.2,0.8,1.2800000000000002
length-256-neutral-middle-checks,length,1052,bring,yes,yes,True,0.96,0.97,0.97,0.0014000000000000017
length-256-neutral-middle-checks,length,1052,walk,no,no,True,0.57,0.71,0.71,0.14420000000000002
count-RrR-spaced,counting,1053,answer,3,3,True,0.92,0.93,0.93,0.0063999999999999925
transfer-trade-checks,transfer,1054,bring,yes,no,False,0.44,0.36,0.62,0.7944
transfer-trade-checks,transfer,1054,walk,no,no,True,0.8,0.86,0.86,0.03660000000000001
transfer-oil-direct,transfer,1055,answer,drive,walk,False,0.03,0.49,0.51,0.5202
transfer-pickup-goal,transfer,1056,answer,walk,walk,True,0.99,1.0,1.0,0.0
length-8192-walking-middle-checks,length,1057,bring,yes,yes,True,0.81,0.87,0.87,0.031400000000000004
length-8192-walking-middle-checks,length,1057,walk,no,no,True,0.68,0.79,0.79,0.07739999999999998
count-qrzrpr-spaced,counting,1058,answer,3,5,False,0.43,0.04,0.49,1.3476
transfer-receipt-goal,transfer,1059,answer,walk,walk,True,1.0,1.0,1.0,0.0
transfer-receipt-direct,transfer,1060,answer,walk,walk,True,1.0,1.0,1.0,0.0
options-described,options,1061,answer,drive,drive,True,0.37,0.69,0.69,0.19220000000000004
count-RrR-spaced,counting,1062,answer,3,3,True,0.89,0.9,0.9,0.013399999999999995
longtransfer-supplies-4096-end-direct,long_transfer,1063,answer,walk,walk,True,1.0,1.0,1.0,0.0
count-cherry-spaced,counting,1064,answer,2,2,True,0.65,0.68,0.68,0.17629999999999996
options-described,options,1065,answer,drive,drive,True,0.26,0.63,0.63,0.2738
count-error-plain,counting,1066,answer,3,1,False,0.46,0.02,0.52,1.4334
length-0-neutral-start-direct,length,1067,answer,drive,walk,False,0.9,0.05,0.95,1.805
transfer-refund-checks,transfer,1068,bring,no,no,True,1.0,1.0,1.0,0.0
transfer-refund-checks,transfer,1068,walk,yes,yes,True,0.99,1.0,1.0,0.0
count-strawberries-algorithm,counting,1069,answer,3,2,False,0.44,0.32,0.5,0.7269999999999999
count-cherry-spaced,counting,1070,answer,2,2,True,0.7,0.73,0.73,0.123
transfer-wash-goal,transfer,1071,answer,drive,walk,False,0.64,0.18,0.82,1.3448
length-4096-neutral-middle-direct,length,1072,answer,drive,walk,False,0.98,0.01,0.99,1.9602
factor-inline-goal-1-0,factorial,1073,answer,drive,drive,True,0.37,0.58,0.58,0.3158
longtransfer-wash-512-end-checks,long_transfer,1074,bring,yes,yes,True,0.99,1.0,1.0,0.0
longtransfer-wash-512-end-checks,long_transfer,1074,walk,no,no,True,0.91,0.94,0.94,0.006200000000000007
count-raspberry-plain,counting,1075,answer,3,2,False,0.69,0.17,0.72,1.2174
length-1024-neutral-end-checks,length,1076,bring,yes,yes,True,0.97,0.98,0.98,0.0006000000000000007
length-1024-neutral-end-checks,length,1076,walk,no,no,True,0.63,0.75,0.75,0.10819999999999999
length-4096-neutral-start-checks,length,1077,bring,yes,yes,True,0.96,0.97,0.97,0.0014000000000000017
length-4096-neutral-start-checks,length,1077,walk,no,no,True,0.7,0.8,0.8,0.06319999999999998
factor-inline-direct-1-1,factorial,1078,answer,drive,walk,False,0.82,0.02,0.88,1.7448
length-4096-walking-middle-direct,length,1079,answer,drive,walk,False,0.95,0.02,0.98,1.9207999999999998
count-strawberries-algorithm,counting,1080,answer,3,2,False,0.42,0.33,0.48,0.6957999999999999
longtransfer-pickup-4096-start-checks,long_transfer,1081,bring,no,no,True,0.97,0.98,0.98,0.0008000000000000008
longtransfer-pickup-4096-start-checks,long_transfer,1081,walk,yes,yes,True,0.72,0.81,0.81,0.06259999999999998
batch-B,batching,1082,B,no,no,True,0.99,1.0,1.0,0.0
factor-inline-goal-1-1,factorial,1083,answer,drive,drive,True,0.37,0.58,0.58,0.28080000000000005
count-RrR-plain,counting,1084,answer,3,3,True,0.98,0.98,0.98,0.0006000000000000007
factor-inline-goal-1-0,factorial,1085,answer,drive,drive,True,0.29,0.53,0.53,0.39979999999999993
transfer-wash-checks,transfer,1086,bring,yes,yes,True,0.98,0.99,0.99,0.0002000000000000002
transfer-wash-checks,transfer,1086,walk,no,no,True,0.98,0.99,0.99,0.0002000000000000002
transfer-inspection-checks,transfer,1087,bring,yes,yes,True,0.94,0.96,0.96,0.002400000000000003
transfer-inspection-checks,transfer,1087,walk,no,no,True,0.98,0.99,0.99,0.0002000000000000002
count-river-plain,counting,1088,answer,2,2,True,0.7,0.73,0.73,0.1406
count-abracadabra-algorithm,counting,1089,answer,2,2,True,0.58,0.63,0.63,0.2068
transfer-supplies-checks,transfer,1090,bring,no,no,True,1.0,1.0,1.0,0.0
transfer-supplies-checks,transfer,1090,walk,yes,yes,True,0.99,1.0,1.0,0.0
length-4096-neutral-middle-direct,length,1091,answer,drive,walk,False,0.98,0.01,0.99,1.9602
transfer-pickup-goal,transfer,1092,answer,walk,walk,True,1.0,1.0,1.0,0.0
count-river-algorithm,counting,1093,answer,2,2,True,0.67,0.7,0.7,0.17420000000000002
length-1024-neutral-middle-checks,length,1094,bring,yes,yes,True,0.97,0.98,0.98,0.0006000000000000007
length-1024-neutral-middle-checks,length,1094,walk,no,no,True,0.5,0.66,0.66,0.20719999999999997
batch-A,batching,1095,A,yes,yes,True,0.97,0.98,0.98,0.0008000000000000008
longtransfer-wash-512-end-checks,long_transfer,1096,bring,yes,yes,True,0.99,0.99,0.99,0.0002000000000000002
longtransfer-wash-512-end-checks,long_transfer,1096,walk,no,no,True,0.9,0.9299999999999999,0.9299999999999999,0.008600000000000009
length-1024-walking-end-checks,length,1097,bring,yes,yes,True,0.93,0.95,0.95,0.004200000000000004
length-1024-walking-end-checks,length,1097,walk,no,no,True,0.64,0.75,0.75,0.10819999999999999
factor-inline-direct-0-0,factorial,1098,answer,drive,walk,False,0.82,0.09,0.91,1.6562000000000001
length-256-walking-end-direct,length,1099,answer,drive,walk,False,0.78,0.11,0.89,1.5842
batch-transport,batching,1100,transport,drive,walk,False,0.72,0.14,0.86,1.4791999999999998
rule-feasibility,options,1101,answer,drive,walk,False,0.98,0.01,0.99,1.9602
transfer-wash-goal,transfer,1102,answer,drive,walk,False,0.69,0.15,0.85,1.4449999999999998
transfer-weigh-direct,transfer,1103,answer,drive,walk,False,0.39,0.3,0.7,0.9799999999999999
factor-state-goal-0-0,factorial,1104,answer,drive,walk,False,0.54,0.23,0.77,1.1858
count-error-spaced,counting,1105,answer,3,2,False,0.62,0.25,0.66,1.0032
key-transport,question_key,1106,transport,drive,walk,False,0.87,0.07,0.93,1.7298
factor-inline-goal-1-1,factorial,1107,answer,drive,drive,True,0.3,0.53,0.53,0.36779999999999996
longtransfer-inspection-4096-end-direct,long_transfer,1108,answer,drive,walk,False,1.0,0.0,1.0,2.0
factor-state-goal-0-0,factorial,1109,answer,drive,walk,False,0.5,0.25,0.75,1.125
length-1024-neutral-middle-direct,length,1110,answer,drive,walk,False,0.99,0.01,0.99,1.9602
batch-A-B,batching,1111,A,yes,yes,True,0.95,0.97,0.97,0.0018000000000000017
batch-A-B,batching,1111,B,no,no,True,0.99,1.0,1.0,0.0
count-straberry-algorithm,counting,1112,answer,3,3,True,0.4,0.45,0.45,0.4894
transfer-receipt-checks,transfer,1113,bring,no,no,True,1.0,1.0,1.0,0.0
transfer-receipt-checks,transfer,1113,walk,yes,yes,True,0.98,0.99,0.99,0.0002000000000000002
count-straberry-plain,counting,1114,answer,3,3,True,0.45,0.5,0.5,0.39039999999999997
count-blueberry-algorithm,counting,1115,answer,2,1,False,0.8,0.03,0.82,1.6358
length-256-walking-start-checks,length,1116,bring,yes,yes,True,0.87,0.91,0.91,0.014599999999999995
length-256-walking-start-checks,length,1116,walk,no,no,True,0.54,0.69,0.69,0.17060000000000003
factor-state-direct-1-0,factorial,1117,answer,drive,walk,False,0.85,0.05,0.9,1.715
longtransfer-wash-512-start-direct,long_transfer,1118,answer,drive,walk,False,0.73,0.14,0.86,1.4791999999999998
count-strawberries-algorithm,counting,1119,answer,3,2,False,0.35,0.37,0.42,0.5942
transfer-refund-checks,transfer,1120,bring,no,no,True,1.0,1.0,1.0,0.0
transfer-refund-checks,transfer,1120,walk,yes,yes,True,0.99,1.0,1.0,0.0
count-rrabr-spaced,counting,1121,answer,3,4,False,0.64,0.13,0.68,1.2483000000000002
length-0-neutral-start-checks,length,1122,bring,yes,yes,True,0.95,0.97,0.97,0.0014000000000000017
length-0-neutral-start-checks,length,1122,walk,no,no,True,0.71,0.81,0.81,0.054199999999999984
count-raspberry-plain,counting,1123,answer,3,2,False,0.67,0.2,0.71,1.1506
factor-state-direct-1-1,factorial,1124,answer,drive,walk,False,0.9,0.04,0.93,1.7869000000000002
longtransfer-wash-512-start-checks,long_transfer,1125,bring,yes,yes,True,0.99,1.0,1.0,0.0
longtransfer-wash-512-start-checks,long_transfer,1125,walk,no,no,True,0.94,0.96,0.96,0.002600000000000003
transfer-mobile-direct,transfer,1126,answer,walk,walk,True,1.0,1.0,1.0,0.0
count-strawberries-plain,counting,1127,answer,3,2,False,0.44,0.33,0.49,0.7023999999999999
factor-inline-direct-0-1,factorial,1128,answer,drive,walk,False,0.88,0.06,0.94,1.7671999999999999
length-8192-neutral-start-direct,length,1129,answer,drive,walk,False,0.96,0.02,0.98,1.9207999999999998
factor-inline-goal-0-1,factorial,1130,answer,drive,drive,True,0.1,0.55,0.55,0.40499999999999997
count-RrR-plain,counting,1131,answer,3,3,True,0.98,0.98,0.98,0.0006000000000000007
length-1024-neutral-middle-checks,length,1132,bring,yes,yes,True,0.97,0.98,0.98,0.0006000000000000007
length-1024-neutral-middle-checks,length,1132,walk,no,no,True,0.63,0.75,0.75,0.10819999999999999
length-4096-walking-middle-direct,length,1133,answer,drive,walk,False,0.96,0.02,0.98,1.9207999999999998
batch-A-B,batching,1134,A,yes,yes,True,0.97,0.98,0.98,0.0008000000000000008
batch-A-B,batching,1134,B,no,no,True,1.0,1.0,1.0,0.0
count-qrzrpr-spaced,counting,1135,answer,3,4,False,0.43,0.05,0.48,1.3188
batch-A,batching,1136,A,yes,yes,True,0.97,0.98,0.98,0.0008000000000000008
factor-inline-goal-0-0,factorial,1137,answer,drive,drive,True,0.1,0.55,0.55,0.40499999999999997
length-4096-neutral-middle-direct,length,1138,answer,drive,walk,False,0.98,0.01,0.99,1.9602
count-error-algorithm,counting,1139,answer,3,2,False,0.43,0.03,0.49,1.402
count-rrr-plain,counting,1140,answer,3,3,True,1.0,1.0,1.0,0.0
count-qrzrpr-algorithm,counting,1141,answer,3,4,False,0.44,0.37,0.5,0.6554
length-8192-walking-middle-direct,length,1142,answer,drive,walk,False,0.94,0.03,0.97,1.8818
length-1024-neutral-middle-checks,length,1143,bring,yes,yes,True,0.98,0.99,0.99,0.0002000000000000002
length-1024-neutral-middle-checks,length,1143,walk,no,no,True,0.56,0.7,0.7,0.15920000000000004
factor-inline-goal-0-0,factorial,1144,answer,drive,drive,True,0.09,0.54,0.54,0.42319999999999997
factor-state-goal-1-1,factorial,1145,answer,drive,walk,False,0.5,0.28,0.66,0.9576
factor-inline-direct-1-0,factorial,1146,answer,drive,walk,False,0.78,0.1,0.85,1.535
length-1024-walking-middle-direct,length,1147,answer,drive,walk,False,0.95,0.03,0.97,1.8818
count-cherry-spaced,counting,1148,answer,2,2,True,0.61,0.66,0.66,0.21219999999999997
factor-state-goal-0-1,factorial,1149,answer,drive,walk,False,0.21,0.4,0.6,0.72
length-256-walking-start-checks,length,1150,bring,yes,yes,True,0.92,0.95,0.95,0.0050000000000000044
length-256-walking-start-checks,length,1150,walk,no,no,True,0.62,0.75,0.75,0.1118
key-answer,question_key,1151,answer,drive,walk,False,0.89,0.06,0.94,1.7671999999999999
longtransfer-supplies-4096-start-direct,long_transfer,1152,answer,walk,walk,True,1.0,1.0,1.0,0.0
length-256-walking-end-checks,length,1153,bring,yes,yes,True,0.93,0.95,0.95,0.004200000000000004
length-256-walking-end-checks,length,1153,walk,no,no,True,0.63,0.75,0.75,0.10819999999999999
count-rrr-spaced,counting,1154,answer,3,3,True,0.99,1.0,1.0,0.0
count-RrR-algorithm,counting,1155,answer,3,3,True,0.99,1.0,1.0,0.0
length-256-neutral-middle-checks,length,1156,bring,yes,yes,True,0.95,0.97,0.97,0.0014000000000000017
length-256-neutral-middle-checks,length,1156,walk,no,no,True,0.65,0.77,0.77,0.0938
count-strawberry-algorithm,counting,1157,answer,3,2,False,0.47,0.4,0.52,0.6336
factor-state-direct-0-0,factorial,1158,answer,drive,walk,False,0.86,0.07,0.93,1.7298
length-1024-neutral-middle-direct,length,1159,answer,drive,walk,False,0.98,0.01,0.99,1.9602
count-strawberries-spaced,counting,1160,answer,3,4,False,0.29,0.13,0.35,0.949
transfer-oil-goal,transfer,1161,answer,drive,walk,False,0.48,0.26,0.74,1.0952
factor-inline-direct-0-0,factorial,1162,answer,drive,walk,False,0.77,0.12,0.88,1.5488
transfer-weigh-checks,transfer,1163,bring,yes,yes,True,0.95,0.97,0.97,0.0018000000000000017
transfer-weigh-checks,transfer,1163,walk,no,no,True,0.98,0.99,0.99,0.0002000000000000002
transfer-job-direct,transfer,1164,answer,walk,walk,True,1.0,1.0,1.0,0.0
options-described,options,1165,answer,drive,drive,True,0.28,0.64,0.64,0.2592
transfer-tires-direct,transfer,1166,answer,drive,walk,False,0.24,0.38,0.62,0.7688
transfer-trade-goal,transfer,1167,answer,drive,walk,False,0.95,0.03,0.97,1.8818
factor-state-goal-0-0,factorial,1168,answer,drive,walk,False,0.46,0.27,0.73,1.0657999999999999
factor-state-direct-1-1,factorial,1169,answer,drive,walk,False,0.89,0.05,0.93,1.7678
transfer-tires-direct,transfer,1170,answer,drive,walk,False,0.2,0.4,0.6,0.72
batch-A-B,batching,1171,A,yes,yes,True,0.97,0.98,0.98,0.0008000000000000008
batch-A-B,batching,1171,B,no,no,True,1.0,1.0,1.0,0.0
count-qrzrpr-spaced,counting,1172,answer,3,4,False,0.42,0.04,0.48,1.3466
count-straberry-algorithm,counting,1173,answer,3,3,True,0.41,0.47,0.47,0.4514000000000001
batch-A,batching,1174,A,yes,yes,True,0.97,0.98,0.98,0.0008000000000000008
factor-state-goal-1-0,factorial,1175,answer,drive,walk,False,0.7,0.17,0.8,1.3298
count-abracadabra-plain,counting,1176,answer,2,2,True,0.62,0.66,0.66,0.16779999999999998
transfer-supplies-checks,transfer,1177,bring,no,no,True,0.99,0.99,0.99,0.0002000000000000002
transfer-supplies-checks,transfer,1177,walk,yes,yes,True,1.0,1.0,1.0,0.0
count-strawberry-algorithm,counting,1178,answer,3,2,False,0.45,0.41000000000000003,0.51,0.6113999999999999
transfer-mobile-direct,transfer,1179,answer,walk,walk,True,1.0,1.0,1.0,0.0
length-256-neutral-end-direct,length,1180,answer,drive,walk,False,0.95,0.03,0.97,1.8818
count-straberry-plain,counting,1181,answer,3,3,True,0.44,0.5,0.5,0.3974
factor-inline-goal-1-0,factorial,1182,answer,drive,drive,True,0.3,0.54,0.54,0.3752
count-strawberries-plain,counting,1183,answer,3,2,False,0.44,0.33,0.5,0.7119999999999999
count-strawberries-plain,counting,1184,answer,3,2,False,0.45,0.31,0.51,0.7494
batch-A-B,batching,1185,A,yes,yes,True,0.98,0.99,0.99,0.0002000000000000002
batch-A-B,batching,1185,B,no,no,True,0.99,1.0,1.0,0.0
count-r-algorithm,counting,1186,answer,1,1,True,0.98,0.98,0.98,0.0006000000000000007
options-described,options,1187,answer,drive,drive,True,0.35,0.68,0.68,0.20479999999999998
length-1024-walking-middle-checks,length,1188,bring,yes,yes,True,0.86,0.9,0.9,0.018199999999999994
length-1024-walking-middle-checks,length,1188,walk,no,no,True,0.62,0.75,0.75,0.1118
options-described,options,1189,answer,drive,drive,True,0.4,0.7,0.7,0.18000000000000002
factor-inline-direct-1-1,factorial,1190,answer,drive,walk,False,0.88,0.02,0.92,1.8104
factor-inline-direct-0-1,factorial,1191,answer,drive,walk,False,0.87,0.07,0.93,1.7298
transfer-mobile-goal,transfer,1192,answer,walk,walk,True,1.0,1.0,1.0,0.0
transfer-mobile-checks,transfer,1193,bring,no,no,True,0.99,0.99,0.99,0.0002000000000000002
transfer-mobile-checks,transfer,1193,walk,yes,yes,True,0.91,0.95,0.95,0.0050000000000000044
count-qrzrpr-plain,counting,1194,answer,3,4,False,0.38,0.4,0.44,0.5681999999999999
longtransfer-wash-4096-start-checks,long_transfer,1195,bring,yes,yes,True,1.0,1.0,1.0,0.0
longtransfer-wash-4096-start-checks,long_transfer,1195,walk,no,no,True,0.96,0.98,0.98,0.0008000000000000008
factor-inline-direct-1-0,factorial,1196,answer,drive,walk,False,0.74,0.09,0.82,1.5086
length-4096-neutral-start-direct,length,1197,answer,drive,walk,False,0.94,0.03,0.97,1.8818
count-rrrrrr-algorithm,counting,1198,answer,6,6,True,0.91,0.93,0.93,0.006999999999999993
length-256-neutral-start-direct,length,1199,answer,drive,walk,False,0.94,0.03,0.97,1.8818
transfer-tires-goal,transfer,1200,answer,drive,walk,False,0.69,0.16,0.84,1.4111999999999998
factor-state-direct-1-0,factorial,1201,answer,drive,walk,False,0.81,0.08,0.87,1.6058000000000001
count-blueberry-spaced,counting,1202,answer,2,1,False,0.76,0.21,0.79,1.2482000000000002
length-256-walking-middle-checks,length,1203,bring,yes,yes,True,0.92,0.95,0.95,0.0050000000000000044
length-256-walking-middle-checks,length,1203,walk,no,no,True,0.61,0.74,0.74,0.12140000000000001
count-error-plain,counting,1204,answer,3,1,False,0.56,0.02,0.6,1.4573999999999998
length-1024-walking-start-checks,length,1205,bring,yes,yes,True,0.87,0.92,0.92,0.012799999999999994
length-1024-walking-start-checks,length,1205,walk,no,no,True,0.46,0.64,0.64,0.2336
length-256-neutral-middle-direct,length,1206,answer,drive,walk,False,0.99,0.01,0.99,1.9602
transfer-supplies-direct,transfer,1207,answer,walk,walk,True,1.0,1.0,1.0,0.0
count-raspberry-spaced,counting,1208,answer,3,3,True,0.45,0.51,0.51,0.3404
rule-feasibility,options,1209,answer,drive,walk,False,0.98,0.01,0.99,1.9602
length-256-walking-end-direct,length,1210,answer,drive,walk,False,0.79,0.1,0.9,1.62
length-256-neutral-end-checks,length,1211,bring,yes,yes,True,0.96,0.98,0.98,0.0006000000000000007
length-256-neutral-end-checks,length,1211,walk,no,no,True,0.55,0.69,0.69,0.16620000000000004
factor-inline-direct-0-1,factorial,1212,answer,drive,walk,False,0.87,0.06,0.94,1.7671999999999999
longtransfer-supplies-4096-start-checks,long_transfer,1213,bring,no,no,True,0.97,0.98,0.98,0.0008000000000000008
longtransfer-supplies-4096-start-checks,long_transfer,1213,walk,yes,yes,True,0.99,0.99,0.99,0.0002000000000000002
batch-A-B,batching,1214,A,yes,yes,True,0.97,0.98,0.98,0.0008000000000000008
batch-A-B,batching,1214,B,no,no,True,1.0,1.0,1.0,0.0
count-banana-spaced,counting,1215,answer,0,0,True,0.95,0.96,0.96,0.003200000000000003
length-4096-walking-middle-checks,length,1216,bring,yes,yes,True,0.84,0.89,0.89,0.0222
length-4096-walking-middle-checks,length,1216,walk,no,no,True,0.44,0.62,0.62,0.2616
batch-B,batching,1217,B,no,no,True,0.99,1.0,1.0,0.0
transfer-oil-direct,transfer,1218,answer,drive,drive,True,0.09,0.54,0.54,0.42319999999999997
transfer-wash-goal,transfer,1219,answer,drive,walk,False,0.53,0.23,0.77,1.1858
count-rrr-spaced,counting,1220,answer,3,3,True,0.99,1.0,1.0,0.0
transfer-mobile-direct,transfer,1221,answer,walk,walk,True,1.0,1.0,1.0,0.0
count-banana-plain,counting,1222,answer,0,1,False,0.68,0.27,0.72,1.0514
count-cherry-spaced,counting,1223,answer,2,2,True,0.69,0.73,0.73,0.123
count-rrabr-plain,counting,1224,answer,3,3,True,0.58,0.63,0.63,0.2348
batch-A-B-transport,batching,1225,A,yes,yes,True,0.96,0.98,0.98,0.0008000000000000008
batch-A-B-transport,batching,1225,B,no,no,True,0.99,1.0,1.0,0.0
batch-A-B-transport,batching,1225,transport,drive,walk,False,0.83,0.08,0.92,1.6928
transfer-inspection-direct,transfer,1226,answer,drive,walk,False,0.79,0.1,0.9,1.62
length-1024-walking-end-direct,length,1227,answer,drive,walk,False,0.88,0.06,0.94,1.7671999999999999
count-rrr-plain,counting,1228,answer,3,3,True,1.0,1.0,1.0,0.0
length-8192-neutral-start-checks,length,1229,bring,yes,yes,True,0.97,0.98,0.98,0.0006000000000000007
length-8192-neutral-start-checks,length,1229,walk,no,no,True,0.7,0.8,0.8,0.06499999999999997
length-256-neutral-end-direct,length,1230,answer,drive,walk,False,0.97,0.02,0.98,1.9207999999999998
count-raspberry-spaced,counting,1231,answer,3,3,True,0.46,0.51,0.51,0.3394
longtransfer-inspection-4096-start-direct,long_transfer,1232,answer,drive,walk,False,0.86,0.07,0.93,1.7298
count-strawberry-spaced,counting,1233,answer,3,3,True,0.35,0.42,0.42,0.5030000000000001
factor-inline-direct-0-0,factorial,1234,answer,drive,walk,False,0.68,0.16,0.84,1.4111999999999998
longtransfer-inspection-512-start-checks,long_transfer,1235,bring,yes,yes,True,0.99,0.99,0.99,0.0002000000000000002
longtransfer-inspection-512-start-checks,long_transfer,1235,walk,no,no,True,0.93,0.95,0.95,0.004200000000000004
transfer-inspection-direct,transfer,1236,answer,drive,walk,False,0.84,0.08,0.92,1.6928
batch-A-B-transport,batching,1237,A,yes,yes,True,0.97,0.98,0.98,0.0008000000000000008
batch-A-B-transport,batching,1237,B,no,no,True,1.0,1.0,1.0,0.0
batch-A-B-transport,batching,1237,transport,drive,walk,False,0.88,0.06,0.94,1.7671999999999999
transfer-pickup-checks,transfer,1238,bring,no,no,True,0.99,0.99,0.99,0.0002000000000000002
transfer-pickup-checks,transfer,1238,walk,yes,yes,True,0.89,0.93,0.93,0.008599999999999993
transfer-tires-goal,transfer,1239,answer,drive,walk,False,0.7,0.15,0.85,1.4449999999999998
count-strawberry-spaced,counting,1240,answer,3,3,True,0.39,0.46,0.46,0.43100000000000005
count-blueberry-spaced,counting,1241,answer,2,1,False,0.63,0.32,0.67,0.9114
length-1024-neutral-start-checks,length,1242,bring,yes,yes,True,0.97,0.98,0.98,0.0006000000000000007
length-1024-neutral-start-checks,length,1242,walk,no,no,True,0.69,0.79,0.79,0.07219999999999999
count-qrzrpr-plain,counting,1243,answer,3,4,False,0.41,0.37,0.47,0.6324
transfer-receipt-checks,transfer,1244,bring,no,no,True,1.0,1.0,1.0,0.0
transfer-receipt-checks,transfer,1244,walk,yes,yes,True,0.98,0.99,0.99,0.0002000000000000002
rule-feasibility,options,1245,answer,drive,walk,False,0.98,0.01,0.99,1.9602
options-described,options,1246,answer,drive,drive,True,0.33,0.66,0.66,0.23120000000000002
length-4096-neutral-end-checks,length,1247,bring,yes,yes,True,0.95,0.97,0.97,0.0014000000000000017
length-4096-neutral-end-checks,length,1247,walk,no,yes,False,0.19,0.43,0.46,0.5486000000000001
count-r-algorithm,counting,1248,answer,1,1,True,0.98,0.99,0.99,0.0002000000000000002
transfer-tires-checks,transfer,1249,bring,yes,yes,True,0.92,0.95,0.95,0.004200000000000004
transfer-tires-checks,transfer,1249,walk,no,no,True,0.93,0.96,0.96,0.002600000000000003
factor-state-goal-1-1,factorial,1250,answer,drive,walk,False,0.5,0.27,0.67,0.9854
length-1024-neutral-middle-direct,length,1251,answer,drive,walk,False,0.99,0.01,0.99,1.9602
count-abracadabra-algorithm,counting,1252,answer,2,2,True,0.55,0.6,0.6,0.24220000000000003
factor-state-direct-1-0,factorial,1253,answer,drive,walk,False,0.85,0.07,0.9,1.6758
transfer-trade-checks,transfer,1254,bring,yes,no,False,0.56,0.28,0.71,1.0226
transfer-trade-checks,transfer,1254,walk,no,no,True,0.87,0.91,0.91,0.014599999999999995
transfer-refund-goal,transfer,1255,answer,walk,walk,True,1.0,1.0,1.0,0.0
longtransfer-wash-512-start-checks,long_transfer,1256,bring,yes,yes,True,0.99,1.0,1.0,0.0
longtransfer-wash-512-start-checks,long_transfer,1256,walk,no,no,True,0.97,0.98,0.98,0.0008000000000000008
length-8192-neutral-middle-direct,length,1257,answer,drive,walk,False,0.93,0.03,0.97,1.8818
count-cherry-spaced,counting,1258,answer,2,2,True,0.66,0.7,0.7,0.15420000000000003
transfer-inspection-checks,transfer,1259,bring,yes,yes,True,0.96,0.97,0.97,0.0014000000000000017
transfer-inspection-checks,transfer,1259,walk,no,no,True,0.94,0.96,0.96,0.002600000000000003
count-error-algorithm,counting,1260,answer,3,1,False,0.49,0.03,0.54,1.409
key-transport,question_key,1261,transport,drive,walk,False,0.91,0.05,0.95,1.805
factor-inline-direct-1-0,factorial,1262,answer,drive,walk,False,0.74,0.1,0.82,1.4888
count-abracadabra-plain,counting,1263,answer,2,2,True,0.64,0.68,0.68,0.15059999999999996
length-4096-neutral-middle-direct,length,1264,answer,drive,walk,False,0.99,0.01,0.99,1.9602
factor-inline-direct-1-0,factorial,1265,answer,drive,walk,False,0.8,0.08,0.86,1.5896
length-1024-walking-end-checks,length,1266,bring,yes,yes,True,0.92,0.95,0.95,0.004200000000000004
length-1024-walking-end-checks,length,1266,walk,no,no,True,0.69,0.79,0.79,0.07459999999999999
longtransfer-pickup-4096-start-checks,long_transfer,1267,bring,no,no,True,0.97,0.98,0.98,0.0008000000000000008
longtransfer-pickup-4096-start-checks,long_transfer,1267,walk,yes,yes,True,0.62,0.74,0.74,0.12140000000000001
transfer-oil-direct,transfer,1268,answer,drive,walk,False,0.0,0.5,0.5,0.5
factor-inline-direct-0-0,factorial,1269,answer,drive,walk,False,0.72,0.14,0.86,1.4791999999999998
count-raspberry-plain,counting,1270,answer,3,2,False,0.68,0.18,0.72,1.199
length-1024-walking-start-checks,length,1271,bring,yes,yes,True,0.88,0.93,0.93,0.009799999999999993
length-1024-walking-start-checks,length,1271,walk,no,no,True,0.51,0.68,0.68,0.18739999999999996
length-1024-neutral-start-checks,length,1272,bring,yes,yes,True,0.97,0.98,0.98,0.0006000000000000007
length-1024-neutral-start-checks,length,1272,walk,no,no,True,0.75,0.84,0.84,0.043400000000000015
count-strawberry-plain,counting,1273,answer,3,2,False,0.48,0.4,0.53,0.6429
factor-state-goal-1-1,factorial,1274,answer,drive,walk,False,0.53,0.26,0.68,1.0136
length-4096-walking-middle-checks,length,1275,bring,yes,yes,True,0.84,0.89,0.89,0.0222
length-4096-walking-middle-checks,length,1275,walk,no,no,True,0.63,0.76,0.76,0.1064
length-4096-neutral-end-checks,length,1276,bring,yes,yes,True,0.95,0.96,0.96,0.002400000000000003
length-4096-neutral-end-checks,length,1276,walk,no,no,True,0.45,0.63,0.63,0.2366
options-described,options,1277,answer,drive,drive,True,0.45,0.73,0.73,0.1458
length-1024-neutral-middle-checks,length,1278,bring,yes,yes,True,0.98,0.99,0.99,0.0002000000000000002
length-1024-neutral-middle-checks,length,1278,walk,no,no,True,0.58,0.72,0.72,0.1338
batch-transport,batching,1279,transport,drive,walk,False,0.83,0.08,0.92,1.6928
options-described,options,1280,answer,drive,drive,True,0.38,0.69,0.69,0.19220000000000004
length-4096-neutral-start-direct,length,1281,answer,drive,walk,False,0.98,0.01,0.99,1.9602
length-4096-neutral-start-direct,length,1282,answer,drive,walk,False,0.83,0.09,0.91,1.6562000000000001
longtransfer-wash-512-end-direct,long_transfer,1283,answer,drive,walk,False,0.97,0.02,0.98,1.9207999999999998
length-8192-walking-start-checks,length,1284,bring,yes,yes,True,0.87,0.92,0.92,0.012799999999999994
length-8192-walking-start-checks,length,1284,walk,no,no,True,0.48,0.65,0.65,0.21499999999999997
batch-B,batching,1285,B,no,no,True,0.99,1.0,1.0,0.0
longtransfer-wash-512-start-direct,long_transfer,1286,answer,drive,walk,False,0.82,0.09,0.91,1.6562000000000001
length-256-walking-end-direct,length,1287,answer,drive,walk,False,0.78,0.11,0.89,1.5842
transfer-refund-goal,transfer,1288,answer,walk,walk,True,1.0,1.0,1.0,0.0
length-4096-walking-middle-direct,length,1289,answer,drive,walk,False,0.95,0.02,0.98,1.9207999999999998
factor-inline-goal-1-1,factorial,1290,answer,drive,drive,True,0.35,0.57,0.57,0.3138
rule-feasibility,options,1291,answer,drive,walk,False,0.96,0.02,0.98,1.9207999999999998
factor-inline-direct-0-1,factorial,1292,answer,drive,walk,False,0.84,0.08,0.92,1.6928
length-1024-neutral-start-checks,length,1293,bring,yes,yes,True,0.97,0.98,0.98,0.0006000000000000007
length-1024-neutral-start-checks,length,1293,walk,no,no,True,0.76,0.84,0.84,0.04160000000000001
longtransfer-supplies-512-end-direct,long_transfer,1294,answer,walk,walk,True,1.0,1.0,1.0,0.0
length-256-neutral-end-checks,length,1295,bring,yes,yes,True,0.96,0.98,0.98,0.0006000000000000007
length-256-neutral-end-checks,length,1295,walk,no,no,True,0.55,0.7,0.7,0.14780000000000001
length-8192-neutral-middle-direct,length,1296,answer,drive,walk,False,0.96,0.02,0.98,1.9207999999999998
factor-state-goal-0-1,factorial,1297,answer,drive,walk,False,0.26,0.37,0.63,0.7938000000000001
factor-state-goal-0-0,factorial,1298,answer,drive,walk,False,0.42,0.29,0.71,1.0082
length-4096-neutral-middle-checks,length,1299,bring,yes,yes,True,0.97,0.97,0.97,0.0014000000000000017
length-4096-neutral-middle-checks,length,1299,walk,no,yes,False,0.24,0.46,0.49,0.5342
transfer-weigh-direct,transfer,1300,answer,drive,walk,False,0.4,0.3,0.7,0.9799999999999999
batch-B,batching,1301,B,no,no,True,1.0,1.0,1.0,0.0
transfer-refund-checks,transfer,1302,bring,no,no,True,1.0,1.0,1.0,0.0
transfer-refund-checks,transfer,1302,walk,yes,yes,True,0.99,1.0,1.0,0.0
transfer-oil-goal,transfer,1303,answer,drive,walk,False,0.38,0.31,0.69,0.9521999999999998
length-256-walking-middle-direct,length,1304,answer,drive,walk,False,0.91,0.04,0.96,1.8432
transfer-trade-checks,transfer,1305,bring,yes,no,False,0.52,0.31,0.68,0.9386
transfer-trade-checks,transfer,1305,walk,no,no,True,0.88,0.91,0.91,0.014599999999999995
longtransfer-inspection-4096-start-checks,long_transfer,1306,bring,yes,yes,True,0.99,1.0,1.0,0.0
longtransfer-inspection-4096-start-checks,long_transfer,1306,walk,no,no,True,0.91,0.94,0.94,0.006200000000000007
transfer-refund-direct,transfer,1307,answer,walk,walk,True,1.0,1.0,1.0,0.0
length-8192-neutral-end-direct,length,1308,answer,drive,walk,False,0.99,0.0,1.0,2.0
length-1024-neutral-end-checks,length,1309,bring,yes,yes,True,0.96,0.98,0.98,0.0006000000000000007
length-1024-neutral-end-checks,length,1309,walk,no,no,True,0.49,0.65,0.65,0.21019999999999997
factor-inline-goal-0-0,factorial,1310,answer,drive,drive,True,0.04,0.52,0.52,0.4608
longtransfer-wash-4096-start-checks,long_transfer,1311,bring,yes,yes,True,0.99,1.0,1.0,0.0
longtransfer-wash-4096-start-checks,long_transfer,1311,walk,no,no,True,0.95,0.97,0.97,0.0018000000000000017
rule-feasibility,options,1312,answer,drive,walk,False,0.98,0.01,0.99,1.9602
factor-state-direct-0-0,factorial,1313,answer,drive,walk,False,0.88,0.06,0.94,1.7671999999999999
length-8192-walking-start-checks,length,1314,bring,yes,yes,True,0.83,0.89,0.89,0.0242
length-8192-walking-start-checks,length,1314,walk,no,no,True,0.7,0.8,0.8,0.07279999999999998
longtransfer-pickup-512-end-direct,long_transfer,1315,answer,walk,walk,True,0.96,0.98,0.98,0.0008000000000000008
length-8192-walking-middle-direct,length,1316,answer,drive,walk,False,0.95,0.03,0.97,1.8818
count-rrrrrr-spaced,counting,1317,answer,6,6,True,0.95,0.96,0.96,0.002600000000000003
longtransfer-wash-4096-start-direct,long_transfer,1318,answer,drive,walk,False,0.72,0.14,0.86,1.4791999999999998
factor-state-direct-0-0,factorial,1319,answer,drive,walk,False,0.86,0.07,0.93,1.7298
length-8192-neutral-start-direct,length,1320,answer,drive,walk,False,0.97,0.01,0.99,1.9602
factor-state-direct-1-0,factorial,1321,answer,drive,walk,False,0.75,0.11,0.83,1.4846
count-rrr-plain,counting,1322,answer,3,3,True,1.0,1.0,1.0,0.0
length-8192-neutral-start-direct,length,1323,answer,drive,walk,False,0.97,0.01,0.99,1.9602
length-256-neutral-start-direct,length,1324,answer,drive,walk,False,0.96,0.02,0.98,1.9207999999999998
factor-state-direct-0-0,factorial,1325,answer,drive,walk,False,0.77,0.11,0.89,1.5842
count-error-algorithm,counting,1326,answer,3,1,False,0.47,0.03,0.52,1.405
batch-B,batching,1327,B,no,no,True,0.99,1.0,1.0,0.0
length-4096-neutral-end-checks,length,1328,bring,yes,yes,True,0.94,0.96,0.96,0.002400000000000003
length-4096-neutral-end-checks,length,1328,walk,no,no,True,0.22,0.48,0.48,0.4938
transfer-supplies-direct,transfer,1329,answer,walk,walk,True,1.0,1.0,1.0,0.0
transfer-oil-checks,transfer,1330,bring,yes,yes,True,0.93,0.96,0.96,0.002600000000000003
transfer-oil-checks,transfer,1330,walk,no,no,True,0.98,0.99,0.99,0.0002000000000000002
count-qrzrpr-algorithm,counting,1331,answer,3,3,True,0.43,0.48,0.48,0.42100000000000004
factor-state-direct-1-0,factorial,1332,answer,drive,walk,False,0.82,0.07,0.89,1.6585999999999999
transfer-inspection-direct,transfer,1333,answer,drive,walk,False,0.85,0.08,0.92,1.6928
count-r-spaced,counting,1334,answer,1,1,True,0.99,0.99,0.99,0.0002000000000000002
length-256-neutral-middle-checks,length,1335,bring,yes,yes,True,0.96,0.98,0.98,0.0006000000000000007
length-256-neutral-middle-checks,length,1335,walk,no,no,True,0.68,0.78,0.78,0.08239999999999999
rule-feasibility,options,1336,answer,drive,walk,False,0.98,0.01,0.99,1.9602
count-strawberries-plain,counting,1337,answer,3,2,False,0.4,0.36,0.46,0.6352
count-raspberry-algorithm,counting,1338,answer,3,2,False,0.63,0.23,0.67,1.05
transfer-wash-goal,transfer,1339,answer,drive,walk,False,0.71,0.14,0.86,1.4791999999999998
length-1024-walking-middle-direct,length,1340,answer,drive,walk,False,0.94,0.03,0.97,1.8818
factor-state-goal-1-1,factorial,1341,answer,drive,walk,False,0.47,0.28,0.65,0.9458
length-1024-walking-middle-checks,length,1342,bring,yes,yes,True,0.8,0.86,0.86,0.03660000000000001
length-1024-walking-middle-checks,length,1342,walk,no,no,True,0.7,0.8,0.8,0.06979999999999999
length-256-walking-end-direct,length,1343,answer,drive,walk,False,0.75,0.13,0.87,1.5138
count-straberry-algorithm,counting,1344,answer,3,2,False,0.38,0.43,0.45,0.5360000000000001
length-1024-walking-start-checks,length,1345,bring,yes,yes,True,0.86,0.91,0.91,0.016199999999999992
length-1024-walking-start-checks,length,1345,walk,no,no,True,0.51,0.67,0.67,0.18979999999999997
transfer-tires-goal,transfer,1346,answer,drive,walk,False,0.58,0.21,0.79,1.2482000000000002
count-RrR-algorithm,counting,1347,answer,3,3,True,0.99,1.0,1.0,0.0
transfer-wash-direct,transfer,1348,answer,drive,walk,False,0.4,0.3,0.7,0.9799999999999999
count-rrrrrr-algorithm,counting,1349,answer,6,6,True,0.78,0.81,0.81,0.05939999999999998
transfer-pickup-checks,transfer,1350,bring,no,no,True,0.99,0.99,0.99,0.0002000000000000002
transfer-pickup-checks,transfer,1350,walk,yes,yes,True,0.92,0.94,0.94,0.006200000000000007
longtransfer-wash-4096-start-direct,long_transfer,1351,answer,drive,walk,False,0.74,0.13,0.87,1.5138
count-RrR-algorithm,counting,1352,answer,3,3,True,0.99,1.0,1.0,0.0
factor-inline-goal-0-0,factorial,1353,answer,drive,drive,True,0.03,0.51,0.51,0.48019999999999996
longtransfer-supplies-512-start-checks,long_transfer,1354,bring,no,no,True,0.89,0.93,0.93,0.009799999999999993
longtransfer-supplies-512-start-checks,long_transfer,1354,walk,yes,yes,True,0.9,0.94,0.94,0.005600000000000007
longtransfer-wash-512-start-direct,long_transfer,1355,answer,drive,walk,False,0.83,0.09,0.91,1.6562000000000001
key-answer,question_key,1356,answer,drive,walk,False,0.88,0.06,0.94,1.7671999999999999
transfer-weigh-checks,transfer,1357,bring,yes,yes,True,0.93,0.96,0.96,0.003200000000000003
transfer-weigh-checks,transfer,1357,walk,no,no,True,0.98,0.99,0.99,0.0002000000000000002
length-1024-neutral-middle-checks,length,1358,bring,yes,yes,True,0.97,0.98,0.98,0.0006000000000000007
length-1024-neutral-middle-checks,length,1358,walk,no,no,True,0.63,0.75,0.75,0.1118
factor-inline-direct-1-1,factorial,1359,answer,drive,walk,False,0.83,0.03,0.89,1.7394
count-cherry-spaced,counting,1360,answer,2,2,True,0.65,0.68,0.68,0.17169999999999996
count-raspberry-spaced,counting,1361,answer,3,3,True,0.47,0.53,0.53,0.31679999999999997
count-abracadabra-spaced,counting,1362,answer,2,3,False,0.42,0.32,0.48,0.7163999999999999
count-banana-algorithm,counting,1363,answer,0,1,False,0.59,0.35,0.63,0.8198000000000001
longtransfer-wash-512-start-checks,long_transfer,1364,bring,yes,yes,True,0.99,1.0,1.0,0.0
longtransfer-wash-512-start-checks,long_transfer,1364,walk,no,no,True,0.94,0.96,0.96,0.002600000000000003
count-strawberry-algorithm,counting,1365,answer,3,2,False,0.46,0.4,0.51,0.6242
transfer-supplies-goal,transfer,1366,answer,walk,walk,True,1.0,1.0,1.0,0.0
batch-A-B-transport,batching,1367,A,yes,yes,True,0.98,0.98,0.98,0.0008000000000000008
batch-A-B-transport,batching,1367,B,no,no,True,0.99,1.0,1.0,0.0
batch-A-B-transport,batching,1367,transport,drive,walk,False,0.85,0.07,0.93,1.7298
longtransfer-inspection-4096-end-checks,long_transfer,1368,bring,yes,yes,True,0.99,1.0,1.0,0.0
longtransfer-inspection-4096-end-checks,long_transfer,1368,walk,no,no,True,0.47,0.65,0.65,0.2318
count-abracadabra-spaced,counting,1369,answer,2,3,False,0.44,0.32,0.5,0.7325999999999999
factor-inline-goal-1-1,factorial,1370,answer,drive,drive,True,0.44,0.63,0.63,0.2198
count-rrrrrr-plain,counting,1371,answer,6,6,True,0.62,0.65,0.65,0.208
length-1024-neutral-end-checks,length,1372,bring,yes,yes,True,0.96,0.98,0.98,0.0006000000000000007
length-1024-neutral-end-checks,length,1372,walk,no,no,True,0.63,0.75,0.75,0.10819999999999999
longtransfer-wash-4096-start-direct,long_transfer,1373,answer,drive,walk,False,0.8,0.1,0.9,1.62
factor-state-goal-0-0,factorial,1374,answer,drive,walk,False,0.49,0.25,0.75,1.125
transfer-mobile-direct,transfer,1375,answer,walk,walk,True,1.0,1.0,1.0,0.0
factor-state-direct-1-1,factorial,1376,answer,drive,walk,False,0.85,0.07,0.9,1.6758
key-answer,question_key,1377,answer,drive,walk,False,0.87,0.06,0.94,1.7671999999999999
transfer-wash-direct,transfer,1378,answer,drive,walk,False,0.42,0.29,0.71,1.0082
count-rrabr-spaced,counting,1379,answer,3,4,False,0.59,0.08,0.63,1.3164
count-error-plain,counting,1380,answer,3,1,False,0.55,0.02,0.59,1.4529999999999998
count-raspberry-plain,counting,1381,answer,3,2,False,0.67,0.19,0.71,1.1684
transfer-job-checks,transfer,1382,bring,no,no,True,1.0,1.0,1.0,0.0
transfer-job-checks,transfer,1382,walk,yes,yes,True,0.97,0.98,0.98,0.0006000000000000007
count-strawberry-plain,counting,1383,answer,3,2,False,0.47,0.4,0.53,0.6434
factor-state-direct-0-0,factorial,1384,answer,drive,walk,False,0.84,0.08,0.92,1.6928
count-raspberry-algorithm,counting,1385,answer,3,2,False,0.61,0.25,0.66,1.0046
factor-inline-direct-0-1,factorial,1386,answer,drive,walk,False,0.89,0.06,0.94,1.7671999999999999
transfer-inspection-direct,transfer,1387,answer,drive,walk,False,0.88,0.06,0.94,1.7671999999999999
count-qrzrpr-spaced,counting,1388,answer,3,5,False,0.45,0.04,0.5,1.3414
count-qrzrpr-algorithm,counting,1389,answer,3,4,False,0.45,0.35,0.5,0.685
key-answer,question_key,1390,answer,drive,walk,False,0.85,0.07,0.93,1.7298
count-error-spaced,counting,1391,answer,3,2,False,0.68,0.19,0.72,1.181
rule-feasibility,options,1392,answer,drive,walk,False,0.98,0.01,0.99,1.9602
length-4096-neutral-start-direct,length,1393,answer,drive,walk,False,0.94,0.03,0.97,1.8818
factor-inline-direct-1-0,factorial,1394,answer,drive,walk,False,0.75,0.08,0.84,1.5584
length-4096-walking-start-checks,length,1395,bring,yes,yes,True,0.86,0.91,0.91,0.016199999999999992
length-4096-walking-start-checks,length,1395,walk,no,no,True,0.43,0.63,0.63,0.2418
batch-A-B,batching,1396,A,yes,yes,True,0.98,0.99,0.99,0.0002000000000000002
batch-A-B,batching,1396,B,no,no,True,0.99,1.0,1.0,0.0
count-rrrrrr-plain,counting,1397,answer,6,6,True,0.56,0.6,0.6,0.2838
length-1024-walking-end-checks,length,1398,bring,yes,yes,True,0.92,0.94,0.94,0.006200000000000007
length-1024-walking-end-checks,length,1398,walk,no,no,True,0.68,0.79,0.79,0.07739999999999998
length-8192-walking-start-checks,length,1399,bring,yes,yes,True,0.86,0.91,0.91,0.016199999999999992
length-8192-walking-start-checks,length,1399,walk,no,no,True,0.6,0.74,0.74,0.12140000000000001
batch-transport,batching,1400,transport,drive,walk,False,0.76,0.12,0.88,1.5488
batch-B,batching,1401,B,no,no,True,0.99,1.0,1.0,0.0
length-8192-neutral-start-direct,length,1402,answer,drive,walk,False,0.96,0.02,0.98,1.9207999999999998
longtransfer-wash-512-start-direct,long_transfer,1403,answer,drive,walk,False,0.72,0.14,0.86,1.4791999999999998
key-answer,question_key,1404,answer,drive,walk,False,0.92,0.04,0.96,1.8432
longtransfer-wash-512-end-direct,long_transfer,1405,answer,drive,walk,False,0.94,0.03,0.97,1.8818
key-answer,question_key,1406,answer,drive,walk,False,0.91,0.04,0.96,1.8432
length-256-walking-end-direct,length,1407,answer,drive,walk,False,0.81,0.1,0.9,1.62
length-8192-walking-start-direct,length,1408,answer,drive,walk,False,0.69,0.16,0.84,1.4111999999999998
rule-feasibility,options,1409,answer,drive,walk,False,0.96,0.02,0.98,1.9207999999999998
factor-inline-goal-1-0,factorial,1410,answer,drive,drive,True,0.39,0.59,0.59,0.2942
factor-state-goal-0-1,factorial,1411,answer,drive,walk,False,0.34,0.33,0.67,0.8977999999999999
transfer-weigh-goal,transfer,1412,answer,drive,walk,False,0.09,0.45,0.55,0.6050000000000001
count-straberry-algorithm,counting,1413,answer,3,3,True,0.39,0.44,0.44,0.509
transfer-weigh-checks,transfer,1414,bring,yes,yes,True,0.95,0.97,0.97,0.0018000000000000017
transfer-weigh-checks,transfer,1414,walk,no,no,True,0.99,0.99,0.99,0.0002000000000000002
key-transport,question_key,1415,transport,drive,walk,False,0.87,0.06,0.94,1.7671999999999999
factor-state-direct-1-1,factorial,1416,answer,drive,walk,False,0.84,0.08,0.89,1.6394
length-256-neutral-start-checks,length,1417,bring,yes,yes,True,0.95,0.97,0.97,0.0014000000000000017
length-256-neutral-start-checks,length,1417,walk,no,no,True,0.61,0.74,0.74,0.1086
transfer-inspection-checks,transfer,1418,bring,yes,yes,True,0.95,0.97,0.97,0.0014000000000000017
transfer-inspection-checks,transfer,1418,walk,no,no,True,0.93,0.95,0.95,0.004200000000000004
count-qrzrpr-algorithm,counting,1419,answer,3,4,False,0.57,0.27,0.62,0.9238
factor-state-goal-1-0,factorial,1420,answer,drive,walk,False,0.76,0.14,0.84,1.4455999999999998
length-1024-walking-start-direct,length,1421,answer,drive,walk,False,0.92,0.04,0.96,1.8432
count-rrrrrr-algorithm,counting,1422,answer,6,6,True,0.67,0.71,0.71,0.13840000000000002
factor-inline-goal-1-0,factorial,1423,answer,drive,drive,True,0.4,0.6,0.6,0.2912
factor-state-direct-1-1,factorial,1424,answer,drive,walk,False,0.9,0.04,0.93,1.7869000000000002
factor-state-direct-0-1,factorial,1425,answer,drive,walk,False,0.9,0.05,0.95,1.805
count-error-plain,counting,1426,answer,3,1,False,0.56,0.02,0.6,1.4573999999999998
transfer-trade-checks,transfer,1427,bring,yes,no,False,0.53,0.3,0.6900000000000001,0.9662000000000001
transfer-trade-checks,transfer,1427,walk,no,no,True,0.86,0.9,0.9,0.018199999999999994
transfer-inspection-goal,transfer,1428,answer,drive,walk,False,0.86,0.07,0.93,1.7298
factor-inline-goal-1-1,factorial,1429,answer,drive,drive,True,0.36,0.57,0.57,0.29540000000000005
transfer-mobile-checks,transfer,1430,bring,no,no,True,0.99,1.0,1.0,0.0
transfer-mobile-checks,transfer,1430,walk,yes,yes,True,0.9,0.93,0.93,0.008599999999999993
batch-A-B,batching,1431,A,yes,yes,True,0.97,0.98,0.98,0.0008000000000000008
batch-A-B,batching,1431,B,no,no,True,1.0,1.0,1.0,0.0
batch-A-B-transport,batching,1432,A,yes,yes,True,0.97,0.98,0.98,0.0008000000000000008
batch-A-B-transport,batching,1432,B,no,no,True,0.99,1.0,1.0,0.0
batch-A-B-transport,batching,1432,transport,drive,walk,False,0.81,0.1,0.9,1.62
transfer-pickup-checks,transfer,1433,bring,no,no,True,0.99,0.99,0.99,0.0002000000000000002
transfer-pickup-checks,transfer,1433,walk,yes,yes,True,0.89,0.93,0.93,0.008599999999999993
key-transport,question_key,1434,transport,drive,walk,False,0.85,0.08,0.92,1.6928
count-abracadabra-algorithm,counting,1435,answer,2,2,True,0.57,0.62,0.62,0.217
transfer-inspection-goal,transfer,1436,answer,drive,walk,False,0.79,0.11,0.89,1.5842
factor-state-goal-1-1,factorial,1437,answer,drive,walk,False,0.46,0.3,0.64,0.9032
batch-A,batching,1438,A,yes,yes,True,0.97,0.98,0.98,0.0008000000000000008
length-256-neutral-start-direct,length,1439,answer,drive,walk,False,0.9,0.05,0.95,1.805
transfer-pickup-goal,transfer,1440,answer,walk,walk,True,1.0,1.0,1.0,0.0
transfer-wash-checks,transfer,1441,bring,yes,yes,True,0.97,0.98,0.98,0.0008000000000000008
transfer-wash-checks,transfer,1441,walk,no,no,True,0.98,0.99,0.99,0.0002000000000000002
length-8192-neutral-end-checks,length,1442,bring,yes,yes,True,0.94,0.96,0.96,0.002400000000000003
length-8192-neutral-end-checks,length,1442,walk,no,no,True,0.28,0.52,0.52,0.4034
factor-inline-goal-0-0,factorial,1443,answer,drive,drive,True,0.03,0.52,0.52,0.4608
factor-inline-goal-0-0,factorial,1444,answer,drive,walk,False,0.01,0.5,0.5,0.5
longtransfer-inspection-512-start-direct,long_transfer,1445,answer,drive,walk,False,0.9,0.05,0.95,1.805
length-256-walking-end-checks,length,1446,bring,yes,yes,True,0.92,0.95,0.95,0.004200000000000004
length-256-walking-end-checks,length,1446,walk,no,no,True,0.6,0.73,0.73,0.1274
length-8192-neutral-end-checks,length,1447,bring,yes,yes,True,0.98,0.98,0.98,0.0006000000000000007
length-8192-neutral-end-checks,length,1447,walk,no,no,True,0.43,0.62,0.62,0.2558
transfer-supplies-checks,transfer,1448,bring,no,no,True,0.99,0.99,0.99,0.0002000000000000002
transfer-supplies-checks,transfer,1448,walk,yes,yes,True,0.99,1.0,1.0,0.0
factor-inline-direct-0-0,factorial,1449,answer,drive,walk,False,0.75,0.13,0.87,1.5138
transfer-job-goal,transfer,1450,answer,walk,walk,True,1.0,1.0,1.0,0.0
factor-state-goal-0-0,factorial,1451,answer,drive,walk,False,0.5,0.25,0.75,1.125
longtransfer-inspection-512-end-checks,long_transfer,1452,bring,yes,yes,True,0.99,1.0,1.0,0.0
longtransfer-inspection-512-end-checks,long_transfer,1452,walk,no,no,True,0.58,0.72,0.72,0.14640000000000003
factor-state-direct-0-1,factorial,1453,answer,drive,walk,False,0.91,0.04,0.96,1.8432
length-256-walking-start-direct,length,1454,answer,drive,walk,False,0.9,0.05,0.95,1.805
rule-feasibility,options,1455,answer,drive,walk,False,0.98,0.01,0.99,1.9602
transfer-receipt-goal,transfer,1456,answer,walk,walk,True,1.0,1.0,1.0,0.0
factor-state-goal-1-0,factorial,1457,answer,drive,walk,False,0.56,0.25,0.71,1.0682
count-blueberry-spaced,counting,1458,answer,2,1,False,0.76,0.21,0.79,1.2482000000000002
transfer-trade-goal,transfer,1459,answer,drive,walk,False,0.91,0.05,0.95,1.805
transfer-mobile-checks,transfer,1460,bring,no,no,True,0.99,0.99,0.99,0.0002000000000000002
transfer-mobile-checks,transfer,1460,walk,yes,yes,True,0.93,0.96,0.96,0.003200000000000003
transfer-tires-checks,transfer,1461,bring,yes,yes,True,0.92,0.95,0.95,0.004200000000000004
transfer-tires-checks,transfer,1461,walk,no,no,True,0.96,0.97,0.97,0.0014000000000000017
length-8192-walking-start-checks,length,1462,bring,yes,yes,True,0.87,0.92,0.92,0.012799999999999994
length-8192-walking-start-checks,length,1462,walk,no,no,True,0.59,0.73,0.73,0.1274
factor-state-direct-0-1,factorial,1463,answer,drive,walk,False,0.9,0.05,0.95,1.805
transfer-receipt-checks,transfer,1464,bring,no,no,True,1.0,1.0,1.0,0.0
transfer-receipt-checks,transfer,1464,walk,yes,yes,True,0.98,0.99,0.99,0.0002000000000000002
count-abracadabra-plain,counting,1465,answer,2,2,True,0.6,0.65,0.65,0.18339999999999998
length-4096-walking-start-direct,length,1466,answer,drive,walk,False,0.94,0.03,0.97,1.8818
length-8192-neutral-middle-checks,length,1467,bring,yes,yes,True,0.98,0.99,0.99,0.0002000000000000002
length-8192-neutral-middle-checks,length,1467,walk,no,no,True,0.54,0.69,0.69,0.17540000000000006
factor-inline-direct-1-1,factorial,1468,answer,drive,walk,False,0.91,0.02,0.94,1.8456
transfer-oil-checks,transfer,1469,bring,yes,yes,True,0.92,0.95,0.95,0.004200000000000004
transfer-oil-checks,transfer,1469,walk,no,no,True,0.98,0.99,0.99,0.0002000000000000002
length-1024-neutral-end-direct,length,1470,answer,drive,walk,False,0.97,0.01,0.99,1.9602
count-banana-plain,counting,1471,answer,0,1,False,0.57,0.37,0.62,0.7814000000000001
longtransfer-supplies-512-start-checks,long_transfer,1472,bring,no,no,True,0.95,0.97,0.97,0.0018000000000000017
longtransfer-supplies-512-start-checks,long_transfer,1472,walk,yes,yes,True,0.95,0.97,0.97,0.0014000000000000017
count-strawberries-spaced,counting,1473,answer,3,4,False,0.28,0.14,0.33,0.9208
length-256-neutral-start-checks,length,1474,bring,yes,yes,True,0.95,0.97,0.97,0.0014000000000000017
length-256-neutral-start-checks,length,1474,walk,no,no,True,0.49,0.66,0.66,0.1934
batch-B,batching,1475,B,no,no,True,1.0,1.0,1.0,0.0
factor-inline-goal-0-1,factorial,1476,answer,drive,drive,True,0.23,0.61,0.61,0.3042
count-strawberries-spaced,counting,1477,answer,3,4,False,0.3,0.14,0.36,0.9323999999999999
batch-A,batching,1478,A,yes,yes,True,0.97,0.98,0.98,0.0008000000000000008
length-4096-neutral-middle-direct,length,1479,answer,drive,walk,False,0.99,0.01,0.99,1.9602
length-8192-neutral-middle-checks,length,1480,bring,yes,yes,True,0.98,0.99,0.99,0.0002000000000000002
length-8192-neutral-middle-checks,length,1480,walk,no,no,True,0.49,0.67,0.67,0.19979999999999998
transfer-weigh-goal,transfer,1481,answer,drive,walk,False,0.43,0.29,0.71,1.0082
length-4096-neutral-start-checks,length,1482,bring,yes,yes,True,0.98,0.98,0.98,0.0006000000000000007
length-4096-neutral-start-checks,length,1482,walk,no,no,True,0.73,0.82,0.82,0.05180000000000002
count-abracadabra-plain,counting,1483,answer,2,2,True,0.68,0.71,0.71,0.12360000000000003
length-256-neutral-middle-checks,length,1484,bring,yes,yes,True,0.94,0.96,0.96,0.002600000000000003
length-256-neutral-middle-checks,length,1484,walk,no,no,True,0.7,0.81,0.81,0.06259999999999998
options-described,options,1485,answer,drive,drive,True,0.39,0.69,0.69,0.19220000000000004
length-1024-walking-end-checks,length,1486,bring,yes,yes,True,0.92,0.94,0.94,0.006200000000000007
length-1024-walking-end-checks,length,1486,walk,no,no,True,0.6,0.73,0.73,0.1274
transfer-pickup-direct,transfer,1487,answer,walk,walk,True,0.97,0.99,0.99,0.0002000000000000002
longtransfer-inspection-512-end-direct,long_transfer,1488,answer,drive,walk,False,1.0,0.0,1.0,2.0
batch-A,batching,1489,A,yes,yes,True,0.96,0.97,0.97,0.0018000000000000017
transfer-job-direct,transfer,1490,answer,walk,walk,True,1.0,1.0,1.0,0.0
batch-B,batching,1491,B,no,no,True,0.99,1.0,1.0,0.0
length-256-walking-start-checks,length,1492,bring,yes,yes,True,0.9,0.9400000000000001,0.9400000000000001,0.007199999999999993
length-256-walking-start-checks,length,1492,walk,no,no,True,0.43,0.62,0.62,0.2558
factor-inline-goal-1-1,factorial,1493,answer,drive,drive,True,0.27,0.51,0.51,0.41459999999999997
count-straberry-plain,counting,1494,answer,3,3,True,0.43,0.49,0.49,0.415
count-r-algorithm,counting,1495,answer,1,1,True,0.98,0.99,0.99,0.0002000000000000002
length-256-neutral-middle-checks,length,1496,bring,yes,yes,True,0.95,0.97,0.97,0.0014000000000000017
length-256-neutral-middle-checks,length,1496,walk,no,no,True,0.65,0.77,0.77,0.0938
transfer-inspection-direct,transfer,1497,answer,drive,walk,False,0.84,0.08,0.92,1.6928
transfer-inspection-goal,transfer,1498,answer,drive,walk,False,0.91,0.04,0.96,1.8432
factor-state-goal-1-0,factorial,1499,answer,drive,walk,False,0.61,0.23,0.74,1.1414
factor-inline-direct-0-1,factorial,1500,answer,drive,walk,False,0.85,0.08,0.92,1.6928
transfer-tires-direct,transfer,1501,answer,drive,walk,False,0.2,0.4,0.6,0.72
transfer-weigh-goal,transfer,1502,answer,drive,walk,False,0.14,0.43,0.57,0.6498
transfer-pickup-direct,transfer,1503,answer,walk,walk,True,0.97,0.98,0.98,0.0008000000000000008
length-256-neutral-start-direct,length,1504,answer,drive,walk,False,0.94,0.03,0.97,1.8818
count-error-plain,counting,1505,answer,3,1,False,0.56,0.02,0.61,1.4622
factor-inline-direct-0-1,factorial,1506,answer,drive,walk,False,0.82,0.09,0.91,1.6562000000000001
length-1024-walking-end-direct,length,1507,answer,drive,walk,False,0.84,0.08,0.92,1.6928
transfer-supplies-checks,transfer,1508,bring,no,no,True,0.99,1.0,1.0,0.0
transfer-supplies-checks,transfer,1508,walk,yes,yes,True,1.0,1.0,1.0,0.0
transfer-tires-checks,transfer,1509,bring,yes,yes,True,0.93,0.96,0.96,0.002600000000000003
transfer-tires-checks,transfer,1509,walk,no,no,True,0.96,0.97,0.97,0.0014000000000000017
factor-inline-goal-1-0,factorial,1510,answer,drive,drive,True,0.43,0.62,0.62,0.2504
longtransfer-inspection-512-start-direct,long_transfer,1511,answer,drive,walk,False,0.91,0.05,0.95,1.805
count-cherry-spaced,counting,1512,answer,2,2,True,0.7,0.73,0.73,0.1268
rule-feasibility,options,1513,answer,drive,walk,False,0.98,0.01,0.99,1.9602
factor-state-goal-0-1,factorial,1514,answer,drive,walk,False,0.24,0.38,0.62,0.7688
count-qrzrpr-plain,counting,1515,answer,3,4,False,0.38,0.39,0.44,0.5826
transfer-refund-goal,transfer,1516,answer,walk,walk,True,1.0,1.0,1.0,0.0
length-256-neutral-end-checks,length,1517,bring,yes,yes,True,0.97,0.98,0.98,0.0006000000000000007
length-256-neutral-end-checks,length,1517,walk,no,no,True,0.65,0.76,0.76,0.0962
transfer-oil-direct,transfer,1518,answer,drive,walk,False,0.17,0.42,0.58,0.6728000000000001
transfer-inspection-checks,transfer,1519,bring,yes,yes,True,0.96,0.97,0.97,0.0014000000000000017
transfer-inspection-checks,transfer,1519,walk,no,no,True,0.97,0.99,0.99,0.0002000000000000002
count-rrrrrr-algorithm,counting,1520,answer,6,4,False,0.48,0.4,0.53,0.6428
count-RrR-algorithm,counting,1521,answer,3,3,True,0.99,1.0,1.0,0.0
transfer-receipt-checks,transfer,1522,bring,no,no,True,1.0,1.0,1.0,0.0
transfer-receipt-checks,transfer,1522,walk,yes,yes,True,0.98,0.99,0.99,0.0002000000000000002
count-qrzrpr-plain,counting,1523,answer,3,3,True,0.4,0.46,0.46,0.459
longtransfer-inspection-4096-start-checks,long_transfer,1524,bring,yes,yes,True,0.99,1.0,1.0,0.0
longtransfer-inspection-4096-start-checks,long_transfer,1524,walk,no,no,True,0.94,0.96,0.96,0.002600000000000003
length-256-walking-middle-direct,length,1525,answer,drive,walk,False,0.86,0.07,0.93,1.7298
count-cherry-algorithm,counting,1526,answer,2,2,True,0.8,0.82,0.82,0.04860000000000002
length-1024-walking-start-checks,length,1527,bring,yes,yes,True,0.81,0.87,0.87,0.031400000000000004
length-1024-walking-start-checks,length,1527,walk,no,no,True,0.57,0.72,0.72,0.1376
length-1024-neutral-end-checks,length,1528,bring,yes,yes,True,0.98,0.98,0.98,0.0006000000000000007
length-1024-neutral-end-checks,length,1528,walk,no,no,True,0.62,0.74,0.74,0.10640000000000001
factor-inline-goal-1-0,factorial,1529,answer,drive,drive,True,0.34,0.56,0.56,0.34159999999999996
factor-state-goal-1-1,factorial,1530,answer,drive,walk,False,0.51,0.27,0.67,0.9854
count-strawberries-plain,counting,1531,answer,3,2,False,0.45,0.34,0.51,0.7055999999999999
transfer-weigh-checks,transfer,1532,bring,yes,yes,True,0.93,0.96,0.96,0.003200000000000003
transfer-weigh-checks,transfer,1532,walk,no,no,True,0.98,0.99,0.99,0.0002000000000000002
rule-feasibility,options,1533,answer,drive,walk,False,0.96,0.02,0.98,1.9207999999999998
transfer-oil-goal,transfer,1534,answer,drive,walk,False,0.45,0.27,0.73,1.0657999999999999
transfer-oil-goal,transfer,1535,answer,drive,walk,False,0.45,0.27,0.73,1.0657999999999999
length-256-neutral-middle-direct,length,1536,answer,drive,walk,False,0.99,0.0,1.0,2.0
count-raspberry-spaced,counting,1537,answer,3,3,True,0.49,0.55,0.55,0.29
length-256-neutral-start-checks,length,1538,bring,yes,yes,True,0.96,0.98,0.98,0.0006000000000000007
length-256-neutral-start-checks,length,1538,walk,no,no,True,0.61,0.73,0.73,0.11780000000000002
count-strawberries-spaced,counting,1539,answer,3,4,False,0.35,0.2,0.39999999999999997,0.8504000000000002
count-RrR-plain,counting,1540,answer,3,3,True,0.98,0.99,0.99,0.0002000000000000002
batch-A-B,batching,1541,A,yes,yes,True,0.98,0.99,0.99,0.0002000000000000002
batch-A-B,batching,1541,B,no,no,True,1.0,1.0,1.0,0.0
count-banana-algorithm,counting,1542,answer,0,1,False,0.58,0.36,0.62,0.7944
factor-state-direct-0-1,factorial,1543,answer,drive,walk,False,0.91,0.04,0.96,1.8432
count-river-plain,counting,1544,answer,2,2,True,0.7,0.73,0.73,0.1406
factor-state-goal-1-1,factorial,1545,answer,drive,walk,False,0.46,0.31,0.64,0.8881999999999999
factor-state-direct-0-0,factorial,1546,answer,drive,walk,False,0.91,0.04,0.96,1.8432
transfer-supplies-checks,transfer,1547,bring,no,no,True,0.99,0.99,0.99,0.0002000000000000002
transfer-supplies-checks,transfer,1547,walk,yes,yes,True,1.0,1.0,1.0,0.0
count-error-spaced,counting,1548,answer,3,2,False,0.72,0.14,0.76,1.3254
factor-inline-direct-0-1,factorial,1549,answer,drive,walk,False,0.83,0.09,0.91,1.6562000000000001
count-strawberry-plain,counting,1550,answer,3,2,False,0.46,0.42,0.52,0.6086000000000001
length-1024-neutral-start-checks,length,1551,bring,yes,yes,True,0.96,0.97,0.97,0.0014000000000000017
length-1024-neutral-start-checks,length,1551,walk,no,no,True,0.74,0.82,0.82,0.05180000000000002
factor-inline-goal-0-1,factorial,1552,answer,drive,walk,False,0.22,0.39,0.61,0.7442
transfer-inspection-goal,transfer,1553,answer,drive,walk,False,0.84,0.08,0.92,1.6928
count-straberry-spaced,counting,1554,answer,3,3,True,0.4,0.46,0.46,0.41380000000000006
transfer-oil-goal,transfer,1555,answer,drive,walk,False,0.58,0.21,0.79,1.2482000000000002
count-rrr-plain,counting,1556,answer,3,3,True,1.0,1.0,1.0,0.0
batch-transport,batching,1557,transport,drive,walk,False,0.76,0.12,0.88,1.5488
factor-state-goal-1-1,factorial,1558,answer,drive,walk,False,0.56,0.23,0.71,1.1006
batch-transport,batching,1559,transport,drive,walk,False,0.84,0.08,0.92,1.6928
longtransfer-pickup-512-start-checks,long_transfer,1560,bring,no,no,True,0.98,0.99,0.99,0.0002000000000000002
longtransfer-pickup-512-start-checks,long_transfer,1560,walk,yes,yes,True,0.89,0.93,0.93,0.008599999999999993
count-rrrrrr-plain,counting,1561,answer,6,6,True,0.53,0.58,0.58,0.3074
batch-A-B-transport,batching,1562,A,yes,yes,True,0.97,0.98,0.98,0.0008000000000000008
batch-A-B-transport,batching,1562,B,no,no,True,1.0,1.0,1.0,0.0
batch-A-B-transport,batching,1562,transport,drive,walk,False,0.79,0.11,0.89,1.5842
count-cherry-plain,counting,1563,answer,2,2,True,0.81,0.84,0.84,0.03840000000000001
transfer-mobile-direct,transfer,1564,answer,walk,walk,True,1.0,1.0,1.0,0.0
rule-feasibility,options,1565,answer,drive,walk,False,0.97,0.02,0.98,1.9207999999999998
key-transport,question_key,1566,transport,drive,walk,False,0.84,0.08,0.92,1.6928
longtransfer-pickup-4096-start-direct,long_transfer,1567,answer,walk,walk,True,0.87,0.94,0.94,0.007200000000000007
length-8192-walking-end-checks,length,1568,bring,yes,yes,True,0.89,0.93,0.93,0.008599999999999993
length-8192-walking-end-checks,length,1568,walk,no,no,True,0.73,0.83,0.83,0.04940000000000001
transfer-tires-goal,transfer,1569,answer,drive,walk,False,0.62,0.19,0.81,1.3122000000000003
batch-transport,batching,1570,transport,drive,walk,False,0.84,0.08,0.92,1.6928
longtransfer-pickup-512-end-checks,long_transfer,1571,bring,no,no,True,0.99,0.99,0.99,0.0002000000000000002
longtransfer-pickup-512-end-checks,long_transfer,1571,walk,yes,yes,True,0.82,0.87,0.87,0.027800000000000005
transfer-pickup-checks,transfer,1572,bring,no,no,True,0.99,0.99,0.99,0.0002000000000000002
transfer-pickup-checks,transfer,1572,walk,yes,yes,True,0.88,0.92,0.92,0.010399999999999993
count-RrR-spaced,counting,1573,answer,3,3,True,0.92,0.93,0.93,0.0063999999999999925
batch-B,batching,1574,B,no,no,True,1.0,1.0,1.0,0.0
factor-state-direct-0-0,factorial,1575,answer,drive,walk,False,0.85,0.07,0.93,1.7298
longtransfer-wash-4096-start-checks,long_transfer,1576,bring,yes,yes,True,0.99,0.99,0.99,0.0002000000000000002
longtransfer-wash-4096-start-checks,long_transfer,1576,walk,no,no,True,0.92,0.95,0.95,0.004200000000000004
count-rrr-spaced,counting,1577,answer,3,3,True,0.99,1.0,1.0,0.0
length-8192-walking-start-direct,length,1578,answer,drive,walk,False,0.83,0.09,0.91,1.6562000000000001
length-1024-walking-middle-direct,length,1579,answer,drive,walk,False,0.95,0.02,0.98,1.9207999999999998
count-strawberry-algorithm,counting,1580,answer,3,2,False,0.43,0.42,0.5,0.5896000000000001
batch-A-B,batching,1581,A,yes,yes,True,0.97,0.98,0.98,0.0008000000000000008
batch-A-B,batching,1581,B,no,no,True,0.99,1.0,1.0,0.0
length-4096-walking-end-direct,length,1582,answer,drive,walk,False,0.92,0.04,0.96,1.8432
transfer-wash-direct,transfer,1583,answer,drive,walk,False,0.54,0.23,0.77,1.1858
transfer-supplies-checks,transfer,1584,bring,no,no,True,0.99,1.0,1.0,0.0
transfer-supplies-checks,transfer,1584,walk,yes,yes,True,1.0,1.0,1.0,0.0
key-answer,question_key,1585,answer,drive,walk,False,0.92,0.04,0.96,1.8432
factor-state-goal-0-1,factorial,1586,answer,drive,walk,False,0.27,0.37,0.63,0.7938000000000001
factor-state-goal-0-1,factorial,1587,answer,drive,walk,False,0.15,0.43,0.57,0.6498
transfer-trade-checks,transfer,1588,bring,yes,no,False,0.45,0.35,0.63,0.8198000000000001
transfer-trade-checks,transfer,1588,walk,no,no,True,0.87,0.91,0.91,0.014599999999999995
factor-inline-goal-0-0,factorial,1589,answer,drive,drive,True,0.36,0.68,0.68,0.20479999999999998
transfer-weigh-direct,transfer,1590,answer,drive,walk,False,0.47,0.27,0.73,1.0657999999999999
length-4096-neutral-middle-direct,length,1591,answer,drive,walk,False,0.98,0.01,0.99,1.9602
length-1024-neutral-start-checks,length,1592,bring,yes,yes,True,0.96,0.97,0.97,0.0014000000000000017
length-1024-neutral-start-checks,length,1592,walk,no,no,True,0.64,0.76,0.76,0.09920000000000001
count-abracadabra-algorithm,counting,1593,answer,2,2,True,0.58,0.63,0.63,0.2068
batch-A-B-transport,batching,1594,A,yes,yes,True,0.97,0.98,0.98,0.0008000000000000008
batch-A-B-transport,batching,1594,B,no,no,True,1.0,1.0,1.0,0.0
batch-A-B-transport,batching,1594,transport,drive,walk,False,0.82,0.09,0.91,1.6562000000000001
transfer-receipt-goal,transfer,1595,answer,walk,walk,True,1.0,1.0,1.0,0.0
transfer-job-checks,transfer,1596,bring,no,no,True,1.0,1.0,1.0,0.0
transfer-job-checks,transfer,1596,walk,yes,yes,True,0.98,0.99,0.99,0.0002000000000000002
factor-inline-direct-1-1,factorial,1597,answer,drive,walk,False,0.91,0.01,0.94,1.8661999999999999
length-256-neutral-end-direct,length,1598,answer,drive,walk,False,0.96,0.02,0.98,1.9207999999999998
longtransfer-supplies-4096-start-checks,long_transfer,1599,bring,no,no,True,0.91,0.94,0.94,0.007200000000000007
longtransfer-supplies-4096-start-checks,long_transfer,1599,walk,yes,yes,True,0.97,0.99,0.99,0.0002000000000000002
factor-inline-goal-1-1,factorial,1600,answer,drive,drive,True,0.22,0.48,0.48,0.4344
factor-inline-goal-1-1,factorial,1601,answer,drive,drive,True,0.37,0.58,0.58,0.29840000000000005
length-8192-walking-end-checks,length,1602,bring,yes,yes,True,0.92,0.94,0.94,0.006200000000000007
length-8192-walking-end-checks,length,1602,walk,no,no,True,0.68,0.79,0.79,0.07459999999999999
batch-B,batching,1603,B,no,no,True,1.0,1.0,1.0,0.0
transfer-pickup-goal,transfer,1604,answer,walk,walk,True,1.0,1.0,1.0,0.0
count-rrrrrr-algorithm,counting,1605,answer,6,6,True,0.57,0.62,0.62,0.2546
factor-inline-direct-1-0,factorial,1606,answer,drive,walk,False,0.77,0.08,0.85,1.5737999999999999
count-r-spaced,counting,1607,answer,1,1,True,0.99,0.99,0.99,0.0002000000000000002
length-256-neutral-start-checks,length,1608,bring,yes,yes,True,0.96,0.98,0.98,0.0006000000000000007
length-256-neutral-start-checks,length,1608,walk,no,no,True,0.71,0.81,0.81,0.056599999999999984
length-1024-neutral-start-checks,length,1609,bring,yes,yes,True,0.96,0.97,0.97,0.0014000000000000017
length-1024-neutral-start-checks,length,1609,walk,no,no,True,0.72,0.81,0.81,0.060199999999999976
length-256-neutral-end-checks,length,1610,bring,yes,yes,True,0.97,0.98,0.98,0.0006000000000000007
length-256-neutral-end-checks,length,1610,walk,no,no,True,0.57,0.72,0.72,0.1376
transfer-trade-checks,transfer,1611,bring,yes,no,False,0.59,0.26,0.73,1.0806
transfer-trade-checks,transfer,1611,walk,no,no,True,0.87,0.91,0.91,0.014599999999999995
count-banana-plain,counting,1612,answer,0,1,False,0.74,0.22,0.76,1.1864000000000001
count-strawberry-plain,counting,1613,answer,3,2,False,0.44,0.43,0.51,0.5868000000000001
length-256-neutral-end-checks,length,1614,bring,yes,yes,True,0.97,0.98,0.98,0.0006000000000000007
length-256-neutral-end-checks,length,1614,walk,no,no,True,0.53,0.6799999999999999,0.6799999999999999,0.17360000000000006
length-8192-neutral-start-direct,length,1615,answer,drive,walk,False,0.96,0.02,0.98,1.9207999999999998
length-4096-walking-middle-checks,length,1616,bring,yes,yes,True,0.85,0.91,0.91,0.016199999999999992
length-4096-walking-middle-checks,length,1616,walk,no,no,True,0.62,0.74,0.74,0.11760000000000001
count-strawberry-spaced,counting,1617,answer,3,3,True,0.37,0.43,0.43,0.4726000000000001
count-banana-algorithm,counting,1618,answer,0,1,False,0.61,0.32,0.65,0.8857999999999999
length-8192-walking-end-direct,length,1619,answer,drive,walk,False,0.96,0.02,0.98,1.9207999999999998
transfer-oil-goal,transfer,1620,answer,drive,walk,False,0.61,0.19,0.81,1.3122000000000003
count-rrr-spaced,counting,1621,answer,3,3,True,0.99,1.0,1.0,0.0
factor-state-goal-0-1,factorial,1622,answer,drive,walk,False,0.23,0.39,0.61,0.7442
count-rrabr-plain,counting,1623,answer,3,3,True,0.53,0.58,0.58,0.3078
count-river-algorithm,counting,1624,answer,2,2,True,0.66,0.7,0.7,0.17420000000000002
longtransfer-pickup-512-end-checks,long_transfer,1625,bring,no,no,True,0.99,0.99,0.99,0.0002000000000000002
longtransfer-pickup-512-end-checks,long_transfer,1625,walk,yes,yes,True,0.87,0.92,0.92,0.011399999999999993
batch-transport,batching,1626,transport,drive,walk,False,0.84,0.08,0.92,1.6928
count-banana-plain,counting,1627,answer,0,1,False,0.76,0.2,0.79,1.2642000000000002
count-r-spaced,counting,1628,answer,1,1,True,0.99,1.0,1.0,0.0
factor-inline-direct-0-1,factorial,1629,answer,drive,walk,False,0.89,0.06,0.94,1.7671999999999999
batch-A-B,batching,1630,A,yes,yes,True,0.97,0.98,0.98,0.0008000000000000008
batch-A-B,batching,1630,B,no,no,True,0.99,1.0,1.0,0.0
length-256-walking-middle-direct,length,1631,answer,drive,walk,False,0.8,0.1,0.9,1.62
factor-inline-goal-1-0,factorial,1632,answer,drive,drive,True,0.27,0.51,0.51,0.4286
factor-inline-direct-0-1,factorial,1633,answer,drive,walk,False,0.88,0.06,0.94,1.7671999999999999
transfer-tires-checks,transfer,1634,bring,yes,yes,True,0.95,0.96,0.96,0.002600000000000003
transfer-tires-checks,transfer,1634,walk,no,no,True,0.96,0.97,0.97,0.0014000000000000017
factor-state-direct-0-1,factorial,1635,answer,drive,walk,False,0.9,0.05,0.95,1.805
longtransfer-pickup-4096-start-direct,long_transfer,1636,answer,walk,walk,True,0.9,0.95,0.95,0.0050000000000000044
length-256-neutral-start-direct,length,1637,answer,drive,walk,False,0.93,0.04,0.96,1.8432
count-rrabr-plain,counting,1638,answer,3,3,True,0.57,0.62,0.62,0.2546
transfer-wash-direct,transfer,1639,answer,drive,walk,False,0.36,0.32,0.68,0.9248000000000001
length-1024-walking-start-direct,length,1640,answer,drive,walk,False,0.92,0.04,0.96,1.8432
factor-state-direct-1-0,factorial,1641,answer,drive,walk,False,0.8,0.09,0.87,1.5866
count-raspberry-plain,counting,1642,answer,3,2,False,0.7,0.16,0.73,1.2486
length-256-walking-start-checks,length,1643,bring,yes,yes,True,0.87,0.91,0.91,0.014599999999999995
length-256-walking-start-checks,length,1643,walk,no,no,True,0.5,0.66,0.66,0.20219999999999996
count-cherry-plain,counting,1644,answer,2,2,True,0.81,0.84,0.84,0.03860000000000001
length-1024-neutral-middle-direct,length,1645,answer,drive,walk,False,0.98,0.01,0.99,1.9602
factor-state-goal-0-0,factorial,1646,answer,drive,walk,False,0.56,0.22,0.78,1.2168
transfer-inspection-direct,transfer,1647,answer,drive,walk,False,0.87,0.07,0.93,1.7298
factor-state-goal-1-0,factorial,1648,answer,drive,walk,False,0.7,0.17,0.8,1.3293000000000001
count-cherry-plain,counting,1649,answer,2,2,True,0.82,0.84,0.84,0.03860000000000001
factor-inline-direct-0-1,factorial,1650,answer,drive,walk,False,0.87,0.07,0.93,1.7298
length-0-neutral-start-direct,length,1651,answer,drive,walk,False,0.91,0.05,0.95,1.805
count-abracadabra-algorithm,counting,1652,answer,2,2,True,0.54,0.59,0.59,0.25560000000000005
options-described,options,1653,answer,drive,drive,True,0.44,0.72,0.72,0.15680000000000002
length-8192-neutral-middle-direct,length,1654,answer,drive,walk,False,0.95,0.03,0.97,1.8818
count-rrr-algorithm,counting,1655,answer,3,3,True,1.0,1.0,1.0,0.0
factor-state-goal-1-1,factorial,1656,answer,drive,walk,False,0.59,0.23,0.73,1.1274
count-rrabr-plain,counting,1657,answer,3,3,True,0.58,0.63,0.63,0.235
count-blueberry-plain,counting,1658,answer,2,1,False,0.87,0.04,0.88,1.7024
transfer-refund-direct,transfer,1659,answer,walk,walk,True,1.0,1.0,1.0,0.0
batch-A-B-transport,batching,1660,A,yes,yes,True,0.98,0.99,0.99,0.0002000000000000002
batch-A-B-transport,batching,1660,B,no,no,True,1.0,1.0,1.0,0.0
batch-A-B-transport,batching,1660,transport,drive,walk,False,0.83,0.08,0.92,1.6928
count-raspberry-algorithm,counting,1661,answer,3,2,False,0.67,0.2,0.71,1.1506
transfer-refund-direct,transfer,1662,answer,walk,walk,True,1.0,1.0,1.0,0.0
count-r-plain,counting,1663,answer,1,1,True,0.99,0.99,0.99,0.0002000000000000002
count-RrR-algorithm,counting,1664,answer,3,3,True,0.99,1.0,1.0,0.0
batch-A-B,batching,1665,A,yes,yes,True,0.96,0.97,0.97,0.0018000000000000017
batch-A-B,batching,1665,B,no,no,True,1.0,1.0,1.0,0.0
count-rrabr-spaced,counting,1666,answer,3,4,False,0.64,0.11,0.67,1.2812000000000001
length-4096-neutral-end-checks,length,1667,bring,yes,yes,True,0.95,0.97,0.97,0.0014000000000000017
length-4096-neutral-end-checks,length,1667,walk,no,no,True,0.48,0.66,0.66,0.1934
count-rrabr-algorithm,counting,1668,answer,3,3,True,0.64,0.68,0.68,0.16399999999999995
factor-inline-direct-1-0,factorial,1669,answer,drive,walk,False,0.82,0.07,0.88,1.6418
batch-transport,batching,1670,transport,drive,walk,False,0.8,0.1,0.9,1.62
transfer-pickup-direct,transfer,1671,answer,walk,walk,True,0.96,0.98,0.98,0.0008000000000000008
factor-inline-direct-1-1,factorial,1672,answer,drive,walk,False,0.9,0.02,0.93,1.8278
transfer-weigh-goal,transfer,1673,answer,drive,walk,False,0.24,0.38,0.62,0.7688
count-banana-spaced,counting,1674,answer,0,0,True,0.96,0.97,0.97,0.0018000000000000017
length-0-neutral-start-checks,length,1675,bring,yes,yes,True,0.95,0.97,0.97,0.0014000000000000017
length-0-neutral-start-checks,length,1675,walk,no,no,True,0.68,0.79,0.79,0.06739999999999999
transfer-inspection-goal,transfer,1676,answer,drive,walk,False,0.85,0.08,0.92,1.6928
length-4096-walking-start-direct,length,1677,answer,drive,walk,False,0.96,0.02,0.98,1.9207999999999998
longtransfer-wash-512-start-checks,long_transfer,1678,bring,yes,yes,True,0.99,1.0,1.0,0.0
longtransfer-wash-512-start-checks,long_transfer,1678,walk,no,no,True,0.96,0.98,0.98,0.0008000000000000008
length-4096-walking-middle-checks,length,1679,bring,yes,yes,True,0.87,0.91,0.91,0.014599999999999995
length-4096-walking-middle-checks,length,1679,walk,no,no,True,0.67,0.78,0.78,0.08539999999999999
length-4096-neutral-middle-checks,length,1680,bring,yes,yes,True,0.96,0.98,0.98,0.0006000000000000007
length-4096-neutral-middle-checks,length,1680,walk,no,yes,False,0.24,0.47,0.49,0.5226000000000001
count-rrabr-algorithm,counting,1681,answer,3,3,True,0.61,0.65,0.65,0.20839999999999997
factor-inline-goal-1-1,factorial,1682,answer,drive,drive,True,0.26,0.51,0.51,0.39659999999999995
count-r-plain,counting,1683,answer,1,1,True,0.99,1.0,1.0,0.0
factor-state-direct-0-0,factorial,1684,answer,drive,walk,False,0.84,0.08,0.92,1.6928
transfer-mobile-goal,transfer,1685,answer,walk,walk,True,1.0,1.0,1.0,0.0
factor-inline-direct-0-1,factorial,1686,answer,drive,walk,False,0.88,0.06,0.94,1.7671999999999999
transfer-weigh-direct,transfer,1687,answer,drive,walk,False,0.48,0.26,0.74,1.0952
transfer-mobile-goal,transfer,1688,answer,walk,walk,True,1.0,1.0,1.0,0.0
transfer-job-checks,transfer,1689,bring,no,no,True,1.0,1.0,1.0,0.0
transfer-job-checks,transfer,1689,walk,yes,yes,True,0.99,0.99,0.99,0.0002000000000000002
transfer-tires-goal,transfer,1690,answer,drive,walk,False,0.61,0.2,0.8,1.2800000000000002
count-error-algorithm,counting,1691,answer,3,1,False,0.45,0.03,0.5,1.4026
length-8192-neutral-start-checks,length,1692,bring,yes,yes,True,0.97,0.98,0.98,0.0006000000000000007
length-8192-neutral-start-checks,length,1692,walk,no,no,True,0.7,0.8,0.8,0.06719999999999998
longtransfer-supplies-4096-end-checks,long_transfer,1693,bring,no,no,True,0.73,0.82,0.82,0.061400000000000024
longtransfer-supplies-4096-end-checks,long_transfer,1693,walk,yes,yes,True,0.88,0.92,0.92,0.010399999999999993
transfer-wash-goal,transfer,1694,answer,drive,walk,False,0.47,0.27,0.73,1.0657999999999999
batch-B,batching,1695,B,no,no,True,0.99,1.0,1.0,0.0
factor-state-goal-0-1,factorial,1696,answer,drive,walk,False,0.23,0.39,0.61,0.7442
transfer-refund-direct,transfer,1697,answer,walk,walk,True,1.0,1.0,1.0,0.0
factor-state-direct-0-0,factorial,1698,answer,drive,walk,False,0.86,0.07,0.93,1.7298
factor-inline-direct-0-0,factorial,1699,answer,drive,walk,False,0.74,0.13,0.87,1.5138
factor-inline-goal-1-0,factorial,1700,answer,drive,drive,True,0.44,0.63,0.63,0.2474
transfer-job-goal,transfer,1701,answer,walk,walk,True,1.0,1.0,1.0,0.0
longtransfer-supplies-512-end-direct,long_transfer,1702,answer,walk,walk,True,1.0,1.0,1.0,0.0
factor-inline-goal-1-1,factorial,1703,answer,drive,drive,True,0.37,0.58,0.58,0.29340000000000005
longtransfer-wash-4096-start-checks,long_transfer,1704,bring,yes,yes,True,0.99,1.0,1.0,0.0
longtransfer-wash-4096-start-checks,long_transfer,1704,walk,no,no,True,0.95,0.97,0.97,0.0018000000000000017
count-cherry-spaced,counting,1705,answer,2,2,True,0.67,0.71,0.71,0.14340000000000003
count-rrr-spaced,counting,1706,answer,3,3,True,0.99,1.0,1.0,0.0
count-raspberry-algorithm,counting,1707,answer,3,2,False,0.62,0.23,0.67,1.05
transfer-weigh-goal,transfer,1708,answer,drive,walk,False,0.04,0.48,0.52,0.5408000000000001
key-transport,question_key,1709,transport,drive,walk,False,0.9,0.05,0.95,1.805
longtransfer-inspection-4096-start-direct,long_transfer,1710,answer,drive,walk,False,0.82,0.09,0.91,1.6562000000000001
batch-A,batching,1711,A,yes,yes,True,0.97,0.98,0.98,0.0008000000000000008
length-8192-walking-middle-checks,length,1712,bring,yes,yes,True,0.82,0.88,0.88,0.0266
length-8192-walking-middle-checks,length,1712,walk,no,no,True,0.74,0.83,0.83,0.05180000000000001
count-rrr-algorithm,counting,1713,answer,3,3,True,1.0,1.0,1.0,0.0
length-256-neutral-middle-checks,length,1714,bring,yes,yes,True,0.96,0.97,0.97,0.0014000000000000017
length-256-neutral-middle-checks,length,1714,walk,no,no,True,0.62,0.74,0.74,0.11760000000000001
key-answer,question_key,1715,answer,drive,walk,False,0.9,0.05,0.95,1.805
longtransfer-inspection-512-start-direct,long_transfer,1716,answer,drive,walk,False,0.79,0.1,0.9,1.62
count-RrR-algorithm,counting,1717,answer,3,3,True,0.99,1.0,1.0,0.0
factor-state-direct-1-1,factorial,1718,answer,drive,walk,False,0.87,0.06,0.91,1.7126
length-256-walking-middle-checks,length,1719,bring,yes,yes,True,0.89,0.93,0.93,0.009799999999999993
length-256-walking-middle-checks,length,1719,walk,no,no,True,0.61,0.74,0.74,0.12140000000000001
count-qrzrpr-algorithm,counting,1720,answer,3,4,False,0.44,0.36,0.5,0.6702
count-river-algorithm,counting,1721,answer,2,2,True,0.74,0.78,0.78,0.09259999999999999
options-described,options,1722,answer,drive,drive,True,0.41,0.7,0.7,0.18000000000000002
longtransfer-wash-512-end-direct,long_transfer,1723,answer,drive,walk,False,0.95,0.02,0.98,1.9207999999999998
length-1024-walking-start-direct,length,1724,answer,drive,walk,False,0.86,0.07,0.93,1.7298
count-straberry-spaced,counting,1725,answer,3,3,True,0.42,0.48,0.48,0.3884
transfer-weigh-goal,transfer,1726,answer,drive,drive,True,0.04,0.52,0.52,0.4608
longtransfer-supplies-4096-end-checks,long_transfer,1727,bring,no,no,True,0.62,0.75,0.75,0.1202
longtransfer-supplies-4096-end-checks,long_transfer,1727,walk,yes,yes,True,0.94,0.96,0.96,0.002600000000000003
transfer-job-checks,transfer,1728,bring,no,no,True,1.0,1.0,1.0,0.0
transfer-job-checks,transfer,1728,walk,yes,yes,True,0.98,0.99,0.99,0.0002000000000000002
longtransfer-inspection-4096-end-direct,long_transfer,1729,answer,drive,walk,False,1.0,0.0,1.0,2.0
factor-state-goal-0-0,factorial,1730,answer,drive,walk,False,0.64,0.18,0.82,1.3448
count-abracadabra-spaced,counting,1731,answer,2,3,False,0.42,0.28,0.47,0.7772
length-256-neutral-middle-direct,length,1732,answer,drive,walk,False,0.99,0.01,0.99,1.9602
transfer-tires-direct,transfer,1733,answer,drive,walk,False,0.26,0.37,0.63,0.7938000000000001
count-RrR-algorithm,counting,1734,answer,3,3,True,0.99,1.0,1.0,0.0
transfer-refund-goal,transfer,1735,answer,walk,walk,True,1.0,1.0,1.0,0.0
length-1024-neutral-start-direct,length,1736,answer,drive,walk,False,0.89,0.06,0.94,1.7671999999999999
length-4096-neutral-end-direct,length,1737,answer,drive,walk,False,0.97,0.02,0.98,1.9207999999999998
length-8192-neutral-end-checks,length,1738,bring,yes,yes,True,0.96,0.97,0.97,0.0014000000000000017
length-8192-neutral-end-checks,length,1738,walk,no,no,True,0.42,0.61,0.61,0.27020000000000005
length-256-neutral-end-direct,length,1739,answer,drive,walk,False,0.98,0.01,0.99,1.9602
factor-state-direct-0-0,factorial,1740,answer,drive,walk,False,0.84,0.08,0.92,1.6928
transfer-receipt-goal,transfer,1741,answer,walk,walk,True,1.0,1.0,1.0,0.0
factor-state-direct-0-1,factorial,1742,answer,drive,walk,False,0.92,0.04,0.96,1.8432
length-4096-neutral-middle-checks,length,1743,bring,yes,yes,True,0.95,0.96,0.96,0.002600000000000003
length-4096-neutral-middle-checks,length,1743,walk,no,no,True,0.23,0.49,0.49,0.4826
factor-state-goal-1-1,factorial,1744,answer,drive,walk,False,0.45,0.3,0.63,0.8917999999999999
longtransfer-pickup-512-end-checks,long_transfer,1745,bring,no,no,True,0.99,0.99,0.99,0.0002000000000000002
longtransfer-pickup-512-end-checks,long_transfer,1745,walk,yes,yes,True,0.94,0.97,0.97,0.0018000000000000017
factor-inline-direct-0-0,factorial,1746,answer,drive,walk,False,0.79,0.1,0.9,1.62
factor-inline-direct-1-1,factorial,1747,answer,drive,walk,False,0.89,0.02,0.92,1.8104
longtransfer-wash-4096-end-checks,long_transfer,1748,bring,yes,yes,True,0.99,0.99,0.99,0.0002000000000000002
longtransfer-wash-4096-end-checks,long_transfer,1748,walk,no,no,True,0.91,0.94,0.94,0.006200000000000007
length-8192-walking-start-direct,length,1749,answer,drive,walk,False,0.83,0.09,0.91,1.6562000000000001
transfer-trade-direct,transfer,1750,answer,drive,walk,False,0.32,0.34,0.66,0.8712
length-1024-neutral-end-direct,length,1751,answer,drive,walk,False,0.98,0.01,0.99,1.9602
length-4096-walking-middle-checks,length,1752,bring,yes,yes,True,0.87,0.92,0.92,0.012799999999999994
length-4096-walking-middle-checks,length,1752,walk,no,no,True,0.51,0.67,0.67,0.19979999999999998
transfer-weigh-checks,transfer,1753,bring,yes,yes,True,0.95,0.97,0.97,0.0018000000000000017
transfer-weigh-checks,transfer,1753,walk,no,no,True,0.99,0.99,0.99,0.0002000000000000002
transfer-mobile-checks,transfer,1754,bring,no,no,True,0.98,0.99,0.99,0.0002000000000000002
transfer-mobile-checks,transfer,1754,walk,yes,yes,True,0.91,0.95,0.95,0.0050000000000000044
transfer-tires-goal,transfer,1755,answer,drive,walk,False,0.69,0.15,0.85,1.4449999999999998
factor-inline-goal-0-1,factorial,1756,answer,drive,drive,True,0.11,0.55,0.55,0.40499999999999997
count-rrabr-spaced,counting,1757,answer,3,4,False,0.63,0.12,0.68,1.2694
factor-inline-goal-1-1,factorial,1758,answer,drive,drive,True,0.39,0.59,0.59,0.2786
count-error-spaced,counting,1759,answer,3,2,False,0.67,0.21,0.71,1.1332
count-rrabr-algorithm,counting,1760,answer,3,3,True,0.61,0.65,0.65,0.1988
batch-transport,batching,1761,transport,drive,walk,False,0.86,0.07,0.93,1.7298
count-rrabr-plain,counting,1762,answer,3,3,True,0.58,0.63,0.63,0.2298
count-RrR-plain,counting,1763,answer,3,3,True,0.97,0.98,0.98,0.0006000000000000007
factor-state-direct-1-0,factorial,1764,answer,drive,walk,False,0.72,0.13,0.82,1.4318
length-256-neutral-start-direct,length,1765,answer,drive,walk,False,0.79,0.1,0.9,1.62
transfer-job-direct,transfer,1766,answer,walk,walk,True,1.0,1.0,1.0,0.0
length-8192-neutral-middle-checks,length,1767,bring,yes,yes,True,0.97,0.98,0.98,0.0006000000000000007
length-8192-neutral-middle-checks,length,1767,walk,no,no,True,0.52,0.68,0.68,0.18739999999999996
factor-state-direct-1-0,factorial,1768,answer,drive,walk,False,0.83,0.06,0.89,1.6782
transfer-oil-checks,transfer,1769,bring,yes,yes,True,0.92,0.94,0.94,0.005600000000000007
transfer-oil-checks,transfer,1769,walk,no,no,True,0.98,0.99,0.99,0.0002000000000000002
factor-inline-goal-0-1,factorial,1770,answer,drive,drive,True,0.32,0.66,0.66,0.23120000000000002
factor-state-direct-1-1,factorial,1771,answer,drive,walk,False,0.86,0.07,0.9,1.6758
count-rrabr-plain,counting,1772,answer,3,3,True,0.54,0.58,0.58,0.3014
count-rrabr-algorithm,counting,1773,answer,3,3,True,0.63,0.67,0.67,0.17539999999999997
transfer-weigh-direct,transfer,1774,answer,drive,walk,False,0.62,0.19,0.81,1.3122000000000003
count-banana-plain,counting,1775,answer,0,1,False,0.5,0.43,0.56,0.6386000000000002
length-1024-walking-middle-checks,length,1776,bring,yes,yes,True,0.85,0.9,0.9,0.019999999999999997
length-1024-walking-middle-checks,length,1776,walk,no,no,True,0.69,0.79,0.79,0.07739999999999998
count-r-plain,counting,1777,answer,1,1,True,0.99,1.0,1.0,0.0
longtransfer-inspection-512-end-direct,long_transfer,1778,answer,drive,walk,False,0.99,0.0,1.0,2.0
factor-inline-direct-0-1,factorial,1779,answer,drive,walk,False,0.82,0.09,0.91,1.6562000000000001
longtransfer-wash-4096-end-direct,long_transfer,1780,answer,drive,walk,False,0.98,0.01,0.99,1.9602
batch-A,batching,1781,A,yes,yes,True,0.96,0.97,0.97,0.0018000000000000017
length-4096-walking-end-direct,length,1782,answer,drive,walk,False,0.93,0.03,0.97,1.8818
batch-A-B,batching,1783,A,yes,yes,True,0.96,0.97,0.97,0.0018000000000000017
batch-A-B,batching,1783,B,no,no,True,0.99,1.0,1.0,0.0
transfer-receipt-checks,transfer,1784,bring,no,no,True,1.0,1.0,1.0,0.0
transfer-receipt-checks,transfer,1784,walk,yes,yes,True,0.99,1.0,1.0,0.0
batch-A,batching,1785,A,yes,yes,True,0.97,0.98,0.98,0.0008000000000000008
batch-transport,batching,1786,transport,drive,walk,False,0.84,0.08,0.92,1.6928
count-strawberry-plain,counting,1787,answer,3,2,False,0.45,0.42,0.51,0.5990000000000001
length-0-neutral-start-direct,length,1788,answer,drive,walk,False,0.93,0.03,0.97,1.8818
factor-inline-direct-0-0,factorial,1789,answer,drive,walk,False,0.8,0.1,0.9,1.62
key-answer,question_key,1790,answer,drive,walk,False,0.83,0.08,0.92,1.6928
length-4096-walking-end-direct,length,1791,answer,drive,walk,False,0.95,0.03,0.97,1.8818
count-strawberries-algorithm,counting,1792,answer,3,2,False,0.41,0.34,0.48,0.6809999999999998
transfer-mobile-checks,transfer,1793,bring,no,no,True,0.99,0.99,0.99,0.0002000000000000002
transfer-mobile-checks,transfer,1793,walk,yes,yes,True,0.92,0.94,0.94,0.006200000000000007
transfer-pickup-goal,transfer,1794,answer,walk,walk,True,1.0,1.0,1.0,0.0
count-strawberries-spaced,counting,1795,answer,3,4,False,0.31,0.16,0.38,0.9107999999999999
transfer-refund-checks,transfer,1796,bring,no,no,True,1.0,1.0,1.0,0.0
transfer-refund-checks,transfer,1796,walk,yes,yes,True,0.99,1.0,1.0,0.0
length-8192-walking-middle-checks,length,1797,bring,yes,yes,True,0.83,0.88,0.88,0.0266
length-8192-walking-middle-checks,length,1797,walk,no,no,True,0.69,0.79,0.79,0.07739999999999998
length-4096-walking-end-checks,length,1798,bring,yes,yes,True,0.9,0.94,0.94,0.006200000000000007
length-4096-walking-end-checks,length,1798,walk,no,no,True,0.53,0.6799999999999999,0.6799999999999999,0.17360000000000006
count-rrrrrr-spaced,counting,1799,answer,6,6,True,0.96,0.97,0.97,0.0014000000000000017
count-rrr-plain,counting,1800,answer,3,3,True,1.0,1.0,1.0,0.0
factor-state-direct-0-0,factorial,1801,answer,drive,walk,False,0.87,0.06,0.94,1.7671999999999999
factor-inline-direct-0-0,factorial,1802,answer,drive,walk,False,0.81,0.1,0.9,1.62
rule-feasibility,options,1803,answer,drive,walk,False,0.98,0.01,0.99,1.9602
factor-state-direct-1-1,factorial,1804,answer,drive,walk,False,0.88,0.06,0.92,1.7304
count-strawberry-algorithm,counting,1805,answer,3,2,False,0.46,0.41,0.51,0.6114
transfer-oil-checks,transfer,1806,bring,yes,yes,True,0.93,0.95,0.95,0.0038000000000000043
transfer-oil-checks,transfer,1806,walk,no,no,True,0.99,0.99,0.99,0.0002000000000000002
count-rrabr-algorithm,counting,1807,answer,3,3,True,0.6,0.64,0.64,0.2114
options-described,options,1808,answer,drive,drive,True,0.37,0.69,0.69,0.19220000000000004
count-straberry-plain,counting,1809,answer,3,3,True,0.43,0.49,0.49,0.4208
factor-inline-goal-1-0,factorial,1810,answer,drive,drive,True,0.43,0.62,0.62,0.2616
count-strawberry-algorithm,counting,1811,answer,3,2,False,0.44,0.41,0.5,0.6016
transfer-inspection-direct,transfer,1812,answer,drive,walk,False,0.74,0.13,0.87,1.5138
factor-inline-direct-1-0,factorial,1813,answer,drive,walk,False,0.74,0.09,0.82,1.5086
length-8192-walking-middle-checks,length,1814,bring,yes,yes,True,0.87,0.91,0.91,0.014599999999999995
length-8192-walking-middle-checks,length,1814,walk,no,no,True,0.72,0.81,0.81,0.06209999999999998
longtransfer-supplies-4096-end-direct,long_transfer,1815,answer,walk,walk,True,1.0,1.0,1.0,0.0
transfer-pickup-checks,transfer,1816,bring,no,no,True,0.99,0.99,0.99,0.0002000000000000002
transfer-pickup-checks,transfer,1816,walk,yes,yes,True,0.88,0.92,0.92,0.010399999999999993
factor-state-goal-0-0,factorial,1817,answer,drive,walk,False,0.54,0.23,0.77,1.1858
length-256-walking-start-direct,length,1818,answer,drive,walk,False,0.92,0.04,0.96,1.8432
factor-state-direct-0-0,factorial,1819,answer,drive,walk,False,0.79,0.1,0.9,1.62
factor-state-direct-1-0,factorial,1820,answer,drive,walk,False,0.82,0.08,0.88,1.6224
count-rrrrrr-spaced,counting,1821,answer,6,6,True,0.95,0.96,0.96,0.002600000000000003
factor-inline-goal-1-1,factorial,1822,answer,drive,drive,True,0.44,0.63,0.63,0.2274
batch-A-B,batching,1823,A,yes,yes,True,0.97,0.98,0.98,0.0008000000000000008
batch-A-B,batching,1823,B,no,no,True,0.99,1.0,1.0,0.0
count-blueberry-spaced,counting,1824,answer,2,1,False,0.7,0.26,0.73,1.0806
longtransfer-wash-4096-start-checks,long_transfer,1825,bring,yes,yes,True,0.99,1.0,1.0,0.0
longtransfer-wash-4096-start-checks,long_transfer,1825,walk,no,no,True,0.92,0.94,0.94,0.006200000000000007
factor-state-direct-1-0,factorial,1826,answer,drive,walk,False,0.77,0.11,0.84,1.5002
factor-inline-direct-0-1,factorial,1827,answer,drive,walk,False,0.88,0.06,0.94,1.7671999999999999
count-rrrrrr-algorithm,counting,1828,answer,6,6,True,0.53,0.58,0.58,0.3008
count-strawberry-spaced,counting,1829,answer,3,3,True,0.45,0.5,0.5,0.3554
transfer-mobile-checks,transfer,1830,bring,no,no,True,0.99,0.99,0.99,0.0002000000000000002
transfer-mobile-checks,transfer,1830,walk,yes,yes,True,0.86,0.9,0.9,0.018199999999999994
batch-transport,batching,1831,transport,drive,walk,False,0.87,0.07,0.93,1.7298
count-RrR-plain,counting,1832,answer,3,3,True,0.98,0.99,0.99,0.0002000000000000002
factor-state-goal-0-0,factorial,1833,answer,drive,walk,False,0.4,0.3,0.7,0.9799999999999999
transfer-supplies-direct,transfer,1834,answer,walk,walk,True,1.0,1.0,1.0,0.0
length-1024-neutral-start-direct,length,1835,answer,drive,walk,False,0.89,0.05,0.95,1.805
transfer-oil-direct,transfer,1836,answer,drive,drive,True,0.08,0.54,0.54,0.42319999999999997
longtransfer-supplies-4096-end-checks,long_transfer,1837,bring,no,no,True,0.81,0.87,0.87,0.031400000000000004
longtransfer-supplies-4096-end-checks,long_transfer,1837,walk,yes,yes,True,0.88,0.92,0.92,0.010399999999999993
longtransfer-pickup-4096-start-direct,long_transfer,1838,answer,walk,walk,True,0.92,0.96,0.96,0.003200000000000003
factor-inline-direct-1-1,factorial,1839,answer,drive,walk,False,0.85,0.02,0.9,1.7768
factor-state-goal-0-1,factorial,1840,answer,drive,walk,False,0.34,0.33,0.67,0.8977999999999999
factor-inline-goal-1-1,factorial,1841,answer,drive,drive,True,0.23,0.48,0.48,0.43940000000000007
longtransfer-pickup-4096-end-checks,long_transfer,1842,bring,no,no,True,0.98,0.99,0.99,0.0002000000000000002
longtransfer-pickup-4096-end-checks,long_transfer,1842,walk,yes,yes,True,0.94,0.97,0.97,0.0018000000000000017
length-256-neutral-end-checks,length,1843,bring,yes,yes,True,0.97,0.98,0.98,0.0006000000000000007
length-256-neutral-end-checks,length,1843,walk,no,no,True,0.51,0.67,0.67,0.18979999999999997
count-rrrrrr-plain,counting,1844,answer,6,6,True,0.81,0.83,0.83,0.042400000000000014
factor-inline-direct-0-0,factorial,1845,answer,drive,walk,False,0.67,0.16,0.84,1.4111999999999998
longtransfer-supplies-512-end-direct,long_transfer,1846,answer,walk,walk,True,1.0,1.0,1.0,0.0
length-0-neutral-start-direct,length,1847,answer,drive,walk,False,0.89,0.06,0.94,1.7671999999999999
longtransfer-inspection-4096-end-checks,long_transfer,1848,bring,yes,yes,True,0.99,1.0,1.0,0.0
longtransfer-inspection-4096-end-checks,long_transfer,1848,walk,no,no,True,0.4,0.6,0.6,0.2978
key-transport,question_key,1849,transport,drive,walk,False,0.9,0.05,0.95,1.805
transfer-pickup-direct,transfer,1850,answer,walk,walk,True,0.98,0.99,0.99,0.0002000000000000002
factor-inline-goal-1-0,factorial,1851,answer,drive,drive,True,0.35,0.5599999999999999,0.5599999999999999,0.34160000000000007
transfer-mobile-direct,transfer,1852,answer,walk,walk,True,1.0,1.0,1.0,0.0
length-256-walking-start-checks,length,1853,bring,yes,yes,True,0.92,0.95,0.95,0.0050000000000000044
length-256-walking-start-checks,length,1853,walk,no,no,True,0.67,0.78,0.78,0.08239999999999999
count-blueberry-spaced,counting,1854,answer,2,1,False,0.78,0.19,0.81,1.3122000000000003
length-0-neutral-start-direct,length,1855,answer,drive,walk,False,0.91,0.04,0.96,1.8432
transfer-pickup-direct,transfer,1856,answer,walk,walk,True,0.97,0.99,0.99,0.0002000000000000002
length-8192-walking-end-direct,length,1857,answer,drive,walk,False,0.96,0.02,0.98,1.9207999999999998
count-banana-spaced,counting,1858,answer,0,0,True,0.96,0.96,0.96,0.003200000000000003
length-8192-walking-start-direct,length,1859,answer,drive,walk,False,0.63,0.18,0.82,1.3448
transfer-wash-direct,transfer,1860,answer,drive,walk,False,0.6,0.2,0.8,1.2800000000000002
longtransfer-supplies-512-end-checks,long_transfer,1861,bring,no,no,True,0.84,0.89,0.89,0.0222
longtransfer-supplies-512-end-checks,long_transfer,1861,walk,yes,yes,True,0.87,0.91,0.91,0.013399999999999995
length-256-walking-start-direct,length,1862,answer,drive,walk,False,0.9,0.05,0.95,1.805
factor-inline-goal-0-0,factorial,1863,answer,drive,drive,True,0.18,0.59,0.59,0.3362
transfer-refund-direct,transfer,1864,answer,walk,walk,True,1.0,1.0,1.0,0.0
count-qrzrpr-plain,counting,1865,answer,3,3,True,0.38,0.44,0.44,0.4954
factor-state-direct-1-1,factorial,1866,answer,drive,walk,False,0.91,0.04,0.94,1.8055999999999999
length-1024-walking-end-direct,length,1867,answer,drive,walk,False,0.88,0.06,0.94,1.7671999999999999
transfer-pickup-direct,transfer,1868,answer,walk,walk,True,0.98,0.99,0.99,0.0002000000000000002
count-error-spaced,counting,1869,answer,3,2,False,0.66,0.17,0.7,1.1933999999999998
count-qrzrpr-plain,counting,1870,answer,3,4,False,0.43,0.37,0.49,0.6476000000000001
factor-state-direct-0-0,factorial,1871,answer,drive,walk,False,0.84,0.08,0.92,1.6928
factor-state-goal-1-0,factorial,1872,answer,drive,walk,False,0.74,0.15,0.83,1.4118
longtransfer-supplies-512-start-checks,long_transfer,1873,bring,no,no,True,0.91,0.94,0.94,0.007200000000000007
longtransfer-supplies-512-start-checks,long_transfer,1873,walk,yes,yes,True,0.92,0.95,0.95,0.0038000000000000043
longtransfer-pickup-512-end-direct,long_transfer,1874,answer,walk,walk,True,0.97,0.98,0.98,0.0008000000000000008
count-blueberry-spaced,counting,1875,answer,2,1,False,0.77,0.2,0.8,1.2800000000000002
count-RrR-algorithm,counting,1876,answer,3,3,True,0.99,0.99,0.99,0.0002000000000000002
count-qrzrpr-algorithm,counting,1877,answer,3,4,False,0.44,0.37,0.5,0.6558
transfer-tires-goal,transfer,1878,answer,drive,walk,False,0.66,0.17,0.83,1.3778
count-abracadabra-spaced,counting,1879,answer,2,3,False,0.44,0.29,0.5,0.7807999999999999
count-river-plain,counting,1880,answer,2,2,True,0.68,0.71,0.71,0.16260000000000002
longtransfer-supplies-512-end-checks,long_transfer,1881,bring,no,no,True,0.92,0.95,0.95,0.0050000000000000044
longtransfer-supplies-512-end-checks,long_transfer,1881,walk,yes,yes,True,0.92,0.95,0.95,0.004200000000000004
key-answer,question_key,1882,answer,drive,walk,False,0.91,0.05,0.95,1.805
count-error-plain,counting,1883,answer,3,1,False,0.56,0.02,0.61,1.4622
batch-A,batching,1884,A,yes,yes,True,0.97,0.98,0.98,0.0008000000000000008
length-0-neutral-start-checks,length,1885,bring,yes,yes,True,0.95,0.96,0.96,0.002600000000000003
length-0-neutral-start-checks,length,1885,walk,no,no,True,0.73,0.82,0.82,0.04940000000000002
length-1024-neutral-middle-direct,length,1886,answer,drive,walk,False,0.99,0.01,0.99,1.9602
factor-state-direct-0-1,factorial,1887,answer,drive,walk,False,0.91,0.04,0.96,1.8432
factor-inline-direct-1-0,factorial,1888,answer,drive,walk,False,0.81,0.06,0.87,1.6454
length-4096-walking-end-direct,length,1889,answer,drive,walk,False,0.95,0.03,0.97,1.8818
count-rrrrrr-spaced,counting,1890,answer,6,6,True,0.96,0.97,0.97,0.0014000000000000017
longtransfer-inspection-512-end-checks,long_transfer,1891,bring,yes,yes,True,0.99,1.0,1.0,0.0
longtransfer-inspection-512-end-checks,long_transfer,1891,walk,no,no,True,0.69,0.79,0.79,0.08059999999999999
factor-inline-goal-1-1,factorial,1892,answer,drive,drive,True,0.47,0.64,0.64,0.2072
key-transport,question_key,1893,transport,drive,walk,False,0.84,0.08,0.92,1.6928
factor-state-goal-1-0,factorial,1894,answer,drive,walk,False,0.67,0.19,0.78,1.2654
transfer-job-goal,transfer,1895,answer,walk,walk,True,1.0,1.0,1.0,0.0
transfer-mobile-goal,transfer,1896,answer,walk,walk,True,1.0,1.0,1.0,0.0
transfer-refund-goal,transfer,1897,answer,walk,walk,True,1.0,1.0,1.0,0.0
length-8192-neutral-start-direct,length,1898,answer,drive,walk,False,0.97,0.02,0.98,1.9207999999999998
longtransfer-pickup-4096-end-direct,long_transfer,1899,answer,walk,walk,True,0.96,0.98,0.98,0.0008000000000000008
length-8192-walking-start-direct,length,1900,answer,drive,walk,False,0.92,0.04,0.96,1.8432
factor-state-goal-0-0,factorial,1901,answer,drive,walk,False,0.57,0.21,0.79,1.2482000000000002
transfer-trade-goal,transfer,1902,answer,drive,walk,False,0.98,0.01,0.99,1.9602
transfer-supplies-direct,transfer,1903,answer,walk,walk,True,1.0,1.0,1.0,0.0
batch-A,batching,1904,A,yes,yes,True,0.97,0.98,0.98,0.0008000000000000008
transfer-supplies-direct,transfer,1905,answer,walk,walk,True,1.0,1.0,1.0,0.0
transfer-supplies-checks,transfer,1906,bring,no,no,True,0.99,1.0,1.0,0.0
transfer-supplies-checks,transfer,1906,walk,yes,yes,True,1.0,1.0,1.0,0.0
longtransfer-supplies-4096-start-checks,long_transfer,1907,bring,no,no,True,0.9,0.93,0.93,0.009799999999999993
longtransfer-supplies-4096-start-checks,long_transfer,1907,walk,yes,yes,True,0.99,0.99,0.99,0.0002000000000000002
longtransfer-supplies-512-start-direct,long_transfer,1908,answer,walk,walk,True,1.0,1.0,1.0,0.0
length-1024-neutral-middle-direct,length,1909,answer,drive,walk,False,0.98,0.01,0.99,1.9602
count-RrR-algorithm,counting,1910,answer,3,3,True,0.99,1.0,1.0,0.0
transfer-trade-goal,transfer,1911,answer,drive,walk,False,0.95,0.03,0.97,1.8818
transfer-weigh-checks,transfer,1912,bring,yes,yes,True,0.94,0.96,0.96,0.003200000000000003
transfer-weigh-checks,transfer,1912,walk,no,no,True,0.99,0.99,0.99,0.0002000000000000002
transfer-oil-direct,transfer,1913,answer,drive,drive,True,0.0,0.5,0.5,0.5
factor-inline-goal-0-0,factorial,1914,answer,drive,drive,True,0.33,0.66,0.66,0.23120000000000002
factor-inline-direct-0-0,factorial,1915,answer,drive,walk,False,0.76,0.12,0.88,1.5488
count-error-algorithm,counting,1916,answer,3,2,False,0.42,0.03,0.49,1.402
count-banana-plain,counting,1917,answer,0,1,False,0.51,0.43,0.56,0.6386000000000002
count-rrabr-algorithm,counting,1918,answer,3,3,True,0.62,0.66,0.66,0.1914
count-banana-spaced,counting,1919,answer,0,0,True,0.96,0.96,0.96,0.003200000000000003
factor-state-goal-0-1,factorial,1920,answer,drive,walk,False,0.33,0.34,0.66,0.8712
length-8192-walking-middle-checks,length,1921,bring,yes,yes,True,0.83,0.89,0.89,0.0222
length-8192-walking-middle-checks,length,1921,walk,no,no,True,0.82,0.88,0.88,0.024800000000000003
transfer-mobile-checks,transfer,1922,bring,no,no,True,0.98,0.99,0.99,0.0002000000000000002
transfer-mobile-checks,transfer,1922,walk,yes,yes,True,0.92,0.95,0.95,0.0050000000000000044
factor-state-goal-0-1,factorial,1923,answer,drive,walk,False,0.16,0.42,0.58,0.6728000000000001
length-8192-walking-middle-direct,length,1924,answer,drive,walk,False,0.95,0.03,0.97,1.8818
factor-state-direct-0-1,factorial,1925,answer,drive,walk,False,0.91,0.04,0.96,1.8432
length-8192-walking-end-direct,length,1926,answer,drive,walk,False,0.95,0.02,0.98,1.9207999999999998
batch-A-B,batching,1927,A,yes,yes,True,0.97,0.98,0.98,0.0008000000000000008
batch-A-B,batching,1927,B,no,no,True,1.0,1.0,1.0,0.0
count-straberry-algorithm,counting,1928,answer,3,3,True,0.4,0.46,0.46,0.46420000000000006
transfer-inspection-goal,transfer,1929,answer,drive,walk,False,0.82,0.09,0.91,1.6562000000000001
count-qrzrpr-algorithm,counting,1930,answer,3,4,False,0.49,0.34,0.53,0.7238999999999999
factor-inline-goal-1-1,factorial,1931,answer,drive,drive,True,0.35,0.57,0.57,0.29940000000000005
length-1024-neutral-end-checks,length,1932,bring,yes,yes,True,0.97,0.98,0.98,0.0006000000000000007
length-1024-neutral-end-checks,length,1932,walk,no,no,True,0.64,0.76,0.76,0.09920000000000001
factor-inline-direct-0-1,factorial,1933,answer,drive,walk,False,0.8,0.1,0.9,1.62
factor-state-direct-1-0,factorial,1934,answer,drive,walk,False,0.86,0.05,0.91,1.7322
count-rrabr-plain,counting,1935,answer,3,3,True,0.61,0.65,0.65,0.2038
length-256-neutral-start-checks,length,1936,bring,yes,yes,True,0.94,0.96,0.96,0.002400000000000003
length-256-neutral-start-checks,length,1936,walk,no,no,True,0.58,0.71,0.71,0.14420000000000002
length-1024-walking-end-checks,length,1937,bring,yes,yes,True,0.91,0.94,0.94,0.006200000000000007
length-1024-walking-end-checks,length,1937,walk,no,no,True,0.67,0.78,0.78,0.08539999999999999
key-transport,question_key,1938,transport,drive,walk,False,0.78,0.11,0.89,1.5842
batch-B,batching,1939,B,no,no,True,1.0,1.0,1.0,0.0
length-4096-walking-end-direct,length,1940,answer,drive,walk,False,0.96,0.02,0.98,1.9207999999999998
length-1024-walking-end-direct,length,1941,answer,drive,walk,False,0.91,0.05,0.95,1.805
longtransfer-supplies-4096-end-direct,long_transfer,1942,answer,walk,walk,True,1.0,1.0,1.0,0.0
factor-inline-goal-0-0,factorial,1943,answer,drive,drive,True,0.1,0.55,0.55,0.40499999999999997
factor-state-direct-0-1,factorial,1944,answer,drive,walk,False,0.9,0.05,0.95,1.805
length-4096-walking-start-checks,length,1945,bring,yes,yes,True,0.88,0.92,0.92,0.012799999999999994
length-4096-walking-start-checks,length,1945,walk,no,no,True,0.51,0.67,0.67,0.18979999999999997
factor-state-direct-1-0,factorial,1946,answer,drive,walk,False,0.76,0.1,0.84,1.5191999999999999
longtransfer-inspection-512-end-direct,long_transfer,1947,answer,drive,walk,False,1.0,0.0,1.0,2.0
rule-feasibility,options,1948,answer,drive,walk,False,0.97,0.01,0.99,1.9602
length-4096-neutral-start-checks,length,1949,bring,yes,yes,True,0.97,0.98,0.98,0.0006000000000000007
length-4096-neutral-start-checks,length,1949,walk,no,no,True,0.64,0.75,0.75,0.10500000000000001
length-256-walking-end-checks,length,1950,bring,yes,yes,True,0.91,0.94,0.94,0.006200000000000007
length-256-walking-end-checks,length,1950,walk,no,no,True,0.64,0.76,0.76,0.1026
transfer-supplies-checks,transfer,1951,bring,no,no,True,0.99,0.99,0.99,0.0002000000000000002
transfer-supplies-checks,transfer,1951,walk,yes,yes,True,1.0,1.0,1.0,0.0
factor-inline-goal-0-0,factorial,1952,answer,drive,drive,True,0.11,0.56,0.56,0.3872
length-4096-walking-start-direct,length,1953,answer,drive,walk,False,0.97,0.02,0.98,1.9207999999999998
count-r-plain,counting,1954,answer,1,1,True,0.99,0.99,0.99,0.0002000000000000002
transfer-pickup-checks,transfer,1955,bring,no,no,True,0.99,0.99,0.99,0.0002000000000000002
transfer-pickup-checks,transfer,1955,walk,yes,yes,True,0.85,0.9,0.9,0.016799999999999995
key-answer,question_key,1956,answer,drive,walk,False,0.89,0.06,0.94,1.7671999999999999
transfer-mobile-checks,transfer,1957,bring,no,no,True,0.98,0.99,0.99,0.0002000000000000002
transfer-mobile-checks,transfer,1957,walk,yes,yes,True,0.91,0.95,0.95,0.0050000000000000044
count-qrzrpr-plain,counting,1958,answer,3,3,True,0.39,0.46,0.46,0.4446
transfer-tires-direct,transfer,1959,answer,drive,walk,False,0.24,0.38,0.62,0.7688
count-banana-spaced,counting,1960,answer,0,0,True,0.97,0.98,0.98,0.0008000000000000008
factor-inline-direct-1-0,factorial,1961,answer,drive,walk,False,0.75,0.08,0.83,1.5434
transfer-weigh-direct,transfer,1962,answer,drive,walk,False,0.42,0.29,0.71,1.0082
factor-inline-direct-1-1,factorial,1963,answer,drive,walk,False,0.9,0.02,0.93,1.8269
count-rrabr-spaced,counting,1964,answer,3,4,False,0.62,0.13,0.66,1.2288000000000001
factor-inline-goal-1-0,factorial,1965,answer,drive,walk,False,0.23,0.47,0.49,0.5226000000000001
count-river-plain,counting,1966,answer,2,2,True,0.71,0.74,0.74,0.1302
factor-inline-direct-1-0,factorial,1967,answer,drive,walk,False,0.77,0.09,0.84,1.5386
factor-state-goal-1-1,factorial,1968,answer,drive,walk,False,0.46,0.3,0.64,0.9032
transfer-mobile-checks,transfer,1969,bring,no,no,True,0.99,1.0,1.0,0.0
transfer-mobile-checks,transfer,1969,walk,yes,yes,True,0.92,0.95,0.95,0.0050000000000000044
longtransfer-inspection-4096-end-checks,long_transfer,1970,bring,yes,yes,True,0.99,0.99,0.99,0.0002000000000000002
longtransfer-inspection-4096-end-checks,long_transfer,1970,walk,no,no,True,0.5,0.67,0.67,0.20539999999999997
count-rrr-algorithm,counting,1971,answer,3,3,True,1.0,1.0,1.0,0.0
length-256-walking-end-direct,length,1972,answer,drive,walk,False,0.79,0.1,0.9,1.62
longtransfer-wash-512-start-checks,long_transfer,1973,bring,yes,yes,True,0.99,1.0,1.0,0.0
longtransfer-wash-512-start-checks,long_transfer,1973,walk,no,no,True,0.98,0.99,0.99,0.0002000000000000002
rule-feasibility,options,1974,answer,drive,walk,False,0.98,0.01,0.99,1.9602
length-4096-neutral-middle-checks,length,1975,bring,yes,yes,True,0.96,0.97,0.97,0.0014000000000000017
length-4096-neutral-middle-checks,length,1975,walk,no,no,True,0.31,0.54,0.54,0.38959999999999995
count-qrzrpr-plain,counting,1976,answer,3,4,False,0.38,0.4,0.45,0.575
transfer-mobile-checks,transfer,1977,bring,no,no,True,0.99,0.99,0.99,0.0002000000000000002
transfer-mobile-checks,transfer,1977,walk,yes,yes,True,0.9,0.93,0.93,0.008599999999999993
count-blueberry-algorithm,counting,1978,answer,2,1,False,0.81,0.05,0.83,1.6058
factor-state-goal-1-0,factorial,1979,answer,drive,walk,False,0.61,0.23,0.74,1.1414
count-strawberries-spaced,counting,1980,answer,3,4,False,0.28,0.17,0.35,0.8707999999999999
count-raspberry-spaced,counting,1981,answer,3,3,True,0.48,0.54,0.54,0.29779999999999995
factor-inline-direct-1-1,factorial,1982,answer,drive,walk,False,0.91,0.02,0.9299999999999999,1.8277999999999999
length-0-neutral-start-direct,length,1983,answer,drive,walk,False,0.91,0.04,0.96,1.8432
longtransfer-supplies-4096-start-checks,long_transfer,1984,bring,no,no,True,0.95,0.97,0.97,0.0018000000000000017
longtransfer-supplies-4096-start-checks,long_transfer,1984,walk,yes,yes,True,0.97,0.99,0.99,0.0002000000000000002
factor-state-direct-1-0,factorial,1985,answer,drive,walk,False,0.77,0.11,0.84,1.5002
count-rrrrrr-plain,counting,1986,answer,6,6,True,0.59,0.64,0.64,0.221
transfer-pickup-checks,transfer,1987,bring,no,no,True,0.99,0.99,0.99,0.0002000000000000002
transfer-pickup-checks,transfer,1987,walk,yes,yes,True,0.86,0.9,0.9,0.015799999999999995
count-blueberry-plain,counting,1988,answer,2,1,False,0.87,0.03,0.89,1.7394
length-256-walking-end-direct,length,1989,answer,drive,walk,False,0.75,0.12,0.88,1.5488
transfer-job-goal,transfer,1990,answer,walk,walk,True,1.0,1.0,1.0,0.0
length-8192-neutral-start-checks,length,1991,bring,yes,yes,True,0.96,0.98,0.98,0.0006000000000000007
length-8192-neutral-start-checks,length,1991,walk,no,no,True,0.71,0.81,0.81,0.060199999999999976
transfer-job-direct,transfer,1992,answer,walk,walk,True,1.0,1.0,1.0,0.0
count-strawberries-algorithm,counting,1993,answer,3,2,False,0.43,0.32,0.49,0.7195999999999999
transfer-refund-direct,transfer,1994,answer,walk,walk,True,1.0,1.0,1.0,0.0
length-8192-neutral-middle-direct,length,1995,answer,drive,walk,False,0.97,0.02,0.98,1.9207999999999998
length-1024-neutral-start-checks,length,1996,bring,yes,yes,True,0.97,0.98,0.98,0.0006000000000000007
length-1024-neutral-start-checks,length,1996,walk,no,no,True,0.71,0.81,0.81,0.056599999999999984
key-transport,question_key,1997,transport,drive,walk,False,0.87,0.06,0.94,1.7671999999999999
transfer-receipt-checks,transfer,1998,bring,no,no,True,1.0,1.0,1.0,0.0
transfer-receipt-checks,transfer,1998,walk,yes,yes,True,0.98,0.99,0.99,0.0002000000000000002
factor-state-goal-1-0,factorial,1999,answer,drive,walk,False,0.69,0.18,0.79,1.2974
batch-A-B-transport,batching,2000,A,yes,yes,True,0.98,0.98,0.98,0.0008000000000000008
batch-A-B-transport,batching,2000,B,no,no,True,1.0,1.0,1.0,0.0
batch-A-B-transport,batching,2000,transport,drive,walk,False,0.81,0.09,0.91,1.6562000000000001
batch-transport,batching,2001,transport,drive,walk,False,0.83,0.08,0.92,1.6928
length-256-walking-end-checks,length,2002,bring,yes,yes,True,0.93,0.95,0.95,0.004200000000000004
length-256-walking-end-checks,length,2002,walk,no,no,True,0.59,0.73,0.73,0.1274
length-4096-walking-start-checks,length,2003,bring,yes,yes,True,0.85,0.91,0.91,0.016199999999999992
length-4096-walking-start-checks,length,2003,walk,no,no,True,0.71,0.8,0.8,0.06979999999999999
length-1024-walking-start-direct,length,2004,answer,drive,walk,False,0.89,0.05,0.95,1.805
longtransfer-supplies-512-start-direct,long_transfer,2005,answer,walk,walk,True,1.0,1.0,1.0,0.0
length-256-neutral-middle-checks,length,2006,bring,yes,yes,True,0.93,0.96,0.96,0.002600000000000003
length-256-neutral-middle-checks,length,2006,walk,no,no,True,0.64,0.76,0.76,0.1026
length-4096-neutral-end-checks,length,2007,bring,yes,yes,True,0.92,0.95,0.95,0.0038000000000000043
length-4096-neutral-end-checks,length,2007,walk,no,no,True,0.5,0.67,0.67,0.18979999999999997
length-1024-walking-middle-checks,length,2008,bring,yes,yes,True,0.83,0.88,0.88,0.0266
length-1024-walking-middle-checks,length,2008,walk,no,no,True,0.63,0.76,0.76,0.1026
length-8192-walking-middle-direct,length,2009,answer,drive,walk,False,0.96,0.02,0.98,1.9207999999999998
transfer-supplies-direct,transfer,2010,answer,walk,walk,True,1.0,1.0,1.0,0.0
length-4096-neutral-start-checks,length,2011,bring,yes,yes,True,0.96,0.98,0.98,0.0006000000000000007
length-4096-neutral-start-checks,length,2011,walk,no,no,True,0.72,0.8200000000000001,0.8200000000000001,0.055799999999999975
count-straberry-spaced,counting,2012,answer,3,3,True,0.4,0.46,0.46,0.4178
count-river-spaced,counting,2013,answer,2,2,True,0.82,0.84,0.84,0.04100000000000001
batch-transport,batching,2014,transport,drive,walk,False,0.84,0.08,0.92,1.6928
length-256-neutral-end-direct,length,2015,answer,drive,walk,False,0.97,0.01,0.99,1.9602
transfer-weigh-goal,transfer,2016,answer,drive,walk,False,0.85,0.07,0.93,1.7298
factor-state-direct-0-0,factorial,2017,answer,drive,walk,False,0.87,0.07,0.93,1.7298
length-8192-neutral-middle-checks,length,2018,bring,yes,yes,True,0.99,0.99,0.99,0.0002000000000000002
length-8192-neutral-middle-checks,length,2018,walk,no,no,True,0.55,0.7,0.7,0.16380000000000003
count-river-algorithm,counting,2019,answer,2,2,True,0.66,0.69,0.69,0.18620000000000003
factor-state-goal-0-1,factorial,2020,answer,drive,walk,False,0.22,0.39,0.61,0.7442
count-abracadabra-algorithm,counting,2021,answer,2,2,True,0.54,0.59,0.59,0.25800000000000006
transfer-trade-direct,transfer,2022,answer,drive,walk,False,0.23,0.39,0.61,0.7442
longtransfer-wash-512-end-direct,long_transfer,2023,answer,drive,walk,False,0.97,0.02,0.98,1.9207999999999998
factor-inline-direct-1-1,factorial,2024,answer,drive,walk,False,0.79,0.01,0.86,1.7366
length-8192-walking-middle-direct,length,2025,answer,drive,walk,False,0.95,0.03,0.97,1.8818
