case_id,group,trial,question,expected,choice,correct,confidence,target_probability,top_probability,brier
decision-9-inspection-direct-True,decision,1,answer,bring,bring,True,0.97,0.99,0.99,0.0002000000000000002
decision-3-collection-described-False,decision,2,answer,go_without,go_without,True,1.0,1.0,1.0,0.0
decision-3-inspection-direct-False,decision,3,answer,bring,bring,True,0.92,0.96,0.96,0.003200000000000003
permutation-5-16,permutation,4,answer,v0,v0,True,0.17,0.39,0.39,0.5206
records-128-middle-1,competing_records,5,answer,red,red,True,1.0,1.0,1.0,0.0
decision-4-inspection-check-True,decision,6,answer,yes,yes,True,0.97,0.99,0.99,0.0002000000000000002
decision-11-collection-direct-False,decision,7,answer,go_without,go_without,True,0.99,1.0,1.0,0.0
logic-2-2-yes,logic_depth,8,answer,yes,yes,True,1.0,1.0,1.0,0.0
decision-11-collection-direct-False,decision,9,answer,go_without,go_without,True,0.99,1.0,1.0,0.0
decision-11-appointment-check-False,decision,10,answer,no,no,True,1.0,1.0,1.0,0.0
logic-32-1-cannot_be_determined,logic_depth,11,answer,cannot_be_determined,cannot_be_determined,True,0.94,0.96,0.96,0.003200000000000003
decision-2-appointment-check-True,decision,12,answer,no,no,True,1.0,1.0,1.0,0.0
logic-4-1-cannot_be_determined,logic_depth,13,answer,cannot_be_determined,cannot_be_determined,True,0.98,0.99,0.99,0.0002000000000000002
decision-9-service-check-True,decision,14,answer,yes,yes,True,0.99,1.0,1.0,0.0
decision-5-inspection-described-True,decision,15,answer,bring,bring,True,0.99,1.0,1.0,0.0
decision-10-appointment-direct-True,decision,16,answer,go_without,go_without,True,1.0,1.0,1.0,0.0
permutation-4-7,permutation,17,answer,v0,v0,True,0.26,0.44,0.44,0.46420000000000006
decision-0-appointment-described-False,decision,18,answer,go_without,go_without,True,1.0,1.0,1.0,0.0
permutation-2-3,permutation,19,answer,v0,v0,True,0.13,0.35,0.35,0.5844
decision-6-service-check-False,decision,20,answer,yes,yes,True,0.87,0.91,0.91,0.012199999999999996
records-0-middle-2,competing_records,21,answer,blue,blue,True,1.0,1.0,1.0,0.0
permutation-3-11,permutation,22,answer,v0,v3,False,0.19,0.28,0.39,0.7514
decision-10-appointment-described-False,decision,23,answer,go_without,go_without,True,1.0,1.0,1.0,0.0
decision-0-inspection-check-True,decision,24,answer,yes,yes,True,0.93,0.95,0.95,0.0038000000000000043
permutation-1-3,permutation,25,answer,v0,v0,True,0.51,0.63,0.63,0.1978
decision-1-appointment-check-True,decision,26,answer,no,no,True,1.0,1.0,1.0,0.0
permutation-1-4,permutation,27,answer,v0,v0,True,0.62,0.71,0.71,0.11740000000000002
permutation-5-0,permutation,28,answer,v0,v3,False,0.21,0.38,0.41,0.5786
decision-2-collection-check-True,decision,29,answer,no,no,True,1.0,1.0,1.0,0.0
permutation-0-10,permutation,30,answer,v0,v0,True,0.63,0.73,0.73,0.10260000000000001
records-16-end-0,competing_records,31,answer,yellow,yellow,True,1.0,1.0,1.0,0.0
permutation-1-3,permutation,32,answer,v0,v0,True,0.45,0.58,0.58,0.25860000000000005
decision-11-appointment-check-False,decision,33,answer,no,no,True,1.0,1.0,1.0,0.0
decision-7-service-check-True,decision,34,answer,yes,yes,True,0.94,0.96,0.96,0.002600000000000003
logic-1-0-no,logic_depth,35,answer,no,no,True,1.0,1.0,1.0,0.0
records-16-middle-1,competing_records,36,answer,red,red,True,1.0,1.0,1.0,0.0
logic-32-0-yes,logic_depth,37,answer,yes,yes,True,1.0,1.0,1.0,0.0
tracking-16-0,multi_tracking,38,answer,office,office,True,0.95,0.97,0.97,0.0018000000000000017
permutation-5-21,permutation,39,answer,v0,v3,False,0.47,0.15,0.59,1.1141999999999999
records-16-middle-1,competing_records,40,answer,red,red,True,1.0,1.0,1.0,0.0
decision-7-collection-direct-False,decision,41,answer,go_without,go_without,True,1.0,1.0,1.0,0.0
logic-4-0-no,logic_depth,42,answer,no,no,True,0.97,0.98,0.98,0.0008000000000000008
decision-0-appointment-check-False,decision,43,answer,no,no,True,1.0,1.0,1.0,0.0
logic-4-0-cannot_be_determined,logic_depth,44,answer,cannot_be_determined,cannot_be_determined,True,0.97,0.98,0.98,0.0008000000000000008
decision-1-service-described-True,decision,45,answer,bring,bring,True,0.98,0.99,0.99,0.0002000000000000002
permutation-3-21,permutation,46,answer,v0,v3,False,0.36,0.21,0.53,0.9486000000000001
decision-6-service-described-True,decision,47,answer,bring,bring,True,0.95,0.97,0.97,0.0018000000000000017
logic-16-2-cannot_be_determined,logic_depth,48,answer,cannot_be_determined,cannot_be_determined,True,0.81,0.88,0.88,0.0266
permutation-1-5,permutation,49,answer,v0,v0,True,0.66,0.74,0.74,0.0966
decision-5-appointment-direct-False,decision,50,answer,go_without,go_without,True,1.0,1.0,1.0,0.0
logic-16-2-yes,logic_depth,51,answer,yes,yes,True,1.0,1.0,1.0,0.0
permutation-2-1,permutation,52,answer,v0,v3,False,0.21,0.33,0.4,0.6477999999999999
records-0-start-0,competing_records,53,answer,yellow,yellow,True,1.0,1.0,1.0,0.0
permutation-5-16,permutation,54,answer,v0,v0,True,0.31,0.49,0.49,0.3582
tracking-2-1,multi_tracking,55,answer,office,office,True,1.0,1.0,1.0,0.0
permutation-5-8,permutation,56,answer,v0,v3,False,0.37,0.25,0.52,0.8654000000000001
decision-3-service-direct-True,decision,57,answer,bring,bring,True,0.92,0.96,0.96,0.003200000000000003
decision-7-collection-described-False,decision,58,answer,go_without,go_without,True,1.0,1.0,1.0,0.0
permutation-1-11,permutation,59,answer,v0,v0,True,0.64,0.74,0.74,0.09460000000000002
decision-3-collection-described-False,decision,60,answer,go_without,go_without,True,1.0,1.0,1.0,0.0
decision-10-collection-check-True,decision,61,answer,no,no,True,1.0,1.0,1.0,0.0
logic-4-2-no,logic_depth,62,answer,no,no,True,0.95,0.96,0.96,0.003200000000000003
permutation-3-23,permutation,63,answer,v0,v3,False,0.28,0.32,0.46,0.7031999999999999
logic-16-0-yes,logic_depth,64,answer,yes,yes,True,1.0,1.0,1.0,0.0
records-128-start-2,competing_records,65,answer,blue,blue,True,1.0,1.0,1.0,0.0
permutation-2-17,permutation,66,answer,v0,v0,True,0.19,0.4,0.4,0.5096
decision-5-service-described-False,decision,67,answer,bring,bring,True,0.98,0.99,0.99,0.0002000000000000002
decision-3-service-check-True,decision,68,answer,yes,yes,True,0.88,0.92,0.92,0.009799999999999994
decision-0-service-described-False,decision,69,answer,bring,bring,True,0.98,0.99,0.99,0.0002000000000000002
decision-6-inspection-check-False,decision,70,answer,yes,yes,True,0.99,1.0,1.0,0.0
tracking-1-2,multi_tracking,71,answer,hall,hall,True,1.0,1.0,1.0,0.0
permutation-4-22,permutation,72,answer,v0,v0,True,0.19,0.39,0.39,0.5124
records-128-end-1,competing_records,73,answer,red,red,True,1.0,1.0,1.0,0.0
decision-0-service-direct-False,decision,74,answer,bring,bring,True,0.96,0.98,0.98,0.0008000000000000008
logic-16-2-no,logic_depth,75,answer,no,no,True,0.9,0.94,0.94,0.007200000000000007
permutation-5-13,permutation,76,answer,v0,v0,True,0.18,0.38,0.38,0.532
decision-2-service-direct-True,decision,77,answer,bring,bring,True,0.94,0.97,0.97,0.0018000000000000017
permutation-4-8,permutation,78,answer,v0,v0,True,0.27,0.44,0.44,0.4606
decision-1-inspection-described-True,decision,79,answer,bring,bring,True,0.98,0.99,0.99,0.0002000000000000002
permutation-5-10,permutation,80,answer,v0,v1,False,0.29,0.15,0.48,1.0526
decision-5-appointment-described-True,decision,81,answer,go_without,go_without,True,1.0,1.0,1.0,0.0
permutation-4-2,permutation,82,answer,v0,v0,True,0.46,0.6,0.6,0.21680000000000002
permutation-2-18,permutation,83,answer,v0,v3,False,0.16,0.28,0.37,0.7166
tracking-8-1,multi_tracking,84,answer,garden,garden,True,0.97,0.98,0.98,0.0008000000000000008
permutation-0-14,permutation,85,answer,v0,v0,True,0.61,0.71,0.71,0.11300000000000002
decision-8-appointment-direct-True,decision,86,answer,go_without,go_without,True,1.0,1.0,1.0,0.0
logic-32-2-yes,logic_depth,87,answer,yes,yes,True,1.0,1.0,1.0,0.0
decision-3-service-described-False,decision,88,answer,bring,bring,True,0.89,0.95,0.95,0.0050000000000000044
tracking-2-2,multi_tracking,89,answer,hall,hall,True,1.0,1.0,1.0,0.0
decision-9-collection-described-False,decision,90,answer,go_without,go_without,True,1.0,1.0,1.0,0.0
logic-32-0-yes,logic_depth,91,answer,yes,yes,True,1.0,1.0,1.0,0.0
decision-1-collection-described-True,decision,92,answer,go_without,go_without,True,1.0,1.0,1.0,0.0
decision-8-collection-direct-False,decision,93,answer,go_without,go_without,True,0.99,1.0,1.0,0.0
decision-4-collection-described-True,decision,94,answer,go_without,go_without,True,1.0,1.0,1.0,0.0
decision-7-service-check-False,decision,95,answer,yes,yes,True,0.96,0.97,0.97,0.0014000000000000017
decision-8-collection-check-True,decision,96,answer,no,no,True,1.0,1.0,1.0,0.0
permutation-2-6,permutation,97,answer,v0,v3,False,0.19,0.32,0.39,0.6626
permutation-1-12,permutation,98,answer,v0,v0,True,0.51,0.62,0.62,0.221
decision-9-service-described-False,decision,99,answer,bring,bring,True,0.98,0.99,0.99,0.0002000000000000002
permutation-3-17,permutation,100,answer,v0,v0,True,0.19,0.39,0.39,0.5412
decision-5-collection-described-False,decision,101,answer,go_without,go_without,True,1.0,1.0,1.0,0.0
logic-4-1-yes,logic_depth,102,answer,yes,yes,True,1.0,1.0,1.0,0.0
permutation-4-21,permutation,103,answer,v0,v3,False,0.16,0.35,0.37,0.6036
permutation-5-12,permutation,104,answer,v0,v0,True,0.29,0.47000000000000003,0.47000000000000003,0.3956
records-128-start-1,competing_records,105,answer,red,red,True,1.0,1.0,1.0,0.0
decision-7-collection-check-False,decision,106,answer,no,no,True,1.0,1.0,1.0,0.0
decision-2-appointment-check-False,decision,107,answer,no,no,True,1.0,1.0,1.0,0.0
permutation-1-5,permutation,108,answer,v0,v0,True,0.7,0.78,0.78,0.06799999999999999
tracking-1-1,multi_tracking,109,answer,hall,hall,True,1.0,1.0,1.0,0.0
permutation-2-8,permutation,110,answer,v0,v0,True,0.15,0.36,0.36,0.5664
logic-1-0-no,logic_depth,111,answer,no,no,True,1.0,1.0,1.0,0.0
decision-3-appointment-described-False,decision,112,answer,go_without,go_without,True,1.0,1.0,1.0,0.0
permutation-2-10,permutation,113,answer,v0,v3,False,0.28,0.23,0.45,0.8516
decision-7-inspection-check-False,decision,114,answer,yes,yes,True,0.99,1.0,1.0,0.0
permutation-1-2,permutation,115,answer,v0,v0,True,0.56,0.67,0.67,0.16099999999999998
decision-0-service-described-False,decision,116,answer,bring,bring,True,0.96,0.98,0.98,0.0008000000000000008
decision-10-inspection-check-True,decision,117,answer,yes,yes,True,0.99,1.0,1.0,0.0
decision-0-appointment-check-False,decision,118,answer,no,no,True,1.0,1.0,1.0,0.0
permutation-0-21,permutation,119,answer,v0,v0,True,0.71,0.78,0.78,0.06499999999999999
decision-4-collection-direct-True,decision,120,answer,go_without,go_without,True,1.0,1.0,1.0,0.0
logic-1-0-yes,logic_depth,121,answer,yes,yes,True,1.0,1.0,1.0,0.0
decision-11-appointment-described-True,decision,122,answer,go_without,go_without,True,1.0,1.0,1.0,0.0
decision-11-service-check-False,decision,123,answer,yes,yes,True,0.98,0.99,0.99,0.0002000000000000002
decision-0-service-check-False,decision,124,answer,yes,yes,True,0.99,0.99,0.99,0.0002000000000000002
decision-3-inspection-described-False,decision,125,answer,bring,bring,True,0.96,0.98,0.98,0.0008000000000000008
permutation-0-8,permutation,126,answer,v0,v0,True,0.69,0.77,0.77,0.0706
permutation-1-23,permutation,127,answer,v0,v0,True,0.66,0.75,0.75,0.0876
decision-9-inspection-described-False,decision,128,answer,bring,bring,True,0.99,1.0,1.0,0.0
decision-3-inspection-check-False,decision,129,answer,yes,yes,True,0.98,0.99,0.99,0.0002000000000000002
decision-11-service-described-True,decision,130,answer,bring,bring,True,0.97,0.99,0.99,0.0002000000000000002
decision-9-appointment-direct-True,decision,131,answer,go_without,go_without,True,1.0,1.0,1.0,0.0
decision-1-appointment-check-False,decision,132,answer,no,no,True,1.0,1.0,1.0,0.0
decision-0-collection-described-True,decision,133,answer,go_without,go_without,True,1.0,1.0,1.0,0.0
records-128-end-0,competing_records,134,answer,yellow,yellow,True,0.99,1.0,1.0,0.0
decision-0-inspection-described-True,decision,135,answer,bring,bring,True,0.94,0.97,0.97,0.0018000000000000017
permutation-5-4,permutation,136,answer,v0,v0,True,0.24,0.43,0.43,0.48980000000000007
decision-11-inspection-direct-False,decision,137,answer,bring,bring,True,0.98,0.99,0.99,0.0002000000000000002
permutation-1-6,permutation,138,answer,v0,v0,True,0.62,0.71,0.71,0.12100000000000002
logic-16-0-yes,logic_depth,139,answer,yes,yes,True,1.0,1.0,1.0,0.0
decision-4-appointment-direct-True,decision,140,answer,go_without,go_without,True,1.0,1.0,1.0,0.0
tracking-16-2,multi_tracking,141,answer,office,office,True,0.89,0.92,0.92,0.012799999999999994
logic-1-1-cannot_be_determined,logic_depth,142,answer,cannot_be_determined,cannot_be_determined,True,1.0,1.0,1.0,0.0
records-16-start-0,competing_records,143,answer,yellow,yellow,True,1.0,1.0,1.0,0.0
permutation-0-19,permutation,144,answer,v0,v0,True,0.57,0.67,0.67,0.14579999999999996
decision-4-collection-check-False,decision,145,answer,no,no,True,1.0,1.0,1.0,0.0
decision-2-inspection-described-False,decision,146,answer,bring,bring,True,0.93,0.97,0.97,0.0018000000000000017
permutation-0-5,permutation,147,answer,v0,v0,True,0.7,0.77,0.77,0.07079999999999999
decision-6-collection-direct-False,decision,148,answer,go_without,go_without,True,1.0,1.0,1.0,0.0
permutation-4-16,permutation,149,answer,v0,v0,True,0.43,0.5599999999999999,0.5599999999999999,0.27620000000000006
permutation-0-2,permutation,150,answer,v0,v0,True,0.69,0.76,0.76,0.077
permutation-3-7,permutation,151,answer,v0,v3,False,0.16,0.3,0.38,0.7018
decision-10-appointment-described-False,decision,152,answer,go_without,go_without,True,1.0,1.0,1.0,0.0
decision-8-inspection-described-True,decision,153,answer,bring,bring,True,0.94,0.97,0.97,0.0018000000000000017
permutation-1-1,permutation,154,answer,v0,v0,True,0.68,0.75,0.75,0.0902
decision-3-service-described-False,decision,155,answer,bring,bring,True,0.92,0.96,0.96,0.003200000000000003
permutation-2-23,permutation,156,answer,v0,v0,True,0.23,0.42,0.42,0.46260000000000007
decision-10-inspection-described-True,decision,157,answer,bring,bring,True,0.98,0.99,0.99,0.0002000000000000002
decision-2-collection-direct-True,decision,158,answer,go_without,go_without,True,0.99,0.99,0.99,0.0002000000000000002
permutation-4-9,permutation,159,answer,v0,v0,True,0.26,0.44,0.44,0.4312000000000001
decision-10-service-direct-True,decision,160,answer,bring,bring,True,0.93,0.96,0.96,0.003200000000000003
decision-3-collection-described-True,decision,161,answer,go_without,go_without,True,1.0,1.0,1.0,0.0
logic-1-2-no,logic_depth,162,answer,no,no,True,1.0,1.0,1.0,0.0
logic-1-1-no,logic_depth,163,answer,no,no,True,1.0,1.0,1.0,0.0
permutation-5-22,permutation,164,answer,v0,v3,False,0.21,0.33,0.39999999999999997,0.6477999999999999
decision-5-appointment-direct-True,decision,165,answer,go_without,go_without,True,1.0,1.0,1.0,0.0
records-0-start-2,competing_records,166,answer,blue,blue,True,1.0,1.0,1.0,0.0
records-128-middle-2,competing_records,167,answer,blue,blue,True,1.0,1.0,1.0,0.0
permutation-0-22,permutation,168,answer,v0,v0,True,0.57,0.68,0.68,0.13939999999999997
decision-9-collection-check-True,decision,169,answer,no,no,True,1.0,1.0,1.0,0.0
decision-2-appointment-direct-False,decision,170,answer,go_without,go_without,True,0.99,1.0,1.0,0.0
decision-11-collection-check-True,decision,171,answer,no,no,True,1.0,1.0,1.0,0.0
permutation-2-2,permutation,172,answer,v0,v3,False,0.24,0.31,0.43,0.6947999999999999
permutation-5-17,permutation,173,answer,v0,v3,False,0.24,0.24,0.42,0.8119999999999999
logic-2-2-yes,logic_depth,174,answer,yes,yes,True,1.0,1.0,1.0,0.0
decision-5-service-described-True,decision,175,answer,bring,bring,True,0.97,0.99,0.99,0.0002000000000000002
decision-6-inspection-direct-False,decision,176,answer,bring,bring,True,0.97,0.98,0.98,0.0008000000000000008
permutation-5-0,permutation,177,answer,v0,v0,True,0.28,0.46,0.46,0.44420000000000004
decision-5-inspection-check-True,decision,178,answer,yes,yes,True,1.0,1.0,1.0,0.0
logic-1-2-no,logic_depth,179,answer,no,no,True,1.0,1.0,1.0,0.0
decision-6-collection-direct-True,decision,180,answer,go_without,go_without,True,1.0,1.0,1.0,0.0
logic-32-2-yes,logic_depth,181,answer,yes,yes,True,1.0,1.0,1.0,0.0
decision-2-service-check-True,decision,182,answer,yes,yes,True,0.99,0.99,0.99,0.0002000000000000002
decision-7-collection-direct-False,decision,183,answer,go_without,go_without,True,1.0,1.0,1.0,0.0
decision-10-service-direct-False,decision,184,answer,bring,bring,True,0.95,0.98,0.98,0.0008000000000000008
permutation-3-11,permutation,185,answer,v0,v3,False,0.12,0.31,0.33,0.6739999999999999
decision-4-inspection-direct-False,decision,186,answer,bring,bring,True,0.96,0.98,0.98,0.0008000000000000008
decision-0-appointment-described-True,decision,187,answer,go_without,go_without,True,1.0,1.0,1.0,0.0
permutation-2-10,permutation,188,answer,v0,v3,False,0.18,0.27,0.39,0.7459999999999999
decision-3-appointment-check-False,decision,189,answer,no,no,True,1.0,1.0,1.0,0.0
decision-7-service-check-False,decision,190,answer,yes,yes,True,0.93,0.95,0.95,0.0038000000000000043
records-512-start-2,competing_records,191,answer,blue,blue,True,1.0,1.0,1.0,0.0
records-16-middle-0,competing_records,192,answer,yellow,yellow,True,1.0,1.0,1.0,0.0
permutation-4-8,permutation,193,answer,v0,v0,True,0.28,0.46,0.46,0.40340000000000004
decision-9-service-check-False,decision,194,answer,yes,yes,True,0.98,0.99,0.99,0.0002000000000000002
decision-3-appointment-check-True,decision,195,answer,no,no,True,1.0,1.0,1.0,0.0
logic-8-1-yes,logic_depth,196,answer,yes,yes,True,1.0,1.0,1.0,0.0
decision-4-collection-direct-True,decision,197,answer,go_without,go_without,True,0.99,1.0,1.0,0.0
decision-11-inspection-described-True,decision,198,answer,bring,bring,True,0.99,0.99,0.99,0.0002000000000000002
logic-1-0-yes,logic_depth,199,answer,yes,yes,True,1.0,1.0,1.0,0.0
permutation-3-16,permutation,200,answer,v0,v3,False,0.16,0.31,0.37,0.6841999999999999
decision-0-inspection-described-False,decision,201,answer,bring,bring,True,0.95,0.97,0.97,0.0018000000000000017
permutation-1-7,permutation,202,answer,v0,v0,True,0.58,0.68,0.68,0.15259999999999996
decision-4-appointment-described-True,decision,203,answer,go_without,go_without,True,1.0,1.0,1.0,0.0
decision-8-service-check-False,decision,204,answer,yes,yes,True,0.96,0.97,0.97,0.0014000000000000017
logic-32-1-yes,logic_depth,205,answer,yes,yes,True,1.0,1.0,1.0,0.0
permutation-0-12,permutation,206,answer,v0,v0,True,0.64,0.72,0.72,0.10480000000000002
decision-11-service-direct-True,decision,207,answer,bring,bring,True,0.96,0.98,0.98,0.0008000000000000008
decision-9-service-direct-False,decision,208,answer,bring,bring,True,0.95,0.98,0.98,0.0008000000000000008
permutation-4-10,permutation,209,answer,v0,v0,True,0.19,0.4,0.4,0.5336
decision-8-service-direct-False,decision,210,answer,bring,bring,True,0.93,0.97,0.97,0.0018000000000000017
tracking-1-0,multi_tracking,211,answer,kitchen,kitchen,True,1.0,1.0,1.0,0.0
decision-5-inspection-described-True,decision,212,answer,bring,bring,True,0.99,1.0,1.0,0.0
permutation-1-20,permutation,213,answer,v0,v0,True,0.66,0.75,0.75,0.0882
permutation-4-15,permutation,214,answer,v0,v0,True,0.47,0.6,0.6,0.22960000000000003
permutation-1-13,permutation,215,answer,v0,v0,True,0.56,0.66,0.66,0.1672
decision-7-appointment-check-True,decision,216,answer,no,no,True,1.0,1.0,1.0,0.0
decision-8-appointment-check-False,decision,217,answer,no,no,True,1.0,1.0,1.0,0.0
records-512-end-2,competing_records,218,answer,blue,blue,True,1.0,1.0,1.0,0.0
logic-4-2-yes,logic_depth,219,answer,yes,yes,True,1.0,1.0,1.0,0.0
decision-8-collection-described-False,decision,220,answer,go_without,go_without,True,1.0,1.0,1.0,0.0
decision-4-service-described-True,decision,221,answer,bring,bring,True,0.94,0.97,0.97,0.0018000000000000017
decision-0-inspection-check-True,decision,222,answer,yes,yes,True,0.96,0.98,0.98,0.0006000000000000007
decision-1-collection-check-False,decision,223,answer,no,no,True,1.0,1.0,1.0,0.0
decision-3-appointment-described-False,decision,224,answer,go_without,go_without,True,1.0,1.0,1.0,0.0
decision-10-collection-check-False,decision,225,answer,no,no,True,1.0,1.0,1.0,0.0
permutation-5-9,permutation,226,answer,v0,v3,False,0.13,0.19,0.35000000000000003,0.8942000000000001
permutation-0-4,permutation,227,answer,v0,v0,True,0.61,0.7,0.7,0.12380000000000002
decision-11-service-direct-False,decision,228,answer,bring,bring,True,0.98,0.99,0.99,0.0002000000000000002
logic-4-0-no,logic_depth,229,answer,no,no,True,0.98,0.98,0.98,0.0008000000000000008
decision-6-service-direct-True,decision,230,answer,bring,bring,True,0.91,0.96,0.96,0.003200000000000003
decision-9-service-check-True,decision,231,answer,yes,yes,True,0.99,1.0,1.0,0.0
logic-2-1-yes,logic_depth,232,answer,yes,yes,True,1.0,1.0,1.0,0.0
permutation-3-6,permutation,233,answer,v0,v3,False,0.21,0.3,0.39999999999999997,0.7111999999999999
decision-11-inspection-direct-True,decision,234,answer,bring,bring,True,0.97,0.98,0.98,0.0008000000000000008
decision-10-inspection-described-False,decision,235,answer,bring,bring,True,0.99,1.0,1.0,0.0
decision-11-collection-check-False,decision,236,answer,no,no,True,1.0,1.0,1.0,0.0
permutation-1-20,permutation,237,answer,v0,v0,True,0.56,0.67,0.67,0.16339999999999996
decision-4-service-described-False,decision,238,answer,bring,bring,True,0.94,0.97,0.97,0.0018000000000000017
decision-9-collection-direct-False,decision,239,answer,go_without,go_without,True,1.0,1.0,1.0,0.0
decision-9-inspection-direct-True,decision,240,answer,bring,bring,True,0.98,0.99,0.99,0.0002000000000000002
decision-3-inspection-check-True,decision,241,answer,yes,yes,True,0.98,0.99,0.99,0.0002000000000000002
logic-16-2-yes,logic_depth,242,answer,yes,yes,True,1.0,1.0,1.0,0.0
permutation-5-2,permutation,243,answer,v0,v3,False,0.31,0.35,0.48,0.6674
decision-10-appointment-check-False,decision,244,answer,no,no,True,1.0,1.0,1.0,0.0
decision-7-collection-check-True,decision,245,answer,no,no,True,1.0,1.0,1.0,0.0
logic-2-2-cannot_be_determined,logic_depth,246,answer,cannot_be_determined,cannot_be_determined,True,0.99,0.99,0.99,0.0002000000000000002
logic-16-1-yes,logic_depth,247,answer,yes,yes,True,1.0,1.0,1.0,0.0
decision-6-appointment-direct-False,decision,248,answer,go_without,go_without,True,1.0,1.0,1.0,0.0
decision-1-appointment-direct-True,decision,249,answer,go_without,go_without,True,1.0,1.0,1.0,0.0
tracking-4-0,multi_tracking,250,answer,garden,garden,True,0.96,0.98,0.98,0.0008000000000000008
decision-4-collection-check-False,decision,251,answer,no,no,True,1.0,1.0,1.0,0.0
records-128-start-0,competing_records,252,answer,yellow,yellow,True,1.0,1.0,1.0,0.0
decision-8-collection-check-True,decision,253,answer,no,no,True,1.0,1.0,1.0,0.0
permutation-2-16,permutation,254,answer,v0,v0,True,0.15,0.37,0.37,0.531
decision-1-service-direct-True,decision,255,answer,bring,bring,True,0.96,0.98,0.98,0.0008000000000000008
decision-0-service-direct-True,decision,256,answer,bring,bring,True,0.94,0.97,0.97,0.0018000000000000017
decision-7-inspection-direct-False,decision,257,answer,bring,bring,True,0.97,0.99,0.99,0.0002000000000000002
decision-7-service-described-True,decision,258,answer,bring,bring,True,0.96,0.98,0.98,0.0008000000000000008
decision-10-inspection-described-False,decision,259,answer,bring,bring,True,0.98,0.99,0.99,0.0002000000000000002
permutation-5-15,permutation,260,answer,v0,v3,False,0.18,0.16,0.38,0.9757999999999999
decision-8-inspection-described-True,decision,261,answer,bring,bring,True,0.92,0.96,0.96,0.003200000000000003
decision-7-inspection-described-False,decision,262,answer,bring,bring,True,0.99,0.99,0.99,0.0002000000000000002
decision-11-appointment-check-True,decision,263,answer,no,no,True,1.0,1.0,1.0,0.0
decision-6-inspection-check-True,decision,264,answer,yes,yes,True,0.98,0.98,0.98,0.0006000000000000007
logic-4-0-yes,logic_depth,265,answer,yes,yes,True,1.0,1.0,1.0,0.0
decision-11-appointment-direct-False,decision,266,answer,go_without,go_without,True,1.0,1.0,1.0,0.0
decision-0-service-check-True,decision,267,answer,yes,yes,True,0.98,0.98,0.98,0.0006000000000000007
decision-7-collection-check-False,decision,268,answer,no,no,True,1.0,1.0,1.0,0.0
decision-11-appointment-described-True,decision,269,answer,go_without,go_without,True,1.0,1.0,1.0,0.0
decision-1-appointment-check-False,decision,270,answer,no,no,True,1.0,1.0,1.0,0.0
logic-8-1-no,logic_depth,271,answer,no,no,True,0.94,0.96,0.96,0.003200000000000003
decision-4-service-direct-False,decision,272,answer,bring,bring,True,0.93,0.96,0.96,0.003200000000000003
decision-11-service-check-False,decision,273,answer,yes,yes,True,0.96,0.97,0.97,0.0014000000000000017
decision-3-service-direct-False,decision,274,answer,bring,bring,True,0.89,0.95,0.95,0.0050000000000000044
decision-1-collection-check-True,decision,275,answer,no,no,True,1.0,1.0,1.0,0.0
logic-2-1-yes,logic_depth,276,answer,yes,yes,True,1.0,1.0,1.0,0.0
permutation-0-10,permutation,277,answer,v0,v0,True,0.55,0.66,0.66,0.16299999999999998
decision-4-inspection-described-True,decision,278,answer,bring,bring,True,0.93,0.97,0.97,0.0018000000000000017
decision-1-collection-check-True,decision,279,answer,no,no,True,1.0,1.0,1.0,0.0
permutation-3-9,permutation,280,answer,v0,v3,False,0.18,0.33,0.38,0.6466
tracking-2-1,multi_tracking,281,answer,office,office,True,1.0,1.0,1.0,0.0
decision-0-service-check-True,decision,282,answer,yes,yes,True,0.99,0.99,0.99,0.0002000000000000002
decision-3-collection-check-False,decision,283,answer,no,no,True,1.0,1.0,1.0,0.0
decision-2-collection-described-True,decision,284,answer,go_without,go_without,True,1.0,1.0,1.0,0.0
decision-5-inspection-described-False,decision,285,answer,bring,bring,True,0.99,1.0,1.0,0.0
permutation-5-21,permutation,286,answer,v0,v3,False,0.37,0.2,0.53,0.9614000000000001
permutation-4-7,permutation,287,answer,v0,v0,True,0.27,0.45,0.45,0.43740000000000007
permutation-4-9,permutation,288,answer,v0,v0,True,0.19,0.39,0.39,0.5334
decision-10-appointment-check-False,decision,289,answer,no,no,True,1.0,1.0,1.0,0.0
permutation-2-20,permutation,290,answer,v0,v0,True,0.24,0.44,0.44,0.42060000000000003
decision-0-appointment-described-False,decision,291,answer,go_without,go_without,True,1.0,1.0,1.0,0.0
decision-9-inspection-direct-False,decision,292,answer,bring,bring,True,0.98,0.99,0.99,0.0002000000000000002
decision-6-collection-direct-False,decision,293,answer,go_without,go_without,True,1.0,1.0,1.0,0.0
records-0-middle-1,competing_records,294,answer,red,red,True,1.0,1.0,1.0,0.0
permutation-0-8,permutation,295,answer,v0,v0,True,0.7,0.77,0.77,0.07139999999999999
decision-0-inspection-described-False,decision,296,answer,bring,bring,True,0.93,0.97,0.97,0.0018000000000000017
decision-7-appointment-described-False,decision,297,answer,go_without,go_without,True,1.0,1.0,1.0,0.0
decision-9-service-check-False,decision,298,answer,yes,yes,True,0.99,1.0,1.0,0.0
logic-2-0-no,logic_depth,299,answer,no,no,True,0.99,0.99,0.99,0.0002000000000000002
decision-10-appointment-check-True,decision,300,answer,no,no,True,1.0,1.0,1.0,0.0
permutation-4-5,permutation,301,answer,v0,v0,True,0.47,0.6,0.6,0.22640000000000002
decision-3-appointment-check-False,decision,302,answer,no,no,True,1.0,1.0,1.0,0.0
records-0-middle-1,competing_records,303,answer,red,red,True,1.0,1.0,1.0,0.0
permutation-5-18,permutation,304,answer,v0,v3,False,0.34,0.28,0.5,0.7944
permutation-4-14,permutation,305,answer,v0,v0,True,0.41,0.56,0.56,0.27119999999999994
decision-11-service-check-True,decision,306,answer,yes,yes,True,0.97,0.98,0.98,0.0006000000000000007
decision-9-collection-described-True,decision,307,answer,go_without,go_without,True,1.0,1.0,1.0,0.0
permutation-0-4,permutation,308,answer,v0,v0,True,0.68,0.76,0.76,0.0776
logic-2-0-cannot_be_determined,logic_depth,309,answer,cannot_be_determined,cannot_be_determined,True,0.99,1.0,1.0,0.0
permutation-4-19,permutation,310,answer,v0,v0,True,0.31,0.48,0.48,0.3834
permutation-3-4,permutation,311,answer,v0,v0,True,0.29,0.47,0.47,0.40620000000000006
decision-8-appointment-described-True,decision,312,answer,go_without,go_without,True,1.0,1.0,1.0,0.0
permutation-5-20,permutation,313,answer,v0,v3,False,0.21,0.32,0.41,0.6693999999999999
permutation-2-7,permutation,314,answer,v0,v3,False,0.23,0.24,0.41,0.8181999999999999
decision-10-service-check-True,decision,315,answer,yes,yes,True,0.93,0.96,0.96,0.002600000000000003
permutation-3-0,permutation,316,answer,v0,v0,True,0.22,0.41,0.41,0.5220000000000001
decision-0-inspection-check-False,decision,317,answer,yes,yes,True,0.96,0.97,0.97,0.0014000000000000017
decision-0-service-described-True,decision,318,answer,bring,bring,True,0.97,0.98,0.98,0.0008000000000000008
permutation-2-9,permutation,319,answer,v0,v3,False,0.21,0.3,0.42,0.7073999999999999
permutation-2-6,permutation,320,answer,v0,v3,False,0.17,0.32,0.38,0.6549999999999999
permutation-4-11,permutation,321,answer,v0,v1,False,0.19,0.35,0.39,0.6134000000000001
decision-2-collection-described-False,decision,322,answer,go_without,go_without,True,1.0,1.0,1.0,0.0
permutation-4-17,permutation,323,answer,v0,v0,True,0.25,0.44,0.44,0.4454
permutation-4-2,permutation,324,answer,v0,v0,True,0.58,0.68,0.68,0.13779999999999998
permutation-1-22,permutation,325,answer,v0,v0,True,0.59,0.69,0.69,0.13540000000000002
permutation-4-5,permutation,326,answer,v0,v0,True,0.55,0.67,0.67,0.15259999999999996
decision-8-service-described-False,decision,327,answer,bring,bring,True,0.96,0.98,0.98,0.0008000000000000008
decision-5-inspection-check-True,decision,328,answer,yes,yes,True,1.0,1.0,1.0,0.0
decision-8-service-described-False,decision,329,answer,bring,bring,True,0.96,0.98,0.98,0.0008000000000000008
decision-0-inspection-direct-False,decision,330,answer,bring,bring,True,0.89,0.95,0.95,0.0050000000000000044
decision-2-service-described-True,decision,331,answer,bring,bring,True,0.96,0.98,0.98,0.0008000000000000008
decision-6-collection-direct-False,decision,332,answer,go_without,go_without,True,1.0,1.0,1.0,0.0
permutation-0-19,permutation,333,answer,v0,v0,True,0.48,0.6,0.6,0.21380000000000005
decision-4-collection-check-True,decision,334,answer,no,no,True,1.0,1.0,1.0,0.0
permutation-2-4,permutation,335,answer,v0,v0,True,0.28,0.46,0.46,0.3986
decision-1-collection-described-True,decision,336,answer,go_without,go_without,True,1.0,1.0,1.0,0.0
decision-4-service-direct-True,decision,337,answer,bring,bring,True,0.94,0.97,0.97,0.0018000000000000017
decision-11-service-check-False,decision,338,answer,yes,yes,True,0.96,0.97,0.97,0.0014000000000000017
decision-2-inspection-direct-False,decision,339,answer,bring,bring,True,0.92,0.96,0.96,0.003200000000000003
decision-0-appointment-described-True,decision,340,answer,go_without,go_without,True,1.0,1.0,1.0,0.0
decision-2-appointment-check-False,decision,341,answer,no,no,True,1.0,1.0,1.0,0.0
decision-9-inspection-check-True,decision,342,answer,yes,yes,True,0.99,1.0,1.0,0.0
permutation-4-6,permutation,343,answer,v0,v0,True,0.34,0.5,0.5,0.3704
decision-8-service-direct-True,decision,344,answer,bring,bring,True,0.92,0.96,0.96,0.003200000000000003
permutation-2-14,permutation,345,answer,v0,v3,False,0.31,0.28,0.49,0.7862
permutation-0-16,permutation,346,answer,v0,v0,True,0.7,0.77,0.77,0.07339999999999999
logic-1-2-cannot_be_determined,logic_depth,347,answer,cannot_be_determined,cannot_be_determined,True,1.0,1.0,1.0,0.0
permutation-0-2,permutation,348,answer,v0,v0,True,0.71,0.79,0.79,0.05899999999999999
decision-9-service-direct-True,decision,349,answer,bring,bring,True,0.94,0.97,0.97,0.0018000000000000017
records-128-start-2,competing_records,350,answer,blue,blue,True,1.0,1.0,1.0,0.0
decision-6-appointment-described-True,decision,351,answer,go_without,go_without,True,1.0,1.0,1.0,0.0
decision-9-appointment-described-True,decision,352,answer,go_without,go_without,True,1.0,1.0,1.0,0.0
decision-6-inspection-direct-False,decision,353,answer,bring,bring,True,0.95,0.98,0.98,0.0008000000000000008
records-512-start-1,competing_records,354,answer,red,red,True,1.0,1.0,1.0,0.0
permutation-2-11,permutation,355,answer,v0,v3,False,0.33,0.26,0.5,0.8296
permutation-4-23,permutation,356,answer,v0,v3,False,0.15,0.35,0.36,0.5982000000000001
decision-2-appointment-described-True,decision,357,answer,go_without,go_without,True,1.0,1.0,1.0,0.0
decision-2-inspection-direct-False,decision,358,answer,bring,bring,True,0.91,0.95,0.95,0.0050000000000000044
decision-8-inspection-check-False,decision,359,answer,yes,yes,True,0.98,0.99,0.99,0.0002000000000000002
records-512-end-1,competing_records,360,answer,red,red,True,0.99,1.0,1.0,0.0
permutation-4-21,permutation,361,answer,v0,v3,False,0.24,0.31,0.43,0.7045999999999999
decision-7-collection-direct-True,decision,362,answer,go_without,go_without,True,1.0,1.0,1.0,0.0
permutation-2-17,permutation,363,answer,v0,v0,True,0.2,0.41000000000000003,0.41000000000000003,0.48059999999999997
decision-5-collection-check-False,decision,364,answer,no,no,True,1.0,1.0,1.0,0.0
decision-5-service-direct-True,decision,365,answer,bring,bring,True,0.95,0.98,0.98,0.0008000000000000008
permutation-1-0,permutation,366,answer,v0,v0,True,0.59,0.7,0.7,0.12860000000000002
decision-4-service-check-False,decision,367,answer,yes,yes,True,0.89,0.92,0.92,0.009799999999999994
decision-9-collection-described-True,decision,368,answer,go_without,go_without,True,1.0,1.0,1.0,0.0
permutation-3-4,permutation,369,answer,v0,v0,True,0.18,0.38,0.38,0.539
decision-3-service-direct-True,decision,370,answer,bring,bring,True,0.86,0.93,0.93,0.009799999999999993
decision-1-collection-described-False,decision,371,answer,go_without,go_without,True,1.0,1.0,1.0,0.0
decision-7-inspection-direct-False,decision,372,answer,bring,bring,True,0.98,0.99,0.99,0.0002000000000000002
permutation-1-22,permutation,373,answer,v0,v0,True,0.46,0.6,0.6,0.22420000000000004
decision-7-collection-described-False,decision,374,answer,go_without,go_without,True,1.0,1.0,1.0,0.0
permutation-1-3,permutation,375,answer,v0,v0,True,0.56,0.67,0.67,0.15659999999999996
decision-10-inspection-described-True,decision,376,answer,bring,bring,True,0.97,0.98,0.98,0.0008000000000000008
decision-0-collection-described-False,decision,377,answer,go_without,go_without,True,1.0,1.0,1.0,0.0
records-16-end-2,competing_records,378,answer,blue,blue,True,1.0,1.0,1.0,0.0
permutation-3-20,permutation,379,answer,v0,v3,False,0.51,0.16,0.64,1.1401999999999999
permutation-3-14,permutation,380,answer,v0,v3,False,0.34,0.35,0.51,0.6942
decision-10-appointment-check-False,decision,381,answer,no,no,True,1.0,1.0,1.0,0.0
decision-10-collection-check-True,decision,382,answer,no,no,True,1.0,1.0,1.0,0.0
decision-0-inspection-described-True,decision,383,answer,bring,bring,True,0.94,0.97,0.97,0.0018000000000000017
records-0-start-0,competing_records,384,answer,yellow,yellow,True,1.0,1.0,1.0,0.0
decision-4-collection-described-True,decision,385,answer,go_without,go_without,True,1.0,1.0,1.0,0.0
decision-3-appointment-direct-True,decision,386,answer,go_without,go_without,True,1.0,1.0,1.0,0.0
permutation-0-6,permutation,387,answer,v0,v0,True,0.63,0.73,0.73,0.10220000000000001
permutation-2-7,permutation,388,answer,v0,v3,False,0.18,0.27,0.38,0.7565999999999999
decision-2-inspection-check-True,decision,389,answer,yes,yes,True,0.96,0.97,0.97,0.0014000000000000017
decision-3-service-direct-True,decision,390,answer,bring,bring,True,0.92,0.96,0.96,0.003200000000000003
logic-2-0-yes,logic_depth,391,answer,yes,yes,True,1.0,1.0,1.0,0.0
records-0-end-1,competing_records,392,answer,red,red,True,1.0,1.0,1.0,0.0
decision-5-service-described-False,decision,393,answer,bring,bring,True,0.98,0.99,0.99,0.0002000000000000002
decision-9-collection-direct-False,decision,394,answer,go_without,go_without,True,1.0,1.0,1.0,0.0
decision-11-collection-direct-False,decision,395,answer,go_without,go_without,True,0.99,1.0,1.0,0.0
decision-1-inspection-described-True,decision,396,answer,bring,bring,True,0.98,0.99,0.99,0.0002000000000000002
logic-8-1-no,logic_depth,397,answer,no,no,True,0.96,0.97,0.97,0.0018000000000000017
decision-1-inspection-described-False,decision,398,answer,bring,bring,True,0.99,0.99,0.99,0.0002000000000000002
decision-11-collection-check-False,decision,399,answer,no,no,True,1.0,1.0,1.0,0.0
decision-5-collection-direct-True,decision,400,answer,go_without,go_without,True,1.0,1.0,1.0,0.0
decision-1-inspection-direct-True,decision,401,answer,bring,bring,True,0.98,0.99,0.99,0.0002000000000000002
decision-1-service-check-False,decision,402,answer,yes,yes,True,1.0,1.0,1.0,0.0
decision-3-inspection-check-False,decision,403,answer,yes,yes,True,0.98,0.99,0.99,0.0002000000000000002
decision-0-collection-check-False,decision,404,answer,no,no,True,1.0,1.0,1.0,0.0
decision-1-service-described-True,decision,405,answer,bring,bring,True,0.98,0.99,0.99,0.0002000000000000002
permutation-3-5,permutation,406,answer,v0,v3,False,0.14,0.34,0.36,0.6301999999999999
decision-3-collection-check-True,decision,407,answer,no,no,True,1.0,1.0,1.0,0.0
permutation-3-20,permutation,408,answer,v0,v3,False,0.5,0.21,0.62,1.0254
logic-2-1-cannot_be_determined,logic_depth,409,answer,cannot_be_determined,cannot_be_determined,True,0.99,0.99,0.99,0.0002000000000000002
permutation-1-18,permutation,410,answer,v0,v0,True,0.48,0.61,0.61,0.21000000000000002
logic-32-2-no,logic_depth,411,answer,no,no,True,0.85,0.9,0.9,0.019999999999999997
decision-0-inspection-check-False,decision,412,answer,yes,yes,True,0.97,0.98,0.98,0.0006000000000000007
records-16-end-0,competing_records,413,answer,yellow,yellow,True,1.0,1.0,1.0,0.0
decision-9-service-described-True,decision,414,answer,bring,bring,True,0.97,0.99,0.99,0.0002000000000000002
decision-11-inspection-described-False,decision,415,answer,bring,bring,True,0.98,0.99,0.99,0.0002000000000000002
records-0-middle-0,competing_records,416,answer,yellow,yellow,True,1.0,1.0,1.0,0.0
decision-0-inspection-described-False,decision,417,answer,bring,bring,True,0.92,0.96,0.96,0.003200000000000003
decision-1-inspection-direct-True,decision,418,answer,bring,bring,True,0.98,0.99,0.99,0.0002000000000000002
logic-1-0-cannot_be_determined,logic_depth,419,answer,cannot_be_determined,cannot_be_determined,True,1.0,1.0,1.0,0.0
permutation-2-20,permutation,420,answer,v0,v0,True,0.26,0.45,0.45,0.40820000000000006
decision-0-appointment-direct-True,decision,421,answer,go_without,go_without,True,1.0,1.0,1.0,0.0
decision-10-collection-direct-False,decision,422,answer,go_without,go_without,True,1.0,1.0,1.0,0.0
decision-9-collection-direct-True,decision,423,answer,go_without,go_without,True,1.0,1.0,1.0,0.0
decision-6-collection-described-False,decision,424,answer,go_without,go_without,True,1.0,1.0,1.0,0.0
decision-5-service-check-True,decision,425,answer,yes,yes,True,0.99,0.99,0.99,0.0002000000000000002
decision-5-service-direct-False,decision,426,answer,bring,bring,True,0.95,0.98,0.98,0.0008000000000000008
logic-1-2-yes,logic_depth,427,answer,yes,yes,True,1.0,1.0,1.0,0.0
permutation-3-10,permutation,428,answer,v0,v3,False,0.18,0.22,0.39,0.8678
permutation-0-0,permutation,429,answer,v0,v0,True,0.54,0.64,0.64,0.17779999999999999
decision-8-inspection-direct-True,decision,430,answer,bring,bring,True,0.92,0.96,0.96,0.003200000000000003
decision-5-appointment-check-True,decision,431,answer,no,no,True,1.0,1.0,1.0,0.0
permutation-4-17,permutation,432,answer,v0,v0,True,0.29,0.47,0.47,0.405
permutation-4-22,permutation,433,answer,v0,v0,True,0.17,0.38,0.38,0.5366000000000001
decision-1-collection-described-False,decision,434,answer,go_without,go_without,True,1.0,1.0,1.0,0.0
decision-9-inspection-described-False,decision,435,answer,bring,bring,True,0.99,0.99,0.99,0.0002000000000000002
decision-1-collection-check-True,decision,436,answer,no,no,True,1.0,1.0,1.0,0.0
permutation-2-14,permutation,437,answer,v0,v3,False,0.2,0.32,0.4,0.6634
records-16-end-0,competing_records,438,answer,yellow,yellow,True,1.0,1.0,1.0,0.0
decision-3-collection-check-True,decision,439,answer,no,no,True,1.0,1.0,1.0,0.0
logic-4-0-yes,logic_depth,440,answer,yes,yes,True,1.0,1.0,1.0,0.0
decision-4-collection-described-True,decision,441,answer,go_without,go_without,True,1.0,1.0,1.0,0.0
permutation-5-3,permutation,442,answer,v0,v0,True,0.44,0.57,0.57,0.25060000000000004
logic-4-2-cannot_be_determined,logic_depth,443,answer,cannot_be_determined,cannot_be_determined,True,0.95,0.97,0.97,0.0018000000000000017
decision-9-inspection-direct-False,decision,444,answer,bring,bring,True,0.98,0.99,0.99,0.0002000000000000002
permutation-1-19,permutation,445,answer,v0,v0,True,0.51,0.64,0.64,0.1842
decision-2-inspection-described-True,decision,446,answer,bring,bring,True,0.94,0.97,0.97,0.0018000000000000017
permutation-5-6,permutation,447,answer,v0,v3,False,0.36,0.2,0.53,0.9754000000000002
decision-2-collection-described-True,decision,448,answer,go_without,go_without,True,1.0,1.0,1.0,0.0
permutation-2-8,permutation,449,answer,v0,v3,False,0.2,0.31,0.39,0.6749999999999999
decision-0-inspection-direct-False,decision,450,answer,bring,bring,True,0.93,0.97,0.97,0.0018000000000000017
decision-1-inspection-described-False,decision,451,answer,bring,bring,True,0.99,0.99,0.99,0.0002000000000000002
decision-1-collection-direct-False,decision,452,answer,go_without,go_without,True,0.99,1.0,1.0,0.0
records-512-end-1,competing_records,453,answer,red,red,True,0.99,1.0,1.0,0.0
permutation-2-12,permutation,454,answer,v0,v3,False,0.37,0.21,0.53,0.9396000000000001
decision-0-collection-check-False,decision,455,answer,no,no,True,1.0,1.0,1.0,0.0
decision-5-collection-described-True,decision,456,answer,go_without,go_without,True,1.0,1.0,1.0,0.0
decision-7-appointment-direct-True,decision,457,answer,go_without,go_without,True,1.0,1.0,1.0,0.0
permutation-2-12,permutation,458,answer,v0,v3,False,0.28,0.23,0.45,0.8484
records-0-start-2,competing_records,459,answer,blue,blue,True,1.0,1.0,1.0,0.0
permutation-3-2,permutation,460,answer,v0,v0,True,0.19,0.39,0.39,0.5514
permutation-4-18,permutation,461,answer,v0,v0,True,0.26,0.44,0.44,0.44980000000000003
permutation-2-1,permutation,462,answer,v0,v3,False,0.19,0.35,0.39,0.6134000000000001
permutation-4-6,permutation,463,answer,v0,v0,True,0.31,0.49,0.49,0.3866
decision-6-appointment-check-False,decision,464,answer,no,no,True,1.0,1.0,1.0,0.0
decision-5-collection-direct-True,decision,465,answer,go_without,go_without,True,1.0,1.0,1.0,0.0
decision-10-service-described-True,decision,466,answer,bring,bring,True,0.91,0.96,0.96,0.003200000000000003
records-512-start-0,competing_records,467,answer,yellow,yellow,True,1.0,1.0,1.0,0.0
decision-1-service-direct-True,decision,468,answer,bring,bring,True,0.96,0.98,0.98,0.0008000000000000008
permutation-0-1,permutation,469,answer,v0,v0,True,0.59,0.69,0.69,0.13160000000000002
logic-16-0-yes,logic_depth,470,answer,yes,yes,True,1.0,1.0,1.0,0.0
decision-6-appointment-direct-True,decision,471,answer,go_without,go_without,True,1.0,1.0,1.0,0.0
decision-3-appointment-check-True,decision,472,answer,no,no,True,1.0,1.0,1.0,0.0
decision-8-appointment-direct-True,decision,473,answer,go_without,go_without,True,1.0,1.0,1.0,0.0
permutation-3-11,permutation,474,answer,v0,v0,True,0.17,0.38,0.38,0.5374
logic-16-1-cannot_be_determined,logic_depth,475,answer,cannot_be_determined,cannot_be_determined,True,0.98,0.99,0.99,0.0002000000000000002
permutation-0-4,permutation,476,answer,v0,v0,True,0.59,0.69,0.69,0.13020000000000004
decision-7-appointment-check-False,decision,477,answer,no,no,True,1.0,1.0,1.0,0.0
decision-1-service-direct-True,decision,478,answer,bring,bring,True,0.97,0.99,0.99,0.0002000000000000002
decision-4-inspection-check-False,decision,479,answer,yes,yes,True,0.99,0.99,0.99,0.0002000000000000002
permutation-5-18,permutation,480,answer,v0,v3,False,0.26,0.33,0.44,0.6701999999999999
decision-9-collection-check-True,decision,481,answer,no,no,True,1.0,1.0,1.0,0.0
decision-9-appointment-described-False,decision,482,answer,go_without,go_without,True,1.0,1.0,1.0,0.0
permutation-2-22,permutation,483,answer,v0,v0,True,0.17,0.38,0.38,0.5214000000000001
permutation-5-20,permutation,484,answer,v0,v3,False,0.32,0.25,0.49,0.8462
records-512-start-2,competing_records,485,answer,blue,blue,True,1.0,1.0,1.0,0.0
permutation-3-13,permutation,486,answer,v0,v3,False,0.24,0.28,0.43,0.7597999999999999
decision-6-appointment-check-False,decision,487,answer,no,no,True,1.0,1.0,1.0,0.0
permutation-3-19,permutation,488,answer,v0,v3,False,0.17,0.36,0.37,0.5974
decision-6-service-described-False,decision,489,answer,bring,bring,True,0.95,0.98,0.98,0.0008000000000000008
permutation-1-7,permutation,490,answer,v0,v0,True,0.51,0.64,0.64,0.191
decision-1-inspection-check-False,decision,491,answer,yes,yes,True,1.0,1.0,1.0,0.0
decision-7-inspection-direct-True,decision,492,answer,bring,bring,True,0.97,0.98,0.98,0.0008000000000000008
records-512-end-0,competing_records,493,answer,yellow,yellow,True,0.99,1.0,1.0,0.0
logic-32-2-cannot_be_determined,logic_depth,494,answer,cannot_be_determined,cannot_be_determined,True,0.75,0.83,0.83,0.05180000000000001
decision-6-collection-described-False,decision,495,answer,go_without,go_without,True,1.0,1.0,1.0,0.0
records-128-start-2,competing_records,496,answer,blue,blue,True,1.0,1.0,1.0,0.0
decision-1-appointment-check-True,decision,497,answer,no,no,True,1.0,1.0,1.0,0.0
decision-1-inspection-check-True,decision,498,answer,yes,yes,True,1.0,1.0,1.0,0.0
decision-1-service-direct-False,decision,499,answer,bring,bring,True,0.99,0.99,0.99,0.0002000000000000002
logic-2-1-yes,logic_depth,500,answer,yes,yes,True,1.0,1.0,1.0,0.0
records-16-start-0,competing_records,501,answer,yellow,yellow,True,1.0,1.0,1.0,0.0
permutation-4-7,permutation,502,answer,v0,v0,True,0.31,0.47,0.47,0.41300000000000003
permutation-1-2,permutation,503,answer,v0,v0,True,0.66,0.74,0.74,0.0942
logic-4-0-cannot_be_determined,logic_depth,504,answer,cannot_be_determined,cannot_be_determined,True,0.97,0.98,0.98,0.0008000000000000008
records-0-end-0,competing_records,505,answer,yellow,yellow,True,1.0,1.0,1.0,0.0
permutation-3-16,permutation,506,answer,v0,v3,False,0.14,0.29,0.37,0.7188
records-128-end-1,competing_records,507,answer,red,red,True,1.0,1.0,1.0,0.0
decision-4-service-direct-True,decision,508,answer,bring,bring,True,0.95,0.98,0.98,0.0008000000000000008
decision-5-service-described-True,decision,509,answer,bring,bring,True,0.97,0.98,0.98,0.0008000000000000008
permutation-5-9,permutation,510,answer,v0,v1,False,0.2,0.19,0.4,0.9182000000000001
permutation-2-15,permutation,511,answer,v0,v0,True,0.19,0.38,0.38,0.553
decision-0-collection-direct-False,decision,512,answer,go_without,go_without,True,1.0,1.0,1.0,0.0
permutation-1-16,permutation,513,answer,v0,v0,True,0.65,0.74,0.74,0.095
decision-1-inspection-check-True,decision,514,answer,yes,yes,True,1.0,1.0,1.0,0.0
decision-1-service-described-False,decision,515,answer,bring,bring,True,0.99,0.99,0.99,0.0002000000000000002
permutation-5-5,permutation,516,answer,v0,v0,True,0.6,0.7,0.7,0.12740000000000004
decision-1-collection-direct-True,decision,517,answer,go_without,go_without,True,1.0,1.0,1.0,0.0
decision-4-service-check-True,decision,518,answer,yes,yes,True,0.81,0.88,0.88,0.0234
decision-2-appointment-described-False,decision,519,answer,go_without,go_without,True,1.0,1.0,1.0,0.0
decision-2-collection-direct-False,decision,520,answer,go_without,go_without,True,0.99,1.0,1.0,0.0
logic-4-2-yes,logic_depth,521,answer,yes,yes,True,1.0,1.0,1.0,0.0
logic-16-2-no,logic_depth,522,answer,no,no,True,0.89,0.93,0.93,0.009799999999999993
decision-8-service-described-False,decision,523,answer,bring,bring,True,0.97,0.98,0.98,0.0008000000000000008
permutation-4-10,permutation,524,answer,v0,v0,True,0.34,0.5,0.5,0.3514
decision-3-inspection-check-True,decision,525,answer,yes,yes,True,0.98,0.98,0.98,0.0006000000000000007
permutation-4-20,permutation,526,answer,v0,v3,False,0.35,0.27,0.51,0.8243999999999999
decision-4-service-described-False,decision,527,answer,bring,bring,True,0.95,0.98,0.98,0.0008000000000000008
logic-16-2-cannot_be_determined,logic_depth,528,answer,cannot_be_determined,cannot_be_determined,True,0.83,0.89,0.89,0.0222
logic-4-1-cannot_be_determined,logic_depth,529,answer,cannot_be_determined,cannot_be_determined,True,0.98,0.99,0.99,0.0002000000000000002
decision-9-inspection-direct-False,decision,530,answer,bring,bring,True,0.99,0.99,0.99,0.0002000000000000002
tracking-1-0,multi_tracking,531,answer,kitchen,kitchen,True,1.0,1.0,1.0,0.0
decision-4-service-check-False,decision,532,answer,yes,yes,True,0.85,0.89,0.89,0.018199999999999997
decision-2-service-check-False,decision,533,answer,yes,yes,True,0.99,1.0,1.0,0.0
decision-7-collection-described-True,decision,534,answer,go_without,go_without,True,1.0,1.0,1.0,0.0
permutation-5-22,permutation,535,answer,v0,v3,False,0.43,0.21,0.57,0.9734
logic-16-0-no,logic_depth,536,answer,no,no,True,0.87,0.91,0.91,0.016199999999999992
logic-4-2-cannot_be_determined,logic_depth,537,answer,cannot_be_determined,cannot_be_determined,True,0.96,0.97,0.97,0.0018000000000000017
decision-11-appointment-described-False,decision,538,answer,go_without,go_without,True,1.0,1.0,1.0,0.0
decision-1-inspection-check-False,decision,539,answer,yes,yes,True,1.0,1.0,1.0,0.0
decision-1-appointment-described-False,decision,540,answer,go_without,go_without,True,1.0,1.0,1.0,0.0
decision-1-collection-described-False,decision,541,answer,go_without,go_without,True,1.0,1.0,1.0,0.0
logic-8-2-cannot_be_determined,logic_depth,542,answer,cannot_be_determined,cannot_be_determined,True,0.83,0.89,0.89,0.0242
decision-3-inspection-direct-False,decision,543,answer,bring,bring,True,0.96,0.98,0.98,0.0008000000000000008
decision-6-inspection-described-True,decision,544,answer,bring,bring,True,0.96,0.98,0.98,0.0008000000000000008
decision-8-collection-direct-True,decision,545,answer,go_without,go_without,True,0.99,1.0,1.0,0.0
decision-9-service-described-False,decision,546,answer,bring,bring,True,0.97,0.99,0.99,0.0002000000000000002
decision-0-appointment-check-True,decision,547,answer,no,no,True,1.0,1.0,1.0,0.0
decision-6-service-check-False,decision,548,answer,yes,yes,True,0.83,0.89,0.89,0.018199999999999997
decision-4-appointment-check-False,decision,549,answer,no,no,True,1.0,1.0,1.0,0.0
permutation-1-15,permutation,550,answer,v0,v0,True,0.69,0.77,0.77,0.0838
logic-32-0-no,logic_depth,551,answer,no,no,True,0.83,0.89,0.89,0.0242
decision-10-appointment-direct-False,decision,552,answer,go_without,go_without,True,1.0,1.0,1.0,0.0
permutation-0-15,permutation,553,answer,v0,v0,True,0.72,0.79,0.79,0.059599999999999986
permutation-2-5,permutation,554,answer,v0,v0,True,0.19,0.39,0.39,0.5166
records-512-middle-1,competing_records,555,answer,red,red,True,0.98,0.99,0.99,0.0002000000000000002
decision-8-service-described-True,decision,556,answer,bring,bring,True,0.95,0.98,0.98,0.0008000000000000008
decision-2-collection-check-True,decision,557,answer,no,no,True,1.0,1.0,1.0,0.0
permutation-3-18,permutation,558,answer,v0,v3,False,0.34,0.24,0.51,0.873
decision-11-inspection-direct-True,decision,559,answer,bring,bring,True,0.95,0.98,0.98,0.0008000000000000008
decision-3-appointment-described-False,decision,560,answer,go_without,go_without,True,1.0,1.0,1.0,0.0
permutation-1-8,permutation,561,answer,v0,v0,True,0.57,0.68,0.68,0.16339999999999996
decision-8-collection-check-True,decision,562,answer,no,no,True,1.0,1.0,1.0,0.0
logic-8-2-no,logic_depth,563,answer,no,no,True,0.93,0.95,0.95,0.0050000000000000044
decision-6-appointment-described-True,decision,564,answer,go_without,go_without,True,1.0,1.0,1.0,0.0
decision-4-appointment-check-True,decision,565,answer,no,no,True,1.0,1.0,1.0,0.0
permutation-2-15,permutation,566,answer,v0,v3,False,0.27,0.32,0.45,0.6913999999999999
tracking-16-0,multi_tracking,567,answer,office,office,True,0.97,0.98,0.98,0.0008000000000000008
permutation-1-12,permutation,568,answer,v0,v0,True,0.48,0.6,0.6,0.23780000000000004
permutation-0-11,permutation,569,answer,v0,v0,True,0.66,0.74,0.74,0.09620000000000001
decision-8-appointment-described-True,decision,570,answer,go_without,go_without,True,1.0,1.0,1.0,0.0
decision-11-inspection-check-True,decision,571,answer,yes,yes,True,0.98,0.99,0.99,0.0002000000000000002
permutation-4-22,permutation,572,answer,v0,v0,True,0.18,0.38,0.38,0.5298
decision-6-collection-check-True,decision,573,answer,no,no,True,1.0,1.0,1.0,0.0
decision-10-inspection-direct-False,decision,574,answer,bring,bring,True,0.99,0.99,0.99,0.0002000000000000002
logic-8-0-yes,logic_depth,575,answer,yes,yes,True,1.0,1.0,1.0,0.0
decision-0-service-direct-False,decision,576,answer,bring,bring,True,0.95,0.98,0.98,0.0008000000000000008
decision-8-inspection-direct-False,decision,577,answer,bring,bring,True,0.93,0.96,0.96,0.003200000000000003
decision-7-inspection-direct-True,decision,578,answer,bring,bring,True,0.96,0.98,0.98,0.0008000000000000008
logic-1-1-yes,logic_depth,579,answer,yes,yes,True,1.0,1.0,1.0,0.0
decision-9-appointment-direct-False,decision,580,answer,go_without,go_without,True,1.0,1.0,1.0,0.0
decision-7-inspection-check-True,decision,581,answer,yes,yes,True,0.99,1.0,1.0,0.0
permutation-3-6,permutation,582,answer,v0,v3,False,0.28,0.29,0.46,0.7554
logic-4-0-cannot_be_determined,logic_depth,583,answer,cannot_be_determined,cannot_be_determined,True,0.97,0.98,0.98,0.0008000000000000008
permutation-4-1,permutation,584,answer,v0,v0,True,0.69,0.78,0.78,0.0664
decision-3-inspection-described-True,decision,585,answer,bring,bring,True,0.92,0.96,0.96,0.003200000000000003
decision-1-collection-direct-True,decision,586,answer,go_without,go_without,True,0.99,1.0,1.0,0.0
logic-32-1-no,logic_depth,587,answer,no,no,True,0.95,0.97,0.97,0.0018000000000000017
decision-0-collection-check-True,decision,588,answer,no,no,True,1.0,1.0,1.0,0.0
decision-8-inspection-check-True,decision,589,answer,yes,yes,True,0.98,0.99,0.99,0.0002000000000000002
logic-2-0-no,logic_depth,590,answer,no,no,True,0.99,1.0,1.0,0.0
decision-4-appointment-described-False,decision,591,answer,go_without,go_without,True,1.0,1.0,1.0,0.0
permutation-1-18,permutation,592,answer,v0,v0,True,0.49,0.62,0.62,0.2014
decision-6-service-check-False,decision,593,answer,yes,yes,True,0.85,0.9,0.9,0.015199999999999995
permutation-3-3,permutation,594,answer,v0,v3,False,0.2,0.36,0.39,0.5970000000000001
records-16-middle-0,competing_records,595,answer,yellow,yellow,True,1.0,1.0,1.0,0.0
logic-1-2-cannot_be_determined,logic_depth,596,answer,cannot_be_determined,cannot_be_determined,True,1.0,1.0,1.0,0.0
decision-4-collection-check-True,decision,597,answer,no,no,True,1.0,1.0,1.0,0.0
decision-11-service-described-False,decision,598,answer,bring,bring,True,0.98,0.99,0.99,0.0002000000000000002
decision-11-service-direct-True,decision,599,answer,bring,bring,True,0.97,0.98,0.98,0.0008000000000000008
tracking-2-2,multi_tracking,600,answer,hall,hall,True,0.99,1.0,1.0,0.0
permutation-5-14,permutation,601,answer,v0,v3,False,0.24,0.36,0.44,0.6264000000000001
tracking-4-2,multi_tracking,602,answer,hall,hall,True,0.99,0.99,0.99,0.0002000000000000002
decision-6-service-direct-False,decision,603,answer,bring,bring,True,0.95,0.98,0.98,0.0008000000000000008
decision-1-appointment-described-True,decision,604,answer,go_without,go_without,True,1.0,1.0,1.0,0.0
logic-8-2-no,logic_depth,605,answer,no,no,True,0.93,0.96,0.96,0.003200000000000003
permutation-3-1,permutation,606,answer,v0,v0,True,0.24,0.43,0.43,0.4850000000000001
decision-5-service-described-False,decision,607,answer,bring,bring,True,0.98,0.99,0.99,0.0002000000000000002
permutation-0-7,permutation,608,answer,v0,v0,True,0.54,0.65,0.65,0.1678
decision-11-appointment-direct-False,decision,609,answer,go_without,go_without,True,1.0,1.0,1.0,0.0
decision-9-collection-check-False,decision,610,answer,no,no,True,1.0,1.0,1.0,0.0
decision-4-inspection-direct-False,decision,611,answer,bring,bring,True,0.94,0.97,0.97,0.0018000000000000017
permutation-3-0,permutation,612,answer,v0,v0,True,0.27,0.45,0.45,0.45260000000000006
decision-11-inspection-check-False,decision,613,answer,yes,yes,True,0.98,0.99,0.99,0.0002000000000000002
tracking-2-1,multi_tracking,614,answer,office,office,True,1.0,1.0,1.0,0.0
decision-1-service-check-True,decision,615,answer,yes,yes,True,1.0,1.0,1.0,0.0
permutation-1-18,permutation,616,answer,v0,v0,True,0.48,0.6,0.6,0.22080000000000005
decision-2-inspection-described-False,decision,617,answer,bring,bring,True,0.95,0.97,0.97,0.0018000000000000017
decision-10-collection-described-False,decision,618,answer,go_without,go_without,True,1.0,1.0,1.0,0.0
decision-7-service-check-True,decision,619,answer,yes,yes,True,0.94,0.96,0.96,0.002600000000000003
logic-1-0-cannot_be_determined,logic_depth,620,answer,cannot_be_determined,cannot_be_determined,True,1.0,1.0,1.0,0.0
permutation-3-15,permutation,621,answer,v0,v3,False,0.3,0.33,0.48,0.7033999999999999
decision-5-appointment-check-False,decision,622,answer,no,no,True,1.0,1.0,1.0,0.0
decision-4-inspection-check-True,decision,623,answer,yes,yes,True,0.98,0.99,0.99,0.0002000000000000002
decision-6-appointment-check-True,decision,624,answer,no,no,True,1.0,1.0,1.0,0.0
decision-7-appointment-described-False,decision,625,answer,go_without,go_without,True,1.0,1.0,1.0,0.0
records-0-middle-1,competing_records,626,answer,red,red,True,1.0,1.0,1.0,0.0
permutation-0-18,permutation,627,answer,v0,v0,True,0.63,0.73,0.73,0.1028
permutation-0-3,permutation,628,answer,v0,v0,True,0.68,0.76,0.76,0.0776
logic-16-2-no,logic_depth,629,answer,no,no,True,0.89,0.93,0.93,0.009799999999999993
decision-10-service-check-False,decision,630,answer,yes,yes,True,0.94,0.96,0.96,0.002600000000000003
permutation-5-23,permutation,631,answer,v0,v3,False,0.37,0.17,0.52,1.0098
permutation-3-15,permutation,632,answer,v0,v3,False,0.33,0.32,0.49,0.7229999999999999
decision-11-collection-check-True,decision,633,answer,no,no,True,1.0,1.0,1.0,0.0
logic-32-2-cannot_be_determined,logic_depth,634,answer,cannot_be_determined,cannot_be_determined,True,0.78,0.85,0.85,0.04220000000000001
decision-8-collection-direct-True,decision,635,answer,go_without,go_without,True,1.0,1.0,1.0,0.0
decision-8-service-check-False,decision,636,answer,yes,yes,True,0.98,0.99,0.99,0.0002000000000000002
logic-8-1-yes,logic_depth,637,answer,yes,yes,True,1.0,1.0,1.0,0.0
decision-10-inspection-check-False,decision,638,answer,yes,yes,True,0.99,0.99,0.99,0.0002000000000000002
decision-7-inspection-direct-False,decision,639,answer,bring,bring,True,0.97,0.99,0.99,0.0002000000000000002
decision-3-inspection-check-False,decision,640,answer,yes,yes,True,0.98,0.98,0.98,0.0006000000000000007
records-512-start-1,competing_records,641,answer,red,red,True,1.0,1.0,1.0,0.0
decision-11-appointment-check-False,decision,642,answer,no,no,True,1.0,1.0,1.0,0.0
logic-32-1-yes,logic_depth,643,answer,yes,yes,True,1.0,1.0,1.0,0.0
decision-9-collection-direct-False,decision,644,answer,go_without,go_without,True,1.0,1.0,1.0,0.0
permutation-5-11,permutation,645,answer,v0,v1,False,0.2,0.24,0.4,0.8266
decision-4-appointment-described-True,decision,646,answer,go_without,go_without,True,1.0,1.0,1.0,0.0
decision-11-collection-described-True,decision,647,answer,go_without,go_without,True,1.0,1.0,1.0,0.0
decision-5-collection-described-False,decision,648,answer,go_without,go_without,True,1.0,1.0,1.0,0.0
decision-2-appointment-described-True,decision,649,answer,go_without,go_without,True,1.0,1.0,1.0,0.0
decision-2-service-described-False,decision,650,answer,bring,bring,True,0.98,0.99,0.99,0.0002000000000000002
decision-0-appointment-direct-False,decision,651,answer,go_without,go_without,True,1.0,1.0,1.0,0.0
permutation-0-18,permutation,652,answer,v0,v0,True,0.53,0.64,0.64,0.1784
decision-8-service-direct-False,decision,653,answer,bring,bring,True,0.94,0.97,0.97,0.0018000000000000017
decision-0-inspection-check-False,decision,654,answer,yes,yes,True,0.93,0.96,0.96,0.002400000000000003
decision-9-appointment-described-True,decision,655,answer,go_without,go_without,True,1.0,1.0,1.0,0.0
decision-5-inspection-direct-True,decision,656,answer,bring,bring,True,0.98,0.99,0.99,0.0002000000000000002
decision-10-inspection-direct-True,decision,657,answer,bring,bring,True,0.93,0.97,0.97,0.0018000000000000017
tracking-1-2,multi_tracking,658,answer,hall,hall,True,1.0,1.0,1.0,0.0
records-16-start-1,competing_records,659,answer,red,red,True,1.0,1.0,1.0,0.0
decision-6-collection-described-True,decision,660,answer,go_without,go_without,True,1.0,1.0,1.0,0.0
records-0-end-0,competing_records,661,answer,yellow,yellow,True,1.0,1.0,1.0,0.0
permutation-0-15,permutation,662,answer,v0,v0,True,0.78,0.84,0.84,0.034400000000000014
decision-6-collection-check-True,decision,663,answer,no,no,True,1.0,1.0,1.0,0.0
decision-11-inspection-check-True,decision,664,answer,yes,yes,True,0.99,0.99,0.99,0.0002000000000000002
records-128-middle-0,competing_records,665,answer,yellow,yellow,True,1.0,1.0,1.0,0.0
decision-8-inspection-direct-False,decision,666,answer,bring,bring,True,0.94,0.97,0.97,0.0018000000000000017
decision-6-appointment-direct-False,decision,667,answer,go_without,go_without,True,1.0,1.0,1.0,0.0
permutation-1-21,permutation,668,answer,v0,v0,True,0.65,0.73,0.73,0.10460000000000001
decision-8-inspection-direct-True,decision,669,answer,bring,bring,True,0.9,0.95,0.95,0.0050000000000000044
tracking-4-1,multi_tracking,670,answer,kitchen,kitchen,True,1.0,1.0,1.0,0.0
decision-7-inspection-check-False,decision,671,answer,yes,yes,True,0.99,1.0,1.0,0.0
decision-6-collection-direct-True,decision,672,answer,go_without,go_without,True,1.0,1.0,1.0,0.0
decision-11-appointment-described-False,decision,673,answer,go_without,go_without,True,1.0,1.0,1.0,0.0
permutation-0-13,permutation,674,answer,v0,v0,True,0.72,0.79,0.79,0.05899999999999999
decision-7-appointment-direct-True,decision,675,answer,go_without,go_without,True,1.0,1.0,1.0,0.0
permutation-5-12,permutation,676,answer,v0,v3,False,0.14,0.32,0.35,0.6477999999999999
tracking-16-0,multi_tracking,677,answer,office,office,True,0.96,0.97,0.97,0.0018000000000000017
decision-6-inspection-check-False,decision,678,answer,yes,yes,True,0.98,0.99,0.99,0.0002000000000000002
decision-0-service-described-True,decision,679,answer,bring,bring,True,0.98,0.99,0.99,0.0002000000000000002
permutation-4-0,permutation,680,answer,v0,v0,True,0.62,0.71,0.71,0.11960000000000003
decision-11-service-check-True,decision,681,answer,yes,yes,True,0.95,0.97,0.97,0.0014000000000000017
decision-4-collection-direct-True,decision,682,answer,go_without,go_without,True,1.0,1.0,1.0,0.0
decision-5-appointment-described-False,decision,683,answer,go_without,go_without,True,1.0,1.0,1.0,0.0
tracking-4-1,multi_tracking,684,answer,kitchen,kitchen,True,1.0,1.0,1.0,0.0
tracking-8-1,multi_tracking,685,answer,garden,garden,True,0.98,0.99,0.99,0.0002000000000000002
permutation-0-21,permutation,686,answer,v0,v0,True,0.68,0.76,0.76,0.0774
decision-6-service-direct-False,decision,687,answer,bring,bring,True,0.93,0.97,0.97,0.0018000000000000017
decision-4-collection-check-True,decision,688,answer,no,no,True,1.0,1.0,1.0,0.0
decision-6-appointment-check-True,decision,689,answer,no,no,True,1.0,1.0,1.0,0.0
logic-1-2-yes,logic_depth,690,answer,yes,yes,True,1.0,1.0,1.0,0.0
decision-4-appointment-direct-False,decision,691,answer,go_without,go_without,True,1.0,1.0,1.0,0.0
decision-6-collection-described-True,decision,692,answer,go_without,go_without,True,1.0,1.0,1.0,0.0
decision-3-service-check-True,decision,693,answer,yes,yes,True,0.91,0.94,0.94,0.005600000000000007
permutation-3-7,permutation,694,answer,v0,v3,False,0.14,0.28,0.36,0.737
decision-10-service-described-False,decision,695,answer,bring,bring,True,0.94,0.97,0.97,0.0018000000000000017
decision-2-service-direct-True,decision,696,answer,bring,bring,True,0.94,0.97,0.97,0.0018000000000000017
decision-8-appointment-direct-False,decision,697,answer,go_without,go_without,True,1.0,1.0,1.0,0.0
permutation-4-9,permutation,698,answer,v0,v0,True,0.27,0.46,0.46,0.393
records-16-end-1,competing_records,699,answer,red,red,True,1.0,1.0,1.0,0.0
decision-11-service-direct-False,decision,700,answer,bring,bring,True,0.98,0.99,0.99,0.0002000000000000002
decision-5-inspection-direct-False,decision,701,answer,bring,bring,True,0.99,0.99,0.99,0.0002000000000000002
decision-0-service-direct-False,decision,702,answer,bring,bring,True,0.96,0.98,0.98,0.0008000000000000008
records-128-end-2,competing_records,703,answer,blue,blue,True,1.0,1.0,1.0,0.0
decision-7-service-described-False,decision,704,answer,bring,bring,True,0.96,0.98,0.98,0.0008000000000000008
permutation-4-19,permutation,705,answer,v0,v0,True,0.27,0.45,0.45,0.43220000000000003
permutation-4-12,permutation,706,answer,v0,v0,True,0.41,0.55,0.55,0.28519999999999995
logic-2-2-no,logic_depth,707,answer,no,no,True,0.99,0.99,0.99,0.0002000000000000002
permutation-3-17,permutation,708,answer,v0,v0,True,0.17,0.38,0.38,0.555
decision-2-appointment-described-False,decision,709,answer,go_without,go_without,True,1.0,1.0,1.0,0.0
decision-1-appointment-direct-True,decision,710,answer,go_without,go_without,True,1.0,1.0,1.0,0.0
decision-8-collection-described-False,decision,711,answer,go_without,go_without,True,1.0,1.0,1.0,0.0
permutation-1-1,permutation,712,answer,v0,v0,True,0.6,0.7,0.7,0.13260000000000002
decision-3-appointment-described-True,decision,713,answer,go_without,go_without,True,1.0,1.0,1.0,0.0
tracking-4-0,multi_tracking,714,answer,garden,garden,True,0.97,0.98,0.98,0.0008000000000000008
decision-1-appointment-direct-False,decision,715,answer,go_without,go_without,True,1.0,1.0,1.0,0.0
tracking-8-0,multi_tracking,716,answer,office,office,True,0.98,0.99,0.99,0.0002000000000000002
permutation-2-23,permutation,717,answer,v0,v0,True,0.33,0.49,0.49,0.3506
permutation-4-3,permutation,718,answer,v0,v0,True,0.55,0.66,0.66,0.16019999999999998
decision-0-appointment-check-True,decision,719,answer,no,no,True,1.0,1.0,1.0,0.0
permutation-1-4,permutation,720,answer,v0,v0,True,0.59,0.7,0.7,0.12380000000000002
decision-4-service-check-True,decision,721,answer,yes,yes,True,0.86,0.91,0.91,0.012599999999999995
decision-0-inspection-described-True,decision,722,answer,bring,bring,True,0.94,0.97,0.97,0.0018000000000000017
permutation-3-10,permutation,723,answer,v0,v3,False,0.18,0.25,0.38,0.7934
decision-1-service-check-True,decision,724,answer,yes,yes,True,1.0,1.0,1.0,0.0
decision-10-appointment-check-True,decision,725,answer,no,no,True,1.0,1.0,1.0,0.0
permutation-4-3,permutation,726,answer,v0,v0,True,0.52,0.63,0.63,0.187
permutation-3-19,permutation,727,answer,v0,v3,False,0.23,0.32,0.42,0.6853999999999999
decision-8-appointment-check-True,decision,728,answer,no,no,True,1.0,1.0,1.0,0.0
logic-4-2-cannot_be_determined,logic_depth,729,answer,cannot_be_determined,cannot_be_determined,True,0.95,0.97,0.97,0.0018000000000000017
decision-0-collection-direct-False,decision,730,answer,go_without,go_without,True,1.0,1.0,1.0,0.0
decision-5-collection-check-True,decision,731,answer,no,no,True,1.0,1.0,1.0,0.0
permutation-5-10,permutation,732,answer,v0,v1,False,0.13,0.31,0.35,0.6571999999999999
decision-10-collection-direct-False,decision,733,answer,go_without,go_without,True,1.0,1.0,1.0,0.0
permutation-3-8,permutation,734,answer,v0,v0,True,0.21,0.41,0.41,0.5252000000000001
decision-0-collection-direct-False,decision,735,answer,go_without,go_without,True,1.0,1.0,1.0,0.0
decision-11-appointment-direct-True,decision,736,answer,go_without,go_without,True,1.0,1.0,1.0,0.0
decision-5-inspection-check-False,decision,737,answer,yes,yes,True,1.0,1.0,1.0,0.0
decision-8-collection-described-True,decision,738,answer,go_without,go_without,True,1.0,1.0,1.0,0.0
decision-11-inspection-check-True,decision,739,answer,yes,yes,True,0.99,0.99,0.99,0.0002000000000000002
logic-1-2-no,logic_depth,740,answer,no,no,True,0.99,1.0,1.0,0.0
permutation-0-9,permutation,741,answer,v0,v0,True,0.69,0.77,0.77,0.075
decision-2-appointment-described-False,decision,742,answer,go_without,go_without,True,1.0,1.0,1.0,0.0
permutation-3-23,permutation,743,answer,v0,v3,False,0.26,0.34,0.45,0.6641999999999999
decision-11-collection-described-False,decision,744,answer,go_without,go_without,True,1.0,1.0,1.0,0.0
decision-11-appointment-direct-True,decision,745,answer,go_without,go_without,True,1.0,1.0,1.0,0.0
decision-3-service-direct-False,decision,746,answer,bring,bring,True,0.88,0.94,0.94,0.007200000000000007
decision-10-appointment-direct-True,decision,747,answer,go_without,go_without,True,1.0,1.0,1.0,0.0
records-16-end-1,competing_records,748,answer,red,red,True,1.0,1.0,1.0,0.0
decision-5-collection-check-True,decision,749,answer,no,no,True,1.0,1.0,1.0,0.0
decision-9-service-check-True,decision,750,answer,yes,yes,True,0.99,1.0,1.0,0.0
records-0-end-2,competing_records,751,answer,blue,blue,True,1.0,1.0,1.0,0.0
permutation-3-19,permutation,752,answer,v0,v3,False,0.29,0.25,0.47,0.8354
decision-2-inspection-direct-False,decision,753,answer,bring,bring,True,0.9,0.95,0.95,0.0050000000000000044
decision-3-appointment-described-True,decision,754,answer,go_without,go_without,True,1.0,1.0,1.0,0.0
decision-2-collection-direct-False,decision,755,answer,go_without,go_without,True,0.99,1.0,1.0,0.0
decision-2-appointment-check-True,decision,756,answer,no,no,True,1.0,1.0,1.0,0.0
decision-6-service-described-False,decision,757,answer,bring,bring,True,0.97,0.99,0.99,0.0002000000000000002
decision-11-appointment-described-False,decision,758,answer,go_without,go_without,True,1.0,1.0,1.0,0.0
decision-2-collection-described-True,decision,759,answer,go_without,go_without,True,1.0,1.0,1.0,0.0
decision-7-appointment-check-False,decision,760,answer,no,no,True,1.0,1.0,1.0,0.0
decision-10-collection-direct-False,decision,761,answer,go_without,go_without,True,1.0,1.0,1.0,0.0
logic-32-1-no,logic_depth,762,answer,no,no,True,0.94,0.96,0.96,0.003200000000000003
logic-2-0-yes,logic_depth,763,answer,yes,yes,True,1.0,1.0,1.0,0.0
permutation-1-17,permutation,764,answer,v0,v0,True,0.72,0.8,0.8,0.05679999999999998
decision-1-inspection-described-True,decision,765,answer,bring,bring,True,0.98,0.99,0.99,0.0002000000000000002
permutation-2-2,permutation,766,answer,v0,v3,False,0.32,0.19,0.49,0.9474000000000001
decision-3-inspection-direct-True,decision,767,answer,bring,bring,True,0.92,0.96,0.96,0.003200000000000003
permutation-3-3,permutation,768,answer,v0,v0,True,0.26,0.44,0.44,0.46060000000000006
decision-5-appointment-described-True,decision,769,answer,go_without,go_without,True,1.0,1.0,1.0,0.0
decision-6-inspection-described-False,decision,770,answer,bring,bring,True,0.98,0.99,0.99,0.0002000000000000002
decision-10-collection-described-False,decision,771,answer,go_without,go_without,True,1.0,1.0,1.0,0.0
decision-3-service-check-False,decision,772,answer,yes,yes,True,0.9,0.93,0.93,0.007399999999999993
decision-11-appointment-check-True,decision,773,answer,no,no,True,1.0,1.0,1.0,0.0
decision-9-service-described-False,decision,774,answer,bring,bring,True,0.98,0.99,0.99,0.0002000000000000002
decision-9-service-direct-False,decision,775,answer,bring,bring,True,0.96,0.98,0.98,0.0008000000000000008
decision-7-inspection-described-True,decision,776,answer,bring,bring,True,0.98,0.99,0.99,0.0002000000000000002
decision-3-appointment-check-True,decision,777,answer,no,no,True,1.0,1.0,1.0,0.0
permutation-1-21,permutation,778,answer,v0,v0,True,0.68,0.76,0.76,0.07919999999999999
decision-11-inspection-check-False,decision,779,answer,yes,yes,True,0.99,0.99,0.99,0.0002000000000000002
logic-32-0-yes,logic_depth,780,answer,yes,yes,True,1.0,1.0,1.0,0.0
decision-9-service-direct-False,decision,781,answer,bring,bring,True,0.97,0.98,0.98,0.0008000000000000008
permutation-2-11,permutation,782,answer,v0,v3,False,0.26,0.31,0.45,0.7091999999999999
decision-0-inspection-direct-True,decision,783,answer,bring,bring,True,0.84,0.92,0.92,0.012799999999999994
decision-7-inspection-described-False,decision,784,answer,bring,bring,True,0.99,0.99,0.99,0.0002000000000000002
decision-0-service-check-False,decision,785,answer,yes,yes,True,0.99,1.0,1.0,0.0
decision-10-appointment-described-False,decision,786,answer,go_without,go_without,True,1.0,1.0,1.0,0.0
decision-8-collection-described-True,decision,787,answer,go_without,go_without,True,1.0,1.0,1.0,0.0
decision-11-appointment-check-True,decision,788,answer,no,no,True,1.0,1.0,1.0,0.0
decision-5-inspection-described-False,decision,789,answer,bring,bring,True,0.99,1.0,1.0,0.0
permutation-2-3,permutation,790,answer,v0,v0,True,0.25,0.45,0.45,0.41480000000000006
permutation-2-17,permutation,791,answer,v0,v0,True,0.26,0.45,0.45,0.4066000000000001
permutation-5-15,permutation,792,answer,v0,v3,False,0.18,0.2,0.38,0.8776000000000002
decision-3-collection-check-False,decision,793,answer,no,no,True,1.0,1.0,1.0,0.0
tracking-4-2,multi_tracking,794,answer,hall,hall,True,0.99,1.0,1.0,0.0
decision-1-inspection-check-False,decision,795,answer,yes,yes,True,1.0,1.0,1.0,0.0
decision-6-service-direct-True,decision,796,answer,bring,bring,True,0.92,0.96,0.96,0.003200000000000003
decision-0-appointment-direct-False,decision,797,answer,go_without,go_without,True,1.0,1.0,1.0,0.0
decision-11-service-described-True,decision,798,answer,bring,bring,True,0.97,0.99,0.99,0.0002000000000000002
decision-5-inspection-described-True,decision,799,answer,bring,bring,True,0.99,1.0,1.0,0.0
permutation-0-3,permutation,800,answer,v0,v0,True,0.54,0.65,0.65,0.1638
permutation-1-7,permutation,801,answer,v0,v0,True,0.57,0.68,0.68,0.14649999999999996
decision-9-appointment-check-True,decision,802,answer,no,no,True,1.0,1.0,1.0,0.0
decision-6-inspection-check-False,decision,803,answer,yes,yes,True,0.99,1.0,1.0,0.0
tracking-4-2,multi_tracking,804,answer,hall,hall,True,0.99,1.0,1.0,0.0
permutation-3-1,permutation,805,answer,v0,v0,True,0.19,0.4,0.4,0.5382
decision-9-service-described-True,decision,806,answer,bring,bring,True,0.97,0.98,0.98,0.0008000000000000008
logic-1-0-no,logic_depth,807,answer,no,no,True,1.0,1.0,1.0,0.0
decision-0-collection-described-False,decision,808,answer,go_without,go_without,True,1.0,1.0,1.0,0.0
tracking-2-0,multi_tracking,809,answer,office,office,True,1.0,1.0,1.0,0.0
decision-2-collection-check-False,decision,810,answer,no,no,True,1.0,1.0,1.0,0.0
decision-11-inspection-direct-True,decision,811,answer,bring,bring,True,0.96,0.98,0.98,0.0008000000000000008
permutation-4-23,permutation,812,answer,v0,v3,False,0.16,0.29,0.36,0.7061999999999999
decision-3-collection-direct-False,decision,813,answer,go_without,go_without,True,1.0,1.0,1.0,0.0
decision-2-service-direct-False,decision,814,answer,bring,bring,True,0.94,0.97,0.97,0.0018000000000000017
decision-7-service-check-True,decision,815,answer,yes,yes,True,0.94,0.96,0.96,0.002600000000000003
decision-2-service-direct-False,decision,816,answer,bring,bring,True,0.97,0.98,0.98,0.0008000000000000008
decision-5-inspection-check-False,decision,817,answer,yes,yes,True,1.0,1.0,1.0,0.0
decision-5-appointment-direct-False,decision,818,answer,go_without,go_without,True,1.0,1.0,1.0,0.0
decision-5-appointment-check-True,decision,819,answer,no,no,True,1.0,1.0,1.0,0.0
permutation-0-23,permutation,820,answer,v0,v0,True,0.82,0.88,0.88,0.019799999999999998
permutation-4-18,permutation,821,answer,v0,v0,True,0.22,0.41,0.41,0.5054000000000001
permutation-4-4,permutation,822,answer,v0,v0,True,0.51,0.64,0.64,0.1814
decision-8-inspection-check-True,decision,823,answer,yes,yes,True,0.98,0.99,0.99,0.0002000000000000002
records-512-middle-2,competing_records,824,answer,blue,blue,True,0.97,0.98,0.98,0.0008000000000000008
decision-9-collection-direct-True,decision,825,answer,go_without,go_without,True,1.0,1.0,1.0,0.0
decision-10-collection-direct-True,decision,826,answer,go_without,go_without,True,0.99,1.0,1.0,0.0
decision-6-appointment-described-False,decision,827,answer,go_without,go_without,True,1.0,1.0,1.0,0.0
decision-2-inspection-check-True,decision,828,answer,yes,yes,True,0.96,0.97,0.97,0.0014000000000000017
decision-5-inspection-direct-True,decision,829,answer,bring,bring,True,0.99,0.99,0.99,0.0002000000000000002
decision-0-service-described-False,decision,830,answer,bring,bring,True,0.97,0.98,0.98,0.0008000000000000008
logic-32-0-cannot_be_determined,logic_depth,831,answer,cannot_be_determined,cannot_be_determined,True,0.8,0.87,0.87,0.033800000000000004
records-16-end-2,competing_records,832,answer,blue,blue,True,1.0,1.0,1.0,0.0
decision-6-service-described-True,decision,833,answer,bring,bring,True,0.92,0.96,0.96,0.003200000000000003
permutation-4-1,permutation,834,answer,v0,v0,True,0.63,0.73,0.73,0.101
decision-1-service-described-False,decision,835,answer,bring,bring,True,0.98,0.99,0.99,0.0002000000000000002
permutation-4-23,permutation,836,answer,v0,v0,True,0.17,0.38,0.38,0.5306
records-128-middle-0,competing_records,837,answer,yellow,yellow,True,1.0,1.0,1.0,0.0
decision-4-inspection-check-False,decision,838,answer,yes,yes,True,0.98,0.99,0.99,0.0002000000000000002
permutation-0-20,permutation,839,answer,v0,v0,True,0.35,0.51,0.51,0.3332
tracking-16-1,multi_tracking,840,answer,garden,garden,True,0.96,0.97,0.97,0.0014000000000000017
permutation-2-11,permutation,841,answer,v0,v3,False,0.29,0.27,0.45999999999999996,0.7821999999999999
permutation-0-20,permutation,842,answer,v0,v0,True,0.5,0.62,0.62,0.1968
decision-4-collection-check-False,decision,843,answer,no,no,True,1.0,1.0,1.0,0.0
decision-4-service-described-True,decision,844,answer,bring,bring,True,0.95,0.97,0.97,0.0018000000000000017
permutation-3-10,permutation,845,answer,v0,v3,False,0.1,0.27,0.33,0.7505999999999999
decision-11-inspection-described-False,decision,846,answer,bring,bring,True,0.97,0.99,0.99,0.0002000000000000002
permutation-2-0,permutation,847,answer,v0,v3,False,0.2,0.28,0.4,0.7346
decision-5-service-direct-True,decision,848,answer,bring,bring,True,0.96,0.98,0.98,0.0008000000000000008
permutation-3-4,permutation,849,answer,v0,v0,True,0.34,0.5,0.5,0.3554
permutation-2-16,permutation,850,answer,v0,v3,False,0.12,0.27,0.34,0.7285999999999999
decision-7-appointment-direct-False,decision,851,answer,go_without,go_without,True,1.0,1.0,1.0,0.0
decision-3-inspection-described-True,decision,852,answer,bring,bring,True,0.94,0.97,0.97,0.0018000000000000017
records-128-end-1,competing_records,853,answer,red,red,True,1.0,1.0,1.0,0.0
logic-4-1-no,logic_depth,854,answer,no,no,True,0.97,0.98,0.98,0.0008000000000000008
decision-10-collection-described-False,decision,855,answer,go_without,go_without,True,1.0,1.0,1.0,0.0
decision-0-inspection-direct-False,decision,856,answer,bring,bring,True,0.89,0.94,0.94,0.007200000000000007
decision-9-collection-described-False,decision,857,answer,go_without,go_without,True,1.0,1.0,1.0,0.0
decision-4-collection-described-False,decision,858,answer,go_without,go_without,True,1.0,1.0,1.0,0.0
permutation-5-22,permutation,859,answer,v0,v3,False,0.23,0.32,0.42,0.6743999999999999
decision-3-appointment-direct-False,decision,860,answer,go_without,go_without,True,1.0,1.0,1.0,0.0
permutation-5-2,permutation,861,answer,v0,v0,True,0.47,0.6,0.6,0.23060000000000003
logic-16-0-no,logic_depth,862,answer,no,no,True,0.83,0.89,0.89,0.0242
permutation-2-15,permutation,863,answer,v0,v0,True,0.2,0.41000000000000003,0.41000000000000003,0.521
permutation-4-11,permutation,864,answer,v0,v1,False,0.13,0.34,0.34,0.6041999999999998
decision-5-appointment-described-False,decision,865,answer,go_without,go_without,True,1.0,1.0,1.0,0.0
records-0-start-1,competing_records,866,answer,red,red,True,1.0,1.0,1.0,0.0
decision-5-appointment-direct-True,decision,867,answer,go_without,go_without,True,1.0,1.0,1.0,0.0
permutation-0-7,permutation,868,answer,v0,v0,True,0.52,0.64,0.64,0.1754
permutation-4-12,permutation,869,answer,v0,v0,True,0.41,0.56,0.56,0.2694
decision-6-collection-direct-True,decision,870,answer,go_without,go_without,True,1.0,1.0,1.0,0.0
permutation-5-0,permutation,871,answer,v0,v0,True,0.43,0.57,0.57,0.275
decision-3-appointment-direct-True,decision,872,answer,go_without,go_without,True,1.0,1.0,1.0,0.0
logic-8-1-cannot_be_determined,logic_depth,873,answer,cannot_be_determined,cannot_be_determined,True,0.98,0.99,0.99,0.0002000000000000002
logic-16-0-cannot_be_determined,logic_depth,874,answer,cannot_be_determined,cannot_be_determined,True,0.9,0.94,0.94,0.007200000000000007
logic-4-0-yes,logic_depth,875,answer,yes,yes,True,1.0,1.0,1.0,0.0
decision-2-collection-described-False,decision,876,answer,go_without,go_without,True,1.0,1.0,1.0,0.0
tracking-2-0,multi_tracking,877,answer,office,office,True,1.0,1.0,1.0,0.0
logic-16-2-yes,logic_depth,878,answer,yes,yes,True,1.0,1.0,1.0,0.0
decision-9-inspection-described-True,decision,879,answer,bring,bring,True,0.99,1.0,1.0,0.0
logic-16-1-cannot_be_determined,logic_depth,880,answer,cannot_be_determined,cannot_be_determined,True,0.97,0.98,0.98,0.0008000000000000008
records-512-end-1,competing_records,881,answer,red,red,True,1.0,1.0,1.0,0.0
permutation-2-18,permutation,882,answer,v0,v0,True,0.13,0.33999999999999997,0.33999999999999997,0.5990000000000001
tracking-1-1,multi_tracking,883,answer,hall,hall,True,1.0,1.0,1.0,0.0
permutation-5-21,permutation,884,answer,v0,v3,False,0.37,0.21,0.53,0.9460000000000002
decision-2-appointment-direct-True,decision,885,answer,go_without,go_without,True,1.0,1.0,1.0,0.0
decision-11-collection-check-False,decision,886,answer,no,no,True,1.0,1.0,1.0,0.0
permutation-5-4,permutation,887,answer,v0,v0,True,0.46,0.59,0.59,0.24700000000000003
records-0-start-2,competing_records,888,answer,blue,blue,True,1.0,1.0,1.0,0.0
permutation-0-23,permutation,889,answer,v0,v0,True,0.67,0.75,0.75,0.0842
permutation-2-19,permutation,890,answer,v0,v0,True,0.2,0.4,0.4,0.4914
decision-6-collection-check-False,decision,891,answer,no,no,True,1.0,1.0,1.0,0.0
permutation-0-3,permutation,892,answer,v0,v0,True,0.48,0.61,0.61,0.20820000000000002
permutation-3-21,permutation,893,answer,v0,v3,False,0.36,0.25,0.53,0.8748
decision-3-service-direct-False,decision,894,answer,bring,bring,True,0.89,0.95,0.95,0.0050000000000000044
decision-8-collection-direct-False,decision,895,answer,go_without,go_without,True,0.99,1.0,1.0,0.0
decision-0-appointment-direct-True,decision,896,answer,go_without,go_without,True,1.0,1.0,1.0,0.0
decision-10-appointment-check-True,decision,897,answer,no,no,True,1.0,1.0,1.0,0.0
records-512-start-0,competing_records,898,answer,yellow,yellow,True,1.0,1.0,1.0,0.0
permutation-3-5,permutation,899,answer,v0,v0,True,0.27,0.45,0.45,0.42440000000000005
decision-9-service-direct-True,decision,900,answer,bring,bring,True,0.97,0.99,0.99,0.0002000000000000002
decision-7-appointment-check-False,decision,901,answer,no,no,True,1.0,1.0,1.0,0.0
tracking-8-1,multi_tracking,902,answer,garden,garden,True,0.97,0.98,0.98,0.0008000000000000008
decision-9-appointment-direct-True,decision,903,answer,go_without,go_without,True,1.0,1.0,1.0,0.0
logic-2-1-no,logic_depth,904,answer,no,no,True,0.99,0.99,0.99,0.0002000000000000002
permutation-3-13,permutation,905,answer,v0,v0,True,0.16,0.36,0.36,0.5946
decision-8-inspection-direct-False,decision,906,answer,bring,bring,True,0.93,0.96,0.96,0.003200000000000003
permutation-5-1,permutation,907,answer,v0,v0,True,0.56,0.67,0.67,0.15139999999999998
decision-9-collection-check-True,decision,908,answer,no,no,True,1.0,1.0,1.0,0.0
decision-11-inspection-described-True,decision,909,answer,bring,bring,True,0.98,0.99,0.99,0.0002000000000000002
tracking-8-0,multi_tracking,910,answer,office,office,True,0.98,0.99,0.99,0.0002000000000000002
logic-1-1-cannot_be_determined,logic_depth,911,answer,cannot_be_determined,cannot_be_determined,True,1.0,1.0,1.0,0.0
decision-5-service-direct-False,decision,912,answer,bring,bring,True,0.98,0.99,0.99,0.0002000000000000002
records-512-end-2,competing_records,913,answer,blue,blue,True,0.99,1.0,1.0,0.0
permutation-0-1,permutation,914,answer,v0,v0,True,0.6,0.7,0.7,0.12320000000000003
decision-9-service-check-False,decision,915,answer,yes,yes,True,0.99,1.0,1.0,0.0
decision-10-collection-described-True,decision,916,answer,go_without,go_without,True,1.0,1.0,1.0,0.0
decision-10-appointment-direct-False,decision,917,answer,go_without,go_without,True,1.0,1.0,1.0,0.0
decision-8-inspection-check-True,decision,918,answer,yes,yes,True,0.98,0.99,0.99,0.0002000000000000002
permutation-3-18,permutation,919,answer,v0,v3,False,0.27,0.32,0.46,0.699
decision-2-appointment-described-True,decision,920,answer,go_without,go_without,True,1.0,1.0,1.0,0.0
records-128-middle-2,competing_records,921,answer,blue,blue,True,1.0,1.0,1.0,0.0
logic-8-0-cannot_be_determined,logic_depth,922,answer,cannot_be_determined,cannot_be_determined,True,0.94,0.96,0.96,0.003200000000000003
decision-10-collection-direct-True,decision,923,answer,go_without,go_without,True,1.0,1.0,1.0,0.0
records-0-end-1,competing_records,924,answer,red,red,True,1.0,1.0,1.0,0.0
permutation-2-13,permutation,925,answer,v0,v3,False,0.22,0.28,0.42,0.7415999999999999
decision-11-inspection-described-True,decision,926,answer,bring,bring,True,0.98,0.99,0.99,0.0002000000000000002
permutation-5-5,permutation,927,answer,v0,v0,True,0.48,0.6,0.6,0.22540000000000002
permutation-1-8,permutation,928,answer,v0,v0,True,0.53,0.65,0.65,0.18339999999999998
permutation-2-7,permutation,929,answer,v0,v3,False,0.17,0.28,0.38,0.7333999999999999
decision-0-appointment-direct-False,decision,930,answer,go_without,go_without,True,1.0,1.0,1.0,0.0
permutation-4-18,permutation,931,answer,v0,v0,True,0.27,0.46,0.46,0.42900000000000005
logic-1-1-yes,logic_depth,932,answer,yes,yes,True,1.0,1.0,1.0,0.0
permutation-2-1,permutation,933,answer,v0,v3,False,0.17,0.34,0.37,0.6169999999999999
permutation-5-13,permutation,934,answer,v0,v0,True,0.48,0.61,0.61,0.20540000000000003
decision-6-service-check-True,decision,935,answer,yes,yes,True,0.88,0.92,0.92,0.009599999999999994
decision-8-collection-direct-False,decision,936,answer,go_without,go_without,True,0.99,1.0,1.0,0.0
decision-9-collection-direct-True,decision,937,answer,go_without,go_without,True,1.0,1.0,1.0,0.0
records-0-start-1,competing_records,938,answer,red,red,True,1.0,1.0,1.0,0.0
logic-16-1-yes,logic_depth,939,answer,yes,yes,True,1.0,1.0,1.0,0.0
logic-1-1-no,logic_depth,940,answer,no,no,True,1.0,1.0,1.0,0.0
decision-11-inspection-described-False,decision,941,answer,bring,bring,True,0.98,0.99,0.99,0.0002000000000000002
permutation-4-20,permutation,942,answer,v0,v3,False,0.24,0.33,0.43,0.6723999999999999
decision-0-collection-direct-True,decision,943,answer,go_without,go_without,True,1.0,1.0,1.0,0.0
decision-10-service-direct-False,decision,944,answer,bring,bring,True,0.95,0.97,0.97,0.0018000000000000017
decision-2-service-direct-False,decision,945,answer,bring,bring,True,0.95,0.97,0.97,0.0018000000000000017
permutation-5-6,permutation,946,answer,v0,v0,True,0.14,0.36,0.36,0.5846
decision-8-service-check-True,decision,947,answer,yes,yes,True,0.96,0.97,0.97,0.0014000000000000017
decision-7-service-direct-True,decision,948,answer,bring,bring,True,0.93,0.97,0.97,0.0018000000000000017
permutation-4-16,permutation,949,answer,v0,v0,True,0.42,0.57,0.57,0.2614
logic-32-0-cannot_be_determined,logic_depth,950,answer,cannot_be_determined,cannot_be_determined,True,0.88,0.92,0.92,0.012799999999999994
decision-6-collection-check-True,decision,951,answer,no,no,True,1.0,1.0,1.0,0.0
decision-6-inspection-check-True,decision,952,answer,yes,yes,True,0.99,0.99,0.99,0.0002000000000000002
decision-7-service-described-True,decision,953,answer,bring,bring,True,0.96,0.98,0.98,0.0008000000000000008
permutation-3-12,permutation,954,answer,v0,v3,False,0.31,0.3,0.48,0.7544
records-0-middle-2,competing_records,955,answer,blue,blue,True,1.0,1.0,1.0,0.0
permutation-0-16,permutation,956,answer,v0,v0,True,0.72,0.79,0.79,0.06019999999999999
decision-5-collection-described-False,decision,957,answer,go_without,go_without,True,1.0,1.0,1.0,0.0
decision-2-inspection-described-True,decision,958,answer,bring,bring,True,0.92,0.96,0.96,0.003200000000000003
decision-1-collection-direct-True,decision,959,answer,go_without,go_without,True,1.0,1.0,1.0,0.0
logic-1-2-cannot_be_determined,logic_depth,960,answer,cannot_be_determined,cannot_be_determined,True,1.0,1.0,1.0,0.0
permutation-0-6,permutation,961,answer,v0,v0,True,0.63,0.72,0.72,0.10800000000000001
permutation-5-14,permutation,962,answer,v0,v0,True,0.32,0.49,0.49,0.386
records-128-start-1,competing_records,963,answer,red,red,True,1.0,1.0,1.0,0.0
decision-2-inspection-direct-True,decision,964,answer,bring,bring,True,0.85,0.92,0.92,0.012799999999999994
tracking-1-0,multi_tracking,965,answer,kitchen,kitchen,True,1.0,1.0,1.0,0.0
decision-4-inspection-direct-True,decision,966,answer,bring,bring,True,0.91,0.96,0.96,0.003200000000000003
records-0-middle-0,competing_records,967,answer,yellow,yellow,True,1.0,1.0,1.0,0.0
permutation-1-4,permutation,968,answer,v0,v0,True,0.6,0.7,0.7,0.12320000000000003
decision-10-collection-described-True,decision,969,answer,go_without,go_without,True,1.0,1.0,1.0,0.0
records-16-start-2,competing_records,970,answer,blue,blue,True,1.0,1.0,1.0,0.0
decision-3-inspection-described-False,decision,971,answer,bring,bring,True,0.96,0.98,0.98,0.0008000000000000008
permutation-5-7,permutation,972,answer,v0,v0,True,0.2,0.4,0.4,0.5005999999999999
decision-4-appointment-direct-True,decision,973,answer,go_without,go_without,True,1.0,1.0,1.0,0.0
permutation-1-15,permutation,974,answer,v0,v0,True,0.76,0.82,0.82,0.05060000000000002
records-128-middle-0,competing_records,975,answer,yellow,yellow,True,1.0,1.0,1.0,0.0
records-512-middle-0,competing_records,976,answer,yellow,yellow,True,0.94,0.96,0.96,0.003200000000000003
logic-8-0-yes,logic_depth,977,answer,yes,yes,True,1.0,1.0,1.0,0.0
logic-1-2-yes,logic_depth,978,answer,yes,yes,True,1.0,1.0,1.0,0.0
logic-1-1-yes,logic_depth,979,answer,yes,yes,True,1.0,1.0,1.0,0.0
permutation-4-14,permutation,980,answer,v0,v0,True,0.46,0.6,0.6,0.21940000000000004
permutation-5-3,permutation,981,answer,v0,v0,True,0.61,0.71,0.71,0.11220000000000002
decision-5-collection-described-True,decision,982,answer,go_without,go_without,True,1.0,1.0,1.0,0.0
permutation-1-17,permutation,983,answer,v0,v0,True,0.77,0.83,0.83,0.04060000000000001
decision-4-service-described-False,decision,984,answer,bring,bring,True,0.93,0.97,0.97,0.0018000000000000017
decision-0-service-direct-True,decision,985,answer,bring,bring,True,0.93,0.96,0.96,0.003200000000000003
decision-0-collection-described-True,decision,986,answer,go_without,go_without,True,1.0,1.0,1.0,0.0
decision-1-appointment-described-False,decision,987,answer,go_without,go_without,True,1.0,1.0,1.0,0.0
records-512-start-1,competing_records,988,answer,red,red,True,1.0,1.0,1.0,0.0
decision-7-service-described-False,decision,989,answer,bring,bring,True,0.95,0.98,0.98,0.0008000000000000008
decision-10-inspection-direct-True,decision,990,answer,bring,bring,True,0.97,0.98,0.98,0.0008000000000000008
permutation-1-0,permutation,991,answer,v0,v0,True,0.63,0.72,0.72,0.11200000000000002
decision-6-collection-check-False,decision,992,answer,no,no,True,1.0,1.0,1.0,0.0
permutation-1-15,permutation,993,answer,v0,v0,True,0.75,0.81,0.81,0.05429999999999998
permutation-1-23,permutation,994,answer,v0,v0,True,0.65,0.74,0.74,0.09540000000000001
decision-1-service-described-True,decision,995,answer,bring,bring,True,0.98,0.99,0.99,0.0002000000000000002
permutation-2-21,permutation,996,answer,v0,v0,True,0.29,0.48,0.48,0.36240000000000006
decision-2-collection-direct-True,decision,997,answer,go_without,go_without,True,0.99,1.0,1.0,0.0
decision-7-appointment-described-True,decision,998,answer,go_without,go_without,True,1.0,1.0,1.0,0.0
tracking-2-0,multi_tracking,999,answer,office,office,True,1.0,1.0,1.0,0.0
permutation-0-15,permutation,1000,answer,v0,v0,True,0.8,0.85,0.85,0.030600000000000006
tracking-8-2,multi_tracking,1001,answer,kitchen,kitchen,True,0.99,1.0,1.0,0.0
permutation-1-2,permutation,1002,answer,v0,v0,True,0.63,0.72,0.72,0.11140000000000001
decision-10-collection-check-False,decision,1003,answer,no,no,True,1.0,1.0,1.0,0.0
decision-11-collection-described-True,decision,1004,answer,go_without,go_without,True,1.0,1.0,1.0,0.0
permutation-2-16,permutation,1005,answer,v0,v0,True,0.12,0.34,0.34,0.5869999999999999
decision-10-service-check-True,decision,1006,answer,yes,yes,True,0.94,0.96,0.96,0.002600000000000003
decision-6-service-check-True,decision,1007,answer,yes,yes,True,0.85,0.89,0.89,0.018199999999999997
permutation-5-14,permutation,1008,answer,v0,v3,False,0.2,0.36,0.4,0.5992000000000001
decision-10-service-check-False,decision,1009,answer,yes,yes,True,0.96,0.97,0.97,0.0014000000000000017
permutation-0-1,permutation,1010,answer,v0,v0,True,0.71,0.77,0.77,0.07179999999999999
decision-9-inspection-described-False,decision,1011,answer,bring,bring,True,0.99,1.0,1.0,0.0
decision-4-appointment-direct-False,decision,1012,answer,go_without,go_without,True,1.0,1.0,1.0,0.0
permutation-5-19,permutation,1013,answer,v0,v3,False,0.4,0.15,0.54,1.0662
permutation-3-6,permutation,1014,answer,v0,v0,True,0.15,0.37,0.37,0.5714
decision-3-appointment-direct-False,decision,1015,answer,go_without,go_without,True,1.0,1.0,1.0,0.0
logic-4-2-yes,logic_depth,1016,answer,yes,yes,True,1.0,1.0,1.0,0.0
records-512-middle-2,competing_records,1017,answer,blue,blue,True,0.99,1.0,1.0,0.0
decision-4-inspection-described-True,decision,1018,answer,bring,bring,True,0.95,0.98,0.98,0.0008000000000000008
records-16-end-2,competing_records,1019,answer,blue,blue,True,1.0,1.0,1.0,0.0
decision-7-appointment-direct-True,decision,1020,answer,go_without,go_without,True,1.0,1.0,1.0,0.0
logic-8-0-cannot_be_determined,logic_depth,1021,answer,cannot_be_determined,cannot_be_determined,True,0.94,0.96,0.96,0.003200000000000003
decision-9-appointment-described-True,decision,1022,answer,go_without,go_without,True,1.0,1.0,1.0,0.0
permutation-2-4,permutation,1023,answer,v0,v0,True,0.18,0.39,0.39,0.505
decision-6-inspection-direct-True,decision,1024,answer,bring,bring,True,0.94,0.97,0.97,0.0018000000000000017
decision-5-collection-described-True,decision,1025,answer,go_without,go_without,True,1.0,1.0,1.0,0.0
decision-8-service-direct-False,decision,1026,answer,bring,bring,True,0.95,0.98,0.98,0.0008000000000000008
decision-9-collection-described-False,decision,1027,answer,go_without,go_without,True,1.0,1.0,1.0,0.0
permutation-3-9,permutation,1028,answer,v0,v3,False,0.27,0.31,0.45,0.7123999999999999
permutation-1-16,permutation,1029,answer,v0,v0,True,0.63,0.72,0.72,0.11100000000000002
permutation-4-10,permutation,1030,answer,v0,v1,False,0.27,0.31,0.46,0.7182
decision-3-collection-described-True,decision,1031,answer,go_without,go_without,True,1.0,1.0,1.0,0.0
permutation-4-17,permutation,1032,answer,v0,v0,True,0.19,0.39,0.39,0.531
decision-0-collection-check-True,decision,1033,answer,no,no,True,1.0,1.0,1.0,0.0
tracking-8-0,multi_tracking,1034,answer,office,office,True,0.97,0.98,0.98,0.0008000000000000008
decision-10-inspection-check-True,decision,1035,answer,yes,yes,True,0.99,1.0,1.0,0.0
logic-16-1-no,logic_depth,1036,answer,no,no,True,0.95,0.97,0.97,0.0018000000000000017
decision-7-inspection-check-True,decision,1037,answer,yes,yes,True,0.99,1.0,1.0,0.0
records-0-end-2,competing_records,1038,answer,blue,blue,True,1.0,1.0,1.0,0.0
decision-4-service-direct-True,decision,1039,answer,bring,bring,True,0.95,0.98,0.98,0.0008000000000000008
permutation-4-20,permutation,1040,answer,v0,v3,False,0.26,0.32,0.44,0.6945999999999999
decision-6-service-direct-False,decision,1041,answer,bring,bring,True,0.92,0.96,0.96,0.003200000000000003
permutation-2-18,permutation,1042,answer,v0,v3,False,0.15,0.32,0.36,0.6449999999999999
records-128-start-1,competing_records,1043,answer,red,red,True,1.0,1.0,1.0,0.0
decision-7-appointment-direct-False,decision,1044,answer,go_without,go_without,True,1.0,1.0,1.0,0.0
decision-7-service-check-False,decision,1045,answer,yes,yes,True,0.95,0.97,0.97,0.0014000000000000017
permutation-4-8,permutation,1046,answer,v0,v0,True,0.29,0.48,0.48,0.3768
records-128-middle-1,competing_records,1047,answer,red,red,True,1.0,1.0,1.0,0.0
decision-6-collection-described-False,decision,1048,answer,go_without,go_without,True,1.0,1.0,1.0,0.0
decision-4-inspection-described-False,decision,1049,answer,bring,bring,True,0.97,0.99,0.99,0.0002000000000000002
decision-3-service-check-False,decision,1050,answer,yes,yes,True,0.9,0.93,0.93,0.007399999999999993
permutation-1-21,permutation,1051,answer,v0,v0,True,0.63,0.73,0.73,0.10460000000000001
decision-5-service-check-False,decision,1052,answer,yes,yes,True,0.99,1.0,1.0,0.0
decision-4-inspection-direct-True,decision,1053,answer,bring,bring,True,0.9,0.95,0.95,0.0050000000000000044
decision-2-collection-direct-True,decision,1054,answer,go_without,go_without,True,0.99,0.99,0.99,0.0002000000000000002
decision-5-service-direct-False,decision,1055,answer,bring,bring,True,0.96,0.98,0.98,0.0008000000000000008
logic-8-0-no,logic_depth,1056,answer,no,no,True,0.91,0.94,0.94,0.007200000000000007
logic-32-0-no,logic_depth,1057,answer,no,no,True,0.81,0.88,0.88,0.0288
decision-0-collection-check-True,decision,1058,answer,no,no,True,1.0,1.0,1.0,0.0
decision-7-inspection-check-False,decision,1059,answer,yes,yes,True,0.99,1.0,1.0,0.0
permutation-3-14,permutation,1060,answer,v0,v3,False,0.31,0.37,0.48,0.641
permutation-1-10,permutation,1061,answer,v0,v0,True,0.48,0.61,0.61,0.2154
permutation-2-4,permutation,1062,answer,v0,v0,True,0.2,0.39,0.39,0.5246
decision-4-appointment-check-False,decision,1063,answer,no,no,True,1.0,1.0,1.0,0.0
permutation-4-15,permutation,1064,answer,v0,v0,True,0.34,0.5,0.5,0.3578
permutation-2-9,permutation,1065,answer,v0,v3,False,0.16,0.37,0.37,0.5694
decision-11-collection-described-False,decision,1066,answer,go_without,go_without,True,1.0,1.0,1.0,0.0
permutation-4-14,permutation,1067,answer,v0,v0,True,0.45,0.59,0.59,0.24060000000000004
permutation-3-22,permutation,1068,answer,v0,v3,False,0.26,0.26,0.45,0.8102
decision-4-inspection-check-False,decision,1069,answer,yes,yes,True,0.98,0.99,0.99,0.0002000000000000002
decision-7-appointment-direct-False,decision,1070,answer,go_without,go_without,True,1.0,1.0,1.0,0.0
decision-2-inspection-check-False,decision,1071,answer,yes,yes,True,0.96,0.97,0.97,0.0014000000000000017
logic-4-2-no,logic_depth,1072,answer,no,no,True,0.95,0.97,0.97,0.0018000000000000017
decision-7-inspection-described-True,decision,1073,answer,bring,bring,True,0.98,0.99,0.99,0.0002000000000000002
permutation-4-12,permutation,1074,answer,v0,v0,True,0.44,0.58,0.58,0.24780000000000005
decision-3-service-described-True,decision,1075,answer,bring,bring,True,0.91,0.96,0.96,0.003200000000000003
decision-10-appointment-described-True,decision,1076,answer,go_without,go_without,True,1.0,1.0,1.0,0.0
permutation-3-0,permutation,1077,answer,v0,v0,True,0.24,0.44,0.44,0.46820000000000006
logic-8-2-no,logic_depth,1078,answer,no,no,True,0.92,0.95,0.95,0.0050000000000000044
permutation-5-1,permutation,1079,answer,v0,v0,True,0.46,0.61,0.61,0.21020000000000003
decision-11-service-described-False,decision,1080,answer,bring,bring,True,0.98,0.99,0.99,0.0002000000000000002
decision-2-inspection-described-False,decision,1081,answer,bring,bring,True,0.94,0.97,0.97,0.0018000000000000017
decision-2-collection-check-False,decision,1082,answer,no,no,True,1.0,1.0,1.0,0.0
permutation-4-13,permutation,1083,answer,v0,v0,True,0.44,0.58,0.58,0.24740000000000004
decision-3-service-described-True,decision,1084,answer,bring,bring,True,0.91,0.95,0.95,0.0050000000000000044
permutation-1-5,permutation,1085,answer,v0,v0,True,0.76,0.82,0.82,0.04740000000000002
decision-10-inspection-check-True,decision,1086,answer,yes,yes,True,0.99,0.99,0.99,0.0002000000000000002
permutation-5-19,permutation,1087,answer,v0,v3,False,0.27,0.25,0.46,0.8202
decision-7-collection-direct-True,decision,1088,answer,go_without,go_without,True,1.0,1.0,1.0,0.0
decision-6-collection-check-False,decision,1089,answer,no,no,True,1.0,1.0,1.0,0.0
decision-4-appointment-check-True,decision,1090,answer,no,no,True,1.0,1.0,1.0,0.0
decision-11-appointment-described-True,decision,1091,answer,go_without,go_without,True,1.0,1.0,1.0,0.0
decision-4-appointment-described-False,decision,1092,answer,go_without,go_without,True,1.0,1.0,1.0,0.0
decision-10-collection-direct-True,decision,1093,answer,go_without,go_without,True,0.99,1.0,1.0,0.0
decision-3-collection-direct-True,decision,1094,answer,go_without,go_without,True,1.0,1.0,1.0,0.0
logic-16-0-no,logic_depth,1095,answer,no,no,True,0.83,0.89,0.89,0.0242
decision-4-inspection-check-True,decision,1096,answer,yes,yes,True,0.98,0.99,0.99,0.0002000000000000002
decision-10-service-described-True,decision,1097,answer,bring,bring,True,0.95,0.97,0.97,0.0018000000000000017
decision-0-collection-direct-True,decision,1098,answer,go_without,go_without,True,1.0,1.0,1.0,0.0
decision-3-inspection-direct-True,decision,1099,answer,bring,bring,True,0.92,0.96,0.96,0.003200000000000003
logic-8-0-no,logic_depth,1100,answer,no,no,True,0.92,0.95,0.95,0.0050000000000000044
decision-3-collection-described-True,decision,1101,answer,go_without,go_without,True,1.0,1.0,1.0,0.0
decision-11-collection-direct-True,decision,1102,answer,go_without,go_without,True,1.0,1.0,1.0,0.0
decision-8-service-described-True,decision,1103,answer,bring,bring,True,0.93,0.97,0.97,0.0018000000000000017
tracking-1-1,multi_tracking,1104,answer,hall,hall,True,1.0,1.0,1.0,0.0
records-16-middle-1,competing_records,1105,answer,red,red,True,1.0,1.0,1.0,0.0
decision-4-collection-direct-False,decision,1106,answer,go_without,go_without,True,1.0,1.0,1.0,0.0
logic-8-1-cannot_be_determined,logic_depth,1107,answer,cannot_be_determined,cannot_be_determined,True,0.97,0.98,0.98,0.0008000000000000008
permutation-5-17,permutation,1108,answer,v0,v3,False,0.18,0.29,0.38,0.7042
permutation-2-8,permutation,1109,answer,v0,v3,False,0.15,0.32,0.36,0.6431999999999999
decision-8-inspection-check-False,decision,1110,answer,yes,yes,True,0.98,0.99,0.99,0.0002000000000000002
permutation-1-14,permutation,1111,answer,v0,v0,True,0.62,0.72,0.72,0.11900000000000001
records-128-end-2,competing_records,1112,answer,blue,blue,True,0.99,1.0,1.0,0.0
decision-11-inspection-direct-False,decision,1113,answer,bring,bring,True,0.98,0.99,0.99,0.0002000000000000002
decision-4-appointment-direct-True,decision,1114,answer,go_without,go_without,True,1.0,1.0,1.0,0.0
decision-10-inspection-direct-False,decision,1115,answer,bring,bring,True,0.97,0.98,0.98,0.0008000000000000008
records-0-start-0,competing_records,1116,answer,yellow,yellow,True,1.0,1.0,1.0,0.0
decision-7-service-described-False,decision,1117,answer,bring,bring,True,0.96,0.98,0.98,0.0008000000000000008
permutation-1-10,permutation,1118,answer,v0,v0,True,0.5,0.62,0.62,0.2042
logic-2-2-yes,logic_depth,1119,answer,yes,yes,True,1.0,1.0,1.0,0.0
decision-0-service-check-False,decision,1120,answer,yes,yes,True,0.99,1.0,1.0,0.0
tracking-16-2,multi_tracking,1121,answer,office,office,True,0.89,0.92,0.92,0.012799999999999994
records-512-start-2,competing_records,1122,answer,blue,blue,True,1.0,1.0,1.0,0.0
decision-10-service-described-False,decision,1123,answer,bring,bring,True,0.97,0.98,0.98,0.0008000000000000008
decision-5-inspection-described-False,decision,1124,answer,bring,bring,True,0.99,1.0,1.0,0.0
permutation-0-8,permutation,1125,answer,v0,v0,True,0.67,0.76,0.76,0.0774
permutation-1-19,permutation,1126,answer,v0,v0,True,0.54,0.65,0.65,0.1742
logic-16-0-cannot_be_determined,logic_depth,1127,answer,cannot_be_determined,cannot_be_determined,True,0.92,0.95,0.95,0.0050000000000000044
logic-8-2-yes,logic_depth,1128,answer,yes,yes,True,1.0,1.0,1.0,0.0
permutation-5-20,permutation,1129,answer,v0,v3,False,0.49,0.12,0.61,1.1914
permutation-3-2,permutation,1130,answer,v0,v0,True,0.22,0.42,0.42,0.49940000000000007
logic-32-1-no,logic_depth,1131,answer,no,no,True,0.93,0.95,0.95,0.0050000000000000044
decision-10-appointment-direct-True,decision,1132,answer,go_without,go_without,True,1.0,1.0,1.0,0.0
decision-5-appointment-check-False,decision,1133,answer,no,no,True,1.0,1.0,1.0,0.0
decision-7-inspection-check-True,decision,1134,answer,yes,yes,True,0.98,0.98,0.98,0.0006000000000000007
permutation-1-8,permutation,1135,answer,v0,v0,True,0.48,0.61,0.61,0.21960000000000002
decision-11-inspection-check-False,decision,1136,answer,yes,yes,True,0.99,0.99,0.99,0.0002000000000000002
permutation-3-21,permutation,1137,answer,v0,v3,False,0.43,0.22,0.58,0.972
decision-8-appointment-check-True,decision,1138,answer,no,no,True,1.0,1.0,1.0,0.0
decision-7-inspection-described-True,decision,1139,answer,bring,bring,True,0.98,0.99,0.99,0.0002000000000000002
decision-3-appointment-described-True,decision,1140,answer,go_without,go_without,True,1.0,1.0,1.0,0.0
decision-3-collection-check-True,decision,1141,answer,no,no,True,1.0,1.0,1.0,0.0
permutation-0-17,permutation,1142,answer,v0,v0,True,0.8,0.85,0.85,0.030200000000000008
permutation-2-23,permutation,1143,answer,v0,v0,True,0.33,0.5,0.5,0.3352
decision-8-service-described-True,decision,1144,answer,bring,bring,True,0.94,0.97,0.97,0.0018000000000000017
decision-2-service-described-False,decision,1145,answer,bring,bring,True,0.98,0.99,0.99,0.0002000000000000002
decision-6-inspection-described-True,decision,1146,answer,bring,bring,True,0.97,0.98,0.98,0.0008000000000000008
permutation-0-12,permutation,1147,answer,v0,v0,True,0.55,0.66,0.66,0.1566
decision-3-collection-direct-True,decision,1148,answer,go_without,go_without,True,1.0,1.0,1.0,0.0
logic-2-2-no,logic_depth,1149,answer,no,no,True,0.99,0.99,0.99,0.0002000000000000002
decision-1-service-direct-False,decision,1150,answer,bring,bring,True,0.97,0.99,0.99,0.0002000000000000002
permutation-0-2,permutation,1151,answer,v0,v0,True,0.53,0.65,0.65,0.1646
decision-2-service-described-False,decision,1152,answer,bring,bring,True,0.98,0.99,0.99,0.0002000000000000002
decision-7-appointment-check-True,decision,1153,answer,no,no,True,1.0,1.0,1.0,0.0
decision-0-appointment-described-True,decision,1154,answer,go_without,go_without,True,1.0,1.0,1.0,0.0
decision-9-inspection-described-True,decision,1155,answer,bring,bring,True,0.98,0.99,0.99,0.0002000000000000002
decision-6-appointment-direct-True,decision,1156,answer,go_without,go_without,True,1.0,1.0,1.0,0.0
decision-8-appointment-described-True,decision,1157,answer,go_without,go_without,True,1.0,1.0,1.0,0.0
records-128-middle-2,competing_records,1158,answer,blue,blue,True,1.0,1.0,1.0,0.0
permutation-1-13,permutation,1159,answer,v0,v0,True,0.48,0.61,0.61,0.22760000000000002
permutation-5-2,permutation,1160,answer,v0,v0,True,0.45,0.59,0.59,0.24420000000000003
logic-1-0-cannot_be_determined,logic_depth,1161,answer,cannot_be_determined,cannot_be_determined,True,1.0,1.0,1.0,0.0
logic-4-1-cannot_be_determined,logic_depth,1162,answer,cannot_be_determined,cannot_be_determined,True,0.98,0.99,0.99,0.0002000000000000002
decision-1-inspection-direct-False,decision,1163,answer,bring,bring,True,0.98,0.99,0.99,0.0002000000000000002
decision-4-collection-described-False,decision,1164,answer,go_without,go_without,True,1.0,1.0,1.0,0.0
decision-4-collection-direct-False,decision,1165,answer,go_without,go_without,True,1.0,1.0,1.0,0.0
decision-8-appointment-described-False,decision,1166,answer,go_without,go_without,True,1.0,1.0,1.0,0.0
permutation-0-9,permutation,1167,answer,v0,v0,True,0.82,0.86,0.86,0.027200000000000002
records-16-end-1,competing_records,1168,answer,red,red,True,1.0,1.0,1.0,0.0
logic-8-2-yes,logic_depth,1169,answer,yes,yes,True,1.0,1.0,1.0,0.0
permutation-4-11,permutation,1170,answer,v0,v1,False,0.2,0.28,0.4,0.7458
decision-8-appointment-described-False,decision,1171,answer,go_without,go_without,True,1.0,1.0,1.0,0.0
records-128-end-0,competing_records,1172,answer,yellow,yellow,True,0.99,1.0,1.0,0.0
decision-10-inspection-check-False,decision,1173,answer,yes,yes,True,0.99,0.99,0.99,0.0002000000000000002
decision-4-collection-described-False,decision,1174,answer,go_without,go_without,True,1.0,1.0,1.0,0.0
decision-3-service-check-True,decision,1175,answer,yes,yes,True,0.9,0.9299999999999999,0.9299999999999999,0.007400000000000009
decision-2-appointment-direct-True,decision,1176,answer,go_without,go_without,True,1.0,1.0,1.0,0.0
logic-4-1-no,logic_depth,1177,answer,no,no,True,0.96,0.98,0.98,0.0008000000000000008
decision-8-service-direct-True,decision,1178,answer,bring,bring,True,0.94,0.97,0.97,0.0018000000000000017
decision-6-inspection-direct-True,decision,1179,answer,bring,bring,True,0.93,0.96,0.96,0.003200000000000003
decision-9-appointment-direct-True,decision,1180,answer,go_without,go_without,True,1.0,1.0,1.0,0.0
tracking-1-2,multi_tracking,1181,answer,hall,hall,True,1.0,1.0,1.0,0.0
decision-11-inspection-direct-False,decision,1182,answer,bring,bring,True,0.97,0.99,0.99,0.0002000000000000002
permutation-4-15,permutation,1183,answer,v0,v0,True,0.4,0.54,0.54,0.30419999999999997
permutation-1-13,permutation,1184,answer,v0,v0,True,0.57,0.68,0.68,0.14779999999999996
permutation-4-13,permutation,1185,answer,v0,v0,True,0.38,0.54,0.54,0.3016
decision-11-service-direct-False,decision,1186,answer,bring,bring,True,0.97,0.98,0.98,0.0008000000000000008
permutation-1-1,permutation,1187,answer,v0,v0,True,0.66,0.75,0.75,0.0882
decision-7-service-direct-False,decision,1188,answer,bring,bring,True,0.95,0.97,0.97,0.0018000000000000017
permutation-5-16,permutation,1189,answer,v0,v3,False,0.18,0.32,0.39,0.6606
permutation-0-17,permutation,1190,answer,v0,v0,True,0.76,0.82,0.82,0.04380000000000002
permutation-5-7,permutation,1191,answer,v0,v1,False,0.12,0.29,0.34,0.7146
logic-16-2-cannot_be_determined,logic_depth,1192,answer,cannot_be_determined,cannot_be_determined,True,0.81,0.87,0.87,0.031400000000000004
permutation-3-22,permutation,1193,answer,v0,v3,False,0.21,0.27,0.41,0.7683999999999999
decision-1-service-check-True,decision,1194,answer,yes,yes,True,1.0,1.0,1.0,0.0
tracking-4-0,multi_tracking,1195,answer,garden,garden,True,0.95,0.96,0.96,0.003200000000000003
permutation-3-8,permutation,1196,answer,v0,v3,False,0.23,0.3,0.42,0.7127999999999999
decision-4-inspection-described-False,decision,1197,answer,bring,bring,True,0.97,0.99,0.99,0.0002000000000000002
decision-6-service-direct-True,decision,1198,answer,bring,bring,True,0.93,0.97,0.97,0.0018000000000000017
permutation-2-5,permutation,1199,answer,v0,v0,True,0.21,0.41,0.41,0.4962000000000001
permutation-5-11,permutation,1200,answer,v0,v1,False,0.13,0.24,0.34,0.8014
permutation-0-19,permutation,1201,answer,v0,v0,True,0.51,0.64,0.64,0.1736
decision-0-appointment-described-False,decision,1202,answer,go_without,go_without,True,1.0,1.0,1.0,0.0
decision-9-appointment-check-False,decision,1203,answer,no,no,True,1.0,1.0,1.0,0.0
decision-9-inspection-described-True,decision,1204,answer,bring,bring,True,0.99,0.99,0.99,0.0002000000000000002
decision-4-inspection-direct-False,decision,1205,answer,bring,bring,True,0.95,0.97,0.97,0.0018000000000000017
decision-10-service-direct-False,decision,1206,answer,bring,bring,True,0.94,0.97,0.97,0.0018000000000000017
decision-3-inspection-described-False,decision,1207,answer,bring,bring,True,0.96,0.98,0.98,0.0008000000000000008
records-0-end-0,competing_records,1208,answer,yellow,yellow,True,1.0,1.0,1.0,0.0
records-16-start-1,competing_records,1209,answer,red,red,True,1.0,1.0,1.0,0.0
decision-7-service-direct-False,decision,1210,answer,bring,bring,True,0.95,0.97,0.97,0.0018000000000000017
decision-6-appointment-direct-True,decision,1211,answer,go_without,go_without,True,1.0,1.0,1.0,0.0
decision-4-service-direct-False,decision,1212,answer,bring,bring,True,0.92,0.96,0.96,0.003200000000000003
decision-0-collection-direct-True,decision,1213,answer,go_without,go_without,True,0.99,1.0,1.0,0.0
decision-9-inspection-check-False,decision,1214,answer,yes,yes,True,0.99,1.0,1.0,0.0
decision-7-collection-described-True,decision,1215,answer,go_without,go_without,True,1.0,1.0,1.0,0.0
decision-1-inspection-direct-False,decision,1216,answer,bring,bring,True,0.98,0.99,0.99,0.0002000000000000002
decision-11-service-check-True,decision,1217,answer,yes,yes,True,0.95,0.97,0.97,0.0014000000000000017
logic-1-1-cannot_be_determined,logic_depth,1218,answer,cannot_be_determined,cannot_be_determined,True,1.0,1.0,1.0,0.0
decision-6-appointment-direct-False,decision,1219,answer,go_without,go_without,True,1.0,1.0,1.0,0.0
logic-32-1-yes,logic_depth,1220,answer,yes,yes,True,1.0,1.0,1.0,0.0
decision-3-collection-direct-False,decision,1221,answer,go_without,go_without,True,1.0,1.0,1.0,0.0
logic-32-2-yes,logic_depth,1222,answer,yes,yes,True,1.0,1.0,1.0,0.0
decision-8-appointment-direct-True,decision,1223,answer,go_without,go_without,True,1.0,1.0,1.0,0.0
permutation-5-6,permutation,1224,answer,v0,v1,False,0.16,0.3,0.37,0.6958
decision-10-appointment-described-True,decision,1225,answer,go_without,go_without,True,1.0,1.0,1.0,0.0
decision-3-appointment-direct-True,decision,1226,answer,go_without,go_without,True,1.0,1.0,1.0,0.0
decision-5-service-check-True,decision,1227,answer,yes,yes,True,0.99,0.99,0.99,0.0002000000000000002
permutation-0-17,permutation,1228,answer,v0,v0,True,0.84,0.87,0.87,0.023000000000000003
decision-5-appointment-described-True,decision,1229,answer,go_without,go_without,True,1.0,1.0,1.0,0.0
decision-9-appointment-direct-False,decision,1230,answer,go_without,go_without,True,1.0,1.0,1.0,0.0
permutation-2-19,permutation,1231,answer,v0,v0,True,0.11,0.34,0.34,0.5825999999999999
permutation-0-13,permutation,1232,answer,v0,v0,True,0.59,0.7,0.7,0.12180000000000003
records-16-start-2,competing_records,1233,answer,blue,blue,True,1.0,1.0,1.0,0.0
decision-0-appointment-direct-True,decision,1234,answer,go_without,go_without,True,1.0,1.0,1.0,0.0
decision-8-service-check-True,decision,1235,answer,yes,yes,True,0.97,0.99,0.99,0.0002000000000000002
decision-11-collection-described-True,decision,1236,answer,go_without,go_without,True,1.0,1.0,1.0,0.0
decision-1-inspection-direct-False,decision,1237,answer,bring,bring,True,0.99,0.99,0.99,0.0002000000000000002
logic-4-1-no,logic_depth,1238,answer,no,no,True,0.97,0.98,0.98,0.0008000000000000008
permutation-4-6,permutation,1239,answer,v0,v0,True,0.27,0.45,0.45,0.4398
decision-8-appointment-direct-False,decision,1240,answer,go_without,go_without,True,1.0,1.0,1.0,0.0
decision-2-collection-check-False,decision,1241,answer,no,no,True,1.0,1.0,1.0,0.0
decision-0-collection-described-False,decision,1242,answer,go_without,go_without,True,1.0,1.0,1.0,0.0
decision-0-service-direct-True,decision,1243,answer,bring,bring,True,0.96,0.98,0.98,0.0008000000000000008
records-0-middle-2,competing_records,1244,answer,blue,blue,True,1.0,1.0,1.0,0.0
records-512-middle-0,competing_records,1245,answer,yellow,yellow,True,0.98,0.99,0.99,0.0002000000000000002
decision-10-service-direct-True,decision,1246,answer,bring,bring,True,0.95,0.97,0.97,0.0018000000000000017
permutation-0-22,permutation,1247,answer,v0,v0,True,0.64,0.73,0.73,0.09980000000000001
permutation-4-1,permutation,1248,answer,v0,v0,True,0.63,0.72,0.72,0.10900000000000001
decision-10-inspection-check-False,decision,1249,answer,yes,yes,True,0.99,0.99,0.99,0.0002000000000000002
permutation-1-10,permutation,1250,answer,v0,v0,True,0.5,0.63,0.63,0.19
records-128-start-0,competing_records,1251,answer,yellow,yellow,True,1.0,1.0,1.0,0.0
permutation-2-6,permutation,1252,answer,v0,v3,False,0.15,0.34,0.37,0.6205999999999999
decision-2-collection-check-True,decision,1253,answer,no,no,True,1.0,1.0,1.0,0.0
decision-1-inspection-direct-True,decision,1254,answer,bring,bring,True,0.98,0.99,0.99,0.0002000000000000002
decision-3-inspection-check-True,decision,1255,answer,yes,yes,True,0.97,0.98,0.98,0.0006000000000000007
permutation-4-2,permutation,1256,answer,v0,v0,True,0.58,0.68,0.68,0.13859999999999997
permutation-5-11,permutation,1257,answer,v0,v0,True,0.13,0.35,0.35,0.5774
records-512-end-0,competing_records,1258,answer,yellow,yellow,True,0.99,0.99,0.99,0.0002000000000000002
logic-32-2-no,logic_depth,1259,answer,no,no,True,0.86,0.91,0.91,0.016199999999999992
records-0-start-1,competing_records,1260,answer,red,red,True,1.0,1.0,1.0,0.0
decision-6-appointment-check-True,decision,1261,answer,no,no,True,1.0,1.0,1.0,0.0
logic-2-0-no,logic_depth,1262,answer,no,no,True,0.99,0.99,0.99,0.0002000000000000002
permutation-3-12,permutation,1263,answer,v0,v3,False,0.27,0.32,0.45,0.6973999999999999
decision-7-collection-check-True,decision,1264,answer,no,no,True,1.0,1.0,1.0,0.0
permutation-1-12,permutation,1265,answer,v0,v0,True,0.55,0.66,0.66,0.17059999999999997
permutation-2-21,permutation,1266,answer,v0,v0,True,0.15,0.37,0.37,0.5454
decision-5-collection-check-True,decision,1267,answer,no,no,True,1.0,1.0,1.0,0.0
decision-10-service-described-False,decision,1268,answer,bring,bring,True,0.97,0.98,0.98,0.0008000000000000008
records-16-middle-2,competing_records,1269,answer,blue,blue,True,1.0,1.0,1.0,0.0
decision-1-collection-direct-False,decision,1270,answer,go_without,go_without,True,1.0,1.0,1.0,0.0
logic-16-1-yes,logic_depth,1271,answer,yes,yes,True,1.0,1.0,1.0,0.0
records-512-middle-0,competing_records,1272,answer,yellow,yellow,True,0.96,0.98,0.98,0.0008000000000000008
decision-10-collection-check-True,decision,1273,answer,no,no,True,1.0,1.0,1.0,0.0
permutation-0-7,permutation,1274,answer,v0,v0,True,0.49,0.61,0.61,0.20840000000000003
permutation-5-18,permutation,1275,answer,v0,v3,False,0.28,0.28,0.47000000000000003,0.7718
permutation-1-11,permutation,1276,answer,v0,v0,True,0.6,0.7,0.7,0.12860000000000002
records-16-middle-2,competing_records,1277,answer,blue,blue,True,1.0,1.0,1.0,0.0
records-0-end-1,competing_records,1278,answer,red,red,True,1.0,1.0,1.0,0.0
decision-1-service-described-False,decision,1279,answer,bring,bring,True,0.99,0.99,0.99,0.0002000000000000002
permutation-3-20,permutation,1280,answer,v0,v3,False,0.43,0.19,0.57,1.0130000000000001
logic-8-1-cannot_be_determined,logic_depth,1281,answer,cannot_be_determined,cannot_be_determined,True,0.98,0.98,0.98,0.0008000000000000008
decision-5-collection-check-False,decision,1282,answer,no,no,True,1.0,1.0,1.0,0.0
permutation-3-7,permutation,1283,answer,v0,v3,False,0.16,0.31,0.37,0.6739999999999999
decision-2-collection-described-False,decision,1284,answer,go_without,go_without,True,1.0,1.0,1.0,0.0
decision-7-collection-direct-False,decision,1285,answer,go_without,go_without,True,1.0,1.0,1.0,0.0
decision-4-service-direct-False,decision,1286,answer,bring,bring,True,0.93,0.96,0.96,0.003200000000000003
permutation-2-9,permutation,1287,answer,v0,v3,False,0.15,0.36,0.36,0.5792
decision-8-inspection-direct-True,decision,1288,answer,bring,bring,True,0.9,0.95,0.95,0.0050000000000000044
logic-2-1-no,logic_depth,1289,answer,no,no,True,0.99,0.99,0.99,0.0002000000000000002
decision-2-inspection-check-True,decision,1290,answer,yes,yes,True,0.96,0.97,0.97,0.0014000000000000017
permutation-1-6,permutation,1291,answer,v0,v0,True,0.62,0.71,0.71,0.12820000000000004
decision-5-inspection-direct-False,decision,1292,answer,bring,bring,True,0.99,0.99,0.99,0.0002000000000000002
decision-9-collection-check-False,decision,1293,answer,no,no,True,1.0,1.0,1.0,0.0
records-512-middle-1,competing_records,1294,answer,red,red,True,0.88,0.91,0.91,0.014599999999999995
decision-5-collection-check-False,decision,1295,answer,no,no,True,1.0,1.0,1.0,0.0
decision-9-inspection-check-True,decision,1296,answer,yes,yes,True,0.99,1.0,1.0,0.0
decision-5-appointment-check-True,decision,1297,answer,no,no,True,1.0,1.0,1.0,0.0
decision-8-appointment-check-True,decision,1298,answer,no,no,True,1.0,1.0,1.0,0.0
permutation-3-14,permutation,1299,answer,v0,v3,False,0.28,0.36,0.46,0.6406000000000001
decision-3-appointment-check-False,decision,1300,answer,no,no,True,1.0,1.0,1.0,0.0
tracking-16-1,multi_tracking,1301,answer,garden,garden,True,0.97,0.98,0.98,0.0006000000000000007
logic-4-0-no,logic_depth,1302,answer,no,no,True,0.98,0.99,0.99,0.0002000000000000002
decision-2-service-direct-True,decision,1303,answer,bring,bring,True,0.92,0.96,0.96,0.003200000000000003
decision-4-appointment-check-True,decision,1304,answer,no,no,True,1.0,1.0,1.0,0.0
decision-1-appointment-described-True,decision,1305,answer,go_without,go_without,True,1.0,1.0,1.0,0.0
decision-6-inspection-described-False,decision,1306,answer,bring,bring,True,0.98,0.99,0.99,0.0002000000000000002
logic-2-2-no,logic_depth,1307,answer,no,no,True,0.99,0.99,0.99,0.0002000000000000002
decision-2-collection-direct-False,decision,1308,answer,go_without,go_without,True,0.99,1.0,1.0,0.0
decision-3-inspection-described-True,decision,1309,answer,bring,bring,True,0.94,0.97,0.97,0.0018000000000000017
decision-3-appointment-direct-False,decision,1310,answer,go_without,go_without,True,1.0,1.0,1.0,0.0
decision-3-inspection-direct-False,decision,1311,answer,bring,bring,True,0.94,0.97,0.97,0.0018000000000000017
decision-3-service-described-True,decision,1312,answer,bring,bring,True,0.93,0.97,0.97,0.0018000000000000017
logic-4-1-yes,logic_depth,1313,answer,yes,yes,True,1.0,1.0,1.0,0.0
decision-0-service-described-True,decision,1314,answer,bring,bring,True,0.97,0.99,0.99,0.0002000000000000002
decision-6-appointment-described-True,decision,1315,answer,go_without,go_without,True,1.0,1.0,1.0,0.0
decision-2-service-check-False,decision,1316,answer,yes,yes,True,0.99,1.0,1.0,0.0
permutation-0-12,permutation,1317,answer,v0,v0,True,0.71,0.79,0.79,0.059599999999999986
permutation-5-7,permutation,1318,answer,v0,v3,False,0.15,0.22,0.36,0.8654000000000001
decision-1-collection-check-False,decision,1319,answer,no,no,True,1.0,1.0,1.0,0.0
logic-16-0-cannot_be_determined,logic_depth,1320,answer,cannot_be_determined,cannot_be_determined,True,0.93,0.95,0.95,0.0050000000000000044
permutation-3-23,permutation,1321,answer,v0,v3,False,0.37,0.26,0.52,0.8454
decision-1-collection-described-True,decision,1322,answer,go_without,go_without,True,1.0,1.0,1.0,0.0
decision-1-appointment-check-True,decision,1323,answer,no,no,True,1.0,1.0,1.0,0.0
decision-4-appointment-direct-False,decision,1324,answer,go_without,go_without,True,1.0,1.0,1.0,0.0
records-512-middle-1,competing_records,1325,answer,red,red,True,0.89,0.92,0.92,0.012799999999999994
logic-8-2-cannot_be_determined,logic_depth,1326,answer,cannot_be_determined,cannot_be_determined,True,0.82,0.88,0.88,0.0288
decision-5-service-direct-True,decision,1327,answer,bring,bring,True,0.97,0.99,0.99,0.0002000000000000002
records-16-middle-0,competing_records,1328,answer,yellow,yellow,True,1.0,1.0,1.0,0.0
decision-3-collection-described-False,decision,1329,answer,go_without,go_without,True,1.0,1.0,1.0,0.0
logic-32-1-cannot_be_determined,logic_depth,1330,answer,cannot_be_determined,cannot_be_determined,True,0.93,0.96,0.96,0.003200000000000003
decision-0-appointment-check-False,decision,1331,answer,no,no,True,1.0,1.0,1.0,0.0
decision-2-appointment-direct-False,decision,1332,answer,go_without,go_without,True,1.0,1.0,1.0,0.0
permutation-0-16,permutation,1333,answer,v0,v0,True,0.73,0.8,0.8,0.05419999999999998
permutation-0-0,permutation,1334,answer,v0,v0,True,0.51,0.63,0.63,0.1868
decision-4-appointment-check-False,decision,1335,answer,no,no,True,1.0,1.0,1.0,0.0
decision-4-inspection-described-True,decision,1336,answer,bring,bring,True,0.94,0.97,0.97,0.0018000000000000017
permutation-1-9,permutation,1337,answer,v0,v0,True,0.65,0.74,0.74,0.101
decision-9-appointment-described-False,decision,1338,answer,go_without,go_without,True,1.0,1.0,1.0,0.0
decision-7-appointment-described-True,decision,1339,answer,go_without,go_without,True,1.0,1.0,1.0,0.0
permutation-3-9,permutation,1340,answer,v0,v3,False,0.14,0.32,0.35,0.6613999999999999
permutation-1-22,permutation,1341,answer,v0,v0,True,0.54,0.66,0.66,0.15919999999999998
decision-11-collection-described-False,decision,1342,answer,go_without,go_without,True,1.0,1.0,1.0,0.0
decision-6-collection-described-True,decision,1343,answer,go_without,go_without,True,1.0,1.0,1.0,0.0
decision-3-inspection-direct-True,decision,1344,answer,bring,bring,True,0.91,0.95,0.95,0.0050000000000000044
permutation-4-0,permutation,1345,answer,v0,v0,True,0.72,0.79,0.79,0.06139999999999999
decision-10-service-described-True,decision,1346,answer,bring,bring,True,0.95,0.97,0.97,0.0018000000000000017
decision-11-service-direct-True,decision,1347,answer,bring,bring,True,0.96,0.98,0.98,0.0008000000000000008
permutation-5-3,permutation,1348,answer,v0,v0,True,0.38,0.53,0.53,0.30179999999999996
permutation-4-4,permutation,1349,answer,v0,v0,True,0.58,0.68,0.68,0.13899999999999996
permutation-3-3,permutation,1350,answer,v0,v0,True,0.28,0.46,0.46,0.4122
decision-7-collection-described-False,decision,1351,answer,go_without,go_without,True,1.0,1.0,1.0,0.0
permutation-3-8,permutation,1352,answer,v0,v3,False,0.23,0.31,0.42,0.7033999999999999
decision-2-appointment-direct-True,decision,1353,answer,go_without,go_without,True,0.99,1.0,1.0,0.0
decision-5-inspection-check-True,decision,1354,answer,yes,yes,True,1.0,1.0,1.0,0.0
decision-9-collection-described-True,decision,1355,answer,go_without,go_without,True,1.0,1.0,1.0,0.0
decision-4-service-described-True,decision,1356,answer,bring,bring,True,0.93,0.97,0.97,0.0018000000000000017
decision-5-service-described-True,decision,1357,answer,bring,bring,True,0.97,0.99,0.99,0.0002000000000000002
records-512-start-0,competing_records,1358,answer,yellow,yellow,True,1.0,1.0,1.0,0.0
decision-4-inspection-direct-True,decision,1359,answer,bring,bring,True,0.9,0.95,0.95,0.0050000000000000044
permutation-1-0,permutation,1360,answer,v0,v0,True,0.63,0.72,0.72,0.10860000000000002
decision-11-collection-check-True,decision,1361,answer,no,no,True,1.0,1.0,1.0,0.0
decision-9-appointment-described-False,decision,1362,answer,go_without,go_without,True,1.0,1.0,1.0,0.0
permutation-4-13,permutation,1363,answer,v0,v0,True,0.35,0.51,0.51,0.3366
permutation-0-22,permutation,1364,answer,v0,v0,True,0.62,0.71,0.71,0.11380000000000003
records-16-middle-2,competing_records,1365,answer,blue,blue,True,1.0,1.0,1.0,0.0
logic-8-1-yes,logic_depth,1366,answer,yes,yes,True,1.0,1.0,1.0,0.0
decision-1-inspection-check-True,decision,1367,answer,yes,yes,True,1.0,1.0,1.0,0.0
decision-6-inspection-described-False,decision,1368,answer,bring,bring,True,0.98,0.99,0.99,0.0002000000000000002
decision-8-collection-direct-True,decision,1369,answer,go_without,go_without,True,1.0,1.0,1.0,0.0
decision-8-service-direct-True,decision,1370,answer,bring,bring,True,0.91,0.96,0.96,0.003200000000000003
permutation-3-16,permutation,1371,answer,v0,v3,False,0.11,0.31,0.32,0.6733999999999999
permutation-0-10,permutation,1372,answer,v0,v0,True,0.63,0.71,0.71,0.11640000000000002
decision-5-appointment-direct-True,decision,1373,answer,go_without,go_without,True,1.0,1.0,1.0,0.0
decision-10-collection-described-True,decision,1374,answer,go_without,go_without,True,1.0,1.0,1.0,0.0
permutation-2-14,permutation,1375,answer,v0,v3,False,0.19,0.33,0.38,0.6365999999999999
permutation-3-15,permutation,1376,answer,v0,v3,False,0.26,0.35,0.44,0.6442
decision-6-appointment-described-False,decision,1377,answer,go_without,go_without,True,1.0,1.0,1.0,0.0
decision-8-inspection-described-True,decision,1378,answer,bring,bring,True,0.94,0.97,0.97,0.0018000000000000017
decision-8-service-check-True,decision,1379,answer,yes,yes,True,0.96,0.97,0.97,0.0014000000000000017
permutation-4-3,permutation,1380,answer,v0,v0,True,0.55,0.66,0.66,0.16019999999999998
permutation-2-13,permutation,1381,answer,v0,v3,False,0.29,0.23,0.47,0.859
logic-2-2-cannot_be_determined,logic_depth,1382,answer,cannot_be_determined,cannot_be_determined,True,0.99,0.99,0.99,0.0002000000000000002
logic-8-1-no,logic_depth,1383,answer,no,no,True,0.95,0.97,0.97,0.0018000000000000017
decision-8-collection-described-False,decision,1384,answer,go_without,go_without,True,1.0,1.0,1.0,0.0
logic-4-1-yes,logic_depth,1385,answer,yes,yes,True,1.0,1.0,1.0,0.0
decision-9-inspection-check-True,decision,1386,answer,yes,yes,True,0.99,1.0,1.0,0.0
decision-4-collection-direct-False,decision,1387,answer,go_without,go_without,True,1.0,1.0,1.0,0.0
permutation-0-20,permutation,1388,answer,v0,v0,True,0.47,0.61,0.61,0.2084
permutation-1-9,permutation,1389,answer,v0,v0,True,0.67,0.75,0.75,0.0926
decision-9-appointment-direct-False,decision,1390,answer,go_without,go_without,True,1.0,1.0,1.0,0.0
decision-10-inspection-direct-False,decision,1391,answer,bring,bring,True,0.98,0.99,0.99,0.0002000000000000002
decision-9-appointment-check-True,decision,1392,answer,no,no,True,1.0,1.0,1.0,0.0
records-0-middle-0,competing_records,1393,answer,yellow,yellow,True,1.0,1.0,1.0,0.0
decision-11-collection-direct-True,decision,1394,answer,go_without,go_without,True,1.0,1.0,1.0,0.0
decision-4-appointment-described-True,decision,1395,answer,go_without,go_without,True,1.0,1.0,1.0,0.0
decision-7-collection-check-True,decision,1396,answer,no,no,True,1.0,1.0,1.0,0.0
permutation-0-5,permutation,1397,answer,v0,v0,True,0.73,0.8,0.8,0.05379999999999998
decision-6-inspection-described-True,decision,1398,answer,bring,bring,True,0.95,0.98,0.98,0.0008000000000000008
permutation-5-5,permutation,1399,answer,v0,v0,True,0.39,0.54,0.54,0.3152
decision-1-appointment-direct-True,decision,1400,answer,go_without,go_without,True,1.0,1.0,1.0,0.0
permutation-2-13,permutation,1401,answer,v0,v3,False,0.28,0.21,0.46,0.8906000000000001
decision-3-service-check-False,decision,1402,answer,yes,yes,True,0.9,0.93,0.93,0.006899999999999993
permutation-2-0,permutation,1403,answer,v0,v3,False,0.35,0.19,0.52,0.9710000000000002
decision-5-appointment-described-False,decision,1404,answer,go_without,go_without,True,1.0,1.0,1.0,0.0
decision-8-appointment-check-False,decision,1405,answer,no,no,True,1.0,1.0,1.0,0.0
decision-1-service-check-False,decision,1406,answer,yes,yes,True,1.0,1.0,1.0,0.0
decision-7-service-direct-True,decision,1407,answer,bring,bring,True,0.93,0.97,0.97,0.0018000000000000017
records-512-end-0,competing_records,1408,answer,yellow,yellow,True,0.99,0.99,0.99,0.0002000000000000002
decision-9-appointment-check-True,decision,1409,answer,no,no,True,1.0,1.0,1.0,0.0
records-128-middle-1,competing_records,1410,answer,red,red,True,1.0,1.0,1.0,0.0
decision-10-inspection-described-False,decision,1411,answer,bring,bring,True,0.99,0.99,0.99,0.0002000000000000002
decision-10-service-check-True,decision,1412,answer,yes,yes,True,0.93,0.95,0.95,0.0038000000000000043
logic-2-1-cannot_be_determined,logic_depth,1413,answer,cannot_be_determined,cannot_be_determined,True,0.99,0.99,0.99,0.0002000000000000002
logic-32-1-cannot_be_determined,logic_depth,1414,answer,cannot_be_determined,cannot_be_determined,True,0.94,0.96,0.96,0.003200000000000003
decision-1-appointment-direct-False,decision,1415,answer,go_without,go_without,True,1.0,1.0,1.0,0.0
permutation-2-10,permutation,1416,answer,v0,v3,False,0.23,0.23,0.42,0.8346
permutation-4-21,permutation,1417,answer,v0,v3,False,0.17,0.36,0.38,0.5928
records-0-end-2,competing_records,1418,answer,blue,blue,True,1.0,1.0,1.0,0.0
decision-5-appointment-check-False,decision,1419,answer,no,no,True,1.0,1.0,1.0,0.0
decision-1-service-check-False,decision,1420,answer,yes,yes,True,1.0,1.0,1.0,0.0
decision-2-appointment-direct-False,decision,1421,answer,go_without,go_without,True,1.0,1.0,1.0,0.0
permutation-3-1,permutation,1422,answer,v0,v0,True,0.43,0.58,0.58,0.252
decision-7-service-described-True,decision,1423,answer,bring,bring,True,0.96,0.98,0.98,0.0008000000000000008
decision-9-inspection-check-False,decision,1424,answer,yes,yes,True,0.99,1.0,1.0,0.0
decision-1-appointment-check-False,decision,1425,answer,no,no,True,1.0,1.0,1.0,0.0
permutation-4-19,permutation,1426,answer,v0,v0,True,0.23,0.42,0.42,0.49340000000000006
permutation-5-19,permutation,1427,answer,v0,v3,False,0.44,0.21,0.58,0.9830000000000001
permutation-2-2,permutation,1428,answer,v0,v3,False,0.27,0.26,0.45,0.7922
decision-5-collection-direct-True,decision,1429,answer,go_without,go_without,True,1.0,1.0,1.0,0.0
records-16-start-0,competing_records,1430,answer,yellow,yellow,True,1.0,1.0,1.0,0.0
decision-5-collection-direct-False,decision,1431,answer,go_without,go_without,True,1.0,1.0,1.0,0.0
permutation-1-23,permutation,1432,answer,v0,v0,True,0.69,0.77,0.77,0.07259999999999998
decision-5-collection-direct-False,decision,1433,answer,go_without,go_without,True,1.0,1.0,1.0,0.0
permutation-5-9,permutation,1434,answer,v0,v1,False,0.25,0.15,0.44,1.0062
permutation-5-8,permutation,1435,answer,v0,v0,True,0.2,0.4,0.4,0.5018
decision-8-collection-described-True,decision,1436,answer,go_without,go_without,True,1.0,1.0,1.0,0.0
logic-2-0-cannot_be_determined,logic_depth,1437,answer,cannot_be_determined,cannot_be_determined,True,0.99,0.99,0.99,0.0002000000000000002
decision-8-inspection-described-False,decision,1438,answer,bring,bring,True,0.96,0.98,0.98,0.0008000000000000008
permutation-2-22,permutation,1439,answer,v0,v0,True,0.14,0.36,0.36,0.5534
logic-32-0-no,logic_depth,1440,answer,no,no,True,0.77,0.85,0.85,0.045000000000000005
decision-1-collection-direct-False,decision,1441,answer,go_without,go_without,True,1.0,1.0,1.0,0.0
permutation-3-5,permutation,1442,answer,v0,v0,True,0.28,0.46,0.46,0.42260000000000003
logic-2-0-cannot_be_determined,logic_depth,1443,answer,cannot_be_determined,cannot_be_determined,True,0.99,0.99,0.99,0.0002000000000000002
permutation-2-22,permutation,1444,answer,v0,v3,False,0.14,0.28,0.36,0.716
decision-2-appointment-check-False,decision,1445,answer,no,no,True,1.0,1.0,1.0,0.0
records-512-middle-2,competing_records,1446,answer,blue,blue,True,0.98,0.99,0.99,0.0002000000000000002
permutation-5-1,permutation,1447,answer,v0,v0,True,0.49,0.61,0.61,0.2156
permutation-0-11,permutation,1448,answer,v0,v0,True,0.81,0.85,0.85,0.031400000000000004
decision-11-appointment-direct-False,decision,1449,answer,go_without,go_without,True,1.0,1.0,1.0,0.0
permutation-5-12,permutation,1450,answer,v0,v0,True,0.28,0.46,0.46,0.41840000000000005
decision-3-service-described-False,decision,1451,answer,bring,bring,True,0.88,0.94,0.94,0.007200000000000007
logic-2-1-no,logic_depth,1452,answer,no,no,True,0.99,0.99,0.99,0.0002000000000000002
decision-7-inspection-described-False,decision,1453,answer,bring,bring,True,0.99,0.99,0.99,0.0002000000000000002
tracking-8-2,multi_tracking,1454,answer,kitchen,kitchen,True,0.99,0.99,0.99,0.0002000000000000002
decision-2-inspection-check-False,decision,1455,answer,yes,yes,True,0.95,0.96,0.96,0.002600000000000003
decision-11-service-described-False,decision,1456,answer,bring,bring,True,0.98,0.99,0.99,0.0002000000000000002
decision-9-collection-check-False,decision,1457,answer,no,no,True,1.0,1.0,1.0,0.0
decision-9-inspection-direct-True,decision,1458,answer,bring,bring,True,0.98,0.99,0.99,0.0002000000000000002
decision-6-inspection-direct-True,decision,1459,answer,bring,bring,True,0.94,0.97,0.97,0.0018000000000000017
decision-8-service-check-False,decision,1460,answer,yes,yes,True,0.97,0.97,0.97,0.0014000000000000017
permutation-5-8,permutation,1461,answer,v0,v0,True,0.31,0.48,0.48,0.371
tracking-8-2,multi_tracking,1462,answer,kitchen,kitchen,True,1.0,1.0,1.0,0.0
permutation-3-12,permutation,1463,answer,v0,v3,False,0.39,0.25,0.54,0.8846
decision-0-inspection-check-True,decision,1464,answer,yes,yes,True,0.95,0.96,0.96,0.002400000000000003
decision-2-inspection-check-False,decision,1465,answer,yes,yes,True,0.93,0.95,0.95,0.004200000000000004
decision-2-service-check-True,decision,1466,answer,yes,yes,True,0.99,0.99,0.99,0.0002000000000000002
logic-32-2-cannot_be_determined,logic_depth,1467,answer,cannot_be_determined,cannot_be_determined,True,0.78,0.85,0.85,0.04220000000000001
decision-10-collection-check-False,decision,1468,answer,no,no,True,1.0,1.0,1.0,0.0
logic-2-0-yes,logic_depth,1469,answer,yes,yes,True,1.0,1.0,1.0,0.0
decision-2-service-described-True,decision,1470,answer,bring,bring,True,0.96,0.98,0.98,0.0008000000000000008
logic-4-2-no,logic_depth,1471,answer,no,no,True,0.95,0.97,0.97,0.0018000000000000017
decision-1-collection-check-False,decision,1472,answer,no,no,True,1.0,1.0,1.0,0.0
decision-9-service-direct-True,decision,1473,answer,bring,bring,True,0.96,0.98,0.98,0.0008000000000000008
permutation-5-10,permutation,1474,answer,v0,v1,False,0.13,0.25,0.34,0.7842
logic-16-1-no,logic_depth,1475,answer,no,no,True,0.95,0.97,0.97,0.0018000000000000017
decision-0-inspection-direct-True,decision,1476,answer,bring,bring,True,0.87,0.94,0.94,0.007200000000000007
decision-8-appointment-described-False,decision,1477,answer,go_without,go_without,True,1.0,1.0,1.0,0.0
permutation-1-20,permutation,1478,answer,v0,v0,True,0.57,0.67,0.67,0.15739999999999998
decision-1-appointment-direct-False,decision,1479,answer,go_without,go_without,True,1.0,1.0,1.0,0.0
logic-1-0-yes,logic_depth,1480,answer,yes,yes,True,1.0,1.0,1.0,0.0
permutation-1-17,permutation,1481,answer,v0,v0,True,0.75,0.81,0.81,0.04979999999999998
decision-9-inspection-check-False,decision,1482,answer,yes,yes,True,0.99,1.0,1.0,0.0
decision-6-appointment-described-False,decision,1483,answer,go_without,go_without,True,1.0,1.0,1.0,0.0
records-16-start-2,competing_records,1484,answer,blue,blue,True,1.0,1.0,1.0,0.0
decision-0-inspection-direct-True,decision,1485,answer,bring,bring,True,0.87,0.93,0.93,0.009799999999999993
decision-5-service-check-False,decision,1486,answer,yes,yes,True,0.99,1.0,1.0,0.0
decision-10-inspection-described-True,decision,1487,answer,bring,bring,True,0.97,0.98,0.98,0.0008000000000000008
decision-7-inspection-direct-True,decision,1488,answer,bring,bring,True,0.97,0.99,0.99,0.0002000000000000002
permutation-0-23,permutation,1489,answer,v0,v0,True,0.69,0.77,0.77,0.07139999999999999
decision-4-service-check-False,decision,1490,answer,yes,yes,True,0.88,0.92,0.92,0.009799999999999994
decision-7-appointment-described-True,decision,1491,answer,go_without,go_without,True,1.0,1.0,1.0,0.0
permutation-3-17,permutation,1492,answer,v0,v0,True,0.17,0.38,0.38,0.5578
decision-6-service-described-False,decision,1493,answer,bring,bring,True,0.95,0.98,0.98,0.0008000000000000008
tracking-16-2,multi_tracking,1494,answer,office,office,True,0.85,0.89,0.89,0.0242
permutation-2-19,permutation,1495,answer,v0,v0,True,0.09,0.31,0.31,0.6374
decision-2-inspection-direct-True,decision,1496,answer,bring,bring,True,0.85,0.93,0.93,0.009799999999999993
permutation-0-0,permutation,1497,answer,v0,v0,True,0.67,0.75,0.75,0.0858
decision-8-appointment-check-False,decision,1498,answer,no,no,True,1.0,1.0,1.0,0.0
decision-10-inspection-direct-True,decision,1499,answer,bring,bring,True,0.95,0.97,0.97,0.0018000000000000017
permutation-0-6,permutation,1500,answer,v0,v0,True,0.64,0.73,0.73,0.09960000000000001
decision-2-appointment-check-True,decision,1501,answer,no,no,True,1.0,1.0,1.0,0.0
records-16-start-1,competing_records,1502,answer,red,red,True,1.0,1.0,1.0,0.0
decision-8-collection-check-False,decision,1503,answer,no,no,True,1.0,1.0,1.0,0.0
permutation-5-17,permutation,1504,answer,v0,v3,False,0.28,0.17,0.46,0.9773999999999999
decision-4-inspection-described-False,decision,1505,answer,bring,bring,True,0.98,0.99,0.99,0.0002000000000000002
permutation-5-23,permutation,1506,answer,v0,v3,False,0.39,0.18,0.55,1.0126000000000002
decision-7-appointment-described-False,decision,1507,answer,go_without,go_without,True,1.0,1.0,1.0,0.0
decision-1-inspection-described-False,decision,1508,answer,bring,bring,True,0.99,1.0,1.0,0.0
permutation-1-19,permutation,1509,answer,v0,v0,True,0.56,0.67,0.67,0.15019999999999997
decision-8-collection-check-False,decision,1510,answer,no,no,True,1.0,1.0,1.0,0.0
permutation-5-13,permutation,1511,answer,v0,v0,True,0.28,0.46,0.46,0.39740000000000003
decision-2-service-check-True,decision,1512,answer,yes,yes,True,0.99,0.99,0.99,0.0002000000000000002
permutation-0-13,permutation,1513,answer,v0,v0,True,0.68,0.76,0.76,0.0768
records-128-start-0,competing_records,1514,answer,yellow,yellow,True,1.0,1.0,1.0,0.0
permutation-2-3,permutation,1515,answer,v0,v0,True,0.19,0.39,0.39,0.5134
decision-5-service-check-True,decision,1516,answer,yes,yes,True,0.99,1.0,1.0,0.0
permutation-1-14,permutation,1517,answer,v0,v0,True,0.66,0.74,0.74,0.10060000000000001
decision-4-appointment-described-False,decision,1518,answer,go_without,go_without,True,1.0,1.0,1.0,0.0
decision-0-collection-described-True,decision,1519,answer,go_without,go_without,True,1.0,1.0,1.0,0.0
tracking-2-2,multi_tracking,1520,answer,hall,hall,True,1.0,1.0,1.0,0.0
tracking-16-1,multi_tracking,1521,answer,garden,garden,True,0.97,0.98,0.98,0.0006000000000000007
decision-8-collection-check-False,decision,1522,answer,no,no,True,1.0,1.0,1.0,0.0
decision-1-appointment-described-False,decision,1523,answer,go_without,go_without,True,1.0,1.0,1.0,0.0
records-512-end-2,competing_records,1524,answer,blue,blue,True,0.99,1.0,1.0,0.0
permutation-1-11,permutation,1525,answer,v0,v0,True,0.63,0.71,0.71,0.11420000000000002
decision-5-appointment-direct-False,decision,1526,answer,go_without,go_without,True,1.0,1.0,1.0,0.0
permutation-4-4,permutation,1527,answer,v0,v0,True,0.57,0.68,0.68,0.14259999999999998
logic-1-1-no,logic_depth,1528,answer,no,no,True,1.0,1.0,1.0,0.0
decision-8-inspection-described-False,decision,1529,answer,bring,bring,True,0.96,0.98,0.98,0.0008000000000000008
decision-10-appointment-described-True,decision,1530,answer,go_without,go_without,True,1.0,1.0,1.0,0.0
permutation-3-18,permutation,1531,answer,v0,v3,False,0.33,0.27,0.51,0.8243999999999999
permutation-0-14,permutation,1532,answer,v0,v0,True,0.6,0.7,0.7,0.12260000000000003
logic-8-2-cannot_be_determined,logic_depth,1533,answer,cannot_be_determined,cannot_be_determined,True,0.87,0.91,0.91,0.016199999999999992
permutation-4-5,permutation,1534,answer,v0,v0,True,0.56,0.67,0.67,0.14939999999999998
decision-2-inspection-direct-True,decision,1535,answer,bring,bring,True,0.83,0.91,0.91,0.016199999999999992
logic-8-0-yes,logic_depth,1536,answer,yes,yes,True,1.0,1.0,1.0,0.0
permutation-0-18,permutation,1537,answer,v0,v0,True,0.6,0.69,0.69,0.13100000000000003
permutation-0-9,permutation,1538,answer,v0,v0,True,0.71,0.79,0.79,0.06139999999999999
decision-7-collection-described-True,decision,1539,answer,go_without,go_without,True,1.0,1.0,1.0,0.0
permutation-1-16,permutation,1540,answer,v0,v0,True,0.57,0.68,0.68,0.14579999999999996
decision-0-service-check-True,decision,1541,answer,yes,yes,True,0.98,0.99,0.99,0.0002000000000000002
records-128-end-0,competing_records,1542,answer,yellow,yellow,True,0.99,1.0,1.0,0.0
decision-2-service-check-False,decision,1543,answer,yes,yes,True,0.99,1.0,1.0,0.0
logic-16-1-no,logic_depth,1544,answer,no,no,True,0.95,0.97,0.97,0.0018000000000000017
logic-32-0-cannot_be_determined,logic_depth,1545,answer,cannot_be_determined,cannot_be_determined,True,0.85,0.9,0.9,0.019999999999999997
decision-1-service-direct-False,decision,1546,answer,bring,bring,True,0.98,0.99,0.99,0.0002000000000000002
decision-7-collection-direct-True,decision,1547,answer,go_without,go_without,True,1.0,1.0,1.0,0.0
permutation-2-20,permutation,1548,answer,v0,v0,True,0.25,0.44,0.44,0.42300000000000004
logic-2-2-cannot_be_determined,logic_depth,1549,answer,cannot_be_determined,cannot_be_determined,True,0.99,1.0,1.0,0.0
decision-6-service-check-True,decision,1550,answer,yes,yes,True,0.88,0.92,0.92,0.009799999999999994
decision-2-inspection-described-True,decision,1551,answer,bring,bring,True,0.94,0.97,0.97,0.0018000000000000017
decision-7-service-direct-False,decision,1552,answer,bring,bring,True,0.94,0.97,0.97,0.0018000000000000017
logic-8-2-yes,logic_depth,1553,answer,yes,yes,True,1.0,1.0,1.0,0.0
decision-5-inspection-direct-True,decision,1554,answer,bring,bring,True,0.98,0.99,0.99,0.0002000000000000002
decision-8-inspection-check-False,decision,1555,answer,yes,yes,True,0.98,0.99,0.99,0.0002000000000000002
records-128-end-2,competing_records,1556,answer,blue,blue,True,1.0,1.0,1.0,0.0
decision-5-collection-direct-False,decision,1557,answer,go_without,go_without,True,1.0,1.0,1.0,0.0
decision-5-service-check-False,decision,1558,answer,yes,yes,True,0.99,1.0,1.0,0.0
decision-7-collection-check-False,decision,1559,answer,no,no,True,1.0,1.0,1.0,0.0
decision-8-appointment-direct-False,decision,1560,answer,go_without,go_without,True,1.0,1.0,1.0,0.0
logic-8-0-no,logic_depth,1561,answer,no,no,True,0.92,0.95,0.95,0.0050000000000000044
decision-2-service-described-True,decision,1562,answer,bring,bring,True,0.96,0.98,0.98,0.0008000000000000008
permutation-5-4,permutation,1563,answer,v0,v0,True,0.51,0.63,0.63,0.1938
permutation-3-2,permutation,1564,answer,v0,v0,True,0.21,0.41,0.41,0.519
logic-8-0-cannot_be_determined,logic_depth,1565,answer,cannot_be_determined,cannot_be_determined,True,0.94,0.96,0.96,0.003200000000000003
permutation-4-0,permutation,1566,answer,v0,v0,True,0.53,0.65,0.65,0.17339999999999997
permutation-0-14,permutation,1567,answer,v0,v0,True,0.65,0.74,0.74,0.09060000000000001
decision-10-service-direct-True,decision,1568,answer,bring,bring,True,0.91,0.96,0.96,0.003200000000000003
decision-4-service-check-True,decision,1569,answer,yes,yes,True,0.88,0.92,0.92,0.010399999999999993
decision-0-appointment-check-True,decision,1570,answer,no,no,True,1.0,1.0,1.0,0.0
decision-6-service-described-True,decision,1571,answer,bring,bring,True,0.93,0.97,0.97,0.0018000000000000017
permutation-5-15,permutation,1572,answer,v0,v3,False,0.25,0.16,0.44,0.9953999999999998
decision-11-appointment-direct-True,decision,1573,answer,go_without,go_without,True,1.0,1.0,1.0,0.0
permutation-3-13,permutation,1574,answer,v0,v3,False,0.32,0.27,0.49,0.8115999999999999
decision-6-inspection-check-True,decision,1575,answer,yes,yes,True,0.97,0.99,0.99,0.0002000000000000002
permutation-1-6,permutation,1576,answer,v0,v0,True,0.65,0.75,0.75,0.0946
decision-10-service-check-False,decision,1577,answer,yes,yes,True,0.94,0.96,0.96,0.002600000000000003
permutation-2-5,permutation,1578,answer,v0,v0,True,0.18,0.38,0.38,0.5358
permutation-2-21,permutation,1579,answer,v0,v0,True,0.32,0.5,0.5,0.3368
logic-2-1-cannot_be_determined,logic_depth,1580,answer,cannot_be_determined,cannot_be_determined,True,0.98,0.99,0.99,0.0002000000000000002
logic-16-1-cannot_be_determined,logic_depth,1581,answer,cannot_be_determined,cannot_be_determined,True,0.98,0.99,0.99,0.0002000000000000002
decision-9-service-described-True,decision,1582,answer,bring,bring,True,0.97,0.99,0.99,0.0002000000000000002
decision-6-inspection-direct-False,decision,1583,answer,bring,bring,True,0.95,0.97,0.97,0.0018000000000000017
permutation-3-22,permutation,1584,answer,v0,v3,False,0.32,0.25,0.49,0.8492
permutation-1-14,permutation,1585,answer,v0,v0,True,0.62,0.71,0.71,0.13880000000000003
permutation-2-0,permutation,1586,answer,v0,v3,False,0.24,0.29,0.43,0.7332
decision-10-appointment-direct-False,decision,1587,answer,go_without,go_without,True,1.0,1.0,1.0,0.0
decision-5-inspection-direct-False,decision,1588,answer,bring,bring,True,0.99,0.99,0.99,0.0002000000000000002
permutation-0-5,permutation,1589,answer,v0,v0,True,0.62,0.72,0.72,0.10500000000000001
decision-7-service-direct-True,decision,1590,answer,bring,bring,True,0.92,0.96,0.96,0.003200000000000003
decision-5-inspection-check-False,decision,1591,answer,yes,yes,True,1.0,1.0,1.0,0.0
decision-1-appointment-described-True,decision,1592,answer,go_without,go_without,True,1.0,1.0,1.0,0.0
decision-3-collection-direct-False,decision,1593,answer,go_without,go_without,True,1.0,1.0,1.0,0.0
decision-11-service-described-True,decision,1594,answer,bring,bring,True,0.97,0.99,0.99,0.0002000000000000002
permutation-1-9,permutation,1595,answer,v0,v0,True,0.69,0.77,0.77,0.08099999999999999
permutation-2-12,permutation,1596,answer,v0,v3,False,0.28,0.26,0.46,0.7992
decision-8-inspection-described-False,decision,1597,answer,bring,bring,True,0.96,0.98,0.98,0.0008000000000000008
tracking-4-1,multi_tracking,1598,answer,kitchen,kitchen,True,1.0,1.0,1.0,0.0
decision-3-collection-check-False,decision,1599,answer,no,no,True,1.0,1.0,1.0,0.0
decision-0-collection-check-False,decision,1600,answer,no,no,True,1.0,1.0,1.0,0.0
decision-9-appointment-check-False,decision,1601,answer,no,no,True,1.0,1.0,1.0,0.0
permutation-0-11,permutation,1602,answer,v0,v0,True,0.79,0.84,0.84,0.035400000000000015
decision-6-appointment-check-False,decision,1603,answer,no,no,True,1.0,1.0,1.0,0.0
decision-9-appointment-check-False,decision,1604,answer,no,no,True,1.0,1.0,1.0,0.0
decision-11-collection-direct-True,decision,1605,answer,go_without,go_without,True,1.0,1.0,1.0,0.0
permutation-0-21,permutation,1606,answer,v0,v0,True,0.77,0.83,0.83,0.039000000000000014
decision-3-collection-direct-True,decision,1607,answer,go_without,go_without,True,1.0,1.0,1.0,0.0
decision-7-appointment-check-True,decision,1608,answer,no,no,True,1.0,1.0,1.0,0.0
logic-32-2-no,logic_depth,1609,answer,no,no,True,0.87,0.91,0.91,0.016199999999999992
permutation-5-23,permutation,1610,answer,v0,v3,False,0.29,0.24,0.47,0.841
permutation-4-16,permutation,1611,answer,v0,v0,True,0.45,0.59,0.59,0.23420000000000005
