id,group,factors,requests,correct,accuracy,question_count,mean_target_probability,mean_confidence,input_tokens,output_tokens,latency_ms,selections
decision-0-service-direct-False,decision,"{""scenario"": ""0-service"", ""kind"": ""service"", ""mode"": ""direct"", ""reverse"": false, ""label"": ""bring""}",3,3,1.0,3,0.98,0.9566666666666667,362,32,341.63,"{""answer"": {""bring"": 3}}"
decision-0-service-described-False,decision,"{""scenario"": ""0-service"", ""kind"": ""service"", ""mode"": ""described"", ""reverse"": false, ""label"": ""bring""}",3,3,1.0,3,0.9833333333333333,0.97,383,32,339.4,"{""answer"": {""bring"": 3}}"
decision-0-service-check-False,decision,"{""scenario"": ""0-service"", ""kind"": ""service"", ""mode"": ""check"", ""reverse"": false, ""label"": ""bring""}",3,3,1.0,3,0.9966666666666667,0.99,399,42,321.83,"{""answer"": {""yes"": 3}}"
decision-0-service-direct-True,decision,"{""scenario"": ""0-service"", ""kind"": ""service"", ""mode"": ""direct"", ""reverse"": true, ""label"": ""bring""}",3,3,1.0,3,0.97,0.9433333333333334,362,32,326.37,"{""answer"": {""bring"": 3}}"
decision-0-service-described-True,decision,"{""scenario"": ""0-service"", ""kind"": ""service"", ""mode"": ""described"", ""reverse"": true, ""label"": ""bring""}",3,3,1.0,3,0.9866666666666667,0.9733333333333333,383,32,295.58,"{""answer"": {""bring"": 3}}"
decision-0-service-check-True,decision,"{""scenario"": ""0-service"", ""kind"": ""service"", ""mode"": ""check"", ""reverse"": true, ""label"": ""bring""}",3,3,1.0,3,0.9866666666666667,0.9833333333333333,399,42,297.23,"{""answer"": {""yes"": 3}}"
decision-0-inspection-direct-False,decision,"{""scenario"": ""0-inspection"", ""kind"": ""inspection"", ""mode"": ""direct"", ""reverse"": false, ""label"": ""bring""}",3,3,1.0,3,0.9533333333333333,0.9033333333333333,362,32,333.23,"{""answer"": {""bring"": 3}}"
decision-0-inspection-described-False,decision,"{""scenario"": ""0-inspection"", ""kind"": ""inspection"", ""mode"": ""described"", ""reverse"": false, ""label"": ""bring""}",3,3,1.0,3,0.9666666666666667,0.9333333333333333,383,32,337.47,"{""answer"": {""bring"": 3}}"
decision-0-inspection-check-False,decision,"{""scenario"": ""0-inspection"", ""kind"": ""inspection"", ""mode"": ""check"", ""reverse"": false, ""label"": ""bring""}",3,3,1.0,3,0.97,0.9533333333333334,399,42,288.11,"{""answer"": {""yes"": 3}}"
decision-0-inspection-direct-True,decision,"{""scenario"": ""0-inspection"", ""kind"": ""inspection"", ""mode"": ""direct"", ""reverse"": true, ""label"": ""bring""}",3,3,1.0,3,0.93,0.86,362,32,304.8,"{""answer"": {""bring"": 3}}"
decision-0-inspection-described-True,decision,"{""scenario"": ""0-inspection"", ""kind"": ""inspection"", ""mode"": ""described"", ""reverse"": true, ""label"": ""bring""}",3,3,1.0,3,0.97,0.94,383,32,320.98,"{""answer"": {""bring"": 3}}"
decision-0-inspection-check-True,decision,"{""scenario"": ""0-inspection"", ""kind"": ""inspection"", ""mode"": ""check"", ""reverse"": true, ""label"": ""bring""}",3,3,1.0,3,0.9633333333333333,0.9466666666666667,399,42,316.7,"{""answer"": {""yes"": 3}}"
decision-0-collection-direct-False,decision,"{""scenario"": ""0-collection"", ""kind"": ""collection"", ""mode"": ""direct"", ""reverse"": false, ""label"": ""go_without""}",3,3,1.0,3,1.0,1.0,361,33,332.97,"{""answer"": {""go_without"": 3}}"
decision-0-collection-described-False,decision,"{""scenario"": ""0-collection"", ""kind"": ""collection"", ""mode"": ""described"", ""reverse"": false, ""label"": ""go_without""}",3,3,1.0,3,1.0,1.0,382,33,329.54,"{""answer"": {""go_without"": 3}}"
decision-0-collection-check-False,decision,"{""scenario"": ""0-collection"", ""kind"": ""collection"", ""mode"": ""check"", ""reverse"": false, ""label"": ""go_without""}",3,3,1.0,3,1.0,1.0,398,42,325.48,"{""answer"": {""no"": 3}}"
decision-0-collection-direct-True,decision,"{""scenario"": ""0-collection"", ""kind"": ""collection"", ""mode"": ""direct"", ""reverse"": true, ""label"": ""go_without""}",3,3,1.0,3,1.0,0.9966666666666667,361,33,310.29,"{""answer"": {""go_without"": 3}}"
decision-0-collection-described-True,decision,"{""scenario"": ""0-collection"", ""kind"": ""collection"", ""mode"": ""described"", ""reverse"": true, ""label"": ""go_without""}",3,3,1.0,3,1.0,1.0,382,33,309.91,"{""answer"": {""go_without"": 3}}"
decision-0-collection-check-True,decision,"{""scenario"": ""0-collection"", ""kind"": ""collection"", ""mode"": ""check"", ""reverse"": true, ""label"": ""go_without""}",3,3,1.0,3,1.0,1.0,398,42,302.75,"{""answer"": {""no"": 3}}"
decision-0-appointment-direct-False,decision,"{""scenario"": ""0-appointment"", ""kind"": ""appointment"", ""mode"": ""direct"", ""reverse"": false, ""label"": ""go_without""}",3,3,1.0,3,1.0,1.0,376,33,378.89,"{""answer"": {""go_without"": 3}}"
decision-0-appointment-described-False,decision,"{""scenario"": ""0-appointment"", ""kind"": ""appointment"", ""mode"": ""described"", ""reverse"": false, ""label"": ""go_without""}",3,3,1.0,3,1.0,1.0,397,33,354.02,"{""answer"": {""go_without"": 3}}"
decision-0-appointment-check-False,decision,"{""scenario"": ""0-appointment"", ""kind"": ""appointment"", ""mode"": ""check"", ""reverse"": false, ""label"": ""go_without""}",3,3,1.0,3,1.0,1.0,413,42,326.9,"{""answer"": {""no"": 3}}"
decision-0-appointment-direct-True,decision,"{""scenario"": ""0-appointment"", ""kind"": ""appointment"", ""mode"": ""direct"", ""reverse"": true, ""label"": ""go_without""}",3,3,1.0,3,1.0,1.0,376,33,293.12,"{""answer"": {""go_without"": 3}}"
decision-0-appointment-described-True,decision,"{""scenario"": ""0-appointment"", ""kind"": ""appointment"", ""mode"": ""described"", ""reverse"": true, ""label"": ""go_without""}",3,3,1.0,3,1.0,1.0,397,33,346.56,"{""answer"": {""go_without"": 3}}"
decision-0-appointment-check-True,decision,"{""scenario"": ""0-appointment"", ""kind"": ""appointment"", ""mode"": ""check"", ""reverse"": true, ""label"": ""go_without""}",3,3,1.0,3,1.0,1.0,413,42,292.47,"{""answer"": {""no"": 3}}"
decision-1-service-direct-False,decision,"{""scenario"": ""1-service"", ""kind"": ""service"", ""mode"": ""direct"", ""reverse"": false, ""label"": ""bring""}",3,3,1.0,3,0.99,0.98,362,32,395.96,"{""answer"": {""bring"": 3}}"
decision-1-service-described-False,decision,"{""scenario"": ""1-service"", ""kind"": ""service"", ""mode"": ""described"", ""reverse"": false, ""label"": ""bring""}",3,3,1.0,3,0.99,0.9866666666666667,383,32,315.29,"{""answer"": {""bring"": 3}}"
decision-1-service-check-False,decision,"{""scenario"": ""1-service"", ""kind"": ""service"", ""mode"": ""check"", ""reverse"": false, ""label"": ""bring""}",3,3,1.0,3,1.0,1.0,399,42,308.54,"{""answer"": {""yes"": 3}}"
decision-1-service-direct-True,decision,"{""scenario"": ""1-service"", ""kind"": ""service"", ""mode"": ""direct"", ""reverse"": true, ""label"": ""bring""}",3,3,1.0,3,0.9833333333333333,0.9633333333333333,362,32,298.53,"{""answer"": {""bring"": 3}}"
decision-1-service-described-True,decision,"{""scenario"": ""1-service"", ""kind"": ""service"", ""mode"": ""described"", ""reverse"": true, ""label"": ""bring""}",3,3,1.0,3,0.99,0.98,383,32,326.9,"{""answer"": {""bring"": 3}}"
decision-1-service-check-True,decision,"{""scenario"": ""1-service"", ""kind"": ""service"", ""mode"": ""check"", ""reverse"": true, ""label"": ""bring""}",3,3,1.0,3,1.0,1.0,399,42,339.06,"{""answer"": {""yes"": 3}}"
decision-1-inspection-direct-False,decision,"{""scenario"": ""1-inspection"", ""kind"": ""inspection"", ""mode"": ""direct"", ""reverse"": false, ""label"": ""bring""}",3,3,1.0,3,0.99,0.9833333333333333,362,32,290.66,"{""answer"": {""bring"": 3}}"
decision-1-inspection-described-False,decision,"{""scenario"": ""1-inspection"", ""kind"": ""inspection"", ""mode"": ""described"", ""reverse"": false, ""label"": ""bring""}",3,3,1.0,3,0.9933333333333333,0.99,383,32,310.51,"{""answer"": {""bring"": 3}}"
decision-1-inspection-check-False,decision,"{""scenario"": ""1-inspection"", ""kind"": ""inspection"", ""mode"": ""check"", ""reverse"": false, ""label"": ""bring""}",3,3,1.0,3,1.0,1.0,399,42,317.12,"{""answer"": {""yes"": 3}}"
decision-1-inspection-direct-True,decision,"{""scenario"": ""1-inspection"", ""kind"": ""inspection"", ""mode"": ""direct"", ""reverse"": true, ""label"": ""bring""}",3,3,1.0,3,0.99,0.98,362,32,321.5,"{""answer"": {""bring"": 3}}"
decision-1-inspection-described-True,decision,"{""scenario"": ""1-inspection"", ""kind"": ""inspection"", ""mode"": ""described"", ""reverse"": true, ""label"": ""bring""}",3,3,1.0,3,0.99,0.98,383,32,305.61,"{""answer"": {""bring"": 3}}"
decision-1-inspection-check-True,decision,"{""scenario"": ""1-inspection"", ""kind"": ""inspection"", ""mode"": ""check"", ""reverse"": true, ""label"": ""bring""}",3,3,1.0,3,1.0,1.0,399,42,293.72,"{""answer"": {""yes"": 3}}"
decision-1-collection-direct-False,decision,"{""scenario"": ""1-collection"", ""kind"": ""collection"", ""mode"": ""direct"", ""reverse"": false, ""label"": ""go_without""}",3,3,1.0,3,1.0,0.9966666666666667,361,33,291.08,"{""answer"": {""go_without"": 3}}"
decision-1-collection-described-False,decision,"{""scenario"": ""1-collection"", ""kind"": ""collection"", ""mode"": ""described"", ""reverse"": false, ""label"": ""go_without""}",3,3,1.0,3,1.0,1.0,382,33,304.41,"{""answer"": {""go_without"": 3}}"
decision-1-collection-check-False,decision,"{""scenario"": ""1-collection"", ""kind"": ""collection"", ""mode"": ""check"", ""reverse"": false, ""label"": ""go_without""}",3,3,1.0,3,1.0,1.0,398,42,349.09,"{""answer"": {""no"": 3}}"
decision-1-collection-direct-True,decision,"{""scenario"": ""1-collection"", ""kind"": ""collection"", ""mode"": ""direct"", ""reverse"": true, ""label"": ""go_without""}",3,3,1.0,3,1.0,0.9966666666666667,361,33,367.48,"{""answer"": {""go_without"": 3}}"
decision-1-collection-described-True,decision,"{""scenario"": ""1-collection"", ""kind"": ""collection"", ""mode"": ""described"", ""reverse"": true, ""label"": ""go_without""}",3,3,1.0,3,1.0,1.0,382,33,304.09,"{""answer"": {""go_without"": 3}}"
decision-1-collection-check-True,decision,"{""scenario"": ""1-collection"", ""kind"": ""collection"", ""mode"": ""check"", ""reverse"": true, ""label"": ""go_without""}",3,3,1.0,3,1.0,1.0,398,42,305.86,"{""answer"": {""no"": 3}}"
decision-1-appointment-direct-False,decision,"{""scenario"": ""1-appointment"", ""kind"": ""appointment"", ""mode"": ""direct"", ""reverse"": false, ""label"": ""go_without""}",3,3,1.0,3,1.0,1.0,376,33,323.3,"{""answer"": {""go_without"": 3}}"
decision-1-appointment-described-False,decision,"{""scenario"": ""1-appointment"", ""kind"": ""appointment"", ""mode"": ""described"", ""reverse"": false, ""label"": ""go_without""}",3,3,1.0,3,1.0,1.0,397,33,323.42,"{""answer"": {""go_without"": 3}}"
decision-1-appointment-check-False,decision,"{""scenario"": ""1-appointment"", ""kind"": ""appointment"", ""mode"": ""check"", ""reverse"": false, ""label"": ""go_without""}",3,3,1.0,3,1.0,1.0,413,42,381.16,"{""answer"": {""no"": 3}}"
decision-1-appointment-direct-True,decision,"{""scenario"": ""1-appointment"", ""kind"": ""appointment"", ""mode"": ""direct"", ""reverse"": true, ""label"": ""go_without""}",3,3,1.0,3,1.0,1.0,376,33,287.08,"{""answer"": {""go_without"": 3}}"
decision-1-appointment-described-True,decision,"{""scenario"": ""1-appointment"", ""kind"": ""appointment"", ""mode"": ""described"", ""reverse"": true, ""label"": ""go_without""}",3,3,1.0,3,1.0,1.0,397,33,316.43,"{""answer"": {""go_without"": 3}}"
decision-1-appointment-check-True,decision,"{""scenario"": ""1-appointment"", ""kind"": ""appointment"", ""mode"": ""check"", ""reverse"": true, ""label"": ""go_without""}",3,3,1.0,3,1.0,1.0,413,42,330.74,"{""answer"": {""no"": 3}}"
decision-2-service-direct-False,decision,"{""scenario"": ""2-service"", ""kind"": ""service"", ""mode"": ""direct"", ""reverse"": false, ""label"": ""bring""}",3,3,1.0,3,0.9733333333333333,0.9533333333333333,362,32,323.42,"{""answer"": {""bring"": 3}}"
decision-2-service-described-False,decision,"{""scenario"": ""2-service"", ""kind"": ""service"", ""mode"": ""described"", ""reverse"": false, ""label"": ""bring""}",3,3,1.0,3,0.99,0.98,383,32,327.69,"{""answer"": {""bring"": 3}}"
decision-2-service-check-False,decision,"{""scenario"": ""2-service"", ""kind"": ""service"", ""mode"": ""check"", ""reverse"": false, ""label"": ""bring""}",3,3,1.0,3,1.0,0.99,399,42,285.49,"{""answer"": {""yes"": 3}}"
decision-2-service-direct-True,decision,"{""scenario"": ""2-service"", ""kind"": ""service"", ""mode"": ""direct"", ""reverse"": true, ""label"": ""bring""}",3,3,1.0,3,0.9666666666666667,0.9333333333333333,362,32,316.3,"{""answer"": {""bring"": 3}}"
decision-2-service-described-True,decision,"{""scenario"": ""2-service"", ""kind"": ""service"", ""mode"": ""described"", ""reverse"": true, ""label"": ""bring""}",3,3,1.0,3,0.98,0.96,383,32,291.55,"{""answer"": {""bring"": 3}}"
decision-2-service-check-True,decision,"{""scenario"": ""2-service"", ""kind"": ""service"", ""mode"": ""check"", ""reverse"": true, ""label"": ""bring""}",3,3,1.0,3,0.99,0.99,399,42,361.34,"{""answer"": {""yes"": 3}}"
decision-2-inspection-direct-False,decision,"{""scenario"": ""2-inspection"", ""kind"": ""inspection"", ""mode"": ""direct"", ""reverse"": false, ""label"": ""bring""}",3,3,1.0,3,0.9533333333333333,0.91,362,32,359.79,"{""answer"": {""bring"": 3}}"
decision-2-inspection-described-False,decision,"{""scenario"": ""2-inspection"", ""kind"": ""inspection"", ""mode"": ""described"", ""reverse"": false, ""label"": ""bring""}",3,3,1.0,3,0.97,0.94,383,32,390.31,"{""answer"": {""bring"": 3}}"
decision-2-inspection-check-False,decision,"{""scenario"": ""2-inspection"", ""kind"": ""inspection"", ""mode"": ""check"", ""reverse"": false, ""label"": ""bring""}",3,3,1.0,3,0.96,0.9466666666666667,399,42,327.08,"{""answer"": {""yes"": 3}}"
decision-2-inspection-direct-True,decision,"{""scenario"": ""2-inspection"", ""kind"": ""inspection"", ""mode"": ""direct"", ""reverse"": true, ""label"": ""bring""}",3,3,1.0,3,0.92,0.8433333333333333,362,32,317.69,"{""answer"": {""bring"": 3}}"
decision-2-inspection-described-True,decision,"{""scenario"": ""2-inspection"", ""kind"": ""inspection"", ""mode"": ""described"", ""reverse"": true, ""label"": ""bring""}",3,3,1.0,3,0.9666666666666667,0.9333333333333333,383,32,341.62,"{""answer"": {""bring"": 3}}"
decision-2-inspection-check-True,decision,"{""scenario"": ""2-inspection"", ""kind"": ""inspection"", ""mode"": ""check"", ""reverse"": true, ""label"": ""bring""}",3,3,1.0,3,0.97,0.96,399,42,305.39,"{""answer"": {""yes"": 3}}"
decision-2-collection-direct-False,decision,"{""scenario"": ""2-collection"", ""kind"": ""collection"", ""mode"": ""direct"", ""reverse"": false, ""label"": ""go_without""}",3,3,1.0,3,1.0,0.99,361,33,314.89,"{""answer"": {""go_without"": 3}}"
decision-2-collection-described-False,decision,"{""scenario"": ""2-collection"", ""kind"": ""collection"", ""mode"": ""described"", ""reverse"": false, ""label"": ""go_without""}",3,3,1.0,3,1.0,1.0,382,33,310.75,"{""answer"": {""go_without"": 3}}"
decision-2-collection-check-False,decision,"{""scenario"": ""2-collection"", ""kind"": ""collection"", ""mode"": ""check"", ""reverse"": false, ""label"": ""go_without""}",3,3,1.0,3,1.0,1.0,398,42,308.26,"{""answer"": {""no"": 3}}"
decision-2-collection-direct-True,decision,"{""scenario"": ""2-collection"", ""kind"": ""collection"", ""mode"": ""direct"", ""reverse"": true, ""label"": ""go_without""}",3,3,1.0,3,0.9933333333333333,0.99,361,33,385.43,"{""answer"": {""go_without"": 3}}"
decision-2-collection-described-True,decision,"{""scenario"": ""2-collection"", ""kind"": ""collection"", ""mode"": ""described"", ""reverse"": true, ""label"": ""go_without""}",3,3,1.0,3,1.0,1.0,382,33,301.48,"{""answer"": {""go_without"": 3}}"
decision-2-collection-check-True,decision,"{""scenario"": ""2-collection"", ""kind"": ""collection"", ""mode"": ""check"", ""reverse"": true, ""label"": ""go_without""}",3,3,1.0,3,1.0,1.0,398,42,331.52,"{""answer"": {""no"": 3}}"
decision-2-appointment-direct-False,decision,"{""scenario"": ""2-appointment"", ""kind"": ""appointment"", ""mode"": ""direct"", ""reverse"": false, ""label"": ""go_without""}",3,3,1.0,3,1.0,0.9966666666666667,376,33,318.06,"{""answer"": {""go_without"": 3}}"
decision-2-appointment-described-False,decision,"{""scenario"": ""2-appointment"", ""kind"": ""appointment"", ""mode"": ""described"", ""reverse"": false, ""label"": ""go_without""}",3,3,1.0,3,1.0,1.0,397,33,333.28,"{""answer"": {""go_without"": 3}}"
decision-2-appointment-check-False,decision,"{""scenario"": ""2-appointment"", ""kind"": ""appointment"", ""mode"": ""check"", ""reverse"": false, ""label"": ""go_without""}",3,3,1.0,3,1.0,1.0,413,42,343.86,"{""answer"": {""no"": 3}}"
decision-2-appointment-direct-True,decision,"{""scenario"": ""2-appointment"", ""kind"": ""appointment"", ""mode"": ""direct"", ""reverse"": true, ""label"": ""go_without""}",3,3,1.0,3,1.0,0.9966666666666667,376,33,308.77,"{""answer"": {""go_without"": 3}}"
decision-2-appointment-described-True,decision,"{""scenario"": ""2-appointment"", ""kind"": ""appointment"", ""mode"": ""described"", ""reverse"": true, ""label"": ""go_without""}",3,3,1.0,3,1.0,1.0,397,33,303.73,"{""answer"": {""go_without"": 3}}"
decision-2-appointment-check-True,decision,"{""scenario"": ""2-appointment"", ""kind"": ""appointment"", ""mode"": ""check"", ""reverse"": true, ""label"": ""go_without""}",3,3,1.0,3,1.0,1.0,413,42,322.9,"{""answer"": {""no"": 3}}"
decision-3-service-direct-False,decision,"{""scenario"": ""3-service"", ""kind"": ""service"", ""mode"": ""direct"", ""reverse"": false, ""label"": ""bring""}",3,3,1.0,3,0.9466666666666667,0.8866666666666667,362,32,303.42,"{""answer"": {""bring"": 3}}"
decision-3-service-described-False,decision,"{""scenario"": ""3-service"", ""kind"": ""service"", ""mode"": ""described"", ""reverse"": false, ""label"": ""bring""}",3,3,1.0,3,0.95,0.8966666666666667,383,32,314.66,"{""answer"": {""bring"": 3}}"
decision-3-service-check-False,decision,"{""scenario"": ""3-service"", ""kind"": ""service"", ""mode"": ""check"", ""reverse"": false, ""label"": ""bring""}",3,3,1.0,3,0.93,0.9,399,42,310.56,"{""answer"": {""yes"": 3}}"
decision-3-service-direct-True,decision,"{""scenario"": ""3-service"", ""kind"": ""service"", ""mode"": ""direct"", ""reverse"": true, ""label"": ""bring""}",3,3,1.0,3,0.95,0.9,362,32,336.55,"{""answer"": {""bring"": 3}}"
decision-3-service-described-True,decision,"{""scenario"": ""3-service"", ""kind"": ""service"", ""mode"": ""described"", ""reverse"": true, ""label"": ""bring""}",3,3,1.0,3,0.96,0.9166666666666667,383,32,335.71,"{""answer"": {""bring"": 3}}"
decision-3-service-check-True,decision,"{""scenario"": ""3-service"", ""kind"": ""service"", ""mode"": ""check"", ""reverse"": true, ""label"": ""bring""}",3,3,1.0,3,0.9299999999999999,0.8966666666666667,399,42,298.92,"{""answer"": {""yes"": 3}}"
decision-3-inspection-direct-False,decision,"{""scenario"": ""3-inspection"", ""kind"": ""inspection"", ""mode"": ""direct"", ""reverse"": false, ""label"": ""bring""}",3,3,1.0,3,0.97,0.94,362,32,330.21,"{""answer"": {""bring"": 3}}"
decision-3-inspection-described-False,decision,"{""scenario"": ""3-inspection"", ""kind"": ""inspection"", ""mode"": ""described"", ""reverse"": false, ""label"": ""bring""}",3,3,1.0,3,0.98,0.96,383,32,339.39,"{""answer"": {""bring"": 3}}"
decision-3-inspection-check-False,decision,"{""scenario"": ""3-inspection"", ""kind"": ""inspection"", ""mode"": ""check"", ""reverse"": false, ""label"": ""bring""}",3,3,1.0,3,0.9866666666666667,0.98,399,42,360.56,"{""answer"": {""yes"": 3}}"
decision-3-inspection-direct-True,decision,"{""scenario"": ""3-inspection"", ""kind"": ""inspection"", ""mode"": ""direct"", ""reverse"": true, ""label"": ""bring""}",3,3,1.0,3,0.9566666666666667,0.9166666666666667,362,32,310.9,"{""answer"": {""bring"": 3}}"
decision-3-inspection-described-True,decision,"{""scenario"": ""3-inspection"", ""kind"": ""inspection"", ""mode"": ""described"", ""reverse"": true, ""label"": ""bring""}",3,3,1.0,3,0.9666666666666667,0.9333333333333333,383,32,326.35,"{""answer"": {""bring"": 3}}"
decision-3-inspection-check-True,decision,"{""scenario"": ""3-inspection"", ""kind"": ""inspection"", ""mode"": ""check"", ""reverse"": true, ""label"": ""bring""}",3,3,1.0,3,0.9833333333333333,0.9766666666666667,399,42,324.31,"{""answer"": {""yes"": 3}}"
decision-3-collection-direct-False,decision,"{""scenario"": ""3-collection"", ""kind"": ""collection"", ""mode"": ""direct"", ""reverse"": false, ""label"": ""go_without""}",3,3,1.0,3,1.0,1.0,361,33,304.02,"{""answer"": {""go_without"": 3}}"
decision-3-collection-described-False,decision,"{""scenario"": ""3-collection"", ""kind"": ""collection"", ""mode"": ""described"", ""reverse"": false, ""label"": ""go_without""}",3,3,1.0,3,1.0,1.0,382,33,332.81,"{""answer"": {""go_without"": 3}}"
decision-3-collection-check-False,decision,"{""scenario"": ""3-collection"", ""kind"": ""collection"", ""mode"": ""check"", ""reverse"": false, ""label"": ""go_without""}",3,3,1.0,3,1.0,1.0,398,42,267.7,"{""answer"": {""no"": 3}}"
decision-3-collection-direct-True,decision,"{""scenario"": ""3-collection"", ""kind"": ""collection"", ""mode"": ""direct"", ""reverse"": true, ""label"": ""go_without""}",3,3,1.0,3,1.0,1.0,361,33,368.83,"{""answer"": {""go_without"": 3}}"
decision-3-collection-described-True,decision,"{""scenario"": ""3-collection"", ""kind"": ""collection"", ""mode"": ""described"", ""reverse"": true, ""label"": ""go_without""}",3,3,1.0,3,1.0,1.0,382,33,296.76,"{""answer"": {""go_without"": 3}}"
decision-3-collection-check-True,decision,"{""scenario"": ""3-collection"", ""kind"": ""collection"", ""mode"": ""check"", ""reverse"": true, ""label"": ""go_without""}",3,3,1.0,3,1.0,1.0,398,42,417.31,"{""answer"": {""no"": 3}}"
decision-3-appointment-direct-False,decision,"{""scenario"": ""3-appointment"", ""kind"": ""appointment"", ""mode"": ""direct"", ""reverse"": false, ""label"": ""go_without""}",3,3,1.0,3,1.0,1.0,376,33,297.97,"{""answer"": {""go_without"": 3}}"
decision-3-appointment-described-False,decision,"{""scenario"": ""3-appointment"", ""kind"": ""appointment"", ""mode"": ""described"", ""reverse"": false, ""label"": ""go_without""}",3,3,1.0,3,1.0,1.0,397,33,312.86,"{""answer"": {""go_without"": 3}}"
decision-3-appointment-check-False,decision,"{""scenario"": ""3-appointment"", ""kind"": ""appointment"", ""mode"": ""check"", ""reverse"": false, ""label"": ""go_without""}",3,3,1.0,3,1.0,1.0,413,42,355.85,"{""answer"": {""no"": 3}}"
decision-3-appointment-direct-True,decision,"{""scenario"": ""3-appointment"", ""kind"": ""appointment"", ""mode"": ""direct"", ""reverse"": true, ""label"": ""go_without""}",3,3,1.0,3,1.0,1.0,376,33,327.18,"{""answer"": {""go_without"": 3}}"
decision-3-appointment-described-True,decision,"{""scenario"": ""3-appointment"", ""kind"": ""appointment"", ""mode"": ""described"", ""reverse"": true, ""label"": ""go_without""}",3,3,1.0,3,1.0,1.0,397,33,307.35,"{""answer"": {""go_without"": 3}}"
decision-3-appointment-check-True,decision,"{""scenario"": ""3-appointment"", ""kind"": ""appointment"", ""mode"": ""check"", ""reverse"": true, ""label"": ""go_without""}",3,3,1.0,3,1.0,1.0,413,42,330.23,"{""answer"": {""no"": 3}}"
decision-4-service-direct-False,decision,"{""scenario"": ""4-service"", ""kind"": ""service"", ""mode"": ""direct"", ""reverse"": false, ""label"": ""bring""}",3,3,1.0,3,0.96,0.9266666666666667,364,32,342.57,"{""answer"": {""bring"": 3}}"
decision-4-service-described-False,decision,"{""scenario"": ""4-service"", ""kind"": ""service"", ""mode"": ""described"", ""reverse"": false, ""label"": ""bring""}",3,3,1.0,3,0.9733333333333333,0.94,387,32,311.89,"{""answer"": {""bring"": 3}}"
decision-4-service-check-False,decision,"{""scenario"": ""4-service"", ""kind"": ""service"", ""mode"": ""check"", ""reverse"": false, ""label"": ""bring""}",3,3,1.0,3,0.91,0.8733333333333333,401,42,342.59,"{""answer"": {""yes"": 3}}"
decision-4-service-direct-True,decision,"{""scenario"": ""4-service"", ""kind"": ""service"", ""mode"": ""direct"", ""reverse"": true, ""label"": ""bring""}",3,3,1.0,3,0.9766666666666667,0.9466666666666667,364,32,357.03,"{""answer"": {""bring"": 3}}"
decision-4-service-described-True,decision,"{""scenario"": ""4-service"", ""kind"": ""service"", ""mode"": ""described"", ""reverse"": true, ""label"": ""bring""}",3,3,1.0,3,0.97,0.94,387,32,322.82,"{""answer"": {""bring"": 3}}"
decision-4-service-check-True,decision,"{""scenario"": ""4-service"", ""kind"": ""service"", ""mode"": ""check"", ""reverse"": true, ""label"": ""bring""}",3,3,1.0,3,0.9033333333333333,0.85,401,42,357.67,"{""answer"": {""yes"": 3}}"
decision-4-inspection-direct-False,decision,"{""scenario"": ""4-inspection"", ""kind"": ""inspection"", ""mode"": ""direct"", ""reverse"": false, ""label"": ""bring""}",3,3,1.0,3,0.9733333333333333,0.95,364,32,284.35,"{""answer"": {""bring"": 3}}"
decision-4-inspection-described-False,decision,"{""scenario"": ""4-inspection"", ""kind"": ""inspection"", ""mode"": ""described"", ""reverse"": false, ""label"": ""bring""}",3,3,1.0,3,0.99,0.9733333333333333,387,32,321.08,"{""answer"": {""bring"": 3}}"
decision-4-inspection-check-False,decision,"{""scenario"": ""4-inspection"", ""kind"": ""inspection"", ""mode"": ""check"", ""reverse"": false, ""label"": ""bring""}",3,3,1.0,3,0.99,0.9833333333333333,401,42,310.98,"{""answer"": {""yes"": 3}}"
decision-4-inspection-direct-True,decision,"{""scenario"": ""4-inspection"", ""kind"": ""inspection"", ""mode"": ""direct"", ""reverse"": true, ""label"": ""bring""}",3,3,1.0,3,0.9533333333333333,0.9033333333333333,364,32,390.65,"{""answer"": {""bring"": 3}}"
decision-4-inspection-described-True,decision,"{""scenario"": ""4-inspection"", ""kind"": ""inspection"", ""mode"": ""described"", ""reverse"": true, ""label"": ""bring""}",3,3,1.0,3,0.9733333333333333,0.94,387,32,314.3,"{""answer"": {""bring"": 3}}"
decision-4-inspection-check-True,decision,"{""scenario"": ""4-inspection"", ""kind"": ""inspection"", ""mode"": ""check"", ""reverse"": true, ""label"": ""bring""}",3,3,1.0,3,0.99,0.9766666666666667,401,42,295.51,"{""answer"": {""yes"": 3}}"
decision-4-collection-direct-False,decision,"{""scenario"": ""4-collection"", ""kind"": ""collection"", ""mode"": ""direct"", ""reverse"": false, ""label"": ""go_without""}",3,3,1.0,3,1.0,1.0,363,33,343.64,"{""answer"": {""go_without"": 3}}"
decision-4-collection-described-False,decision,"{""scenario"": ""4-collection"", ""kind"": ""collection"", ""mode"": ""described"", ""reverse"": false, ""label"": ""go_without""}",3,3,1.0,3,1.0,1.0,386,33,300.36,"{""answer"": {""go_without"": 3}}"
decision-4-collection-check-False,decision,"{""scenario"": ""4-collection"", ""kind"": ""collection"", ""mode"": ""check"", ""reverse"": false, ""label"": ""go_without""}",3,3,1.0,3,1.0,1.0,400,42,299.57,"{""answer"": {""no"": 3}}"
decision-4-collection-direct-True,decision,"{""scenario"": ""4-collection"", ""kind"": ""collection"", ""mode"": ""direct"", ""reverse"": true, ""label"": ""go_without""}",3,3,1.0,3,1.0,0.9966666666666667,363,33,381.48,"{""answer"": {""go_without"": 3}}"
decision-4-collection-described-True,decision,"{""scenario"": ""4-collection"", ""kind"": ""collection"", ""mode"": ""described"", ""reverse"": true, ""label"": ""go_without""}",3,3,1.0,3,1.0,1.0,386,33,308.19,"{""answer"": {""go_without"": 3}}"
decision-4-collection-check-True,decision,"{""scenario"": ""4-collection"", ""kind"": ""collection"", ""mode"": ""check"", ""reverse"": true, ""label"": ""go_without""}",3,3,1.0,3,1.0,1.0,400,42,296.15,"{""answer"": {""no"": 3}}"
decision-4-appointment-direct-False,decision,"{""scenario"": ""4-appointment"", ""kind"": ""appointment"", ""mode"": ""direct"", ""reverse"": false, ""label"": ""go_without""}",3,3,1.0,3,1.0,1.0,378,33,304.96,"{""answer"": {""go_without"": 3}}"
decision-4-appointment-described-False,decision,"{""scenario"": ""4-appointment"", ""kind"": ""appointment"", ""mode"": ""described"", ""reverse"": false, ""label"": ""go_without""}",3,3,1.0,3,1.0,1.0,401,33,336.31,"{""answer"": {""go_without"": 3}}"
decision-4-appointment-check-False,decision,"{""scenario"": ""4-appointment"", ""kind"": ""appointment"", ""mode"": ""check"", ""reverse"": false, ""label"": ""go_without""}",3,3,1.0,3,1.0,1.0,415,42,333.22,"{""answer"": {""no"": 3}}"
decision-4-appointment-direct-True,decision,"{""scenario"": ""4-appointment"", ""kind"": ""appointment"", ""mode"": ""direct"", ""reverse"": true, ""label"": ""go_without""}",3,3,1.0,3,1.0,1.0,378,33,339.89,"{""answer"": {""go_without"": 3}}"
decision-4-appointment-described-True,decision,"{""scenario"": ""4-appointment"", ""kind"": ""appointment"", ""mode"": ""described"", ""reverse"": true, ""label"": ""go_without""}",3,3,1.0,3,1.0,1.0,401,33,302.48,"{""answer"": {""go_without"": 3}}"
decision-4-appointment-check-True,decision,"{""scenario"": ""4-appointment"", ""kind"": ""appointment"", ""mode"": ""check"", ""reverse"": true, ""label"": ""go_without""}",3,3,1.0,3,1.0,1.0,415,42,348.97,"{""answer"": {""no"": 3}}"
decision-5-service-direct-False,decision,"{""scenario"": ""5-service"", ""kind"": ""service"", ""mode"": ""direct"", ""reverse"": false, ""label"": ""bring""}",3,3,1.0,3,0.9833333333333333,0.9633333333333333,362,32,311.56,"{""answer"": {""bring"": 3}}"
decision-5-service-described-False,decision,"{""scenario"": ""5-service"", ""kind"": ""service"", ""mode"": ""described"", ""reverse"": false, ""label"": ""bring""}",3,3,1.0,3,0.99,0.98,383,32,279.61,"{""answer"": {""bring"": 3}}"
decision-5-service-check-False,decision,"{""scenario"": ""5-service"", ""kind"": ""service"", ""mode"": ""check"", ""reverse"": false, ""label"": ""bring""}",3,3,1.0,3,1.0,0.99,399,42,343.66,"{""answer"": {""yes"": 3}}"
decision-5-service-direct-True,decision,"{""scenario"": ""5-service"", ""kind"": ""service"", ""mode"": ""direct"", ""reverse"": true, ""label"": ""bring""}",3,3,1.0,3,0.9833333333333333,0.96,362,32,299.81,"{""answer"": {""bring"": 3}}"
decision-5-service-described-True,decision,"{""scenario"": ""5-service"", ""kind"": ""service"", ""mode"": ""described"", ""reverse"": true, ""label"": ""bring""}",3,3,1.0,3,0.9866666666666667,0.97,383,32,356.72,"{""answer"": {""bring"": 3}}"
decision-5-service-check-True,decision,"{""scenario"": ""5-service"", ""kind"": ""service"", ""mode"": ""check"", ""reverse"": true, ""label"": ""bring""}",3,3,1.0,3,0.9933333333333333,0.99,399,42,323.51,"{""answer"": {""yes"": 3}}"
decision-5-inspection-direct-False,decision,"{""scenario"": ""5-inspection"", ""kind"": ""inspection"", ""mode"": ""direct"", ""reverse"": false, ""label"": ""bring""}",3,3,1.0,3,0.99,0.99,362,32,312.1,"{""answer"": {""bring"": 3}}"
decision-5-inspection-described-False,decision,"{""scenario"": ""5-inspection"", ""kind"": ""inspection"", ""mode"": ""described"", ""reverse"": false, ""label"": ""bring""}",3,3,1.0,3,1.0,0.99,383,32,325.73,"{""answer"": {""bring"": 3}}"
decision-5-inspection-check-False,decision,"{""scenario"": ""5-inspection"", ""kind"": ""inspection"", ""mode"": ""check"", ""reverse"": false, ""label"": ""bring""}",3,3,1.0,3,1.0,1.0,399,42,279.66,"{""answer"": {""yes"": 3}}"
decision-5-inspection-direct-True,decision,"{""scenario"": ""5-inspection"", ""kind"": ""inspection"", ""mode"": ""direct"", ""reverse"": true, ""label"": ""bring""}",3,3,1.0,3,0.99,0.9833333333333333,362,32,318.87,"{""answer"": {""bring"": 3}}"
decision-5-inspection-described-True,decision,"{""scenario"": ""5-inspection"", ""kind"": ""inspection"", ""mode"": ""described"", ""reverse"": true, ""label"": ""bring""}",3,3,1.0,3,1.0,0.99,383,32,275.46,"{""answer"": {""bring"": 3}}"
decision-5-inspection-check-True,decision,"{""scenario"": ""5-inspection"", ""kind"": ""inspection"", ""mode"": ""check"", ""reverse"": true, ""label"": ""bring""}",3,3,1.0,3,1.0,1.0,399,42,316.61,"{""answer"": {""yes"": 3}}"
decision-5-collection-direct-False,decision,"{""scenario"": ""5-collection"", ""kind"": ""collection"", ""mode"": ""direct"", ""reverse"": false, ""label"": ""go_without""}",3,3,1.0,3,1.0,1.0,361,33,336.09,"{""answer"": {""go_without"": 3}}"
decision-5-collection-described-False,decision,"{""scenario"": ""5-collection"", ""kind"": ""collection"", ""mode"": ""described"", ""reverse"": false, ""label"": ""go_without""}",3,3,1.0,3,1.0,1.0,382,33,352.97,"{""answer"": {""go_without"": 3}}"
decision-5-collection-check-False,decision,"{""scenario"": ""5-collection"", ""kind"": ""collection"", ""mode"": ""check"", ""reverse"": false, ""label"": ""go_without""}",3,3,1.0,3,1.0,1.0,398,42,290.68,"{""answer"": {""no"": 3}}"
decision-5-collection-direct-True,decision,"{""scenario"": ""5-collection"", ""kind"": ""collection"", ""mode"": ""direct"", ""reverse"": true, ""label"": ""go_without""}",3,3,1.0,3,1.0,1.0,361,33,307.57,"{""answer"": {""go_without"": 3}}"
decision-5-collection-described-True,decision,"{""scenario"": ""5-collection"", ""kind"": ""collection"", ""mode"": ""described"", ""reverse"": true, ""label"": ""go_without""}",3,3,1.0,3,1.0,1.0,382,33,360.87,"{""answer"": {""go_without"": 3}}"
decision-5-collection-check-True,decision,"{""scenario"": ""5-collection"", ""kind"": ""collection"", ""mode"": ""check"", ""reverse"": true, ""label"": ""go_without""}",3,3,1.0,3,1.0,1.0,398,42,318.85,"{""answer"": {""no"": 3}}"
decision-5-appointment-direct-False,decision,"{""scenario"": ""5-appointment"", ""kind"": ""appointment"", ""mode"": ""direct"", ""reverse"": false, ""label"": ""go_without""}",3,3,1.0,3,1.0,1.0,376,33,283.1,"{""answer"": {""go_without"": 3}}"
decision-5-appointment-described-False,decision,"{""scenario"": ""5-appointment"", ""kind"": ""appointment"", ""mode"": ""described"", ""reverse"": false, ""label"": ""go_without""}",3,3,1.0,3,1.0,1.0,397,33,348.61,"{""answer"": {""go_without"": 3}}"
decision-5-appointment-check-False,decision,"{""scenario"": ""5-appointment"", ""kind"": ""appointment"", ""mode"": ""check"", ""reverse"": false, ""label"": ""go_without""}",3,3,1.0,3,1.0,1.0,413,42,295.88,"{""answer"": {""no"": 3}}"
decision-5-appointment-direct-True,decision,"{""scenario"": ""5-appointment"", ""kind"": ""appointment"", ""mode"": ""direct"", ""reverse"": true, ""label"": ""go_without""}",3,3,1.0,3,1.0,1.0,376,33,327.32,"{""answer"": {""go_without"": 3}}"
decision-5-appointment-described-True,decision,"{""scenario"": ""5-appointment"", ""kind"": ""appointment"", ""mode"": ""described"", ""reverse"": true, ""label"": ""go_without""}",3,3,1.0,3,1.0,1.0,397,33,305.27,"{""answer"": {""go_without"": 3}}"
decision-5-appointment-check-True,decision,"{""scenario"": ""5-appointment"", ""kind"": ""appointment"", ""mode"": ""check"", ""reverse"": true, ""label"": ""go_without""}",3,3,1.0,3,1.0,1.0,413,42,325.87,"{""answer"": {""no"": 3}}"
decision-6-service-direct-False,decision,"{""scenario"": ""6-service"", ""kind"": ""service"", ""mode"": ""direct"", ""reverse"": false, ""label"": ""bring""}",3,3,1.0,3,0.97,0.9333333333333333,364,32,336.11,"{""answer"": {""bring"": 3}}"
decision-6-service-described-False,decision,"{""scenario"": ""6-service"", ""kind"": ""service"", ""mode"": ""described"", ""reverse"": false, ""label"": ""bring""}",3,3,1.0,3,0.9833333333333333,0.9566666666666667,387,32,350.27,"{""answer"": {""bring"": 3}}"
decision-6-service-check-False,decision,"{""scenario"": ""6-service"", ""kind"": ""service"", ""mode"": ""check"", ""reverse"": false, ""label"": ""bring""}",3,3,1.0,3,0.9,0.85,401,42,312.88,"{""answer"": {""yes"": 3}}"
decision-6-service-direct-True,decision,"{""scenario"": ""6-service"", ""kind"": ""service"", ""mode"": ""direct"", ""reverse"": true, ""label"": ""bring""}",3,3,1.0,3,0.9633333333333333,0.92,364,32,315.61,"{""answer"": {""bring"": 3}}"
decision-6-service-described-True,decision,"{""scenario"": ""6-service"", ""kind"": ""service"", ""mode"": ""described"", ""reverse"": true, ""label"": ""bring""}",3,3,1.0,3,0.9666666666666667,0.9333333333333333,387,32,289.32,"{""answer"": {""bring"": 3}}"
decision-6-service-check-True,decision,"{""scenario"": ""6-service"", ""kind"": ""service"", ""mode"": ""check"", ""reverse"": true, ""label"": ""bring""}",3,3,1.0,3,0.91,0.87,401,42,324.0,"{""answer"": {""yes"": 3}}"
decision-6-inspection-direct-False,decision,"{""scenario"": ""6-inspection"", ""kind"": ""inspection"", ""mode"": ""direct"", ""reverse"": false, ""label"": ""bring""}",3,3,1.0,3,0.9766666666666667,0.9566666666666667,364,32,355.38,"{""answer"": {""bring"": 3}}"
decision-6-inspection-described-False,decision,"{""scenario"": ""6-inspection"", ""kind"": ""inspection"", ""mode"": ""described"", ""reverse"": false, ""label"": ""bring""}",3,3,1.0,3,0.99,0.98,387,32,321.83,"{""answer"": {""bring"": 3}}"
decision-6-inspection-check-False,decision,"{""scenario"": ""6-inspection"", ""kind"": ""inspection"", ""mode"": ""check"", ""reverse"": false, ""label"": ""bring""}",3,3,1.0,3,0.9966666666666667,0.9866666666666667,401,42,333.24,"{""answer"": {""yes"": 3}}"
decision-6-inspection-direct-True,decision,"{""scenario"": ""6-inspection"", ""kind"": ""inspection"", ""mode"": ""direct"", ""reverse"": true, ""label"": ""bring""}",3,3,1.0,3,0.9666666666666667,0.9366666666666666,364,32,308.73,"{""answer"": {""bring"": 3}}"
decision-6-inspection-described-True,decision,"{""scenario"": ""6-inspection"", ""kind"": ""inspection"", ""mode"": ""described"", ""reverse"": true, ""label"": ""bring""}",3,3,1.0,3,0.98,0.96,387,32,302.33,"{""answer"": {""bring"": 3}}"
decision-6-inspection-check-True,decision,"{""scenario"": ""6-inspection"", ""kind"": ""inspection"", ""mode"": ""check"", ""reverse"": true, ""label"": ""bring""}",3,3,1.0,3,0.9866666666666667,0.98,401,42,317.77,"{""answer"": {""yes"": 3}}"
decision-6-collection-direct-False,decision,"{""scenario"": ""6-collection"", ""kind"": ""collection"", ""mode"": ""direct"", ""reverse"": false, ""label"": ""go_without""}",3,3,1.0,3,1.0,1.0,363,33,311.21,"{""answer"": {""go_without"": 3}}"
decision-6-collection-described-False,decision,"{""scenario"": ""6-collection"", ""kind"": ""collection"", ""mode"": ""described"", ""reverse"": false, ""label"": ""go_without""}",3,3,1.0,3,1.0,1.0,386,33,327.0,"{""answer"": {""go_without"": 3}}"
decision-6-collection-check-False,decision,"{""scenario"": ""6-collection"", ""kind"": ""collection"", ""mode"": ""check"", ""reverse"": false, ""label"": ""go_without""}",3,3,1.0,3,1.0,1.0,400,42,326.83,"{""answer"": {""no"": 3}}"
decision-6-collection-direct-True,decision,"{""scenario"": ""6-collection"", ""kind"": ""collection"", ""mode"": ""direct"", ""reverse"": true, ""label"": ""go_without""}",3,3,1.0,3,1.0,1.0,363,33,309.79,"{""answer"": {""go_without"": 3}}"
decision-6-collection-described-True,decision,"{""scenario"": ""6-collection"", ""kind"": ""collection"", ""mode"": ""described"", ""reverse"": true, ""label"": ""go_without""}",3,3,1.0,3,1.0,1.0,386,33,317.45,"{""answer"": {""go_without"": 3}}"
decision-6-collection-check-True,decision,"{""scenario"": ""6-collection"", ""kind"": ""collection"", ""mode"": ""check"", ""reverse"": true, ""label"": ""go_without""}",3,3,1.0,3,1.0,1.0,400,42,296.73,"{""answer"": {""no"": 3}}"
decision-6-appointment-direct-False,decision,"{""scenario"": ""6-appointment"", ""kind"": ""appointment"", ""mode"": ""direct"", ""reverse"": false, ""label"": ""go_without""}",3,3,1.0,3,1.0,1.0,378,33,355.91,"{""answer"": {""go_without"": 3}}"
decision-6-appointment-described-False,decision,"{""scenario"": ""6-appointment"", ""kind"": ""appointment"", ""mode"": ""described"", ""reverse"": false, ""label"": ""go_without""}",3,3,1.0,3,1.0,1.0,401,33,337.61,"{""answer"": {""go_without"": 3}}"
decision-6-appointment-check-False,decision,"{""scenario"": ""6-appointment"", ""kind"": ""appointment"", ""mode"": ""check"", ""reverse"": false, ""label"": ""go_without""}",3,3,1.0,3,1.0,1.0,415,42,439.94,"{""answer"": {""no"": 3}}"
decision-6-appointment-direct-True,decision,"{""scenario"": ""6-appointment"", ""kind"": ""appointment"", ""mode"": ""direct"", ""reverse"": true, ""label"": ""go_without""}",3,3,1.0,3,1.0,1.0,378,33,360.73,"{""answer"": {""go_without"": 3}}"
decision-6-appointment-described-True,decision,"{""scenario"": ""6-appointment"", ""kind"": ""appointment"", ""mode"": ""described"", ""reverse"": true, ""label"": ""go_without""}",3,3,1.0,3,1.0,1.0,401,33,316.9,"{""answer"": {""go_without"": 3}}"
decision-6-appointment-check-True,decision,"{""scenario"": ""6-appointment"", ""kind"": ""appointment"", ""mode"": ""check"", ""reverse"": true, ""label"": ""go_without""}",3,3,1.0,3,1.0,1.0,415,42,323.54,"{""answer"": {""no"": 3}}"
decision-7-service-direct-False,decision,"{""scenario"": ""7-service"", ""kind"": ""service"", ""mode"": ""direct"", ""reverse"": false, ""label"": ""bring""}",3,3,1.0,3,0.97,0.9466666666666667,362,32,351.91,"{""answer"": {""bring"": 3}}"
decision-7-service-described-False,decision,"{""scenario"": ""7-service"", ""kind"": ""service"", ""mode"": ""described"", ""reverse"": false, ""label"": ""bring""}",3,3,1.0,3,0.98,0.9566666666666667,383,32,321.62,"{""answer"": {""bring"": 3}}"
decision-7-service-check-False,decision,"{""scenario"": ""7-service"", ""kind"": ""service"", ""mode"": ""check"", ""reverse"": false, ""label"": ""bring""}",3,3,1.0,3,0.9633333333333333,0.9466666666666667,399,42,316.01,"{""answer"": {""yes"": 3}}"
decision-7-service-direct-True,decision,"{""scenario"": ""7-service"", ""kind"": ""service"", ""mode"": ""direct"", ""reverse"": true, ""label"": ""bring""}",3,3,1.0,3,0.9666666666666667,0.9266666666666667,362,32,301.09,"{""answer"": {""bring"": 3}}"
decision-7-service-described-True,decision,"{""scenario"": ""7-service"", ""kind"": ""service"", ""mode"": ""described"", ""reverse"": true, ""label"": ""bring""}",3,3,1.0,3,0.98,0.96,383,32,319.04,"{""answer"": {""bring"": 3}}"
decision-7-service-check-True,decision,"{""scenario"": ""7-service"", ""kind"": ""service"", ""mode"": ""check"", ""reverse"": true, ""label"": ""bring""}",3,3,1.0,3,0.96,0.94,399,42,363.7,"{""answer"": {""yes"": 3}}"
decision-7-inspection-direct-False,decision,"{""scenario"": ""7-inspection"", ""kind"": ""inspection"", ""mode"": ""direct"", ""reverse"": false, ""label"": ""bring""}",3,3,1.0,3,0.99,0.9733333333333333,362,32,289.36,"{""answer"": {""bring"": 3}}"
decision-7-inspection-described-False,decision,"{""scenario"": ""7-inspection"", ""kind"": ""inspection"", ""mode"": ""described"", ""reverse"": false, ""label"": ""bring""}",3,3,1.0,3,0.99,0.99,383,32,331.48,"{""answer"": {""bring"": 3}}"
decision-7-inspection-check-False,decision,"{""scenario"": ""7-inspection"", ""kind"": ""inspection"", ""mode"": ""check"", ""reverse"": false, ""label"": ""bring""}",3,3,1.0,3,1.0,0.99,399,42,305.51,"{""answer"": {""yes"": 3}}"
decision-7-inspection-direct-True,decision,"{""scenario"": ""7-inspection"", ""kind"": ""inspection"", ""mode"": ""direct"", ""reverse"": true, ""label"": ""bring""}",3,3,1.0,3,0.9833333333333333,0.9666666666666667,362,32,325.52,"{""answer"": {""bring"": 3}}"
decision-7-inspection-described-True,decision,"{""scenario"": ""7-inspection"", ""kind"": ""inspection"", ""mode"": ""described"", ""reverse"": true, ""label"": ""bring""}",3,3,1.0,3,0.99,0.98,383,32,317.37,"{""answer"": {""bring"": 3}}"
decision-7-inspection-check-True,decision,"{""scenario"": ""7-inspection"", ""kind"": ""inspection"", ""mode"": ""check"", ""reverse"": true, ""label"": ""bring""}",3,3,1.0,3,0.9933333333333333,0.9866666666666667,399,42,328.98,"{""answer"": {""yes"": 3}}"
decision-7-collection-direct-False,decision,"{""scenario"": ""7-collection"", ""kind"": ""collection"", ""mode"": ""direct"", ""reverse"": false, ""label"": ""go_without""}",3,3,1.0,3,1.0,1.0,361,33,342.75,"{""answer"": {""go_without"": 3}}"
decision-7-collection-described-False,decision,"{""scenario"": ""7-collection"", ""kind"": ""collection"", ""mode"": ""described"", ""reverse"": false, ""label"": ""go_without""}",3,3,1.0,3,1.0,1.0,382,33,303.68,"{""answer"": {""go_without"": 3}}"
decision-7-collection-check-False,decision,"{""scenario"": ""7-collection"", ""kind"": ""collection"", ""mode"": ""check"", ""reverse"": false, ""label"": ""go_without""}",3,3,1.0,3,1.0,1.0,398,42,324.88,"{""answer"": {""no"": 3}}"
decision-7-collection-direct-True,decision,"{""scenario"": ""7-collection"", ""kind"": ""collection"", ""mode"": ""direct"", ""reverse"": true, ""label"": ""go_without""}",3,3,1.0,3,1.0,1.0,361,33,370.85,"{""answer"": {""go_without"": 3}}"
decision-7-collection-described-True,decision,"{""scenario"": ""7-collection"", ""kind"": ""collection"", ""mode"": ""described"", ""reverse"": true, ""label"": ""go_without""}",3,3,1.0,3,1.0,1.0,382,33,354.71,"{""answer"": {""go_without"": 3}}"
decision-7-collection-check-True,decision,"{""scenario"": ""7-collection"", ""kind"": ""collection"", ""mode"": ""check"", ""reverse"": true, ""label"": ""go_without""}",3,3,1.0,3,1.0,1.0,398,42,320.28,"{""answer"": {""no"": 3}}"
decision-7-appointment-direct-False,decision,"{""scenario"": ""7-appointment"", ""kind"": ""appointment"", ""mode"": ""direct"", ""reverse"": false, ""label"": ""go_without""}",3,3,1.0,3,1.0,1.0,376,33,320.46,"{""answer"": {""go_without"": 3}}"
decision-7-appointment-described-False,decision,"{""scenario"": ""7-appointment"", ""kind"": ""appointment"", ""mode"": ""described"", ""reverse"": false, ""label"": ""go_without""}",3,3,1.0,3,1.0,1.0,397,33,385.43,"{""answer"": {""go_without"": 3}}"
decision-7-appointment-check-False,decision,"{""scenario"": ""7-appointment"", ""kind"": ""appointment"", ""mode"": ""check"", ""reverse"": false, ""label"": ""go_without""}",3,3,1.0,3,1.0,1.0,413,42,286.17,"{""answer"": {""no"": 3}}"
decision-7-appointment-direct-True,decision,"{""scenario"": ""7-appointment"", ""kind"": ""appointment"", ""mode"": ""direct"", ""reverse"": true, ""label"": ""go_without""}",3,3,1.0,3,1.0,1.0,376,33,313.64,"{""answer"": {""go_without"": 3}}"
decision-7-appointment-described-True,decision,"{""scenario"": ""7-appointment"", ""kind"": ""appointment"", ""mode"": ""described"", ""reverse"": true, ""label"": ""go_without""}",3,3,1.0,3,1.0,1.0,397,33,381.86,"{""answer"": {""go_without"": 3}}"
decision-7-appointment-check-True,decision,"{""scenario"": ""7-appointment"", ""kind"": ""appointment"", ""mode"": ""check"", ""reverse"": true, ""label"": ""go_without""}",3,3,1.0,3,1.0,1.0,413,42,285.36,"{""answer"": {""no"": 3}}"
decision-8-service-direct-False,decision,"{""scenario"": ""8-service"", ""kind"": ""service"", ""mode"": ""direct"", ""reverse"": false, ""label"": ""bring""}",3,3,1.0,3,0.9733333333333333,0.94,362,32,334.78,"{""answer"": {""bring"": 3}}"
decision-8-service-described-False,decision,"{""scenario"": ""8-service"", ""kind"": ""service"", ""mode"": ""described"", ""reverse"": false, ""label"": ""bring""}",3,3,1.0,3,0.98,0.9633333333333333,383,32,345.59,"{""answer"": {""bring"": 3}}"
decision-8-service-check-False,decision,"{""scenario"": ""8-service"", ""kind"": ""service"", ""mode"": ""check"", ""reverse"": false, ""label"": ""bring""}",3,3,1.0,3,0.9766666666666667,0.97,399,42,324.1,"{""answer"": {""yes"": 3}}"
decision-8-service-direct-True,decision,"{""scenario"": ""8-service"", ""kind"": ""service"", ""mode"": ""direct"", ""reverse"": true, ""label"": ""bring""}",3,3,1.0,3,0.9633333333333333,0.9233333333333333,362,32,357.05,"{""answer"": {""bring"": 3}}"
decision-8-service-described-True,decision,"{""scenario"": ""8-service"", ""kind"": ""service"", ""mode"": ""described"", ""reverse"": true, ""label"": ""bring""}",3,3,1.0,3,0.9733333333333333,0.94,383,32,297.39,"{""answer"": {""bring"": 3}}"
decision-8-service-check-True,decision,"{""scenario"": ""8-service"", ""kind"": ""service"", ""mode"": ""check"", ""reverse"": true, ""label"": ""bring""}",3,3,1.0,3,0.9766666666666667,0.9633333333333333,399,42,305.23,"{""answer"": {""yes"": 3}}"
decision-8-inspection-direct-False,decision,"{""scenario"": ""8-inspection"", ""kind"": ""inspection"", ""mode"": ""direct"", ""reverse"": false, ""label"": ""bring""}",3,3,1.0,3,0.9633333333333333,0.9333333333333333,362,32,314.8,"{""answer"": {""bring"": 3}}"
decision-8-inspection-described-False,decision,"{""scenario"": ""8-inspection"", ""kind"": ""inspection"", ""mode"": ""described"", ""reverse"": false, ""label"": ""bring""}",3,3,1.0,3,0.98,0.96,383,32,321.64,"{""answer"": {""bring"": 3}}"
decision-8-inspection-check-False,decision,"{""scenario"": ""8-inspection"", ""kind"": ""inspection"", ""mode"": ""check"", ""reverse"": false, ""label"": ""bring""}",3,3,1.0,3,0.99,0.98,399,42,320.92,"{""answer"": {""yes"": 3}}"
decision-8-inspection-direct-True,decision,"{""scenario"": ""8-inspection"", ""kind"": ""inspection"", ""mode"": ""direct"", ""reverse"": true, ""label"": ""bring""}",3,3,1.0,3,0.9533333333333333,0.9066666666666667,362,32,321.69,"{""answer"": {""bring"": 3}}"
decision-8-inspection-described-True,decision,"{""scenario"": ""8-inspection"", ""kind"": ""inspection"", ""mode"": ""described"", ""reverse"": true, ""label"": ""bring""}",3,3,1.0,3,0.9666666666666667,0.9333333333333333,383,32,344.88,"{""answer"": {""bring"": 3}}"
decision-8-inspection-check-True,decision,"{""scenario"": ""8-inspection"", ""kind"": ""inspection"", ""mode"": ""check"", ""reverse"": true, ""label"": ""bring""}",3,3,1.0,3,0.99,0.98,399,42,347.29,"{""answer"": {""yes"": 3}}"
decision-8-collection-direct-False,decision,"{""scenario"": ""8-collection"", ""kind"": ""collection"", ""mode"": ""direct"", ""reverse"": false, ""label"": ""go_without""}",3,3,1.0,3,1.0,0.99,361,33,312.26,"{""answer"": {""go_without"": 3}}"
decision-8-collection-described-False,decision,"{""scenario"": ""8-collection"", ""kind"": ""collection"", ""mode"": ""described"", ""reverse"": false, ""label"": ""go_without""}",3,3,1.0,3,1.0,1.0,382,33,292.9,"{""answer"": {""go_without"": 3}}"
decision-8-collection-check-False,decision,"{""scenario"": ""8-collection"", ""kind"": ""collection"", ""mode"": ""check"", ""reverse"": false, ""label"": ""go_without""}",3,3,1.0,3,1.0,1.0,398,42,292.83,"{""answer"": {""no"": 3}}"
decision-8-collection-direct-True,decision,"{""scenario"": ""8-collection"", ""kind"": ""collection"", ""mode"": ""direct"", ""reverse"": true, ""label"": ""go_without""}",3,3,1.0,3,1.0,0.9966666666666667,361,33,314.86,"{""answer"": {""go_without"": 3}}"
decision-8-collection-described-True,decision,"{""scenario"": ""8-collection"", ""kind"": ""collection"", ""mode"": ""described"", ""reverse"": true, ""label"": ""go_without""}",3,3,1.0,3,1.0,1.0,382,33,321.34,"{""answer"": {""go_without"": 3}}"
decision-8-collection-check-True,decision,"{""scenario"": ""8-collection"", ""kind"": ""collection"", ""mode"": ""check"", ""reverse"": true, ""label"": ""go_without""}",3,3,1.0,3,1.0,1.0,398,42,284.04,"{""answer"": {""no"": 3}}"
decision-8-appointment-direct-False,decision,"{""scenario"": ""8-appointment"", ""kind"": ""appointment"", ""mode"": ""direct"", ""reverse"": false, ""label"": ""go_without""}",3,3,1.0,3,1.0,1.0,376,33,341.74,"{""answer"": {""go_without"": 3}}"
decision-8-appointment-described-False,decision,"{""scenario"": ""8-appointment"", ""kind"": ""appointment"", ""mode"": ""described"", ""reverse"": false, ""label"": ""go_without""}",3,3,1.0,3,1.0,1.0,397,33,326.23,"{""answer"": {""go_without"": 3}}"
decision-8-appointment-check-False,decision,"{""scenario"": ""8-appointment"", ""kind"": ""appointment"", ""mode"": ""check"", ""reverse"": false, ""label"": ""go_without""}",3,3,1.0,3,1.0,1.0,413,42,318.51,"{""answer"": {""no"": 3}}"
decision-8-appointment-direct-True,decision,"{""scenario"": ""8-appointment"", ""kind"": ""appointment"", ""mode"": ""direct"", ""reverse"": true, ""label"": ""go_without""}",3,3,1.0,3,1.0,1.0,376,33,300.65,"{""answer"": {""go_without"": 3}}"
decision-8-appointment-described-True,decision,"{""scenario"": ""8-appointment"", ""kind"": ""appointment"", ""mode"": ""described"", ""reverse"": true, ""label"": ""go_without""}",3,3,1.0,3,1.0,1.0,397,33,313.85,"{""answer"": {""go_without"": 3}}"
decision-8-appointment-check-True,decision,"{""scenario"": ""8-appointment"", ""kind"": ""appointment"", ""mode"": ""check"", ""reverse"": true, ""label"": ""go_without""}",3,3,1.0,3,1.0,1.0,413,42,341.91,"{""answer"": {""no"": 3}}"
decision-9-service-direct-False,decision,"{""scenario"": ""9-service"", ""kind"": ""service"", ""mode"": ""direct"", ""reverse"": false, ""label"": ""bring""}",3,3,1.0,3,0.98,0.96,363,32,346.89,"{""answer"": {""bring"": 3}}"
decision-9-service-described-False,decision,"{""scenario"": ""9-service"", ""kind"": ""service"", ""mode"": ""described"", ""reverse"": false, ""label"": ""bring""}",3,3,1.0,3,0.99,0.9766666666666667,384,32,316.1,"{""answer"": {""bring"": 3}}"
decision-9-service-check-False,decision,"{""scenario"": ""9-service"", ""kind"": ""service"", ""mode"": ""check"", ""reverse"": false, ""label"": ""bring""}",3,3,1.0,3,0.9966666666666667,0.9866666666666667,400,42,319.07,"{""answer"": {""yes"": 3}}"
decision-9-service-direct-True,decision,"{""scenario"": ""9-service"", ""kind"": ""service"", ""mode"": ""direct"", ""reverse"": true, ""label"": ""bring""}",3,3,1.0,3,0.98,0.9566666666666667,363,32,311.24,"{""answer"": {""bring"": 3}}"
decision-9-service-described-True,decision,"{""scenario"": ""9-service"", ""kind"": ""service"", ""mode"": ""described"", ""reverse"": true, ""label"": ""bring""}",3,3,1.0,3,0.9866666666666667,0.97,384,32,347.2,"{""answer"": {""bring"": 3}}"
decision-9-service-check-True,decision,"{""scenario"": ""9-service"", ""kind"": ""service"", ""mode"": ""check"", ""reverse"": true, ""label"": ""bring""}",3,3,1.0,3,1.0,0.99,400,42,315.81,"{""answer"": {""yes"": 3}}"
decision-9-inspection-direct-False,decision,"{""scenario"": ""9-inspection"", ""kind"": ""inspection"", ""mode"": ""direct"", ""reverse"": false, ""label"": ""bring""}",3,3,1.0,3,0.99,0.9833333333333333,362,32,302.89,"{""answer"": {""bring"": 3}}"
decision-9-inspection-described-False,decision,"{""scenario"": ""9-inspection"", ""kind"": ""inspection"", ""mode"": ""described"", ""reverse"": false, ""label"": ""bring""}",3,3,1.0,3,0.9966666666666667,0.99,383,32,331.17,"{""answer"": {""bring"": 3}}"
decision-9-inspection-check-False,decision,"{""scenario"": ""9-inspection"", ""kind"": ""inspection"", ""mode"": ""check"", ""reverse"": false, ""label"": ""bring""}",3,3,1.0,3,1.0,0.99,399,42,323.82,"{""answer"": {""yes"": 3}}"
decision-9-inspection-direct-True,decision,"{""scenario"": ""9-inspection"", ""kind"": ""inspection"", ""mode"": ""direct"", ""reverse"": true, ""label"": ""bring""}",3,3,1.0,3,0.99,0.9766666666666667,362,32,350.04,"{""answer"": {""bring"": 3}}"
decision-9-inspection-described-True,decision,"{""scenario"": ""9-inspection"", ""kind"": ""inspection"", ""mode"": ""described"", ""reverse"": true, ""label"": ""bring""}",3,3,1.0,3,0.9933333333333333,0.9866666666666667,383,32,322.01,"{""answer"": {""bring"": 3}}"
decision-9-inspection-check-True,decision,"{""scenario"": ""9-inspection"", ""kind"": ""inspection"", ""mode"": ""check"", ""reverse"": true, ""label"": ""bring""}",3,3,1.0,3,1.0,0.99,399,42,328.66,"{""answer"": {""yes"": 3}}"
decision-9-collection-direct-False,decision,"{""scenario"": ""9-collection"", ""kind"": ""collection"", ""mode"": ""direct"", ""reverse"": false, ""label"": ""go_without""}",3,3,1.0,3,1.0,1.0,362,33,319.44,"{""answer"": {""go_without"": 3}}"
decision-9-collection-described-False,decision,"{""scenario"": ""9-collection"", ""kind"": ""collection"", ""mode"": ""described"", ""reverse"": false, ""label"": ""go_without""}",3,3,1.0,3,1.0,1.0,383,33,295.32,"{""answer"": {""go_without"": 3}}"
decision-9-collection-check-False,decision,"{""scenario"": ""9-collection"", ""kind"": ""collection"", ""mode"": ""check"", ""reverse"": false, ""label"": ""go_without""}",3,3,1.0,3,1.0,1.0,399,42,318.46,"{""answer"": {""no"": 3}}"
decision-9-collection-direct-True,decision,"{""scenario"": ""9-collection"", ""kind"": ""collection"", ""mode"": ""direct"", ""reverse"": true, ""label"": ""go_without""}",3,3,1.0,3,1.0,1.0,362,33,370.03,"{""answer"": {""go_without"": 3}}"
decision-9-collection-described-True,decision,"{""scenario"": ""9-collection"", ""kind"": ""collection"", ""mode"": ""described"", ""reverse"": true, ""label"": ""go_without""}",3,3,1.0,3,1.0,1.0,383,33,294.34,"{""answer"": {""go_without"": 3}}"
decision-9-collection-check-True,decision,"{""scenario"": ""9-collection"", ""kind"": ""collection"", ""mode"": ""check"", ""reverse"": true, ""label"": ""go_without""}",3,3,1.0,3,1.0,1.0,399,42,330.07,"{""answer"": {""no"": 3}}"
decision-9-appointment-direct-False,decision,"{""scenario"": ""9-appointment"", ""kind"": ""appointment"", ""mode"": ""direct"", ""reverse"": false, ""label"": ""go_without""}",3,3,1.0,3,1.0,1.0,377,33,307.12,"{""answer"": {""go_without"": 3}}"
decision-9-appointment-described-False,decision,"{""scenario"": ""9-appointment"", ""kind"": ""appointment"", ""mode"": ""described"", ""reverse"": false, ""label"": ""go_without""}",3,3,1.0,3,1.0,1.0,398,33,407.3,"{""answer"": {""go_without"": 3}}"
decision-9-appointment-check-False,decision,"{""scenario"": ""9-appointment"", ""kind"": ""appointment"", ""mode"": ""check"", ""reverse"": false, ""label"": ""go_without""}",3,3,1.0,3,1.0,1.0,414,42,348.28,"{""answer"": {""no"": 3}}"
decision-9-appointment-direct-True,decision,"{""scenario"": ""9-appointment"", ""kind"": ""appointment"", ""mode"": ""direct"", ""reverse"": true, ""label"": ""go_without""}",3,3,1.0,3,1.0,1.0,377,33,292.85,"{""answer"": {""go_without"": 3}}"
decision-9-appointment-described-True,decision,"{""scenario"": ""9-appointment"", ""kind"": ""appointment"", ""mode"": ""described"", ""reverse"": true, ""label"": ""go_without""}",3,3,1.0,3,1.0,1.0,398,33,309.47,"{""answer"": {""go_without"": 3}}"
decision-9-appointment-check-True,decision,"{""scenario"": ""9-appointment"", ""kind"": ""appointment"", ""mode"": ""check"", ""reverse"": true, ""label"": ""go_without""}",3,3,1.0,3,1.0,1.0,414,42,333.75,"{""answer"": {""no"": 3}}"
decision-10-service-direct-False,decision,"{""scenario"": ""10-service"", ""kind"": ""service"", ""mode"": ""direct"", ""reverse"": false, ""label"": ""bring""}",3,3,1.0,3,0.9733333333333333,0.9466666666666667,362,32,345.75,"{""answer"": {""bring"": 3}}"
decision-10-service-described-False,decision,"{""scenario"": ""10-service"", ""kind"": ""service"", ""mode"": ""described"", ""reverse"": false, ""label"": ""bring""}",3,3,1.0,3,0.9766666666666667,0.96,383,32,349.08,"{""answer"": {""bring"": 3}}"
decision-10-service-check-False,decision,"{""scenario"": ""10-service"", ""kind"": ""service"", ""mode"": ""check"", ""reverse"": false, ""label"": ""bring""}",3,3,1.0,3,0.9633333333333333,0.9466666666666667,399,42,319.33,"{""answer"": {""yes"": 3}}"
decision-10-service-direct-True,decision,"{""scenario"": ""10-service"", ""kind"": ""service"", ""mode"": ""direct"", ""reverse"": true, ""label"": ""bring""}",3,3,1.0,3,0.9633333333333333,0.93,362,32,314.26,"{""answer"": {""bring"": 3}}"
decision-10-service-described-True,decision,"{""scenario"": ""10-service"", ""kind"": ""service"", ""mode"": ""described"", ""reverse"": true, ""label"": ""bring""}",3,3,1.0,3,0.9666666666666667,0.9366666666666666,383,32,324.44,"{""answer"": {""bring"": 3}}"
decision-10-service-check-True,decision,"{""scenario"": ""10-service"", ""kind"": ""service"", ""mode"": ""check"", ""reverse"": true, ""label"": ""bring""}",3,3,1.0,3,0.9566666666666667,0.9333333333333333,399,42,316.61,"{""answer"": {""yes"": 3}}"
decision-10-inspection-direct-False,decision,"{""scenario"": ""10-inspection"", ""kind"": ""inspection"", ""mode"": ""direct"", ""reverse"": false, ""label"": ""bring""}",3,3,1.0,3,0.9866666666666667,0.98,362,32,303.89,"{""answer"": {""bring"": 3}}"
decision-10-inspection-described-False,decision,"{""scenario"": ""10-inspection"", ""kind"": ""inspection"", ""mode"": ""described"", ""reverse"": false, ""label"": ""bring""}",3,3,1.0,3,0.9933333333333333,0.9866666666666667,383,32,377.14,"{""answer"": {""bring"": 3}}"
decision-10-inspection-check-False,decision,"{""scenario"": ""10-inspection"", ""kind"": ""inspection"", ""mode"": ""check"", ""reverse"": false, ""label"": ""bring""}",3,3,1.0,3,0.99,0.99,399,42,290.19,"{""answer"": {""yes"": 3}}"
decision-10-inspection-direct-True,decision,"{""scenario"": ""10-inspection"", ""kind"": ""inspection"", ""mode"": ""direct"", ""reverse"": true, ""label"": ""bring""}",3,3,1.0,3,0.9733333333333333,0.95,362,32,338.33,"{""answer"": {""bring"": 3}}"
decision-10-inspection-described-True,decision,"{""scenario"": ""10-inspection"", ""kind"": ""inspection"", ""mode"": ""described"", ""reverse"": true, ""label"": ""bring""}",3,3,1.0,3,0.9833333333333333,0.9733333333333333,383,32,307.96,"{""answer"": {""bring"": 3}}"
decision-10-inspection-check-True,decision,"{""scenario"": ""10-inspection"", ""kind"": ""inspection"", ""mode"": ""check"", ""reverse"": true, ""label"": ""bring""}",3,3,1.0,3,0.9966666666666667,0.99,399,42,304.45,"{""answer"": {""yes"": 3}}"
decision-10-collection-direct-False,decision,"{""scenario"": ""10-collection"", ""kind"": ""collection"", ""mode"": ""direct"", ""reverse"": false, ""label"": ""go_without""}",3,3,1.0,3,1.0,1.0,361,33,365.14,"{""answer"": {""go_without"": 3}}"
decision-10-collection-described-False,decision,"{""scenario"": ""10-collection"", ""kind"": ""collection"", ""mode"": ""described"", ""reverse"": false, ""label"": ""go_without""}",3,3,1.0,3,1.0,1.0,382,33,291.21,"{""answer"": {""go_without"": 3}}"
decision-10-collection-check-False,decision,"{""scenario"": ""10-collection"", ""kind"": ""collection"", ""mode"": ""check"", ""reverse"": false, ""label"": ""go_without""}",3,3,1.0,3,1.0,1.0,398,42,358.55,"{""answer"": {""no"": 3}}"
decision-10-collection-direct-True,decision,"{""scenario"": ""10-collection"", ""kind"": ""collection"", ""mode"": ""direct"", ""reverse"": true, ""label"": ""go_without""}",3,3,1.0,3,1.0,0.9933333333333333,361,33,330.08,"{""answer"": {""go_without"": 3}}"
decision-10-collection-described-True,decision,"{""scenario"": ""10-collection"", ""kind"": ""collection"", ""mode"": ""described"", ""reverse"": true, ""label"": ""go_without""}",3,3,1.0,3,1.0,1.0,382,33,311.92,"{""answer"": {""go_without"": 3}}"
decision-10-collection-check-True,decision,"{""scenario"": ""10-collection"", ""kind"": ""collection"", ""mode"": ""check"", ""reverse"": true, ""label"": ""go_without""}",3,3,1.0,3,1.0,1.0,398,42,375.66,"{""answer"": {""no"": 3}}"
decision-10-appointment-direct-False,decision,"{""scenario"": ""10-appointment"", ""kind"": ""appointment"", ""mode"": ""direct"", ""reverse"": false, ""label"": ""go_without""}",3,3,1.0,3,1.0,1.0,376,33,297.05,"{""answer"": {""go_without"": 3}}"
decision-10-appointment-described-False,decision,"{""scenario"": ""10-appointment"", ""kind"": ""appointment"", ""mode"": ""described"", ""reverse"": false, ""label"": ""go_without""}",3,3,1.0,3,1.0,1.0,397,33,283.64,"{""answer"": {""go_without"": 3}}"
decision-10-appointment-check-False,decision,"{""scenario"": ""10-appointment"", ""kind"": ""appointment"", ""mode"": ""check"", ""reverse"": false, ""label"": ""go_without""}",3,3,1.0,3,1.0,1.0,413,42,352.15,"{""answer"": {""no"": 3}}"
decision-10-appointment-direct-True,decision,"{""scenario"": ""10-appointment"", ""kind"": ""appointment"", ""mode"": ""direct"", ""reverse"": true, ""label"": ""go_without""}",3,3,1.0,3,1.0,1.0,376,33,338.96,"{""answer"": {""go_without"": 3}}"
decision-10-appointment-described-True,decision,"{""scenario"": ""10-appointment"", ""kind"": ""appointment"", ""mode"": ""described"", ""reverse"": true, ""label"": ""go_without""}",3,3,1.0,3,1.0,1.0,397,33,363.49,"{""answer"": {""go_without"": 3}}"
decision-10-appointment-check-True,decision,"{""scenario"": ""10-appointment"", ""kind"": ""appointment"", ""mode"": ""check"", ""reverse"": true, ""label"": ""go_without""}",3,3,1.0,3,1.0,1.0,413,42,321.89,"{""answer"": {""no"": 3}}"
decision-11-service-direct-False,decision,"{""scenario"": ""11-service"", ""kind"": ""service"", ""mode"": ""direct"", ""reverse"": false, ""label"": ""bring""}",3,3,1.0,3,0.9866666666666667,0.9766666666666667,364,32,274.79,"{""answer"": {""bring"": 3}}"
decision-11-service-described-False,decision,"{""scenario"": ""11-service"", ""kind"": ""service"", ""mode"": ""described"", ""reverse"": false, ""label"": ""bring""}",3,3,1.0,3,0.99,0.98,387,32,436.1,"{""answer"": {""bring"": 3}}"
decision-11-service-check-False,decision,"{""scenario"": ""11-service"", ""kind"": ""service"", ""mode"": ""check"", ""reverse"": false, ""label"": ""bring""}",3,3,1.0,3,0.9766666666666667,0.9666666666666667,401,42,382.63,"{""answer"": {""yes"": 3}}"
decision-11-service-direct-True,decision,"{""scenario"": ""11-service"", ""kind"": ""service"", ""mode"": ""direct"", ""reverse"": true, ""label"": ""bring""}",3,3,1.0,3,0.98,0.9633333333333333,364,32,316.73,"{""answer"": {""bring"": 3}}"
decision-11-service-described-True,decision,"{""scenario"": ""11-service"", ""kind"": ""service"", ""mode"": ""described"", ""reverse"": true, ""label"": ""bring""}",3,3,1.0,3,0.99,0.97,387,32,332.86,"{""answer"": {""bring"": 3}}"
decision-11-service-check-True,decision,"{""scenario"": ""11-service"", ""kind"": ""service"", ""mode"": ""check"", ""reverse"": true, ""label"": ""bring""}",3,3,1.0,3,0.9733333333333333,0.9566666666666667,401,42,338.7,"{""answer"": {""yes"": 3}}"
decision-11-inspection-direct-False,decision,"{""scenario"": ""11-inspection"", ""kind"": ""inspection"", ""mode"": ""direct"", ""reverse"": false, ""label"": ""bring""}",3,3,1.0,3,0.99,0.9766666666666667,364,32,287.32,"{""answer"": {""bring"": 3}}"
decision-11-inspection-described-False,decision,"{""scenario"": ""11-inspection"", ""kind"": ""inspection"", ""mode"": ""described"", ""reverse"": false, ""label"": ""bring""}",3,3,1.0,3,0.99,0.9766666666666667,387,32,291.29,"{""answer"": {""bring"": 3}}"
decision-11-inspection-check-False,decision,"{""scenario"": ""11-inspection"", ""kind"": ""inspection"", ""mode"": ""check"", ""reverse"": false, ""label"": ""bring""}",3,3,1.0,3,0.99,0.9866666666666667,401,42,325.46,"{""answer"": {""yes"": 3}}"
decision-11-inspection-direct-True,decision,"{""scenario"": ""11-inspection"", ""kind"": ""inspection"", ""mode"": ""direct"", ""reverse"": true, ""label"": ""bring""}",3,3,1.0,3,0.98,0.96,364,32,412.38,"{""answer"": {""bring"": 3}}"
decision-11-inspection-described-True,decision,"{""scenario"": ""11-inspection"", ""kind"": ""inspection"", ""mode"": ""described"", ""reverse"": true, ""label"": ""bring""}",3,3,1.0,3,0.99,0.9833333333333333,387,32,336.58,"{""answer"": {""bring"": 3}}"
decision-11-inspection-check-True,decision,"{""scenario"": ""11-inspection"", ""kind"": ""inspection"", ""mode"": ""check"", ""reverse"": true, ""label"": ""bring""}",3,3,1.0,3,0.99,0.9866666666666667,401,42,311.57,"{""answer"": {""yes"": 3}}"
decision-11-collection-direct-False,decision,"{""scenario"": ""11-collection"", ""kind"": ""collection"", ""mode"": ""direct"", ""reverse"": false, ""label"": ""go_without""}",3,3,1.0,3,1.0,0.99,363,33,318.09,"{""answer"": {""go_without"": 3}}"
decision-11-collection-described-False,decision,"{""scenario"": ""11-collection"", ""kind"": ""collection"", ""mode"": ""described"", ""reverse"": false, ""label"": ""go_without""}",3,3,1.0,3,1.0,1.0,386,33,303.1,"{""answer"": {""go_without"": 3}}"
decision-11-collection-check-False,decision,"{""scenario"": ""11-collection"", ""kind"": ""collection"", ""mode"": ""check"", ""reverse"": false, ""label"": ""go_without""}",3,3,1.0,3,1.0,1.0,400,42,301.73,"{""answer"": {""no"": 3}}"
decision-11-collection-direct-True,decision,"{""scenario"": ""11-collection"", ""kind"": ""collection"", ""mode"": ""direct"", ""reverse"": true, ""label"": ""go_without""}",3,3,1.0,3,1.0,1.0,363,33,330.42,"{""answer"": {""go_without"": 3}}"
decision-11-collection-described-True,decision,"{""scenario"": ""11-collection"", ""kind"": ""collection"", ""mode"": ""described"", ""reverse"": true, ""label"": ""go_without""}",3,3,1.0,3,1.0,1.0,386,33,338.98,"{""answer"": {""go_without"": 3}}"
decision-11-collection-check-True,decision,"{""scenario"": ""11-collection"", ""kind"": ""collection"", ""mode"": ""check"", ""reverse"": true, ""label"": ""go_without""}",3,3,1.0,3,1.0,1.0,400,42,315.67,"{""answer"": {""no"": 3}}"
decision-11-appointment-direct-False,decision,"{""scenario"": ""11-appointment"", ""kind"": ""appointment"", ""mode"": ""direct"", ""reverse"": false, ""label"": ""go_without""}",3,3,1.0,3,1.0,1.0,378,33,331.63,"{""answer"": {""go_without"": 3}}"
decision-11-appointment-described-False,decision,"{""scenario"": ""11-appointment"", ""kind"": ""appointment"", ""mode"": ""described"", ""reverse"": false, ""label"": ""go_without""}",3,3,1.0,3,1.0,1.0,401,33,324.06,"{""answer"": {""go_without"": 3}}"
decision-11-appointment-check-False,decision,"{""scenario"": ""11-appointment"", ""kind"": ""appointment"", ""mode"": ""check"", ""reverse"": false, ""label"": ""go_without""}",3,3,1.0,3,1.0,1.0,415,42,321.1,"{""answer"": {""no"": 3}}"
decision-11-appointment-direct-True,decision,"{""scenario"": ""11-appointment"", ""kind"": ""appointment"", ""mode"": ""direct"", ""reverse"": true, ""label"": ""go_without""}",3,3,1.0,3,1.0,1.0,378,33,331.83,"{""answer"": {""go_without"": 3}}"
decision-11-appointment-described-True,decision,"{""scenario"": ""11-appointment"", ""kind"": ""appointment"", ""mode"": ""described"", ""reverse"": true, ""label"": ""go_without""}",3,3,1.0,3,1.0,1.0,401,33,298.92,"{""answer"": {""go_without"": 3}}"
decision-11-appointment-check-True,decision,"{""scenario"": ""11-appointment"", ""kind"": ""appointment"", ""mode"": ""check"", ""reverse"": true, ""label"": ""go_without""}",3,3,1.0,3,1.0,1.0,415,42,378.82,"{""answer"": {""no"": 3}}"
permutation-0-0,permutation,"{""template"": 0, ""order"": [""v0"", ""v1"", ""v2"", ""v3""], ""correct_position"": 1}",3,3,1.0,3,0.6733333333333333,0.5733333333333334,375,50,336.15,"{""answer"": {""v0"": 3}}"
permutation-0-1,permutation,"{""template"": 0, ""order"": [""v0"", ""v1"", ""v3"", ""v2""], ""correct_position"": 1}",3,3,1.0,3,0.72,0.6333333333333333,375,50,302.01,"{""answer"": {""v0"": 3}}"
permutation-0-2,permutation,"{""template"": 0, ""order"": [""v0"", ""v2"", ""v1"", ""v3""], ""correct_position"": 1}",3,3,1.0,3,0.7333333333333334,0.6433333333333333,375,50,573.66,"{""answer"": {""v0"": 3}}"
permutation-0-3,permutation,"{""template"": 0, ""order"": [""v0"", ""v2"", ""v3"", ""v1""], ""correct_position"": 1}",3,3,1.0,3,0.6733333333333333,0.5666666666666667,375,50,546.5,"{""answer"": {""v0"": 3}}"
permutation-0-4,permutation,"{""template"": 0, ""order"": [""v0"", ""v3"", ""v1"", ""v2""], ""correct_position"": 1}",3,3,1.0,3,0.7166666666666667,0.6266666666666667,375,50,299.45,"{""answer"": {""v0"": 3}}"
permutation-0-5,permutation,"{""template"": 0, ""order"": [""v0"", ""v3"", ""v2"", ""v1""], ""correct_position"": 1}",3,3,1.0,3,0.7633333333333333,0.6833333333333333,375,50,283.27,"{""answer"": {""v0"": 3}}"
permutation-0-6,permutation,"{""template"": 0, ""order"": [""v1"", ""v0"", ""v2"", ""v3""], ""correct_position"": 2}",3,3,1.0,3,0.7266666666666667,0.6333333333333333,375,50,300.24,"{""answer"": {""v0"": 3}}"
permutation-0-7,permutation,"{""template"": 0, ""order"": [""v1"", ""v0"", ""v3"", ""v2""], ""correct_position"": 2}",3,3,1.0,3,0.6333333333333333,0.5166666666666667,375,50,299.14,"{""answer"": {""v0"": 3}}"
permutation-0-8,permutation,"{""template"": 0, ""order"": [""v1"", ""v2"", ""v0"", ""v3""], ""correct_position"": 3}",3,3,1.0,3,0.7666666666666667,0.6866666666666666,375,50,352.35,"{""answer"": {""v0"": 3}}"
permutation-0-9,permutation,"{""template"": 0, ""order"": [""v1"", ""v2"", ""v3"", ""v0""], ""correct_position"": 4}",3,3,1.0,3,0.8066666666666666,0.74,375,50,330.49,"{""answer"": {""v0"": 3}}"
permutation-0-10,permutation,"{""template"": 0, ""order"": [""v1"", ""v3"", ""v0"", ""v2""], ""correct_position"": 3}",3,3,1.0,3,0.7,0.6033333333333334,375,50,327.45,"{""answer"": {""v0"": 3}}"
permutation-0-11,permutation,"{""template"": 0, ""order"": [""v1"", ""v3"", ""v2"", ""v0""], ""correct_position"": 4}",3,3,1.0,3,0.8099999999999999,0.7533333333333334,375,50,325.3,"{""answer"": {""v0"": 3}}"
permutation-0-12,permutation,"{""template"": 0, ""order"": [""v2"", ""v0"", ""v1"", ""v3""], ""correct_position"": 2}",3,3,1.0,3,0.7233333333333334,0.6333333333333333,375,50,300.23,"{""answer"": {""v0"": 3}}"
permutation-0-13,permutation,"{""template"": 0, ""order"": [""v2"", ""v0"", ""v3"", ""v1""], ""correct_position"": 2}",3,3,1.0,3,0.75,0.6633333333333333,375,50,303.64,"{""answer"": {""v0"": 3}}"
permutation-0-14,permutation,"{""template"": 0, ""order"": [""v2"", ""v1"", ""v0"", ""v3""], ""correct_position"": 3}",3,3,1.0,3,0.7166666666666667,0.62,375,50,320.82,"{""answer"": {""v0"": 3}}"
permutation-0-15,permutation,"{""template"": 0, ""order"": [""v2"", ""v1"", ""v3"", ""v0""], ""correct_position"": 4}",3,3,1.0,3,0.8266666666666667,0.7666666666666667,375,50,295.07,"{""answer"": {""v0"": 3}}"
permutation-0-16,permutation,"{""template"": 0, ""order"": [""v2"", ""v3"", ""v0"", ""v1""], ""correct_position"": 3}",3,3,1.0,3,0.7866666666666667,0.7166666666666667,375,50,333.11,"{""answer"": {""v0"": 3}}"
permutation-0-17,permutation,"{""template"": 0, ""order"": [""v2"", ""v3"", ""v1"", ""v0""], ""correct_position"": 4}",3,3,1.0,3,0.8466666666666667,0.8,375,50,372.64,"{""answer"": {""v0"": 3}}"
permutation-0-18,permutation,"{""template"": 0, ""order"": [""v3"", ""v0"", ""v1"", ""v2""], ""correct_position"": 2}",3,3,1.0,3,0.6866666666666666,0.5866666666666667,375,50,313.11,"{""answer"": {""v0"": 3}}"
permutation-0-19,permutation,"{""template"": 0, ""order"": [""v3"", ""v0"", ""v2"", ""v1""], ""correct_position"": 2}",3,3,1.0,3,0.6366666666666667,0.52,375,50,313.15,"{""answer"": {""v0"": 3}}"
permutation-0-20,permutation,"{""template"": 0, ""order"": [""v3"", ""v1"", ""v0"", ""v2""], ""correct_position"": 3}",3,3,1.0,3,0.58,0.44,375,50,322.18,"{""answer"": {""v0"": 3}}"
permutation-0-21,permutation,"{""template"": 0, ""order"": [""v3"", ""v1"", ""v2"", ""v0""], ""correct_position"": 4}",3,3,1.0,3,0.79,0.72,375,50,301.27,"{""answer"": {""v0"": 3}}"
permutation-0-22,permutation,"{""template"": 0, ""order"": [""v3"", ""v2"", ""v0"", ""v1""], ""correct_position"": 3}",3,3,1.0,3,0.7066666666666667,0.61,375,50,303.93,"{""answer"": {""v0"": 3}}"
permutation-0-23,permutation,"{""template"": 0, ""order"": [""v3"", ""v2"", ""v1"", ""v0""], ""correct_position"": 4}",3,3,1.0,3,0.8,0.7266666666666667,375,50,343.54,"{""answer"": {""v0"": 3}}"
permutation-1-0,permutation,"{""template"": 1, ""order"": [""v0"", ""v1"", ""v2"", ""v3""], ""correct_position"": 1}",3,3,1.0,3,0.7133333333333333,0.6166666666666667,376,50,404.92,"{""answer"": {""v0"": 3}}"
permutation-1-1,permutation,"{""template"": 1, ""order"": [""v0"", ""v1"", ""v3"", ""v2""], ""correct_position"": 1}",3,3,1.0,3,0.7333333333333333,0.6466666666666667,376,50,300.16,"{""answer"": {""v0"": 3}}"
permutation-1-2,permutation,"{""template"": 1, ""order"": [""v0"", ""v2"", ""v1"", ""v3""], ""correct_position"": 1}",3,3,1.0,3,0.71,0.6166666666666667,376,50,337.01,"{""answer"": {""v0"": 3}}"
permutation-1-3,permutation,"{""template"": 1, ""order"": [""v0"", ""v2"", ""v3"", ""v1""], ""correct_position"": 1}",3,3,1.0,3,0.6266666666666667,0.5066666666666667,376,50,293.92,"{""answer"": {""v0"": 3}}"
permutation-1-4,permutation,"{""template"": 1, ""order"": [""v0"", ""v3"", ""v1"", ""v2""], ""correct_position"": 1}",3,3,1.0,3,0.7033333333333333,0.6033333333333333,376,50,360.38,"{""answer"": {""v0"": 3}}"
permutation-1-5,permutation,"{""template"": 1, ""order"": [""v0"", ""v3"", ""v2"", ""v1""], ""correct_position"": 1}",3,3,1.0,3,0.78,0.7066666666666667,376,50,327.33,"{""answer"": {""v0"": 3}}"
permutation-1-6,permutation,"{""template"": 1, ""order"": [""v1"", ""v0"", ""v2"", ""v3""], ""correct_position"": 2}",3,3,1.0,3,0.7233333333333333,0.63,376,50,336.93,"{""answer"": {""v0"": 3}}"
permutation-1-7,permutation,"{""template"": 1, ""order"": [""v1"", ""v0"", ""v3"", ""v2""], ""correct_position"": 2}",3,3,1.0,3,0.6666666666666667,0.5533333333333333,376,50,307.12,"{""answer"": {""v0"": 3}}"
permutation-1-8,permutation,"{""template"": 1, ""order"": [""v1"", ""v2"", ""v0"", ""v3""], ""correct_position"": 3}",3,3,1.0,3,0.6466666666666667,0.5266666666666666,376,50,325.25,"{""answer"": {""v0"": 3}}"
permutation-1-9,permutation,"{""template"": 1, ""order"": [""v1"", ""v2"", ""v3"", ""v0""], ""correct_position"": 4}",3,3,1.0,3,0.7533333333333333,0.67,376,50,301.7,"{""answer"": {""v0"": 3}}"
permutation-1-10,permutation,"{""template"": 1, ""order"": [""v1"", ""v3"", ""v0"", ""v2""], ""correct_position"": 3}",3,3,1.0,3,0.62,0.49333333333333335,376,50,299.23,"{""answer"": {""v0"": 3}}"
permutation-1-11,permutation,"{""template"": 1, ""order"": [""v1"", ""v3"", ""v2"", ""v0""], ""correct_position"": 4}",3,3,1.0,3,0.7166666666666667,0.6233333333333333,376,50,317.33,"{""answer"": {""v0"": 3}}"
permutation-1-12,permutation,"{""template"": 1, ""order"": [""v2"", ""v0"", ""v1"", ""v3""], ""correct_position"": 2}",3,3,1.0,3,0.6266666666666667,0.5133333333333333,376,50,332.91,"{""answer"": {""v0"": 3}}"
permutation-1-13,permutation,"{""template"": 1, ""order"": [""v2"", ""v0"", ""v3"", ""v1""], ""correct_position"": 2}",3,3,1.0,3,0.65,0.5366666666666666,376,50,313.97,"{""answer"": {""v0"": 3}}"
permutation-1-14,permutation,"{""template"": 1, ""order"": [""v2"", ""v1"", ""v0"", ""v3""], ""correct_position"": 3}",3,3,1.0,3,0.7233333333333333,0.6333333333333333,376,50,355.79,"{""answer"": {""v0"": 3}}"
permutation-1-15,permutation,"{""template"": 1, ""order"": [""v2"", ""v1"", ""v3"", ""v0""], ""correct_position"": 4}",3,3,1.0,3,0.8,0.7333333333333333,376,50,332.21,"{""answer"": {""v0"": 3}}"
permutation-1-16,permutation,"{""template"": 1, ""order"": [""v2"", ""v3"", ""v0"", ""v1""], ""correct_position"": 3}",3,3,1.0,3,0.7133333333333334,0.6166666666666667,376,50,345.69,"{""answer"": {""v0"": 3}}"
permutation-1-17,permutation,"{""template"": 1, ""order"": [""v2"", ""v3"", ""v1"", ""v0""], ""correct_position"": 4}",3,3,1.0,3,0.8133333333333334,0.7466666666666667,376,50,323.91,"{""answer"": {""v0"": 3}}"
permutation-1-18,permutation,"{""template"": 1, ""order"": [""v3"", ""v0"", ""v1"", ""v2""], ""correct_position"": 2}",3,3,1.0,3,0.61,0.48333333333333334,376,50,298.57,"{""answer"": {""v0"": 3}}"
permutation-1-19,permutation,"{""template"": 1, ""order"": [""v3"", ""v0"", ""v2"", ""v1""], ""correct_position"": 2}",3,3,1.0,3,0.6533333333333333,0.5366666666666667,376,50,336.28,"{""answer"": {""v0"": 3}}"
permutation-1-20,permutation,"{""template"": 1, ""order"": [""v3"", ""v1"", ""v0"", ""v2""], ""correct_position"": 3}",3,3,1.0,3,0.6966666666666667,0.5966666666666667,376,50,354.15,"{""answer"": {""v0"": 3}}"
permutation-1-21,permutation,"{""template"": 1, ""order"": [""v3"", ""v1"", ""v2"", ""v0""], ""correct_position"": 4}",3,3,1.0,3,0.74,0.6533333333333333,376,50,320.67,"{""answer"": {""v0"": 3}}"
permutation-1-22,permutation,"{""template"": 1, ""order"": [""v3"", ""v2"", ""v0"", ""v1""], ""correct_position"": 3}",3,3,1.0,3,0.65,0.53,376,50,348.89,"{""answer"": {""v0"": 3}}"
permutation-1-23,permutation,"{""template"": 1, ""order"": [""v3"", ""v2"", ""v1"", ""v0""], ""correct_position"": 4}",3,3,1.0,3,0.7533333333333333,0.6666666666666666,376,50,286.28,"{""answer"": {""v0"": 3}}"
permutation-2-0,permutation,"{""template"": 2, ""order"": [""v0"", ""v1"", ""v2"", ""v3""], ""correct_position"": 1}",3,0,0.0,3,0.25333333333333335,0.2633333333333333,382,50,297.3,"{""answer"": {""v3"": 3}}"
permutation-2-1,permutation,"{""template"": 2, ""order"": [""v0"", ""v1"", ""v3"", ""v2""], ""correct_position"": 1}",3,0,0.0,3,0.34,0.19,382,50,321.7,"{""answer"": {""v3"": 3}}"
permutation-2-2,permutation,"{""template"": 2, ""order"": [""v0"", ""v2"", ""v1"", ""v3""], ""correct_position"": 1}",3,0,0.0,3,0.25333333333333335,0.27666666666666667,382,50,340.18,"{""answer"": {""v3"": 3}}"
permutation-2-3,permutation,"{""template"": 2, ""order"": [""v0"", ""v2"", ""v3"", ""v1""], ""correct_position"": 1}",3,3,1.0,3,0.39666666666666667,0.19,382,50,309.52,"{""answer"": {""v0"": 3}}"
permutation-2-4,permutation,"{""template"": 2, ""order"": [""v0"", ""v3"", ""v1"", ""v2""], ""correct_position"": 1}",3,3,1.0,3,0.41333333333333333,0.22,382,50,305.6,"{""answer"": {""v0"": 3}}"
permutation-2-5,permutation,"{""template"": 2, ""order"": [""v0"", ""v3"", ""v2"", ""v1""], ""correct_position"": 1}",3,3,1.0,3,0.3933333333333333,0.19333333333333333,382,50,315.91,"{""answer"": {""v0"": 3}}"
permutation-2-6,permutation,"{""template"": 2, ""order"": [""v1"", ""v0"", ""v2"", ""v3""], ""correct_position"": 2}",3,0,0.0,3,0.32666666666666666,0.17,382,50,337.9,"{""answer"": {""v3"": 3}}"
permutation-2-7,permutation,"{""template"": 2, ""order"": [""v1"", ""v0"", ""v3"", ""v2""], ""correct_position"": 2}",3,0,0.0,3,0.26333333333333336,0.19333333333333333,382,50,327.66,"{""answer"": {""v3"": 3}}"
permutation-2-8,permutation,"{""template"": 2, ""order"": [""v1"", ""v2"", ""v0"", ""v3""], ""correct_position"": 3}",3,1,0.3333333333333333,3,0.33,0.16666666666666666,382,50,316.32,"{""answer"": {""v0"": 1, ""v3"": 2}}"
permutation-2-9,permutation,"{""template"": 2, ""order"": [""v1"", ""v2"", ""v3"", ""v0""], ""correct_position"": 4}",3,0,0.0,3,0.3433333333333333,0.17333333333333334,382,50,297.56,"{""answer"": {""v3"": 3}}"
permutation-2-10,permutation,"{""template"": 2, ""order"": [""v1"", ""v3"", ""v0"", ""v2""], ""correct_position"": 3}",3,0,0.0,3,0.24333333333333335,0.23,382,50,296.65,"{""answer"": {""v3"": 3}}"
permutation-2-11,permutation,"{""template"": 2, ""order"": [""v1"", ""v3"", ""v2"", ""v0""], ""correct_position"": 4}",3,0,0.0,3,0.28,0.29333333333333333,382,50,347.08,"{""answer"": {""v3"": 3}}"
permutation-2-12,permutation,"{""template"": 2, ""order"": [""v2"", ""v0"", ""v1"", ""v3""], ""correct_position"": 2}",3,0,0.0,3,0.23333333333333334,0.31,382,50,360.11,"{""answer"": {""v3"": 3}}"
permutation-2-13,permutation,"{""template"": 2, ""order"": [""v2"", ""v0"", ""v3"", ""v1""], ""correct_position"": 2}",3,0,0.0,3,0.24000000000000002,0.2633333333333333,382,50,341.8,"{""answer"": {""v3"": 3}}"
permutation-2-14,permutation,"{""template"": 2, ""order"": [""v2"", ""v1"", ""v0"", ""v3""], ""correct_position"": 3}",3,0,0.0,3,0.31,0.23333333333333334,382,50,344.62,"{""answer"": {""v3"": 3}}"
permutation-2-15,permutation,"{""template"": 2, ""order"": [""v2"", ""v1"", ""v3"", ""v0""], ""correct_position"": 4}",3,2,0.6666666666666666,3,0.37,0.22,382,50,290.37,"{""answer"": {""v0"": 2, ""v3"": 1}}"
permutation-2-16,permutation,"{""template"": 2, ""order"": [""v2"", ""v3"", ""v0"", ""v1""], ""correct_position"": 3}",3,2,0.6666666666666666,3,0.32666666666666666,0.13,382,50,282.81,"{""answer"": {""v0"": 2, ""v3"": 1}}"
permutation-2-17,permutation,"{""template"": 2, ""order"": [""v2"", ""v3"", ""v1"", ""v0""], ""correct_position"": 4}",3,3,1.0,3,0.42000000000000004,0.21666666666666667,382,50,310.32,"{""answer"": {""v0"": 3}}"
permutation-2-18,permutation,"{""template"": 2, ""order"": [""v3"", ""v0"", ""v1"", ""v2""], ""correct_position"": 2}",3,1,0.3333333333333333,3,0.31333333333333335,0.14666666666666667,382,50,321.69,"{""answer"": {""v3"": 2, ""v0"": 1}}"
permutation-2-19,permutation,"{""template"": 2, ""order"": [""v3"", ""v0"", ""v2"", ""v1""], ""correct_position"": 2}",3,3,1.0,3,0.35000000000000003,0.13333333333333333,382,50,323.14,"{""answer"": {""v0"": 3}}"
permutation-2-20,permutation,"{""template"": 2, ""order"": [""v3"", ""v1"", ""v0"", ""v2""], ""correct_position"": 3}",3,3,1.0,3,0.44333333333333336,0.25,382,50,314.99,"{""answer"": {""v0"": 3}}"
permutation-2-21,permutation,"{""template"": 2, ""order"": [""v3"", ""v1"", ""v2"", ""v0""], ""correct_position"": 4}",3,3,1.0,3,0.45,0.2533333333333333,382,50,331.03,"{""answer"": {""v0"": 3}}"
permutation-2-22,permutation,"{""template"": 2, ""order"": [""v3"", ""v2"", ""v0"", ""v1""], ""correct_position"": 3}",3,2,0.6666666666666666,3,0.34,0.15000000000000002,382,50,295.62,"{""answer"": {""v0"": 2, ""v3"": 1}}"
permutation-2-23,permutation,"{""template"": 2, ""order"": [""v3"", ""v2"", ""v1"", ""v0""], ""correct_position"": 4}",3,3,1.0,3,0.47,0.2966666666666667,382,50,372.61,"{""answer"": {""v0"": 3}}"
permutation-3-0,permutation,"{""template"": 3, ""order"": [""v0"", ""v1"", ""v2"", ""v3""], ""correct_position"": 1}",3,3,1.0,3,0.43333333333333335,0.24333333333333335,383,50,290.85,"{""answer"": {""v0"": 3}}"
permutation-3-1,permutation,"{""template"": 3, ""order"": [""v0"", ""v1"", ""v3"", ""v2""], ""correct_position"": 1}",3,3,1.0,3,0.47,0.2866666666666667,383,50,301.99,"{""answer"": {""v0"": 3}}"
permutation-3-2,permutation,"{""template"": 3, ""order"": [""v0"", ""v2"", ""v1"", ""v3""], ""correct_position"": 1}",3,3,1.0,3,0.4066666666666667,0.20666666666666667,383,50,325.36,"{""answer"": {""v0"": 3}}"
permutation-3-3,permutation,"{""template"": 3, ""order"": [""v0"", ""v2"", ""v3"", ""v1""], ""correct_position"": 1}",3,2,0.6666666666666666,3,0.42,0.24666666666666667,383,50,308.64,"{""answer"": {""v3"": 1, ""v0"": 2}}"
permutation-3-4,permutation,"{""template"": 3, ""order"": [""v0"", ""v3"", ""v1"", ""v2""], ""correct_position"": 1}",3,3,1.0,3,0.45,0.27,383,50,321.24,"{""answer"": {""v0"": 3}}"
permutation-3-5,permutation,"{""template"": 3, ""order"": [""v0"", ""v3"", ""v2"", ""v1""], ""correct_position"": 1}",3,2,0.6666666666666666,3,0.4166666666666667,0.23,383,50,317.29,"{""answer"": {""v3"": 1, ""v0"": 2}}"
permutation-3-6,permutation,"{""template"": 3, ""order"": [""v1"", ""v0"", ""v2"", ""v3""], ""correct_position"": 2}",3,1,0.3333333333333333,3,0.32,0.21333333333333335,383,50,302.03,"{""answer"": {""v3"": 2, ""v0"": 1}}"
permutation-3-7,permutation,"{""template"": 3, ""order"": [""v1"", ""v0"", ""v3"", ""v2""], ""correct_position"": 2}",3,0,0.0,3,0.2966666666666667,0.15333333333333335,383,50,336.94,"{""answer"": {""v3"": 3}}"
permutation-3-8,permutation,"{""template"": 3, ""order"": [""v1"", ""v2"", ""v0"", ""v3""], ""correct_position"": 3}",3,1,0.3333333333333333,3,0.33999999999999997,0.22333333333333333,383,50,309.85,"{""answer"": {""v0"": 1, ""v3"": 2}}"
permutation-3-9,permutation,"{""template"": 3, ""order"": [""v1"", ""v2"", ""v3"", ""v0""], ""correct_position"": 4}",3,0,0.0,3,0.32,0.19666666666666668,383,50,321.42,"{""answer"": {""v3"": 3}}"
permutation-3-10,permutation,"{""template"": 3, ""order"": [""v1"", ""v3"", ""v0"", ""v2""], ""correct_position"": 3}",3,0,0.0,3,0.24666666666666667,0.15333333333333332,383,50,271.23,"{""answer"": {""v3"": 3}}"
permutation-3-11,permutation,"{""template"": 3, ""order"": [""v1"", ""v3"", ""v2"", ""v0""], ""correct_position"": 4}",3,1,0.3333333333333333,3,0.32333333333333336,0.16,383,50,360.03,"{""answer"": {""v3"": 2, ""v0"": 1}}"
permutation-3-12,permutation,"{""template"": 3, ""order"": [""v2"", ""v0"", ""v1"", ""v3""], ""correct_position"": 2}",3,0,0.0,3,0.29,0.32333333333333336,383,50,315.04,"{""answer"": {""v3"": 3}}"
permutation-3-13,permutation,"{""template"": 3, ""order"": [""v2"", ""v0"", ""v3"", ""v1""], ""correct_position"": 2}",3,1,0.3333333333333333,3,0.30333333333333334,0.24,383,50,348.75,"{""answer"": {""v3"": 2, ""v0"": 1}}"
permutation-3-14,permutation,"{""template"": 3, ""order"": [""v2"", ""v1"", ""v0"", ""v3""], ""correct_position"": 3}",3,0,0.0,3,0.36,0.31,383,50,332.92,"{""answer"": {""v3"": 3}}"
permutation-3-15,permutation,"{""template"": 3, ""order"": [""v2"", ""v1"", ""v3"", ""v0""], ""correct_position"": 4}",3,0,0.0,3,0.3333333333333333,0.2966666666666667,383,50,314.34,"{""answer"": {""v3"": 3}}"
permutation-3-16,permutation,"{""template"": 3, ""order"": [""v2"", ""v3"", ""v0"", ""v1""], ""correct_position"": 3}",3,0,0.0,3,0.30333333333333334,0.13666666666666666,383,50,321.04,"{""answer"": {""v3"": 3}}"
permutation-3-17,permutation,"{""template"": 3, ""order"": [""v2"", ""v3"", ""v1"", ""v0""], ""correct_position"": 4}",3,3,1.0,3,0.38333333333333336,0.17666666666666667,383,50,320.28,"{""answer"": {""v0"": 3}}"
permutation-3-18,permutation,"{""template"": 3, ""order"": [""v3"", ""v0"", ""v1"", ""v2""], ""correct_position"": 2}",3,0,0.0,3,0.27666666666666667,0.31333333333333335,383,50,308.96,"{""answer"": {""v3"": 3}}"
permutation-3-19,permutation,"{""template"": 3, ""order"": [""v3"", ""v0"", ""v2"", ""v1""], ""correct_position"": 2}",3,0,0.0,3,0.31,0.23,383,50,345.59,"{""answer"": {""v3"": 3}}"
permutation-3-20,permutation,"{""template"": 3, ""order"": [""v3"", ""v1"", ""v0"", ""v2""], ""correct_position"": 3}",3,0,0.0,3,0.18666666666666668,0.48,383,50,347.42,"{""answer"": {""v3"": 3}}"
permutation-3-21,permutation,"{""template"": 3, ""order"": [""v3"", ""v1"", ""v2"", ""v0""], ""correct_position"": 4}",3,0,0.0,3,0.22666666666666666,0.3833333333333333,383,50,374.67,"{""answer"": {""v3"": 3}}"
permutation-3-22,permutation,"{""template"": 3, ""order"": [""v3"", ""v2"", ""v0"", ""v1""], ""correct_position"": 3}",3,0,0.0,3,0.26,0.2633333333333333,383,50,393.5,"{""answer"": {""v3"": 3}}"
permutation-3-23,permutation,"{""template"": 3, ""order"": [""v3"", ""v2"", ""v1"", ""v0""], ""correct_position"": 4}",3,0,0.0,3,0.3066666666666667,0.30333333333333334,383,50,287.1,"{""answer"": {""v3"": 3}}"
permutation-4-0,permutation,"{""template"": 4, ""order"": [""v0"", ""v1"", ""v2"", ""v3""], ""correct_position"": 1}",3,3,1.0,3,0.7166666666666667,0.6233333333333333,383,50,301.38,"{""answer"": {""v0"": 3}}"
permutation-4-1,permutation,"{""template"": 4, ""order"": [""v0"", ""v1"", ""v3"", ""v2""], ""correct_position"": 1}",3,3,1.0,3,0.7433333333333333,0.65,383,50,385.93,"{""answer"": {""v0"": 3}}"
permutation-4-2,permutation,"{""template"": 4, ""order"": [""v0"", ""v2"", ""v1"", ""v3""], ""correct_position"": 1}",3,3,1.0,3,0.6533333333333333,0.54,383,50,301.39,"{""answer"": {""v0"": 3}}"
permutation-4-3,permutation,"{""template"": 4, ""order"": [""v0"", ""v2"", ""v3"", ""v1""], ""correct_position"": 1}",3,3,1.0,3,0.65,0.54,383,50,337.41,"{""answer"": {""v0"": 3}}"
permutation-4-4,permutation,"{""template"": 4, ""order"": [""v0"", ""v3"", ""v1"", ""v2""], ""correct_position"": 1}",3,3,1.0,3,0.6666666666666667,0.5533333333333333,383,50,315.2,"{""answer"": {""v0"": 3}}"
permutation-4-5,permutation,"{""template"": 4, ""order"": [""v0"", ""v3"", ""v2"", ""v1""], ""correct_position"": 1}",3,3,1.0,3,0.6466666666666667,0.5266666666666667,383,50,322.42,"{""answer"": {""v0"": 3}}"
permutation-4-6,permutation,"{""template"": 4, ""order"": [""v1"", ""v0"", ""v2"", ""v3""], ""correct_position"": 2}",3,3,1.0,3,0.48,0.3066666666666667,383,50,300.91,"{""answer"": {""v0"": 3}}"
permutation-4-7,permutation,"{""template"": 4, ""order"": [""v1"", ""v0"", ""v3"", ""v2""], ""correct_position"": 2}",3,3,1.0,3,0.4533333333333333,0.28,383,50,316.26,"{""answer"": {""v0"": 3}}"
permutation-4-8,permutation,"{""template"": 4, ""order"": [""v1"", ""v2"", ""v0"", ""v3""], ""correct_position"": 3}",3,3,1.0,3,0.46,0.28,383,50,304.89,"{""answer"": {""v0"": 3}}"
permutation-4-9,permutation,"{""template"": 4, ""order"": [""v1"", ""v2"", ""v3"", ""v0""], ""correct_position"": 4}",3,3,1.0,3,0.43,0.24000000000000002,383,50,316.42,"{""answer"": {""v0"": 3}}"
permutation-4-10,permutation,"{""template"": 4, ""order"": [""v1"", ""v3"", ""v0"", ""v2""], ""correct_position"": 3}",3,2,0.6666666666666666,3,0.4033333333333333,0.26666666666666666,383,50,337.23,"{""answer"": {""v0"": 2, ""v1"": 1}}"
permutation-4-11,permutation,"{""template"": 4, ""order"": [""v1"", ""v3"", ""v2"", ""v0""], ""correct_position"": 4}",3,0,0.0,3,0.32333333333333336,0.17333333333333334,383,50,357.12,"{""answer"": {""v1"": 3}}"
permutation-4-12,permutation,"{""template"": 4, ""order"": [""v2"", ""v0"", ""v1"", ""v3""], ""correct_position"": 2}",3,3,1.0,3,0.5633333333333334,0.42,383,50,349.76,"{""answer"": {""v0"": 3}}"
permutation-4-13,permutation,"{""template"": 4, ""order"": [""v2"", ""v0"", ""v3"", ""v1""], ""correct_position"": 2}",3,3,1.0,3,0.5433333333333333,0.39,383,50,303.52,"{""answer"": {""v0"": 3}}"
permutation-4-14,permutation,"{""template"": 4, ""order"": [""v2"", ""v1"", ""v0"", ""v3""], ""correct_position"": 3}",3,3,1.0,3,0.5833333333333334,0.44,383,50,374.01,"{""answer"": {""v0"": 3}}"
permutation-4-15,permutation,"{""template"": 4, ""order"": [""v2"", ""v1"", ""v3"", ""v0""], ""correct_position"": 4}",3,3,1.0,3,0.5466666666666666,0.4033333333333333,383,50,327.69,"{""answer"": {""v0"": 3}}"
permutation-4-16,permutation,"{""template"": 4, ""order"": [""v2"", ""v3"", ""v0"", ""v1""], ""correct_position"": 3}",3,3,1.0,3,0.5733333333333333,0.43333333333333335,383,50,317.56,"{""answer"": {""v0"": 3}}"
permutation-4-17,permutation,"{""template"": 4, ""order"": [""v2"", ""v3"", ""v1"", ""v0""], ""correct_position"": 4}",3,3,1.0,3,0.43333333333333335,0.24333333333333332,383,50,317.48,"{""answer"": {""v0"": 3}}"
permutation-4-18,permutation,"{""template"": 4, ""order"": [""v3"", ""v0"", ""v1"", ""v2""], ""correct_position"": 2}",3,3,1.0,3,0.43666666666666665,0.25,383,50,336.46,"{""answer"": {""v0"": 3}}"
permutation-4-19,permutation,"{""template"": 4, ""order"": [""v3"", ""v0"", ""v2"", ""v1""], ""correct_position"": 2}",3,3,1.0,3,0.45,0.27,383,50,312.57,"{""answer"": {""v0"": 3}}"
permutation-4-20,permutation,"{""template"": 4, ""order"": [""v3"", ""v1"", ""v0"", ""v2""], ""correct_position"": 3}",3,0,0.0,3,0.3066666666666667,0.2833333333333333,383,50,304.51,"{""answer"": {""v3"": 3}}"
permutation-4-21,permutation,"{""template"": 4, ""order"": [""v3"", ""v1"", ""v2"", ""v0""], ""correct_position"": 4}",3,0,0.0,3,0.33999999999999997,0.19,383,50,345.37,"{""answer"": {""v3"": 3}}"
permutation-4-22,permutation,"{""template"": 4, ""order"": [""v3"", ""v2"", ""v0"", ""v1""], ""correct_position"": 3}",3,3,1.0,3,0.38333333333333336,0.18,383,50,331.87,"{""answer"": {""v0"": 3}}"
permutation-4-23,permutation,"{""template"": 4, ""order"": [""v3"", ""v2"", ""v1"", ""v0""], ""correct_position"": 4}",3,1,0.3333333333333333,3,0.33999999999999997,0.16,383,50,295.79,"{""answer"": {""v3"": 2, ""v0"": 1}}"
permutation-5-0,permutation,"{""template"": 5, ""order"": [""v0"", ""v1"", ""v2"", ""v3""], ""correct_position"": 1}",3,2,0.6666666666666666,3,0.47,0.30666666666666664,389,50,405.61,"{""answer"": {""v3"": 1, ""v0"": 2}}"
permutation-5-1,permutation,"{""template"": 5, ""order"": [""v0"", ""v1"", ""v3"", ""v2""], ""correct_position"": 1}",3,3,1.0,3,0.63,0.5033333333333334,389,50,367.25,"{""answer"": {""v0"": 3}}"
permutation-5-2,permutation,"{""template"": 5, ""order"": [""v0"", ""v2"", ""v1"", ""v3""], ""correct_position"": 1}",3,2,0.6666666666666666,3,0.5133333333333333,0.41,389,50,297.29,"{""answer"": {""v3"": 1, ""v0"": 2}}"
permutation-5-3,permutation,"{""template"": 5, ""order"": [""v0"", ""v2"", ""v3"", ""v1""], ""correct_position"": 1}",3,3,1.0,3,0.6033333333333333,0.4766666666666667,389,50,325.25,"{""answer"": {""v0"": 3}}"
permutation-5-4,permutation,"{""template"": 5, ""order"": [""v0"", ""v3"", ""v1"", ""v2""], ""correct_position"": 1}",3,3,1.0,3,0.55,0.4033333333333333,389,50,334.73,"{""answer"": {""v0"": 3}}"
permutation-5-5,permutation,"{""template"": 5, ""order"": [""v0"", ""v3"", ""v2"", ""v1""], ""correct_position"": 1}",3,3,1.0,3,0.6133333333333333,0.49,389,50,334.7,"{""answer"": {""v0"": 3}}"
permutation-5-6,permutation,"{""template"": 5, ""order"": [""v1"", ""v0"", ""v2"", ""v3""], ""correct_position"": 2}",3,1,0.3333333333333333,3,0.2866666666666667,0.22,389,50,357.82,"{""answer"": {""v3"": 1, ""v0"": 1, ""v1"": 1}}"
permutation-5-7,permutation,"{""template"": 5, ""order"": [""v1"", ""v0"", ""v3"", ""v2""], ""correct_position"": 2}",3,1,0.3333333333333333,3,0.30333333333333334,0.15666666666666668,389,50,420.05,"{""answer"": {""v0"": 1, ""v1"": 1, ""v3"": 1}}"
permutation-5-8,permutation,"{""template"": 5, ""order"": [""v1"", ""v2"", ""v0"", ""v3""], ""correct_position"": 3}",3,2,0.6666666666666666,3,0.37666666666666665,0.29333333333333333,389,50,316.85,"{""answer"": {""v3"": 1, ""v0"": 2}}"
permutation-5-9,permutation,"{""template"": 5, ""order"": [""v1"", ""v2"", ""v3"", ""v0""], ""correct_position"": 4}",3,0,0.0,3,0.17666666666666667,0.19333333333333333,389,50,297.06,"{""answer"": {""v3"": 1, ""v1"": 2}}"
permutation-5-10,permutation,"{""template"": 5, ""order"": [""v1"", ""v3"", ""v0"", ""v2""], ""correct_position"": 3}",3,0,0.0,3,0.23666666666666666,0.18333333333333332,389,50,344.22,"{""answer"": {""v1"": 3}}"
permutation-5-11,permutation,"{""template"": 5, ""order"": [""v1"", ""v3"", ""v2"", ""v0""], ""correct_position"": 4}",3,1,0.3333333333333333,3,0.27666666666666667,0.15333333333333335,389,50,345.44,"{""answer"": {""v1"": 2, ""v0"": 1}}"
permutation-5-12,permutation,"{""template"": 5, ""order"": [""v2"", ""v0"", ""v1"", ""v3""], ""correct_position"": 2}",3,2,0.6666666666666666,3,0.4166666666666667,0.23666666666666666,389,50,315.97,"{""answer"": {""v0"": 2, ""v3"": 1}}"
permutation-5-13,permutation,"{""template"": 5, ""order"": [""v2"", ""v0"", ""v3"", ""v1""], ""correct_position"": 2}",3,3,1.0,3,0.48333333333333334,0.31333333333333335,389,50,357.57,"{""answer"": {""v0"": 3}}"
permutation-5-14,permutation,"{""template"": 5, ""order"": [""v2"", ""v1"", ""v0"", ""v3""], ""correct_position"": 3}",3,1,0.3333333333333333,3,0.4033333333333333,0.25333333333333335,389,50,299.76,"{""answer"": {""v3"": 2, ""v0"": 1}}"
permutation-5-15,permutation,"{""template"": 5, ""order"": [""v2"", ""v1"", ""v3"", ""v0""], ""correct_position"": 4}",3,0,0.0,3,0.17333333333333334,0.20333333333333334,389,50,314.94,"{""answer"": {""v3"": 3}}"
permutation-5-16,permutation,"{""template"": 5, ""order"": [""v2"", ""v3"", ""v0"", ""v1""], ""correct_position"": 3}",3,2,0.6666666666666666,3,0.4,0.22,389,50,363.32,"{""answer"": {""v0"": 2, ""v3"": 1}}"
permutation-5-17,permutation,"{""template"": 5, ""order"": [""v2"", ""v3"", ""v1"", ""v0""], ""correct_position"": 4}",3,0,0.0,3,0.23333333333333334,0.23333333333333334,389,50,347.66,"{""answer"": {""v3"": 3}}"
permutation-5-18,permutation,"{""template"": 5, ""order"": [""v3"", ""v0"", ""v1"", ""v2""], ""correct_position"": 2}",3,0,0.0,3,0.2966666666666667,0.29333333333333333,389,50,343.09,"{""answer"": {""v3"": 3}}"
permutation-5-19,permutation,"{""template"": 5, ""order"": [""v3"", ""v0"", ""v2"", ""v1""], ""correct_position"": 2}",3,0,0.0,3,0.20333333333333334,0.37,389,50,318.49,"{""answer"": {""v3"": 3}}"
permutation-5-20,permutation,"{""template"": 5, ""order"": [""v3"", ""v1"", ""v0"", ""v2""], ""correct_position"": 3}",3,0,0.0,3,0.23,0.33999999999999997,389,50,306.9,"{""answer"": {""v3"": 3}}"
permutation-5-21,permutation,"{""template"": 5, ""order"": [""v3"", ""v1"", ""v2"", ""v0""], ""correct_position"": 4}",3,0,0.0,3,0.18666666666666668,0.4033333333333333,389,50,306.52,"{""answer"": {""v3"": 3}}"
permutation-5-22,permutation,"{""template"": 5, ""order"": [""v3"", ""v2"", ""v0"", ""v1""], ""correct_position"": 3}",3,0,0.0,3,0.2866666666666667,0.29,389,50,378.06,"{""answer"": {""v3"": 3}}"
permutation-5-23,permutation,"{""template"": 5, ""order"": [""v3"", ""v2"", ""v1"", ""v0""], ""correct_position"": 4}",3,0,0.0,3,0.19666666666666666,0.35,389,50,312.82,"{""answer"": {""v3"": 3}}"
logic-1-0-yes,logic_depth,"{""depth"": 1, ""order"": 0, ""label"": ""yes""}",3,3,1.0,3,1.0,1.0,390,42,346.28,"{""answer"": {""yes"": 3}}"
logic-1-0-no,logic_depth,"{""depth"": 1, ""order"": 0, ""label"": ""no""}",3,3,1.0,3,1.0,1.0,391,42,368.38,"{""answer"": {""no"": 3}}"
logic-1-0-cannot_be_determined,logic_depth,"{""depth"": 1, ""order"": 0, ""label"": ""cannot_be_determined""}",3,3,1.0,3,1.0,1.0,390,46,301.56,"{""answer"": {""cannot_be_determined"": 3}}"
logic-1-1-yes,logic_depth,"{""depth"": 1, ""order"": 1, ""label"": ""yes""}",3,3,1.0,3,1.0,1.0,390,42,315.32,"{""answer"": {""yes"": 3}}"
logic-1-1-no,logic_depth,"{""depth"": 1, ""order"": 1, ""label"": ""no""}",3,3,1.0,3,1.0,1.0,391,42,327.68,"{""answer"": {""no"": 3}}"
logic-1-1-cannot_be_determined,logic_depth,"{""depth"": 1, ""order"": 1, ""label"": ""cannot_be_determined""}",3,3,1.0,3,1.0,1.0,390,46,307.46,"{""answer"": {""cannot_be_determined"": 3}}"
logic-1-2-yes,logic_depth,"{""depth"": 1, ""order"": 2, ""label"": ""yes""}",3,3,1.0,3,1.0,1.0,390,42,325.24,"{""answer"": {""yes"": 3}}"
logic-1-2-no,logic_depth,"{""depth"": 1, ""order"": 2, ""label"": ""no""}",3,3,1.0,3,1.0,0.9966666666666667,391,42,353.74,"{""answer"": {""no"": 3}}"
logic-1-2-cannot_be_determined,logic_depth,"{""depth"": 1, ""order"": 2, ""label"": ""cannot_be_determined""}",3,3,1.0,3,1.0,1.0,390,46,276.11,"{""answer"": {""cannot_be_determined"": 3}}"
logic-2-0-yes,logic_depth,"{""depth"": 2, ""order"": 0, ""label"": ""yes""}",3,3,1.0,3,1.0,1.0,407,42,325.56,"{""answer"": {""yes"": 3}}"
logic-2-0-no,logic_depth,"{""depth"": 2, ""order"": 0, ""label"": ""no""}",3,3,1.0,3,0.9933333333333333,0.99,408,42,575.77,"{""answer"": {""no"": 3}}"
logic-2-0-cannot_be_determined,logic_depth,"{""depth"": 2, ""order"": 0, ""label"": ""cannot_be_determined""}",3,3,1.0,3,0.9933333333333333,0.99,407,46,323.77,"{""answer"": {""cannot_be_determined"": 3}}"
logic-2-1-yes,logic_depth,"{""depth"": 2, ""order"": 1, ""label"": ""yes""}",3,3,1.0,3,1.0,1.0,407,42,312.32,"{""answer"": {""yes"": 3}}"
logic-2-1-no,logic_depth,"{""depth"": 2, ""order"": 1, ""label"": ""no""}",3,3,1.0,3,0.99,0.99,408,42,306.85,"{""answer"": {""no"": 3}}"
logic-2-1-cannot_be_determined,logic_depth,"{""depth"": 2, ""order"": 1, ""label"": ""cannot_be_determined""}",3,3,1.0,3,0.99,0.9866666666666667,407,46,287.7,"{""answer"": {""cannot_be_determined"": 3}}"
logic-2-2-yes,logic_depth,"{""depth"": 2, ""order"": 2, ""label"": ""yes""}",3,3,1.0,3,1.0,1.0,407,42,315.48,"{""answer"": {""yes"": 3}}"
logic-2-2-no,logic_depth,"{""depth"": 2, ""order"": 2, ""label"": ""no""}",3,3,1.0,3,0.99,0.99,408,42,330.01,"{""answer"": {""no"": 3}}"
logic-2-2-cannot_be_determined,logic_depth,"{""depth"": 2, ""order"": 2, ""label"": ""cannot_be_determined""}",3,3,1.0,3,0.9933333333333333,0.99,407,46,305.52,"{""answer"": {""cannot_be_determined"": 3}}"
logic-4-0-yes,logic_depth,"{""depth"": 4, ""order"": 0, ""label"": ""yes""}",3,3,1.0,3,1.0,1.0,441,42,319.16,"{""answer"": {""yes"": 3}}"
logic-4-0-no,logic_depth,"{""depth"": 4, ""order"": 0, ""label"": ""no""}",3,3,1.0,3,0.9833333333333333,0.9766666666666667,442,42,304.36,"{""answer"": {""no"": 3}}"
logic-4-0-cannot_be_determined,logic_depth,"{""depth"": 4, ""order"": 0, ""label"": ""cannot_be_determined""}",3,3,1.0,3,0.98,0.97,441,46,304.84,"{""answer"": {""cannot_be_determined"": 3}}"
logic-4-1-yes,logic_depth,"{""depth"": 4, ""order"": 1, ""label"": ""yes""}",3,3,1.0,3,1.0,1.0,441,42,293.01,"{""answer"": {""yes"": 3}}"
logic-4-1-no,logic_depth,"{""depth"": 4, ""order"": 1, ""label"": ""no""}",3,3,1.0,3,0.98,0.9666666666666667,442,42,288.9,"{""answer"": {""no"": 3}}"
logic-4-1-cannot_be_determined,logic_depth,"{""depth"": 4, ""order"": 1, ""label"": ""cannot_be_determined""}",3,3,1.0,3,0.99,0.98,441,46,284.58,"{""answer"": {""cannot_be_determined"": 3}}"
logic-4-2-yes,logic_depth,"{""depth"": 4, ""order"": 2, ""label"": ""yes""}",3,3,1.0,3,1.0,1.0,441,42,335.12,"{""answer"": {""yes"": 3}}"
logic-4-2-no,logic_depth,"{""depth"": 4, ""order"": 2, ""label"": ""no""}",3,3,1.0,3,0.9666666666666667,0.95,442,42,392.3,"{""answer"": {""no"": 3}}"
logic-4-2-cannot_be_determined,logic_depth,"{""depth"": 4, ""order"": 2, ""label"": ""cannot_be_determined""}",3,3,1.0,3,0.97,0.9533333333333333,441,46,292.89,"{""answer"": {""cannot_be_determined"": 3}}"
logic-8-0-yes,logic_depth,"{""depth"": 8, ""order"": 0, ""label"": ""yes""}",3,3,1.0,3,1.0,1.0,509,42,332.47,"{""answer"": {""yes"": 3}}"
logic-8-0-no,logic_depth,"{""depth"": 8, ""order"": 0, ""label"": ""no""}",3,3,1.0,3,0.9466666666666667,0.9166666666666667,510,42,345.52,"{""answer"": {""no"": 3}}"
logic-8-0-cannot_be_determined,logic_depth,"{""depth"": 8, ""order"": 0, ""label"": ""cannot_be_determined""}",3,3,1.0,3,0.96,0.94,509,46,301.36,"{""answer"": {""cannot_be_determined"": 3}}"
logic-8-1-yes,logic_depth,"{""depth"": 8, ""order"": 1, ""label"": ""yes""}",3,3,1.0,3,1.0,1.0,509,42,339.71,"{""answer"": {""yes"": 3}}"
logic-8-1-no,logic_depth,"{""depth"": 8, ""order"": 1, ""label"": ""no""}",3,3,1.0,3,0.9666666666666667,0.95,510,42,341.14,"{""answer"": {""no"": 3}}"
logic-8-1-cannot_be_determined,logic_depth,"{""depth"": 8, ""order"": 1, ""label"": ""cannot_be_determined""}",3,3,1.0,3,0.9833333333333333,0.9766666666666667,509,46,411.41,"{""answer"": {""cannot_be_determined"": 3}}"
logic-8-2-yes,logic_depth,"{""depth"": 8, ""order"": 2, ""label"": ""yes""}",3,3,1.0,3,1.0,1.0,509,42,338.37,"{""answer"": {""yes"": 3}}"
logic-8-2-no,logic_depth,"{""depth"": 8, ""order"": 2, ""label"": ""no""}",3,3,1.0,3,0.9533333333333333,0.9266666666666667,510,42,331.42,"{""answer"": {""no"": 3}}"
logic-8-2-cannot_be_determined,logic_depth,"{""depth"": 8, ""order"": 2, ""label"": ""cannot_be_determined""}",3,3,1.0,3,0.8933333333333333,0.84,509,46,315.03,"{""answer"": {""cannot_be_determined"": 3}}"
logic-16-0-yes,logic_depth,"{""depth"": 16, ""order"": 0, ""label"": ""yes""}",3,3,1.0,3,1.0,1.0,659,42,328.55,"{""answer"": {""yes"": 3}}"
logic-16-0-no,logic_depth,"{""depth"": 16, ""order"": 0, ""label"": ""no""}",3,3,1.0,3,0.8966666666666667,0.8433333333333333,660,42,323.98,"{""answer"": {""no"": 3}}"
logic-16-0-cannot_be_determined,logic_depth,"{""depth"": 16, ""order"": 0, ""label"": ""cannot_be_determined""}",3,3,1.0,3,0.9466666666666667,0.9166666666666667,659,46,312.16,"{""answer"": {""cannot_be_determined"": 3}}"
logic-16-1-yes,logic_depth,"{""depth"": 16, ""order"": 1, ""label"": ""yes""}",3,3,1.0,3,1.0,1.0,659,42,317.86,"{""answer"": {""yes"": 3}}"
logic-16-1-no,logic_depth,"{""depth"": 16, ""order"": 1, ""label"": ""no""}",3,3,1.0,3,0.97,0.95,660,42,303.58,"{""answer"": {""no"": 3}}"
logic-16-1-cannot_be_determined,logic_depth,"{""depth"": 16, ""order"": 1, ""label"": ""cannot_be_determined""}",3,3,1.0,3,0.9866666666666667,0.9766666666666667,659,46,365.9,"{""answer"": {""cannot_be_determined"": 3}}"
logic-16-2-yes,logic_depth,"{""depth"": 16, ""order"": 2, ""label"": ""yes""}",3,3,1.0,3,1.0,1.0,659,42,316.78,"{""answer"": {""yes"": 3}}"
logic-16-2-no,logic_depth,"{""depth"": 16, ""order"": 2, ""label"": ""no""}",3,3,1.0,3,0.9333333333333333,0.8933333333333333,660,42,298.91,"{""answer"": {""no"": 3}}"
logic-16-2-cannot_be_determined,logic_depth,"{""depth"": 16, ""order"": 2, ""label"": ""cannot_be_determined""}",3,3,1.0,3,0.88,0.8166666666666667,659,46,299.9,"{""answer"": {""cannot_be_determined"": 3}}"
logic-32-0-yes,logic_depth,"{""depth"": 32, ""order"": 0, ""label"": ""yes""}",3,3,1.0,3,1.0,1.0,963,42,316.2,"{""answer"": {""yes"": 3}}"
logic-32-0-no,logic_depth,"{""depth"": 32, ""order"": 0, ""label"": ""no""}",3,3,1.0,3,0.8733333333333333,0.8033333333333333,964,42,329.51,"{""answer"": {""no"": 3}}"
logic-32-0-cannot_be_determined,logic_depth,"{""depth"": 32, ""order"": 0, ""label"": ""cannot_be_determined""}",3,3,1.0,3,0.8966666666666667,0.8433333333333334,963,46,330.36,"{""answer"": {""cannot_be_determined"": 3}}"
logic-32-1-yes,logic_depth,"{""depth"": 32, ""order"": 1, ""label"": ""yes""}",3,3,1.0,3,1.0,1.0,963,42,328.88,"{""answer"": {""yes"": 3}}"
logic-32-1-no,logic_depth,"{""depth"": 32, ""order"": 1, ""label"": ""no""}",3,3,1.0,3,0.96,0.94,964,42,306.23,"{""answer"": {""no"": 3}}"
logic-32-1-cannot_be_determined,logic_depth,"{""depth"": 32, ""order"": 1, ""label"": ""cannot_be_determined""}",3,3,1.0,3,0.96,0.9366666666666666,963,46,314.99,"{""answer"": {""cannot_be_determined"": 3}}"
logic-32-2-yes,logic_depth,"{""depth"": 32, ""order"": 2, ""label"": ""yes""}",3,3,1.0,3,1.0,1.0,963,42,364.09,"{""answer"": {""yes"": 3}}"
logic-32-2-no,logic_depth,"{""depth"": 32, ""order"": 2, ""label"": ""no""}",3,3,1.0,3,0.9066666666666667,0.86,964,42,306.2,"{""answer"": {""no"": 3}}"
logic-32-2-cannot_be_determined,logic_depth,"{""depth"": 32, ""order"": 2, ""label"": ""cannot_be_determined""}",3,3,1.0,3,0.8433333333333333,0.77,963,46,311.92,"{""answer"": {""cannot_be_determined"": 3}}"
tracking-1-0,multi_tracking,"{""objects"": 1, ""sample"": 0, ""target"": 0}",3,3,1.0,3,1.0,1.0,450,48,323.11,"{""answer"": {""kitchen"": 3}}"
tracking-1-1,multi_tracking,"{""objects"": 1, ""sample"": 1, ""target"": 0}",3,3,1.0,3,1.0,1.0,450,47,344.31,"{""answer"": {""hall"": 3}}"
tracking-1-2,multi_tracking,"{""objects"": 1, ""sample"": 2, ""target"": 0}",3,3,1.0,3,1.0,1.0,450,47,300.0,"{""answer"": {""hall"": 3}}"
tracking-2-0,multi_tracking,"{""objects"": 2, ""sample"": 0, ""target"": 0}",3,3,1.0,3,1.0,1.0,563,47,349.26,"{""answer"": {""office"": 3}}"
tracking-2-1,multi_tracking,"{""objects"": 2, ""sample"": 1, ""target"": 1}",3,3,1.0,3,1.0,1.0,563,47,314.79,"{""answer"": {""office"": 3}}"
tracking-2-2,multi_tracking,"{""objects"": 2, ""sample"": 2, ""target"": 0}",3,3,1.0,3,1.0,0.9966666666666667,563,47,327.96,"{""answer"": {""hall"": 3}}"
tracking-4-0,multi_tracking,"{""objects"": 4, ""sample"": 0, ""target"": 0}",3,3,1.0,3,0.9733333333333333,0.96,789,48,310.6,"{""answer"": {""garden"": 3}}"
tracking-4-1,multi_tracking,"{""objects"": 4, ""sample"": 1, ""target"": 3}",3,3,1.0,3,1.0,1.0,789,48,305.27,"{""answer"": {""kitchen"": 3}}"
tracking-4-2,multi_tracking,"{""objects"": 4, ""sample"": 2, ""target"": 2}",3,3,1.0,3,0.9966666666666667,0.99,789,47,361.47,"{""answer"": {""hall"": 3}}"
tracking-8-0,multi_tracking,"{""objects"": 8, ""sample"": 0, ""target"": 0}",3,3,1.0,3,0.9866666666666667,0.9766666666666667,1241,47,303.25,"{""answer"": {""office"": 3}}"
tracking-8-1,multi_tracking,"{""objects"": 8, ""sample"": 1, ""target"": 3}",3,3,1.0,3,0.9833333333333333,0.9733333333333333,1241,48,335.6,"{""answer"": {""garden"": 3}}"
tracking-8-2,multi_tracking,"{""objects"": 8, ""sample"": 2, ""target"": 6}",3,3,1.0,3,0.9966666666666667,0.9933333333333333,1241,48,422.18,"{""answer"": {""kitchen"": 3}}"
tracking-16-0,multi_tracking,"{""objects"": 16, ""sample"": 0, ""target"": 0}",3,3,1.0,3,0.9733333333333333,0.96,2181,47,334.06,"{""answer"": {""office"": 3}}"
tracking-16-1,multi_tracking,"{""objects"": 16, ""sample"": 1, ""target"": 3}",3,3,1.0,3,0.9766666666666667,0.9666666666666667,2181,48,349.09,"{""answer"": {""garden"": 3}}"
tracking-16-2,multi_tracking,"{""objects"": 16, ""sample"": 2, ""target"": 6}",3,3,1.0,3,0.91,0.8766666666666667,2181,47,337.03,"{""answer"": {""office"": 3}}"
records-0-start-0,competing_records,"{""distractors"": 0, ""position"": ""start"", ""sample"": 0}",3,3,1.0,3,1.0,1.0,398,45,287.26,"{""answer"": {""yellow"": 3}}"
records-0-start-1,competing_records,"{""distractors"": 0, ""position"": ""start"", ""sample"": 1}",3,3,1.0,3,1.0,1.0,398,45,296.46,"{""answer"": {""red"": 3}}"
records-0-start-2,competing_records,"{""distractors"": 0, ""position"": ""start"", ""sample"": 2}",3,3,1.0,3,1.0,1.0,398,45,317.34,"{""answer"": {""blue"": 3}}"
records-0-middle-0,competing_records,"{""distractors"": 0, ""position"": ""middle"", ""sample"": 0}",3,3,1.0,3,1.0,1.0,398,45,289.47,"{""answer"": {""yellow"": 3}}"
records-0-middle-1,competing_records,"{""distractors"": 0, ""position"": ""middle"", ""sample"": 1}",3,3,1.0,3,1.0,1.0,398,45,328.87,"{""answer"": {""red"": 3}}"
records-0-middle-2,competing_records,"{""distractors"": 0, ""position"": ""middle"", ""sample"": 2}",3,3,1.0,3,1.0,1.0,398,45,315.22,"{""answer"": {""blue"": 3}}"
records-0-end-0,competing_records,"{""distractors"": 0, ""position"": ""end"", ""sample"": 0}",3,3,1.0,3,1.0,1.0,398,45,602.2,"{""answer"": {""yellow"": 3}}"
records-0-end-1,competing_records,"{""distractors"": 0, ""position"": ""end"", ""sample"": 1}",3,3,1.0,3,1.0,1.0,398,45,316.51,"{""answer"": {""red"": 3}}"
records-0-end-2,competing_records,"{""distractors"": 0, ""position"": ""end"", ""sample"": 2}",3,3,1.0,3,1.0,1.0,398,45,336.79,"{""answer"": {""blue"": 3}}"
records-16-start-0,competing_records,"{""distractors"": 16, ""position"": ""start"", ""sample"": 0}",3,3,1.0,3,1.0,1.0,622,45,348.38,"{""answer"": {""yellow"": 3}}"
records-16-start-1,competing_records,"{""distractors"": 16, ""position"": ""start"", ""sample"": 1}",3,3,1.0,3,1.0,1.0,622,45,335.83,"{""answer"": {""red"": 3}}"
records-16-start-2,competing_records,"{""distractors"": 16, ""position"": ""start"", ""sample"": 2}",3,3,1.0,3,1.0,1.0,622,45,317.19,"{""answer"": {""blue"": 3}}"
records-16-middle-0,competing_records,"{""distractors"": 16, ""position"": ""middle"", ""sample"": 0}",3,3,1.0,3,1.0,1.0,622,45,320.48,"{""answer"": {""yellow"": 3}}"
records-16-middle-1,competing_records,"{""distractors"": 16, ""position"": ""middle"", ""sample"": 1}",3,3,1.0,3,1.0,1.0,622,45,359.49,"{""answer"": {""red"": 3}}"
records-16-middle-2,competing_records,"{""distractors"": 16, ""position"": ""middle"", ""sample"": 2}",3,3,1.0,3,1.0,1.0,622,45,313.91,"{""answer"": {""blue"": 3}}"
records-16-end-0,competing_records,"{""distractors"": 16, ""position"": ""end"", ""sample"": 0}",3,3,1.0,3,1.0,1.0,622,45,302.21,"{""answer"": {""yellow"": 3}}"
records-16-end-1,competing_records,"{""distractors"": 16, ""position"": ""end"", ""sample"": 1}",3,3,1.0,3,1.0,1.0,622,45,292.19,"{""answer"": {""red"": 3}}"
records-16-end-2,competing_records,"{""distractors"": 16, ""position"": ""end"", ""sample"": 2}",3,3,1.0,3,1.0,1.0,622,45,302.67,"{""answer"": {""blue"": 3}}"
records-128-start-0,competing_records,"{""distractors"": 128, ""position"": ""start"", ""sample"": 0}",3,3,1.0,3,1.0,1.0,2190,45,309.87,"{""answer"": {""yellow"": 3}}"
records-128-start-1,competing_records,"{""distractors"": 128, ""position"": ""start"", ""sample"": 1}",3,3,1.0,3,1.0,1.0,2190,45,352.58,"{""answer"": {""red"": 3}}"
records-128-start-2,competing_records,"{""distractors"": 128, ""position"": ""start"", ""sample"": 2}",3,3,1.0,3,1.0,1.0,2190,45,318.31,"{""answer"": {""blue"": 3}}"
records-128-middle-0,competing_records,"{""distractors"": 128, ""position"": ""middle"", ""sample"": 0}",3,3,1.0,3,1.0,1.0,2190,45,344.31,"{""answer"": {""yellow"": 3}}"
records-128-middle-1,competing_records,"{""distractors"": 128, ""position"": ""middle"", ""sample"": 1}",3,3,1.0,3,1.0,1.0,2190,45,317.61,"{""answer"": {""red"": 3}}"
records-128-middle-2,competing_records,"{""distractors"": 128, ""position"": ""middle"", ""sample"": 2}",3,3,1.0,3,1.0,1.0,2190,45,343.66,"{""answer"": {""blue"": 3}}"
records-128-end-0,competing_records,"{""distractors"": 128, ""position"": ""end"", ""sample"": 0}",3,3,1.0,3,1.0,0.99,2190,45,344.34,"{""answer"": {""yellow"": 3}}"
records-128-end-1,competing_records,"{""distractors"": 128, ""position"": ""end"", ""sample"": 1}",3,3,1.0,3,1.0,1.0,2190,45,316.12,"{""answer"": {""red"": 3}}"
records-128-end-2,competing_records,"{""distractors"": 128, ""position"": ""end"", ""sample"": 2}",3,3,1.0,3,1.0,0.9966666666666667,2190,45,333.87,"{""answer"": {""blue"": 3}}"
records-512-start-0,competing_records,"{""distractors"": 512, ""position"": ""start"", ""sample"": 0}",3,3,1.0,3,1.0,1.0,7566,45,443.34,"{""answer"": {""yellow"": 3}}"
records-512-start-1,competing_records,"{""distractors"": 512, ""position"": ""start"", ""sample"": 1}",3,3,1.0,3,1.0,1.0,7566,45,387.97,"{""answer"": {""red"": 3}}"
records-512-start-2,competing_records,"{""distractors"": 512, ""position"": ""start"", ""sample"": 2}",3,3,1.0,3,1.0,1.0,7566,45,391.65,"{""answer"": {""blue"": 3}}"
records-512-middle-0,competing_records,"{""distractors"": 512, ""position"": ""middle"", ""sample"": 0}",3,3,1.0,3,0.9766666666666667,0.96,7566,45,444.51,"{""answer"": {""yellow"": 3}}"
records-512-middle-1,competing_records,"{""distractors"": 512, ""position"": ""middle"", ""sample"": 1}",3,3,1.0,3,0.9400000000000001,0.9166666666666666,7566,45,382.57,"{""answer"": {""red"": 3}}"
records-512-middle-2,competing_records,"{""distractors"": 512, ""position"": ""middle"", ""sample"": 2}",3,3,1.0,3,0.99,0.98,7566,45,414.76,"{""answer"": {""blue"": 3}}"
records-512-end-0,competing_records,"{""distractors"": 512, ""position"": ""end"", ""sample"": 0}",3,3,1.0,3,0.9933333333333333,0.99,7566,45,425.88,"{""answer"": {""yellow"": 3}}"
records-512-end-1,competing_records,"{""distractors"": 512, ""position"": ""end"", ""sample"": 1}",3,3,1.0,3,1.0,0.9933333333333333,7566,45,437.63,"{""answer"": {""red"": 3}}"
records-512-end-2,competing_records,"{""distractors"": 512, ""position"": ""end"", ""sample"": 2}",3,3,1.0,3,1.0,0.9933333333333333,7566,45,403.46,"{""answer"": {""blue"": 3}}"
