run,trial,case_id,family,expected,choice,correct,input_tokens,output_tokens,confidence
20260916T124604860296Z-limits-study,1,decision-9-inspection-direct-True,decision,bring,bring,True,362,32,0.97
20260916T124604860296Z-limits-study,2,decision-3-collection-described-False,decision,go_without,go_without,True,382,33,1.0
20260916T124604860296Z-limits-study,3,decision-3-inspection-direct-False,decision,bring,bring,True,362,32,0.92
20260916T124604860296Z-limits-study,4,permutation-5-16,permutation,v0,v0,True,389,50,0.17
20260916T124604860296Z-limits-study,5,records-128-middle-1,competing_records,red,red,True,2190,45,1.0
20260916T124604860296Z-limits-study,6,decision-4-inspection-check-True,decision,yes,yes,True,401,42,0.97
20260916T124604860296Z-limits-study,7,decision-11-collection-direct-False,decision,go_without,go_without,True,363,33,0.99
20260916T124604860296Z-limits-study,8,logic-2-2-yes,logic_depth,yes,yes,True,407,42,1.0
20260916T124604860296Z-limits-study,9,decision-11-collection-direct-False,decision,go_without,go_without,True,363,33,0.99
20260916T124604860296Z-limits-study,10,decision-11-appointment-check-False,decision,no,no,True,415,42,1.0
20260916T124604860296Z-limits-study,11,logic-32-1-cannot_be_determined,logic_depth,cannot_be_determined,cannot_be_determined,True,963,46,0.94
20260916T124604860296Z-limits-study,12,decision-2-appointment-check-True,decision,no,no,True,413,42,1.0
20260916T124604860296Z-limits-study,13,logic-4-1-cannot_be_determined,logic_depth,cannot_be_determined,cannot_be_determined,True,441,46,0.98
20260916T124604860296Z-limits-study,14,decision-9-service-check-True,decision,yes,yes,True,400,42,0.99
20260916T124604860296Z-limits-study,15,decision-5-inspection-described-True,decision,bring,bring,True,383,32,0.99
20260916T124604860296Z-limits-study,16,decision-10-appointment-direct-True,decision,go_without,go_without,True,376,33,1.0
20260916T124604860296Z-limits-study,17,permutation-4-7,permutation,v0,v0,True,383,50,0.26
20260916T124604860296Z-limits-study,18,decision-0-appointment-described-False,decision,go_without,go_without,True,397,33,1.0
20260916T124604860296Z-limits-study,19,permutation-2-3,permutation,v0,v0,True,382,50,0.13
20260916T124604860296Z-limits-study,20,decision-6-service-check-False,decision,yes,yes,True,401,42,0.87
20260916T124604860296Z-limits-study,21,records-0-middle-2,competing_records,blue,blue,True,398,45,1.0
20260916T124604860296Z-limits-study,22,permutation-3-11,permutation,v0,v3,False,383,50,0.19
20260916T124604860296Z-limits-study,23,decision-10-appointment-described-False,decision,go_without,go_without,True,397,33,1.0
20260916T124604860296Z-limits-study,24,decision-0-inspection-check-True,decision,yes,yes,True,399,42,0.93
20260916T124604860296Z-limits-study,25,permutation-1-3,permutation,v0,v0,True,376,50,0.51
20260916T124604860296Z-limits-study,26,decision-1-appointment-check-True,decision,no,no,True,413,42,1.0
20260916T124604860296Z-limits-study,27,permutation-1-4,permutation,v0,v0,True,376,50,0.62
20260916T124604860296Z-limits-study,28,permutation-5-0,permutation,v0,v3,False,389,50,0.21
20260916T124604860296Z-limits-study,29,decision-2-collection-check-True,decision,no,no,True,398,42,1.0
20260916T124604860296Z-limits-study,30,permutation-0-10,permutation,v0,v0,True,375,50,0.63
20260916T124604860296Z-limits-study,31,records-16-end-0,competing_records,yellow,yellow,True,622,45,1.0
20260916T124604860296Z-limits-study,32,permutation-1-3,permutation,v0,v0,True,376,50,0.45
20260916T124604860296Z-limits-study,33,decision-11-appointment-check-False,decision,no,no,True,415,42,1.0
20260916T124604860296Z-limits-study,34,decision-7-service-check-True,decision,yes,yes,True,399,42,0.94
20260916T124604860296Z-limits-study,35,logic-1-0-no,logic_depth,no,no,True,391,42,1.0
20260916T124604860296Z-limits-study,36,records-16-middle-1,competing_records,red,red,True,622,45,1.0
20260916T124604860296Z-limits-study,37,logic-32-0-yes,logic_depth,yes,yes,True,963,42,1.0
20260916T124604860296Z-limits-study,38,tracking-16-0,multi_tracking,office,office,True,2181,47,0.95
20260916T124604860296Z-limits-study,39,permutation-5-21,permutation,v0,v3,False,389,50,0.47
20260916T124604860296Z-limits-study,40,records-16-middle-1,competing_records,red,red,True,622,45,1.0
20260916T124604860296Z-limits-study,41,decision-7-collection-direct-False,decision,go_without,go_without,True,361,33,1.0
20260916T124604860296Z-limits-study,42,logic-4-0-no,logic_depth,no,no,True,442,42,0.97
20260916T124604860296Z-limits-study,43,decision-0-appointment-check-False,decision,no,no,True,413,42,1.0
20260916T124604860296Z-limits-study,44,logic-4-0-cannot_be_determined,logic_depth,cannot_be_determined,cannot_be_determined,True,441,46,0.97
20260916T124604860296Z-limits-study,45,decision-1-service-described-True,decision,bring,bring,True,383,32,0.98
20260916T124604860296Z-limits-study,46,permutation-3-21,permutation,v0,v3,False,383,50,0.36
20260916T124604860296Z-limits-study,47,decision-6-service-described-True,decision,bring,bring,True,387,32,0.95
20260916T124604860296Z-limits-study,48,logic-16-2-cannot_be_determined,logic_depth,cannot_be_determined,cannot_be_determined,True,659,46,0.81
20260916T124604860296Z-limits-study,49,permutation-1-5,permutation,v0,v0,True,376,50,0.66
20260916T124604860296Z-limits-study,50,decision-5-appointment-direct-False,decision,go_without,go_without,True,376,33,1.0
20260916T124604860296Z-limits-study,51,logic-16-2-yes,logic_depth,yes,yes,True,659,42,1.0
20260916T124604860296Z-limits-study,52,permutation-2-1,permutation,v0,v3,False,382,50,0.21
20260916T124604860296Z-limits-study,53,records-0-start-0,competing_records,yellow,yellow,True,398,45,1.0
20260916T124604860296Z-limits-study,54,permutation-5-16,permutation,v0,v0,True,389,50,0.31
20260916T124604860296Z-limits-study,55,tracking-2-1,multi_tracking,office,office,True,563,47,1.0
20260916T124604860296Z-limits-study,56,permutation-5-8,permutation,v0,v3,False,389,50,0.37
20260916T124604860296Z-limits-study,57,decision-3-service-direct-True,decision,bring,bring,True,362,32,0.92
20260916T124604860296Z-limits-study,58,decision-7-collection-described-False,decision,go_without,go_without,True,382,33,1.0
20260916T124604860296Z-limits-study,59,permutation-1-11,permutation,v0,v0,True,376,50,0.64
20260916T124604860296Z-limits-study,60,decision-3-collection-described-False,decision,go_without,go_without,True,382,33,1.0
20260916T124604860296Z-limits-study,61,decision-10-collection-check-True,decision,no,no,True,398,42,1.0
20260916T124604860296Z-limits-study,62,logic-4-2-no,logic_depth,no,no,True,442,42,0.95
20260916T124604860296Z-limits-study,63,permutation-3-23,permutation,v0,v3,False,383,50,0.28
20260916T124604860296Z-limits-study,64,logic-16-0-yes,logic_depth,yes,yes,True,659,42,1.0
20260916T124604860296Z-limits-study,65,records-128-start-2,competing_records,blue,blue,True,2190,45,1.0
20260916T124604860296Z-limits-study,66,permutation-2-17,permutation,v0,v0,True,382,50,0.19
20260916T124604860296Z-limits-study,67,decision-5-service-described-False,decision,bring,bring,True,383,32,0.98
20260916T124604860296Z-limits-study,68,decision-3-service-check-True,decision,yes,yes,True,399,42,0.88
20260916T124604860296Z-limits-study,69,decision-0-service-described-False,decision,bring,bring,True,383,32,0.98
20260916T124604860296Z-limits-study,70,decision-6-inspection-check-False,decision,yes,yes,True,401,42,0.99
20260916T124604860296Z-limits-study,71,tracking-1-2,multi_tracking,hall,hall,True,450,47,1.0
20260916T124604860296Z-limits-study,72,permutation-4-22,permutation,v0,v0,True,383,50,0.19
20260916T124604860296Z-limits-study,73,records-128-end-1,competing_records,red,red,True,2190,45,1.0
20260916T124604860296Z-limits-study,74,decision-0-service-direct-False,decision,bring,bring,True,362,32,0.96
20260916T124604860296Z-limits-study,75,logic-16-2-no,logic_depth,no,no,True,660,42,0.9
20260916T124604860296Z-limits-study,76,permutation-5-13,permutation,v0,v0,True,389,50,0.18
20260916T124604860296Z-limits-study,77,decision-2-service-direct-True,decision,bring,bring,True,362,32,0.94
20260916T124604860296Z-limits-study,78,permutation-4-8,permutation,v0,v0,True,383,50,0.27
20260916T124604860296Z-limits-study,79,decision-1-inspection-described-True,decision,bring,bring,True,383,32,0.98
20260916T124604860296Z-limits-study,80,permutation-5-10,permutation,v0,v1,False,389,50,0.29
20260916T124604860296Z-limits-study,81,decision-5-appointment-described-True,decision,go_without,go_without,True,397,33,1.0
20260916T124604860296Z-limits-study,82,permutation-4-2,permutation,v0,v0,True,383,50,0.46
20260916T124604860296Z-limits-study,83,permutation-2-18,permutation,v0,v3,False,382,50,0.16
20260916T124604860296Z-limits-study,84,tracking-8-1,multi_tracking,garden,garden,True,1241,48,0.97
20260916T124604860296Z-limits-study,85,permutation-0-14,permutation,v0,v0,True,375,50,0.61
20260916T124604860296Z-limits-study,86,decision-8-appointment-direct-True,decision,go_without,go_without,True,376,33,1.0
20260916T124604860296Z-limits-study,87,logic-32-2-yes,logic_depth,yes,yes,True,963,42,1.0
20260916T124604860296Z-limits-study,88,decision-3-service-described-False,decision,bring,bring,True,383,32,0.89
20260916T124604860296Z-limits-study,89,tracking-2-2,multi_tracking,hall,hall,True,563,47,1.0
20260916T124604860296Z-limits-study,90,decision-9-collection-described-False,decision,go_without,go_without,True,383,33,1.0
20260916T124604860296Z-limits-study,91,logic-32-0-yes,logic_depth,yes,yes,True,963,42,1.0
20260916T124604860296Z-limits-study,92,decision-1-collection-described-True,decision,go_without,go_without,True,382,33,1.0
20260916T124604860296Z-limits-study,93,decision-8-collection-direct-False,decision,go_without,go_without,True,361,33,0.99
20260916T124604860296Z-limits-study,94,decision-4-collection-described-True,decision,go_without,go_without,True,386,33,1.0
20260916T124604860296Z-limits-study,95,decision-7-service-check-False,decision,yes,yes,True,399,42,0.96
20260916T124604860296Z-limits-study,96,decision-8-collection-check-True,decision,no,no,True,398,42,1.0
20260916T124604860296Z-limits-study,97,permutation-2-6,permutation,v0,v3,False,382,50,0.19
20260916T124604860296Z-limits-study,98,permutation-1-12,permutation,v0,v0,True,376,50,0.51
20260916T124604860296Z-limits-study,99,decision-9-service-described-False,decision,bring,bring,True,384,32,0.98
20260916T124604860296Z-limits-study,100,permutation-3-17,permutation,v0,v0,True,383,50,0.19
20260916T124604860296Z-limits-study,101,decision-5-collection-described-False,decision,go_without,go_without,True,382,33,1.0
20260916T124604860296Z-limits-study,102,logic-4-1-yes,logic_depth,yes,yes,True,441,42,1.0
20260916T124604860296Z-limits-study,103,permutation-4-21,permutation,v0,v3,False,383,50,0.16
20260916T124604860296Z-limits-study,104,permutation-5-12,permutation,v0,v0,True,389,50,0.29
20260916T124604860296Z-limits-study,105,records-128-start-1,competing_records,red,red,True,2190,45,1.0
20260916T124604860296Z-limits-study,106,decision-7-collection-check-False,decision,no,no,True,398,42,1.0
20260916T124604860296Z-limits-study,107,decision-2-appointment-check-False,decision,no,no,True,413,42,1.0
20260916T124604860296Z-limits-study,108,permutation-1-5,permutation,v0,v0,True,376,50,0.7
20260916T124604860296Z-limits-study,109,tracking-1-1,multi_tracking,hall,hall,True,450,47,1.0
20260916T124604860296Z-limits-study,110,permutation-2-8,permutation,v0,v0,True,382,50,0.15
20260916T124604860296Z-limits-study,111,logic-1-0-no,logic_depth,no,no,True,391,42,1.0
20260916T124604860296Z-limits-study,112,decision-3-appointment-described-False,decision,go_without,go_without,True,397,33,1.0
20260916T124604860296Z-limits-study,113,permutation-2-10,permutation,v0,v3,False,382,50,0.28
20260916T124604860296Z-limits-study,114,decision-7-inspection-check-False,decision,yes,yes,True,399,42,0.99
20260916T124604860296Z-limits-study,115,permutation-1-2,permutation,v0,v0,True,376,50,0.56
20260916T124604860296Z-limits-study,116,decision-0-service-described-False,decision,bring,bring,True,383,32,0.96
20260916T124604860296Z-limits-study,117,decision-10-inspection-check-True,decision,yes,yes,True,399,42,0.99
20260916T124604860296Z-limits-study,118,decision-0-appointment-check-False,decision,no,no,True,413,42,1.0
20260916T124604860296Z-limits-study,119,permutation-0-21,permutation,v0,v0,True,375,50,0.71
20260916T124604860296Z-limits-study,120,decision-4-collection-direct-True,decision,go_without,go_without,True,363,33,1.0
20260916T124604860296Z-limits-study,121,logic-1-0-yes,logic_depth,yes,yes,True,390,42,1.0
20260916T124604860296Z-limits-study,122,decision-11-appointment-described-True,decision,go_without,go_without,True,401,33,1.0
20260916T124604860296Z-limits-study,123,decision-11-service-check-False,decision,yes,yes,True,401,42,0.98
20260916T124604860296Z-limits-study,124,decision-0-service-check-False,decision,yes,yes,True,399,42,0.99
20260916T124604860296Z-limits-study,125,decision-3-inspection-described-False,decision,bring,bring,True,383,32,0.96
20260916T124604860296Z-limits-study,126,permutation-0-8,permutation,v0,v0,True,375,50,0.69
20260916T124604860296Z-limits-study,127,permutation-1-23,permutation,v0,v0,True,376,50,0.66
20260916T124604860296Z-limits-study,128,decision-9-inspection-described-False,decision,bring,bring,True,383,32,0.99
20260916T124604860296Z-limits-study,129,decision-3-inspection-check-False,decision,yes,yes,True,399,42,0.98
20260916T124604860296Z-limits-study,130,decision-11-service-described-True,decision,bring,bring,True,387,32,0.97
20260916T124604860296Z-limits-study,131,decision-9-appointment-direct-True,decision,go_without,go_without,True,377,33,1.0
20260916T124604860296Z-limits-study,132,decision-1-appointment-check-False,decision,no,no,True,413,42,1.0
20260916T124604860296Z-limits-study,133,decision-0-collection-described-True,decision,go_without,go_without,True,382,33,1.0
20260916T124604860296Z-limits-study,134,records-128-end-0,competing_records,yellow,yellow,True,2190,45,0.99
20260916T124604860296Z-limits-study,135,decision-0-inspection-described-True,decision,bring,bring,True,383,32,0.94
20260916T124604860296Z-limits-study,136,permutation-5-4,permutation,v0,v0,True,389,50,0.24
20260916T124604860296Z-limits-study,137,decision-11-inspection-direct-False,decision,bring,bring,True,364,32,0.98
20260916T124604860296Z-limits-study,138,permutation-1-6,permutation,v0,v0,True,376,50,0.62
20260916T124604860296Z-limits-study,139,logic-16-0-yes,logic_depth,yes,yes,True,659,42,1.0
20260916T124604860296Z-limits-study,140,decision-4-appointment-direct-True,decision,go_without,go_without,True,378,33,1.0
20260916T124604860296Z-limits-study,141,tracking-16-2,multi_tracking,office,office,True,2181,47,0.89
20260916T124604860296Z-limits-study,142,logic-1-1-cannot_be_determined,logic_depth,cannot_be_determined,cannot_be_determined,True,390,46,1.0
20260916T124604860296Z-limits-study,143,records-16-start-0,competing_records,yellow,yellow,True,622,45,1.0
20260916T124604860296Z-limits-study,144,permutation-0-19,permutation,v0,v0,True,375,50,0.57
20260916T124604860296Z-limits-study,145,decision-4-collection-check-False,decision,no,no,True,400,42,1.0
20260916T124604860296Z-limits-study,146,decision-2-inspection-described-False,decision,bring,bring,True,383,32,0.93
20260916T124604860296Z-limits-study,147,permutation-0-5,permutation,v0,v0,True,375,50,0.7
20260916T124604860296Z-limits-study,148,decision-6-collection-direct-False,decision,go_without,go_without,True,363,33,1.0
20260916T124604860296Z-limits-study,149,permutation-4-16,permutation,v0,v0,True,383,50,0.43
20260916T124604860296Z-limits-study,150,permutation-0-2,permutation,v0,v0,True,375,50,0.69
20260916T124604860296Z-limits-study,151,permutation-3-7,permutation,v0,v3,False,383,50,0.16
20260916T124604860296Z-limits-study,152,decision-10-appointment-described-False,decision,go_without,go_without,True,397,33,1.0
20260916T124604860296Z-limits-study,153,decision-8-inspection-described-True,decision,bring,bring,True,383,32,0.94
20260916T124604860296Z-limits-study,154,permutation-1-1,permutation,v0,v0,True,376,50,0.68
20260916T124604860296Z-limits-study,155,decision-3-service-described-False,decision,bring,bring,True,383,32,0.92
20260916T124604860296Z-limits-study,156,permutation-2-23,permutation,v0,v0,True,382,50,0.23
20260916T124604860296Z-limits-study,157,decision-10-inspection-described-True,decision,bring,bring,True,383,32,0.98
20260916T124604860296Z-limits-study,158,decision-2-collection-direct-True,decision,go_without,go_without,True,361,33,0.99
20260916T124604860296Z-limits-study,159,permutation-4-9,permutation,v0,v0,True,383,50,0.26
20260916T124604860296Z-limits-study,160,decision-10-service-direct-True,decision,bring,bring,True,362,32,0.93
20260916T124604860296Z-limits-study,161,decision-3-collection-described-True,decision,go_without,go_without,True,382,33,1.0
20260916T124604860296Z-limits-study,162,logic-1-2-no,logic_depth,no,no,True,391,42,1.0
20260916T124604860296Z-limits-study,163,logic-1-1-no,logic_depth,no,no,True,391,42,1.0
20260916T124604860296Z-limits-study,164,permutation-5-22,permutation,v0,v3,False,389,50,0.21
20260916T124604860296Z-limits-study,165,decision-5-appointment-direct-True,decision,go_without,go_without,True,376,33,1.0
20260916T124604860296Z-limits-study,166,records-0-start-2,competing_records,blue,blue,True,398,45,1.0
20260916T124604860296Z-limits-study,167,records-128-middle-2,competing_records,blue,blue,True,2190,45,1.0
20260916T124604860296Z-limits-study,168,permutation-0-22,permutation,v0,v0,True,375,50,0.57
20260916T124604860296Z-limits-study,169,decision-9-collection-check-True,decision,no,no,True,399,42,1.0
20260916T124604860296Z-limits-study,170,decision-2-appointment-direct-False,decision,go_without,go_without,True,376,33,0.99
20260916T124604860296Z-limits-study,171,decision-11-collection-check-True,decision,no,no,True,400,42,1.0
20260916T124604860296Z-limits-study,172,permutation-2-2,permutation,v0,v3,False,382,50,0.24
20260916T124604860296Z-limits-study,173,permutation-5-17,permutation,v0,v3,False,389,50,0.24
20260916T124604860296Z-limits-study,174,logic-2-2-yes,logic_depth,yes,yes,True,407,42,1.0
20260916T124604860296Z-limits-study,175,decision-5-service-described-True,decision,bring,bring,True,383,32,0.97
20260916T124604860296Z-limits-study,176,decision-6-inspection-direct-False,decision,bring,bring,True,364,32,0.97
20260916T124604860296Z-limits-study,177,permutation-5-0,permutation,v0,v0,True,389,50,0.28
20260916T124604860296Z-limits-study,178,decision-5-inspection-check-True,decision,yes,yes,True,399,42,1.0
20260916T124604860296Z-limits-study,179,logic-1-2-no,logic_depth,no,no,True,391,42,1.0
20260916T124604860296Z-limits-study,180,decision-6-collection-direct-True,decision,go_without,go_without,True,363,33,1.0
20260916T124604860296Z-limits-study,181,logic-32-2-yes,logic_depth,yes,yes,True,963,42,1.0
20260916T124604860296Z-limits-study,182,decision-2-service-check-True,decision,yes,yes,True,399,42,0.99
20260916T124604860296Z-limits-study,183,decision-7-collection-direct-False,decision,go_without,go_without,True,361,33,1.0
20260916T124604860296Z-limits-study,184,decision-10-service-direct-False,decision,bring,bring,True,362,32,0.95
20260916T124604860296Z-limits-study,185,permutation-3-11,permutation,v0,v3,False,383,50,0.12
20260916T124604860296Z-limits-study,186,decision-4-inspection-direct-False,decision,bring,bring,True,364,32,0.96
20260916T124604860296Z-limits-study,187,decision-0-appointment-described-True,decision,go_without,go_without,True,397,33,1.0
20260916T124604860296Z-limits-study,188,permutation-2-10,permutation,v0,v3,False,382,50,0.18
20260916T124604860296Z-limits-study,189,decision-3-appointment-check-False,decision,no,no,True,413,42,1.0
20260916T124604860296Z-limits-study,190,decision-7-service-check-False,decision,yes,yes,True,399,42,0.93
20260916T124604860296Z-limits-study,191,records-512-start-2,competing_records,blue,blue,True,7566,45,1.0
20260916T124604860296Z-limits-study,192,records-16-middle-0,competing_records,yellow,yellow,True,622,45,1.0
20260916T124604860296Z-limits-study,193,permutation-4-8,permutation,v0,v0,True,383,50,0.28
20260916T124604860296Z-limits-study,194,decision-9-service-check-False,decision,yes,yes,True,400,42,0.98
20260916T124604860296Z-limits-study,195,decision-3-appointment-check-True,decision,no,no,True,413,42,1.0
20260916T124604860296Z-limits-study,196,logic-8-1-yes,logic_depth,yes,yes,True,509,42,1.0
20260916T124604860296Z-limits-study,197,decision-4-collection-direct-True,decision,go_without,go_without,True,363,33,0.99
20260916T124604860296Z-limits-study,198,decision-11-inspection-described-True,decision,bring,bring,True,387,32,0.99
20260916T124604860296Z-limits-study,199,logic-1-0-yes,logic_depth,yes,yes,True,390,42,1.0
20260916T124604860296Z-limits-study,200,permutation-3-16,permutation,v0,v3,False,383,50,0.16
20260916T124604860296Z-limits-study,201,decision-0-inspection-described-False,decision,bring,bring,True,383,32,0.95
20260916T124604860296Z-limits-study,202,permutation-1-7,permutation,v0,v0,True,376,50,0.58
20260916T124604860296Z-limits-study,203,decision-4-appointment-described-True,decision,go_without,go_without,True,401,33,1.0
20260916T124604860296Z-limits-study,204,decision-8-service-check-False,decision,yes,yes,True,399,42,0.96
20260916T124604860296Z-limits-study,205,logic-32-1-yes,logic_depth,yes,yes,True,963,42,1.0
20260916T124604860296Z-limits-study,206,permutation-0-12,permutation,v0,v0,True,375,50,0.64
20260916T124604860296Z-limits-study,207,decision-11-service-direct-True,decision,bring,bring,True,364,32,0.96
20260916T124604860296Z-limits-study,208,decision-9-service-direct-False,decision,bring,bring,True,363,32,0.95
20260916T124604860296Z-limits-study,209,permutation-4-10,permutation,v0,v0,True,383,50,0.19
20260916T124604860296Z-limits-study,210,decision-8-service-direct-False,decision,bring,bring,True,362,32,0.93
20260916T124604860296Z-limits-study,211,tracking-1-0,multi_tracking,kitchen,kitchen,True,450,48,1.0
20260916T124604860296Z-limits-study,212,decision-5-inspection-described-True,decision,bring,bring,True,383,32,0.99
20260916T124604860296Z-limits-study,213,permutation-1-20,permutation,v0,v0,True,376,50,0.66
20260916T124604860296Z-limits-study,214,permutation-4-15,permutation,v0,v0,True,383,50,0.47
20260916T124604860296Z-limits-study,215,permutation-1-13,permutation,v0,v0,True,376,50,0.56
20260916T124604860296Z-limits-study,216,decision-7-appointment-check-True,decision,no,no,True,413,42,1.0
20260916T124604860296Z-limits-study,217,decision-8-appointment-check-False,decision,no,no,True,413,42,1.0
20260916T124604860296Z-limits-study,218,records-512-end-2,competing_records,blue,blue,True,7566,45,1.0
20260916T124604860296Z-limits-study,219,logic-4-2-yes,logic_depth,yes,yes,True,441,42,1.0
20260916T124604860296Z-limits-study,220,decision-8-collection-described-False,decision,go_without,go_without,True,382,33,1.0
20260916T124604860296Z-limits-study,221,decision-4-service-described-True,decision,bring,bring,True,387,32,0.94
20260916T124604860296Z-limits-study,222,decision-0-inspection-check-True,decision,yes,yes,True,399,42,0.96
20260916T124604860296Z-limits-study,223,decision-1-collection-check-False,decision,no,no,True,398,42,1.0
20260916T124604860296Z-limits-study,224,decision-3-appointment-described-False,decision,go_without,go_without,True,397,33,1.0
20260916T124604860296Z-limits-study,225,decision-10-collection-check-False,decision,no,no,True,398,42,1.0
20260916T124604860296Z-limits-study,226,permutation-5-9,permutation,v0,v3,False,389,50,0.13
20260916T124604860296Z-limits-study,227,permutation-0-4,permutation,v0,v0,True,375,50,0.61
20260916T124604860296Z-limits-study,228,decision-11-service-direct-False,decision,bring,bring,True,364,32,0.98
20260916T124604860296Z-limits-study,229,logic-4-0-no,logic_depth,no,no,True,442,42,0.98
20260916T124604860296Z-limits-study,230,decision-6-service-direct-True,decision,bring,bring,True,364,32,0.91
20260916T124604860296Z-limits-study,231,decision-9-service-check-True,decision,yes,yes,True,400,42,0.99
20260916T124604860296Z-limits-study,232,logic-2-1-yes,logic_depth,yes,yes,True,407,42,1.0
20260916T124604860296Z-limits-study,233,permutation-3-6,permutation,v0,v3,False,383,50,0.21
20260916T124604860296Z-limits-study,234,decision-11-inspection-direct-True,decision,bring,bring,True,364,32,0.97
20260916T124604860296Z-limits-study,235,decision-10-inspection-described-False,decision,bring,bring,True,383,32,0.99
20260916T124604860296Z-limits-study,236,decision-11-collection-check-False,decision,no,no,True,400,42,1.0
20260916T124604860296Z-limits-study,237,permutation-1-20,permutation,v0,v0,True,376,50,0.56
20260916T124604860296Z-limits-study,238,decision-4-service-described-False,decision,bring,bring,True,387,32,0.94
20260916T124604860296Z-limits-study,239,decision-9-collection-direct-False,decision,go_without,go_without,True,362,33,1.0
20260916T124604860296Z-limits-study,240,decision-9-inspection-direct-True,decision,bring,bring,True,362,32,0.98
20260916T124604860296Z-limits-study,241,decision-3-inspection-check-True,decision,yes,yes,True,399,42,0.98
20260916T124604860296Z-limits-study,242,logic-16-2-yes,logic_depth,yes,yes,True,659,42,1.0
20260916T124604860296Z-limits-study,243,permutation-5-2,permutation,v0,v3,False,389,50,0.31
20260916T124604860296Z-limits-study,244,decision-10-appointment-check-False,decision,no,no,True,413,42,1.0
20260916T124604860296Z-limits-study,245,decision-7-collection-check-True,decision,no,no,True,398,42,1.0
20260916T124604860296Z-limits-study,246,logic-2-2-cannot_be_determined,logic_depth,cannot_be_determined,cannot_be_determined,True,407,46,0.99
20260916T124604860296Z-limits-study,247,logic-16-1-yes,logic_depth,yes,yes,True,659,42,1.0
20260916T124604860296Z-limits-study,248,decision-6-appointment-direct-False,decision,go_without,go_without,True,378,33,1.0
20260916T124604860296Z-limits-study,249,decision-1-appointment-direct-True,decision,go_without,go_without,True,376,33,1.0
20260916T124604860296Z-limits-study,250,tracking-4-0,multi_tracking,garden,garden,True,789,48,0.96
20260916T124604860296Z-limits-study,251,decision-4-collection-check-False,decision,no,no,True,400,42,1.0
20260916T124604860296Z-limits-study,252,records-128-start-0,competing_records,yellow,yellow,True,2190,45,1.0
20260916T124604860296Z-limits-study,253,decision-8-collection-check-True,decision,no,no,True,398,42,1.0
20260916T124604860296Z-limits-study,254,permutation-2-16,permutation,v0,v0,True,382,50,0.15
20260916T124604860296Z-limits-study,255,decision-1-service-direct-True,decision,bring,bring,True,362,32,0.96
20260916T124604860296Z-limits-study,256,decision-0-service-direct-True,decision,bring,bring,True,362,32,0.94
20260916T124604860296Z-limits-study,257,decision-7-inspection-direct-False,decision,bring,bring,True,362,32,0.97
20260916T124604860296Z-limits-study,258,decision-7-service-described-True,decision,bring,bring,True,383,32,0.96
20260916T124604860296Z-limits-study,259,decision-10-inspection-described-False,decision,bring,bring,True,383,32,0.98
20260916T124604860296Z-limits-study,260,permutation-5-15,permutation,v0,v3,False,389,50,0.18
20260916T124604860296Z-limits-study,261,decision-8-inspection-described-True,decision,bring,bring,True,383,32,0.92
20260916T124604860296Z-limits-study,262,decision-7-inspection-described-False,decision,bring,bring,True,383,32,0.99
20260916T124604860296Z-limits-study,263,decision-11-appointment-check-True,decision,no,no,True,415,42,1.0
20260916T124604860296Z-limits-study,264,decision-6-inspection-check-True,decision,yes,yes,True,401,42,0.98
20260916T124604860296Z-limits-study,265,logic-4-0-yes,logic_depth,yes,yes,True,441,42,1.0
20260916T124604860296Z-limits-study,266,decision-11-appointment-direct-False,decision,go_without,go_without,True,378,33,1.0
20260916T124604860296Z-limits-study,267,decision-0-service-check-True,decision,yes,yes,True,399,42,0.98
20260916T124604860296Z-limits-study,268,decision-7-collection-check-False,decision,no,no,True,398,42,1.0
20260916T124604860296Z-limits-study,269,decision-11-appointment-described-True,decision,go_without,go_without,True,401,33,1.0
20260916T124604860296Z-limits-study,270,decision-1-appointment-check-False,decision,no,no,True,413,42,1.0
20260916T124604860296Z-limits-study,271,logic-8-1-no,logic_depth,no,no,True,510,42,0.94
20260916T124604860296Z-limits-study,272,decision-4-service-direct-False,decision,bring,bring,True,364,32,0.93
20260916T124604860296Z-limits-study,273,decision-11-service-check-False,decision,yes,yes,True,401,42,0.96
20260916T124604860296Z-limits-study,274,decision-3-service-direct-False,decision,bring,bring,True,362,32,0.89
20260916T124604860296Z-limits-study,275,decision-1-collection-check-True,decision,no,no,True,398,42,1.0
20260916T124604860296Z-limits-study,276,logic-2-1-yes,logic_depth,yes,yes,True,407,42,1.0
20260916T124604860296Z-limits-study,277,permutation-0-10,permutation,v0,v0,True,375,50,0.55
20260916T124604860296Z-limits-study,278,decision-4-inspection-described-True,decision,bring,bring,True,387,32,0.93
20260916T124604860296Z-limits-study,279,decision-1-collection-check-True,decision,no,no,True,398,42,1.0
20260916T124604860296Z-limits-study,280,permutation-3-9,permutation,v0,v3,False,383,50,0.18
20260916T124604860296Z-limits-study,281,tracking-2-1,multi_tracking,office,office,True,563,47,1.0
20260916T124604860296Z-limits-study,282,decision-0-service-check-True,decision,yes,yes,True,399,42,0.99
20260916T124604860296Z-limits-study,283,decision-3-collection-check-False,decision,no,no,True,398,42,1.0
20260916T124604860296Z-limits-study,284,decision-2-collection-described-True,decision,go_without,go_without,True,382,33,1.0
20260916T124604860296Z-limits-study,285,decision-5-inspection-described-False,decision,bring,bring,True,383,32,0.99
20260916T124604860296Z-limits-study,286,permutation-5-21,permutation,v0,v3,False,389,50,0.37
20260916T124604860296Z-limits-study,287,permutation-4-7,permutation,v0,v0,True,383,50,0.27
20260916T124604860296Z-limits-study,288,permutation-4-9,permutation,v0,v0,True,383,50,0.19
20260916T124604860296Z-limits-study,289,decision-10-appointment-check-False,decision,no,no,True,413,42,1.0
20260916T124604860296Z-limits-study,290,permutation-2-20,permutation,v0,v0,True,382,50,0.24
20260916T124604860296Z-limits-study,291,decision-0-appointment-described-False,decision,go_without,go_without,True,397,33,1.0
20260916T124604860296Z-limits-study,292,decision-9-inspection-direct-False,decision,bring,bring,True,362,32,0.98
20260916T124604860296Z-limits-study,293,decision-6-collection-direct-False,decision,go_without,go_without,True,363,33,1.0
20260916T124604860296Z-limits-study,294,records-0-middle-1,competing_records,red,red,True,398,45,1.0
20260916T124604860296Z-limits-study,295,permutation-0-8,permutation,v0,v0,True,375,50,0.7
20260916T124604860296Z-limits-study,296,decision-0-inspection-described-False,decision,bring,bring,True,383,32,0.93
20260916T124604860296Z-limits-study,297,decision-7-appointment-described-False,decision,go_without,go_without,True,397,33,1.0
20260916T124604860296Z-limits-study,298,decision-9-service-check-False,decision,yes,yes,True,400,42,0.99
20260916T124604860296Z-limits-study,299,logic-2-0-no,logic_depth,no,no,True,408,42,0.99
20260916T124604860296Z-limits-study,300,decision-10-appointment-check-True,decision,no,no,True,413,42,1.0
20260916T124604860296Z-limits-study,301,permutation-4-5,permutation,v0,v0,True,383,50,0.47
20260916T124604860296Z-limits-study,302,decision-3-appointment-check-False,decision,no,no,True,413,42,1.0
20260916T124604860296Z-limits-study,303,records-0-middle-1,competing_records,red,red,True,398,45,1.0
20260916T124604860296Z-limits-study,304,permutation-5-18,permutation,v0,v3,False,389,50,0.34
20260916T124604860296Z-limits-study,305,permutation-4-14,permutation,v0,v0,True,383,50,0.41
20260916T124604860296Z-limits-study,306,decision-11-service-check-True,decision,yes,yes,True,401,42,0.97
20260916T124604860296Z-limits-study,307,decision-9-collection-described-True,decision,go_without,go_without,True,383,33,1.0
20260916T124604860296Z-limits-study,308,permutation-0-4,permutation,v0,v0,True,375,50,0.68
20260916T124604860296Z-limits-study,309,logic-2-0-cannot_be_determined,logic_depth,cannot_be_determined,cannot_be_determined,True,407,46,0.99
20260916T124604860296Z-limits-study,310,permutation-4-19,permutation,v0,v0,True,383,50,0.31
20260916T124604860296Z-limits-study,311,permutation-3-4,permutation,v0,v0,True,383,50,0.29
20260916T124604860296Z-limits-study,312,decision-8-appointment-described-True,decision,go_without,go_without,True,397,33,1.0
20260916T124604860296Z-limits-study,313,permutation-5-20,permutation,v0,v3,False,389,50,0.21
20260916T124604860296Z-limits-study,314,permutation-2-7,permutation,v0,v3,False,382,50,0.23
20260916T124604860296Z-limits-study,315,decision-10-service-check-True,decision,yes,yes,True,399,42,0.93
20260916T124604860296Z-limits-study,316,permutation-3-0,permutation,v0,v0,True,383,50,0.22
20260916T124604860296Z-limits-study,317,decision-0-inspection-check-False,decision,yes,yes,True,399,42,0.96
20260916T124604860296Z-limits-study,318,decision-0-service-described-True,decision,bring,bring,True,383,32,0.97
20260916T124604860296Z-limits-study,319,permutation-2-9,permutation,v0,v3,False,382,50,0.21
20260916T124604860296Z-limits-study,320,permutation-2-6,permutation,v0,v3,False,382,50,0.17
20260916T124604860296Z-limits-study,321,permutation-4-11,permutation,v0,v1,False,383,50,0.19
20260916T124604860296Z-limits-study,322,decision-2-collection-described-False,decision,go_without,go_without,True,382,33,1.0
20260916T124604860296Z-limits-study,323,permutation-4-17,permutation,v0,v0,True,383,50,0.25
20260916T124604860296Z-limits-study,324,permutation-4-2,permutation,v0,v0,True,383,50,0.58
20260916T124604860296Z-limits-study,325,permutation-1-22,permutation,v0,v0,True,376,50,0.59
20260916T124604860296Z-limits-study,326,permutation-4-5,permutation,v0,v0,True,383,50,0.55
20260916T124604860296Z-limits-study,327,decision-8-service-described-False,decision,bring,bring,True,383,32,0.96
20260916T124604860296Z-limits-study,328,decision-5-inspection-check-True,decision,yes,yes,True,399,42,1.0
20260916T124604860296Z-limits-study,329,decision-8-service-described-False,decision,bring,bring,True,383,32,0.96
20260916T124604860296Z-limits-study,330,decision-0-inspection-direct-False,decision,bring,bring,True,362,32,0.89
20260916T124604860296Z-limits-study,331,decision-2-service-described-True,decision,bring,bring,True,383,32,0.96
20260916T124604860296Z-limits-study,332,decision-6-collection-direct-False,decision,go_without,go_without,True,363,33,1.0
20260916T124604860296Z-limits-study,333,permutation-0-19,permutation,v0,v0,True,375,50,0.48
20260916T124604860296Z-limits-study,334,decision-4-collection-check-True,decision,no,no,True,400,42,1.0
20260916T124604860296Z-limits-study,335,permutation-2-4,permutation,v0,v0,True,382,50,0.28
20260916T124604860296Z-limits-study,336,decision-1-collection-described-True,decision,go_without,go_without,True,382,33,1.0
20260916T124604860296Z-limits-study,337,decision-4-service-direct-True,decision,bring,bring,True,364,32,0.94
20260916T124604860296Z-limits-study,338,decision-11-service-check-False,decision,yes,yes,True,401,42,0.96
20260916T124604860296Z-limits-study,339,decision-2-inspection-direct-False,decision,bring,bring,True,362,32,0.92
20260916T124604860296Z-limits-study,340,decision-0-appointment-described-True,decision,go_without,go_without,True,397,33,1.0
20260916T124604860296Z-limits-study,341,decision-2-appointment-check-False,decision,no,no,True,413,42,1.0
20260916T124604860296Z-limits-study,342,decision-9-inspection-check-True,decision,yes,yes,True,399,42,0.99
20260916T124604860296Z-limits-study,343,permutation-4-6,permutation,v0,v0,True,383,50,0.34
20260916T124604860296Z-limits-study,344,decision-8-service-direct-True,decision,bring,bring,True,362,32,0.92
20260916T124604860296Z-limits-study,345,permutation-2-14,permutation,v0,v3,False,382,50,0.31
20260916T124604860296Z-limits-study,346,permutation-0-16,permutation,v0,v0,True,375,50,0.7
20260916T124604860296Z-limits-study,347,logic-1-2-cannot_be_determined,logic_depth,cannot_be_determined,cannot_be_determined,True,390,46,1.0
20260916T124604860296Z-limits-study,348,permutation-0-2,permutation,v0,v0,True,375,50,0.71
20260916T124604860296Z-limits-study,349,decision-9-service-direct-True,decision,bring,bring,True,363,32,0.94
20260916T124604860296Z-limits-study,350,records-128-start-2,competing_records,blue,blue,True,2190,45,1.0
20260916T124604860296Z-limits-study,351,decision-6-appointment-described-True,decision,go_without,go_without,True,401,33,1.0
20260916T124604860296Z-limits-study,352,decision-9-appointment-described-True,decision,go_without,go_without,True,398,33,1.0
20260916T124604860296Z-limits-study,353,decision-6-inspection-direct-False,decision,bring,bring,True,364,32,0.95
20260916T124604860296Z-limits-study,354,records-512-start-1,competing_records,red,red,True,7566,45,1.0
20260916T124604860296Z-limits-study,355,permutation-2-11,permutation,v0,v3,False,382,50,0.33
20260916T124604860296Z-limits-study,356,permutation-4-23,permutation,v0,v3,False,383,50,0.15
20260916T124604860296Z-limits-study,357,decision-2-appointment-described-True,decision,go_without,go_without,True,397,33,1.0
20260916T124604860296Z-limits-study,358,decision-2-inspection-direct-False,decision,bring,bring,True,362,32,0.91
20260916T124604860296Z-limits-study,359,decision-8-inspection-check-False,decision,yes,yes,True,399,42,0.98
20260916T124604860296Z-limits-study,360,records-512-end-1,competing_records,red,red,True,7566,45,0.99
20260916T124604860296Z-limits-study,361,permutation-4-21,permutation,v0,v3,False,383,50,0.24
20260916T124604860296Z-limits-study,362,decision-7-collection-direct-True,decision,go_without,go_without,True,361,33,1.0
20260916T124604860296Z-limits-study,363,permutation-2-17,permutation,v0,v0,True,382,50,0.2
20260916T124604860296Z-limits-study,364,decision-5-collection-check-False,decision,no,no,True,398,42,1.0
20260916T124604860296Z-limits-study,365,decision-5-service-direct-True,decision,bring,bring,True,362,32,0.95
20260916T124604860296Z-limits-study,366,permutation-1-0,permutation,v0,v0,True,376,50,0.59
20260916T124604860296Z-limits-study,367,decision-4-service-check-False,decision,yes,yes,True,401,42,0.89
20260916T124604860296Z-limits-study,368,decision-9-collection-described-True,decision,go_without,go_without,True,383,33,1.0
20260916T124604860296Z-limits-study,369,permutation-3-4,permutation,v0,v0,True,383,50,0.18
20260916T124604860296Z-limits-study,370,decision-3-service-direct-True,decision,bring,bring,True,362,32,0.86
20260916T124604860296Z-limits-study,371,decision-1-collection-described-False,decision,go_without,go_without,True,382,33,1.0
20260916T124604860296Z-limits-study,372,decision-7-inspection-direct-False,decision,bring,bring,True,362,32,0.98
20260916T124604860296Z-limits-study,373,permutation-1-22,permutation,v0,v0,True,376,50,0.46
20260916T124604860296Z-limits-study,374,decision-7-collection-described-False,decision,go_without,go_without,True,382,33,1.0
20260916T124604860296Z-limits-study,375,permutation-1-3,permutation,v0,v0,True,376,50,0.56
20260916T124604860296Z-limits-study,376,decision-10-inspection-described-True,decision,bring,bring,True,383,32,0.97
20260916T124604860296Z-limits-study,377,decision-0-collection-described-False,decision,go_without,go_without,True,382,33,1.0
20260916T124604860296Z-limits-study,378,records-16-end-2,competing_records,blue,blue,True,622,45,1.0
20260916T124604860296Z-limits-study,379,permutation-3-20,permutation,v0,v3,False,383,50,0.51
20260916T124604860296Z-limits-study,380,permutation-3-14,permutation,v0,v3,False,383,50,0.34
20260916T124604860296Z-limits-study,381,decision-10-appointment-check-False,decision,no,no,True,413,42,1.0
20260916T124604860296Z-limits-study,382,decision-10-collection-check-True,decision,no,no,True,398,42,1.0
20260916T124604860296Z-limits-study,383,decision-0-inspection-described-True,decision,bring,bring,True,383,32,0.94
20260916T124604860296Z-limits-study,384,records-0-start-0,competing_records,yellow,yellow,True,398,45,1.0
20260916T124604860296Z-limits-study,385,decision-4-collection-described-True,decision,go_without,go_without,True,386,33,1.0
20260916T124604860296Z-limits-study,386,decision-3-appointment-direct-True,decision,go_without,go_without,True,376,33,1.0
20260916T124604860296Z-limits-study,387,permutation-0-6,permutation,v0,v0,True,375,50,0.63
20260916T124604860296Z-limits-study,388,permutation-2-7,permutation,v0,v3,False,382,50,0.18
20260916T124604860296Z-limits-study,389,decision-2-inspection-check-True,decision,yes,yes,True,399,42,0.96
20260916T124604860296Z-limits-study,390,decision-3-service-direct-True,decision,bring,bring,True,362,32,0.92
20260916T124604860296Z-limits-study,391,logic-2-0-yes,logic_depth,yes,yes,True,407,42,1.0
20260916T124604860296Z-limits-study,392,records-0-end-1,competing_records,red,red,True,398,45,1.0
20260916T124604860296Z-limits-study,393,decision-5-service-described-False,decision,bring,bring,True,383,32,0.98
20260916T124604860296Z-limits-study,394,decision-9-collection-direct-False,decision,go_without,go_without,True,362,33,1.0
20260916T124604860296Z-limits-study,395,decision-11-collection-direct-False,decision,go_without,go_without,True,363,33,0.99
20260916T124604860296Z-limits-study,396,decision-1-inspection-described-True,decision,bring,bring,True,383,32,0.98
20260916T124604860296Z-limits-study,397,logic-8-1-no,logic_depth,no,no,True,510,42,0.96
20260916T124604860296Z-limits-study,398,decision-1-inspection-described-False,decision,bring,bring,True,383,32,0.99
20260916T124604860296Z-limits-study,399,decision-11-collection-check-False,decision,no,no,True,400,42,1.0
20260916T124604860296Z-limits-study,400,decision-5-collection-direct-True,decision,go_without,go_without,True,361,33,1.0
20260916T124604860296Z-limits-study,401,decision-1-inspection-direct-True,decision,bring,bring,True,362,32,0.98
20260916T124604860296Z-limits-study,402,decision-1-service-check-False,decision,yes,yes,True,399,42,1.0
20260916T124604860296Z-limits-study,403,decision-3-inspection-check-False,decision,yes,yes,True,399,42,0.98
20260916T124604860296Z-limits-study,404,decision-0-collection-check-False,decision,no,no,True,398,42,1.0
20260916T124604860296Z-limits-study,405,decision-1-service-described-True,decision,bring,bring,True,383,32,0.98
20260916T124604860296Z-limits-study,406,permutation-3-5,permutation,v0,v3,False,383,50,0.14
20260916T124604860296Z-limits-study,407,decision-3-collection-check-True,decision,no,no,True,398,42,1.0
20260916T124604860296Z-limits-study,408,permutation-3-20,permutation,v0,v3,False,383,50,0.5
20260916T124604860296Z-limits-study,409,logic-2-1-cannot_be_determined,logic_depth,cannot_be_determined,cannot_be_determined,True,407,46,0.99
20260916T124604860296Z-limits-study,410,permutation-1-18,permutation,v0,v0,True,376,50,0.48
20260916T124604860296Z-limits-study,411,logic-32-2-no,logic_depth,no,no,True,964,42,0.85
20260916T124604860296Z-limits-study,412,decision-0-inspection-check-False,decision,yes,yes,True,399,42,0.97
20260916T124604860296Z-limits-study,413,records-16-end-0,competing_records,yellow,yellow,True,622,45,1.0
20260916T124604860296Z-limits-study,414,decision-9-service-described-True,decision,bring,bring,True,384,32,0.97
20260916T124604860296Z-limits-study,415,decision-11-inspection-described-False,decision,bring,bring,True,387,32,0.98
20260916T124604860296Z-limits-study,416,records-0-middle-0,competing_records,yellow,yellow,True,398,45,1.0
20260916T124604860296Z-limits-study,417,decision-0-inspection-described-False,decision,bring,bring,True,383,32,0.92
20260916T124604860296Z-limits-study,418,decision-1-inspection-direct-True,decision,bring,bring,True,362,32,0.98
20260916T124604860296Z-limits-study,419,logic-1-0-cannot_be_determined,logic_depth,cannot_be_determined,cannot_be_determined,True,390,46,1.0
20260916T124604860296Z-limits-study,420,permutation-2-20,permutation,v0,v0,True,382,50,0.26
20260916T124604860296Z-limits-study,421,decision-0-appointment-direct-True,decision,go_without,go_without,True,376,33,1.0
20260916T124604860296Z-limits-study,422,decision-10-collection-direct-False,decision,go_without,go_without,True,361,33,1.0
20260916T124604860296Z-limits-study,423,decision-9-collection-direct-True,decision,go_without,go_without,True,362,33,1.0
20260916T124604860296Z-limits-study,424,decision-6-collection-described-False,decision,go_without,go_without,True,386,33,1.0
20260916T124604860296Z-limits-study,425,decision-5-service-check-True,decision,yes,yes,True,399,42,0.99
20260916T124604860296Z-limits-study,426,decision-5-service-direct-False,decision,bring,bring,True,362,32,0.95
20260916T124604860296Z-limits-study,427,logic-1-2-yes,logic_depth,yes,yes,True,390,42,1.0
20260916T124604860296Z-limits-study,428,permutation-3-10,permutation,v0,v3,False,383,50,0.18
20260916T124604860296Z-limits-study,429,permutation-0-0,permutation,v0,v0,True,375,50,0.54
20260916T124604860296Z-limits-study,430,decision-8-inspection-direct-True,decision,bring,bring,True,362,32,0.92
20260916T124604860296Z-limits-study,431,decision-5-appointment-check-True,decision,no,no,True,413,42,1.0
20260916T124604860296Z-limits-study,432,permutation-4-17,permutation,v0,v0,True,383,50,0.29
20260916T124604860296Z-limits-study,433,permutation-4-22,permutation,v0,v0,True,383,50,0.17
20260916T124604860296Z-limits-study,434,decision-1-collection-described-False,decision,go_without,go_without,True,382,33,1.0
20260916T124604860296Z-limits-study,435,decision-9-inspection-described-False,decision,bring,bring,True,383,32,0.99
20260916T124604860296Z-limits-study,436,decision-1-collection-check-True,decision,no,no,True,398,42,1.0
20260916T124604860296Z-limits-study,437,permutation-2-14,permutation,v0,v3,False,382,50,0.2
20260916T124604860296Z-limits-study,438,records-16-end-0,competing_records,yellow,yellow,True,622,45,1.0
20260916T124604860296Z-limits-study,439,decision-3-collection-check-True,decision,no,no,True,398,42,1.0
20260916T124604860296Z-limits-study,440,logic-4-0-yes,logic_depth,yes,yes,True,441,42,1.0
20260916T124604860296Z-limits-study,441,decision-4-collection-described-True,decision,go_without,go_without,True,386,33,1.0
20260916T124604860296Z-limits-study,442,permutation-5-3,permutation,v0,v0,True,389,50,0.44
20260916T124604860296Z-limits-study,443,logic-4-2-cannot_be_determined,logic_depth,cannot_be_determined,cannot_be_determined,True,441,46,0.95
20260916T124604860296Z-limits-study,444,decision-9-inspection-direct-False,decision,bring,bring,True,362,32,0.98
20260916T124604860296Z-limits-study,445,permutation-1-19,permutation,v0,v0,True,376,50,0.51
20260916T124604860296Z-limits-study,446,decision-2-inspection-described-True,decision,bring,bring,True,383,32,0.94
20260916T124604860296Z-limits-study,447,permutation-5-6,permutation,v0,v3,False,389,50,0.36
20260916T124604860296Z-limits-study,448,decision-2-collection-described-True,decision,go_without,go_without,True,382,33,1.0
20260916T124604860296Z-limits-study,449,permutation-2-8,permutation,v0,v3,False,382,50,0.2
20260916T124604860296Z-limits-study,450,decision-0-inspection-direct-False,decision,bring,bring,True,362,32,0.93
20260916T124604860296Z-limits-study,451,decision-1-inspection-described-False,decision,bring,bring,True,383,32,0.99
20260916T124604860296Z-limits-study,452,decision-1-collection-direct-False,decision,go_without,go_without,True,361,33,0.99
20260916T124604860296Z-limits-study,453,records-512-end-1,competing_records,red,red,True,7566,45,0.99
20260916T124604860296Z-limits-study,454,permutation-2-12,permutation,v0,v3,False,382,50,0.37
20260916T124604860296Z-limits-study,455,decision-0-collection-check-False,decision,no,no,True,398,42,1.0
20260916T124604860296Z-limits-study,456,decision-5-collection-described-True,decision,go_without,go_without,True,382,33,1.0
20260916T124604860296Z-limits-study,457,decision-7-appointment-direct-True,decision,go_without,go_without,True,376,33,1.0
20260916T124604860296Z-limits-study,458,permutation-2-12,permutation,v0,v3,False,382,50,0.28
20260916T124604860296Z-limits-study,459,records-0-start-2,competing_records,blue,blue,True,398,45,1.0
20260916T124604860296Z-limits-study,460,permutation-3-2,permutation,v0,v0,True,383,50,0.19
20260916T124604860296Z-limits-study,461,permutation-4-18,permutation,v0,v0,True,383,50,0.26
20260916T124604860296Z-limits-study,462,permutation-2-1,permutation,v0,v3,False,382,50,0.19
20260916T124604860296Z-limits-study,463,permutation-4-6,permutation,v0,v0,True,383,50,0.31
20260916T124604860296Z-limits-study,464,decision-6-appointment-check-False,decision,no,no,True,415,42,1.0
20260916T124604860296Z-limits-study,465,decision-5-collection-direct-True,decision,go_without,go_without,True,361,33,1.0
20260916T124604860296Z-limits-study,466,decision-10-service-described-True,decision,bring,bring,True,383,32,0.91
20260916T124604860296Z-limits-study,467,records-512-start-0,competing_records,yellow,yellow,True,7566,45,1.0
20260916T124604860296Z-limits-study,468,decision-1-service-direct-True,decision,bring,bring,True,362,32,0.96
20260916T124604860296Z-limits-study,469,permutation-0-1,permutation,v0,v0,True,375,50,0.59
20260916T124604860296Z-limits-study,470,logic-16-0-yes,logic_depth,yes,yes,True,659,42,1.0
20260916T124604860296Z-limits-study,471,decision-6-appointment-direct-True,decision,go_without,go_without,True,378,33,1.0
20260916T124604860296Z-limits-study,472,decision-3-appointment-check-True,decision,no,no,True,413,42,1.0
20260916T124604860296Z-limits-study,473,decision-8-appointment-direct-True,decision,go_without,go_without,True,376,33,1.0
20260916T124604860296Z-limits-study,474,permutation-3-11,permutation,v0,v0,True,383,50,0.17
20260916T124604860296Z-limits-study,475,logic-16-1-cannot_be_determined,logic_depth,cannot_be_determined,cannot_be_determined,True,659,46,0.98
20260916T124604860296Z-limits-study,476,permutation-0-4,permutation,v0,v0,True,375,50,0.59
20260916T124604860296Z-limits-study,477,decision-7-appointment-check-False,decision,no,no,True,413,42,1.0
20260916T124604860296Z-limits-study,478,decision-1-service-direct-True,decision,bring,bring,True,362,32,0.97
20260916T124604860296Z-limits-study,479,decision-4-inspection-check-False,decision,yes,yes,True,401,42,0.99
20260916T124604860296Z-limits-study,480,permutation-5-18,permutation,v0,v3,False,389,50,0.26
20260916T124604860296Z-limits-study,481,decision-9-collection-check-True,decision,no,no,True,399,42,1.0
20260916T124604860296Z-limits-study,482,decision-9-appointment-described-False,decision,go_without,go_without,True,398,33,1.0
20260916T124604860296Z-limits-study,483,permutation-2-22,permutation,v0,v0,True,382,50,0.17
20260916T124604860296Z-limits-study,484,permutation-5-20,permutation,v0,v3,False,389,50,0.32
20260916T124604860296Z-limits-study,485,records-512-start-2,competing_records,blue,blue,True,7566,45,1.0
20260916T124604860296Z-limits-study,486,permutation-3-13,permutation,v0,v3,False,383,50,0.24
20260916T124604860296Z-limits-study,487,decision-6-appointment-check-False,decision,no,no,True,415,42,1.0
20260916T124604860296Z-limits-study,488,permutation-3-19,permutation,v0,v3,False,383,50,0.17
20260916T124604860296Z-limits-study,489,decision-6-service-described-False,decision,bring,bring,True,387,32,0.95
20260916T124604860296Z-limits-study,490,permutation-1-7,permutation,v0,v0,True,376,50,0.51
20260916T124604860296Z-limits-study,491,decision-1-inspection-check-False,decision,yes,yes,True,399,42,1.0
20260916T124604860296Z-limits-study,492,decision-7-inspection-direct-True,decision,bring,bring,True,362,32,0.97
20260916T124604860296Z-limits-study,493,records-512-end-0,competing_records,yellow,yellow,True,7566,45,0.99
20260916T124604860296Z-limits-study,494,logic-32-2-cannot_be_determined,logic_depth,cannot_be_determined,cannot_be_determined,True,963,46,0.75
20260916T124604860296Z-limits-study,495,decision-6-collection-described-False,decision,go_without,go_without,True,386,33,1.0
20260916T124604860296Z-limits-study,496,records-128-start-2,competing_records,blue,blue,True,2190,45,1.0
20260916T124604860296Z-limits-study,497,decision-1-appointment-check-True,decision,no,no,True,413,42,1.0
20260916T124604860296Z-limits-study,498,decision-1-inspection-check-True,decision,yes,yes,True,399,42,1.0
20260916T124604860296Z-limits-study,499,decision-1-service-direct-False,decision,bring,bring,True,362,32,0.99
20260916T124604860296Z-limits-study,500,logic-2-1-yes,logic_depth,yes,yes,True,407,42,1.0
20260916T124604860296Z-limits-study,501,records-16-start-0,competing_records,yellow,yellow,True,622,45,1.0
20260916T124604860296Z-limits-study,502,permutation-4-7,permutation,v0,v0,True,383,50,0.31
20260916T124604860296Z-limits-study,503,permutation-1-2,permutation,v0,v0,True,376,50,0.66
20260916T124604860296Z-limits-study,504,logic-4-0-cannot_be_determined,logic_depth,cannot_be_determined,cannot_be_determined,True,441,46,0.97
20260916T124604860296Z-limits-study,505,records-0-end-0,competing_records,yellow,yellow,True,398,45,1.0
20260916T124604860296Z-limits-study,506,permutation-3-16,permutation,v0,v3,False,383,50,0.14
20260916T124604860296Z-limits-study,507,records-128-end-1,competing_records,red,red,True,2190,45,1.0
20260916T124604860296Z-limits-study,508,decision-4-service-direct-True,decision,bring,bring,True,364,32,0.95
20260916T124604860296Z-limits-study,509,decision-5-service-described-True,decision,bring,bring,True,383,32,0.97
20260916T124604860296Z-limits-study,510,permutation-5-9,permutation,v0,v1,False,389,50,0.2
20260916T124604860296Z-limits-study,511,permutation-2-15,permutation,v0,v0,True,382,50,0.19
20260916T124604860296Z-limits-study,512,decision-0-collection-direct-False,decision,go_without,go_without,True,361,33,1.0
20260916T124604860296Z-limits-study,513,permutation-1-16,permutation,v0,v0,True,376,50,0.65
20260916T124604860296Z-limits-study,514,decision-1-inspection-check-True,decision,yes,yes,True,399,42,1.0
20260916T124604860296Z-limits-study,515,decision-1-service-described-False,decision,bring,bring,True,383,32,0.99
20260916T124604860296Z-limits-study,516,permutation-5-5,permutation,v0,v0,True,389,50,0.6
20260916T124604860296Z-limits-study,517,decision-1-collection-direct-True,decision,go_without,go_without,True,361,33,1.0
20260916T124604860296Z-limits-study,518,decision-4-service-check-True,decision,yes,yes,True,401,42,0.81
20260916T124604860296Z-limits-study,519,decision-2-appointment-described-False,decision,go_without,go_without,True,397,33,1.0
20260916T124604860296Z-limits-study,520,decision-2-collection-direct-False,decision,go_without,go_without,True,361,33,0.99
20260916T124604860296Z-limits-study,521,logic-4-2-yes,logic_depth,yes,yes,True,441,42,1.0
20260916T124604860296Z-limits-study,522,logic-16-2-no,logic_depth,no,no,True,660,42,0.89
20260916T124604860296Z-limits-study,523,decision-8-service-described-False,decision,bring,bring,True,383,32,0.97
20260916T124604860296Z-limits-study,524,permutation-4-10,permutation,v0,v0,True,383,50,0.34
20260916T124604860296Z-limits-study,525,decision-3-inspection-check-True,decision,yes,yes,True,399,42,0.98
20260916T124604860296Z-limits-study,526,permutation-4-20,permutation,v0,v3,False,383,50,0.35
20260916T124604860296Z-limits-study,527,decision-4-service-described-False,decision,bring,bring,True,387,32,0.95
20260916T124604860296Z-limits-study,528,logic-16-2-cannot_be_determined,logic_depth,cannot_be_determined,cannot_be_determined,True,659,46,0.83
20260916T124604860296Z-limits-study,529,logic-4-1-cannot_be_determined,logic_depth,cannot_be_determined,cannot_be_determined,True,441,46,0.98
20260916T124604860296Z-limits-study,530,decision-9-inspection-direct-False,decision,bring,bring,True,362,32,0.99
20260916T124604860296Z-limits-study,531,tracking-1-0,multi_tracking,kitchen,kitchen,True,450,48,1.0
20260916T124604860296Z-limits-study,532,decision-4-service-check-False,decision,yes,yes,True,401,42,0.85
20260916T124604860296Z-limits-study,533,decision-2-service-check-False,decision,yes,yes,True,399,42,0.99
20260916T124604860296Z-limits-study,534,decision-7-collection-described-True,decision,go_without,go_without,True,382,33,1.0
20260916T124604860296Z-limits-study,535,permutation-5-22,permutation,v0,v3,False,389,50,0.43
20260916T124604860296Z-limits-study,536,logic-16-0-no,logic_depth,no,no,True,660,42,0.87
20260916T124604860296Z-limits-study,537,logic-4-2-cannot_be_determined,logic_depth,cannot_be_determined,cannot_be_determined,True,441,46,0.96
20260916T124604860296Z-limits-study,538,decision-11-appointment-described-False,decision,go_without,go_without,True,401,33,1.0
20260916T124604860296Z-limits-study,539,decision-1-inspection-check-False,decision,yes,yes,True,399,42,1.0
20260916T124604860296Z-limits-study,540,decision-1-appointment-described-False,decision,go_without,go_without,True,397,33,1.0
20260916T124604860296Z-limits-study,541,decision-1-collection-described-False,decision,go_without,go_without,True,382,33,1.0
20260916T124604860296Z-limits-study,542,logic-8-2-cannot_be_determined,logic_depth,cannot_be_determined,cannot_be_determined,True,509,46,0.83
20260916T124604860296Z-limits-study,543,decision-3-inspection-direct-False,decision,bring,bring,True,362,32,0.96
20260916T124604860296Z-limits-study,544,decision-6-inspection-described-True,decision,bring,bring,True,387,32,0.96
20260916T124604860296Z-limits-study,545,decision-8-collection-direct-True,decision,go_without,go_without,True,361,33,0.99
20260916T124604860296Z-limits-study,546,decision-9-service-described-False,decision,bring,bring,True,384,32,0.97
20260916T124604860296Z-limits-study,547,decision-0-appointment-check-True,decision,no,no,True,413,42,1.0
20260916T124604860296Z-limits-study,548,decision-6-service-check-False,decision,yes,yes,True,401,42,0.83
20260916T124604860296Z-limits-study,549,decision-4-appointment-check-False,decision,no,no,True,415,42,1.0
20260916T124604860296Z-limits-study,550,permutation-1-15,permutation,v0,v0,True,376,50,0.69
20260916T124604860296Z-limits-study,551,logic-32-0-no,logic_depth,no,no,True,964,42,0.83
20260916T124604860296Z-limits-study,552,decision-10-appointment-direct-False,decision,go_without,go_without,True,376,33,1.0
20260916T124604860296Z-limits-study,553,permutation-0-15,permutation,v0,v0,True,375,50,0.72
20260916T124604860296Z-limits-study,554,permutation-2-5,permutation,v0,v0,True,382,50,0.19
20260916T124604860296Z-limits-study,555,records-512-middle-1,competing_records,red,red,True,7566,45,0.98
20260916T124604860296Z-limits-study,556,decision-8-service-described-True,decision,bring,bring,True,383,32,0.95
20260916T124604860296Z-limits-study,557,decision-2-collection-check-True,decision,no,no,True,398,42,1.0
20260916T124604860296Z-limits-study,558,permutation-3-18,permutation,v0,v3,False,383,50,0.34
20260916T124604860296Z-limits-study,559,decision-11-inspection-direct-True,decision,bring,bring,True,364,32,0.95
20260916T124604860296Z-limits-study,560,decision-3-appointment-described-False,decision,go_without,go_without,True,397,33,1.0
20260916T124604860296Z-limits-study,561,permutation-1-8,permutation,v0,v0,True,376,50,0.57
20260916T124604860296Z-limits-study,562,decision-8-collection-check-True,decision,no,no,True,398,42,1.0
20260916T124604860296Z-limits-study,563,logic-8-2-no,logic_depth,no,no,True,510,42,0.93
20260916T124604860296Z-limits-study,564,decision-6-appointment-described-True,decision,go_without,go_without,True,401,33,1.0
20260916T124604860296Z-limits-study,565,decision-4-appointment-check-True,decision,no,no,True,415,42,1.0
20260916T124604860296Z-limits-study,566,permutation-2-15,permutation,v0,v3,False,382,50,0.27
20260916T124604860296Z-limits-study,567,tracking-16-0,multi_tracking,office,office,True,2181,47,0.97
20260916T124604860296Z-limits-study,568,permutation-1-12,permutation,v0,v0,True,376,50,0.48
20260916T124604860296Z-limits-study,569,permutation-0-11,permutation,v0,v0,True,375,50,0.66
20260916T124604860296Z-limits-study,570,decision-8-appointment-described-True,decision,go_without,go_without,True,397,33,1.0
20260916T124604860296Z-limits-study,571,decision-11-inspection-check-True,decision,yes,yes,True,401,42,0.98
20260916T124604860296Z-limits-study,572,permutation-4-22,permutation,v0,v0,True,383,50,0.18
20260916T124604860296Z-limits-study,573,decision-6-collection-check-True,decision,no,no,True,400,42,1.0
20260916T124604860296Z-limits-study,574,decision-10-inspection-direct-False,decision,bring,bring,True,362,32,0.99
20260916T124604860296Z-limits-study,575,logic-8-0-yes,logic_depth,yes,yes,True,509,42,1.0
20260916T124604860296Z-limits-study,576,decision-0-service-direct-False,decision,bring,bring,True,362,32,0.95
20260916T124604860296Z-limits-study,577,decision-8-inspection-direct-False,decision,bring,bring,True,362,32,0.93
20260916T124604860296Z-limits-study,578,decision-7-inspection-direct-True,decision,bring,bring,True,362,32,0.96
20260916T124604860296Z-limits-study,579,logic-1-1-yes,logic_depth,yes,yes,True,390,42,1.0
20260916T124604860296Z-limits-study,580,decision-9-appointment-direct-False,decision,go_without,go_without,True,377,33,1.0
20260916T124604860296Z-limits-study,581,decision-7-inspection-check-True,decision,yes,yes,True,399,42,0.99
20260916T124604860296Z-limits-study,582,permutation-3-6,permutation,v0,v3,False,383,50,0.28
20260916T124604860296Z-limits-study,583,logic-4-0-cannot_be_determined,logic_depth,cannot_be_determined,cannot_be_determined,True,441,46,0.97
20260916T124604860296Z-limits-study,584,permutation-4-1,permutation,v0,v0,True,383,50,0.69
20260916T124604860296Z-limits-study,585,decision-3-inspection-described-True,decision,bring,bring,True,383,32,0.92
20260916T124604860296Z-limits-study,586,decision-1-collection-direct-True,decision,go_without,go_without,True,361,33,0.99
20260916T124604860296Z-limits-study,587,logic-32-1-no,logic_depth,no,no,True,964,42,0.95
20260916T124604860296Z-limits-study,588,decision-0-collection-check-True,decision,no,no,True,398,42,1.0
20260916T124604860296Z-limits-study,589,decision-8-inspection-check-True,decision,yes,yes,True,399,42,0.98
20260916T124604860296Z-limits-study,590,logic-2-0-no,logic_depth,no,no,True,408,42,0.99
20260916T124604860296Z-limits-study,591,decision-4-appointment-described-False,decision,go_without,go_without,True,401,33,1.0
20260916T124604860296Z-limits-study,592,permutation-1-18,permutation,v0,v0,True,376,50,0.49
20260916T124604860296Z-limits-study,593,decision-6-service-check-False,decision,yes,yes,True,401,42,0.85
20260916T124604860296Z-limits-study,594,permutation-3-3,permutation,v0,v3,False,383,50,0.2
20260916T124604860296Z-limits-study,595,records-16-middle-0,competing_records,yellow,yellow,True,622,45,1.0
20260916T124604860296Z-limits-study,596,logic-1-2-cannot_be_determined,logic_depth,cannot_be_determined,cannot_be_determined,True,390,46,1.0
20260916T124604860296Z-limits-study,597,decision-4-collection-check-True,decision,no,no,True,400,42,1.0
20260916T124604860296Z-limits-study,598,decision-11-service-described-False,decision,bring,bring,True,387,32,0.98
20260916T124604860296Z-limits-study,599,decision-11-service-direct-True,decision,bring,bring,True,364,32,0.97
20260916T124604860296Z-limits-study,600,tracking-2-2,multi_tracking,hall,hall,True,563,47,0.99
20260916T124604860296Z-limits-study,601,permutation-5-14,permutation,v0,v3,False,389,50,0.24
20260916T124604860296Z-limits-study,602,tracking-4-2,multi_tracking,hall,hall,True,789,47,0.99
20260916T124604860296Z-limits-study,603,decision-6-service-direct-False,decision,bring,bring,True,364,32,0.95
20260916T124604860296Z-limits-study,604,decision-1-appointment-described-True,decision,go_without,go_without,True,397,33,1.0
20260916T124604860296Z-limits-study,605,logic-8-2-no,logic_depth,no,no,True,510,42,0.93
20260916T124604860296Z-limits-study,606,permutation-3-1,permutation,v0,v0,True,383,50,0.24
20260916T124604860296Z-limits-study,607,decision-5-service-described-False,decision,bring,bring,True,383,32,0.98
20260916T124604860296Z-limits-study,608,permutation-0-7,permutation,v0,v0,True,375,50,0.54
20260916T124604860296Z-limits-study,609,decision-11-appointment-direct-False,decision,go_without,go_without,True,378,33,1.0
20260916T124604860296Z-limits-study,610,decision-9-collection-check-False,decision,no,no,True,399,42,1.0
20260916T124604860296Z-limits-study,611,decision-4-inspection-direct-False,decision,bring,bring,True,364,32,0.94
20260916T124604860296Z-limits-study,612,permutation-3-0,permutation,v0,v0,True,383,50,0.27
20260916T124604860296Z-limits-study,613,decision-11-inspection-check-False,decision,yes,yes,True,401,42,0.98
20260916T124604860296Z-limits-study,614,tracking-2-1,multi_tracking,office,office,True,563,47,1.0
20260916T124604860296Z-limits-study,615,decision-1-service-check-True,decision,yes,yes,True,399,42,1.0
20260916T124604860296Z-limits-study,616,permutation-1-18,permutation,v0,v0,True,376,50,0.48
20260916T124604860296Z-limits-study,617,decision-2-inspection-described-False,decision,bring,bring,True,383,32,0.95
20260916T124604860296Z-limits-study,618,decision-10-collection-described-False,decision,go_without,go_without,True,382,33,1.0
20260916T124604860296Z-limits-study,619,decision-7-service-check-True,decision,yes,yes,True,399,42,0.94
20260916T124604860296Z-limits-study,620,logic-1-0-cannot_be_determined,logic_depth,cannot_be_determined,cannot_be_determined,True,390,46,1.0
20260916T124604860296Z-limits-study,621,permutation-3-15,permutation,v0,v3,False,383,50,0.3
20260916T124604860296Z-limits-study,622,decision-5-appointment-check-False,decision,no,no,True,413,42,1.0
20260916T124604860296Z-limits-study,623,decision-4-inspection-check-True,decision,yes,yes,True,401,42,0.98
20260916T124604860296Z-limits-study,624,decision-6-appointment-check-True,decision,no,no,True,415,42,1.0
20260916T124604860296Z-limits-study,625,decision-7-appointment-described-False,decision,go_without,go_without,True,397,33,1.0
20260916T124604860296Z-limits-study,626,records-0-middle-1,competing_records,red,red,True,398,45,1.0
20260916T124604860296Z-limits-study,627,permutation-0-18,permutation,v0,v0,True,375,50,0.63
20260916T124604860296Z-limits-study,628,permutation-0-3,permutation,v0,v0,True,375,50,0.68
20260916T124604860296Z-limits-study,629,logic-16-2-no,logic_depth,no,no,True,660,42,0.89
20260916T124604860296Z-limits-study,630,decision-10-service-check-False,decision,yes,yes,True,399,42,0.94
20260916T124604860296Z-limits-study,631,permutation-5-23,permutation,v0,v3,False,389,50,0.37
20260916T124604860296Z-limits-study,632,permutation-3-15,permutation,v0,v3,False,383,50,0.33
20260916T124604860296Z-limits-study,633,decision-11-collection-check-True,decision,no,no,True,400,42,1.0
20260916T124604860296Z-limits-study,634,logic-32-2-cannot_be_determined,logic_depth,cannot_be_determined,cannot_be_determined,True,963,46,0.78
20260916T124604860296Z-limits-study,635,decision-8-collection-direct-True,decision,go_without,go_without,True,361,33,1.0
20260916T124604860296Z-limits-study,636,decision-8-service-check-False,decision,yes,yes,True,399,42,0.98
20260916T124604860296Z-limits-study,637,logic-8-1-yes,logic_depth,yes,yes,True,509,42,1.0
20260916T124604860296Z-limits-study,638,decision-10-inspection-check-False,decision,yes,yes,True,399,42,0.99
20260916T124604860296Z-limits-study,639,decision-7-inspection-direct-False,decision,bring,bring,True,362,32,0.97
20260916T124604860296Z-limits-study,640,decision-3-inspection-check-False,decision,yes,yes,True,399,42,0.98
20260916T124604860296Z-limits-study,641,records-512-start-1,competing_records,red,red,True,7566,45,1.0
20260916T124604860296Z-limits-study,642,decision-11-appointment-check-False,decision,no,no,True,415,42,1.0
20260916T124604860296Z-limits-study,643,logic-32-1-yes,logic_depth,yes,yes,True,963,42,1.0
20260916T124604860296Z-limits-study,644,decision-9-collection-direct-False,decision,go_without,go_without,True,362,33,1.0
20260916T124604860296Z-limits-study,645,permutation-5-11,permutation,v0,v1,False,389,50,0.2
20260916T124604860296Z-limits-study,646,decision-4-appointment-described-True,decision,go_without,go_without,True,401,33,1.0
20260916T124604860296Z-limits-study,647,decision-11-collection-described-True,decision,go_without,go_without,True,386,33,1.0
20260916T124604860296Z-limits-study,648,decision-5-collection-described-False,decision,go_without,go_without,True,382,33,1.0
20260916T124604860296Z-limits-study,649,decision-2-appointment-described-True,decision,go_without,go_without,True,397,33,1.0
20260916T124604860296Z-limits-study,650,decision-2-service-described-False,decision,bring,bring,True,383,32,0.98
20260916T124604860296Z-limits-study,651,decision-0-appointment-direct-False,decision,go_without,go_without,True,376,33,1.0
20260916T124604860296Z-limits-study,652,permutation-0-18,permutation,v0,v0,True,375,50,0.53
20260916T124604860296Z-limits-study,653,decision-8-service-direct-False,decision,bring,bring,True,362,32,0.94
20260916T124604860296Z-limits-study,654,decision-0-inspection-check-False,decision,yes,yes,True,399,42,0.93
20260916T124604860296Z-limits-study,655,decision-9-appointment-described-True,decision,go_without,go_without,True,398,33,1.0
20260916T124604860296Z-limits-study,656,decision-5-inspection-direct-True,decision,bring,bring,True,362,32,0.98
20260916T124604860296Z-limits-study,657,decision-10-inspection-direct-True,decision,bring,bring,True,362,32,0.93
20260916T124604860296Z-limits-study,658,tracking-1-2,multi_tracking,hall,hall,True,450,47,1.0
20260916T124604860296Z-limits-study,659,records-16-start-1,competing_records,red,red,True,622,45,1.0
20260916T124604860296Z-limits-study,660,decision-6-collection-described-True,decision,go_without,go_without,True,386,33,1.0
20260916T124604860296Z-limits-study,661,records-0-end-0,competing_records,yellow,yellow,True,398,45,1.0
20260916T124604860296Z-limits-study,662,permutation-0-15,permutation,v0,v0,True,375,50,0.78
20260916T124604860296Z-limits-study,663,decision-6-collection-check-True,decision,no,no,True,400,42,1.0
20260916T124604860296Z-limits-study,664,decision-11-inspection-check-True,decision,yes,yes,True,401,42,0.99
20260916T124604860296Z-limits-study,665,records-128-middle-0,competing_records,yellow,yellow,True,2190,45,1.0
20260916T124604860296Z-limits-study,666,decision-8-inspection-direct-False,decision,bring,bring,True,362,32,0.94
20260916T124604860296Z-limits-study,667,decision-6-appointment-direct-False,decision,go_without,go_without,True,378,33,1.0
20260916T124604860296Z-limits-study,668,permutation-1-21,permutation,v0,v0,True,376,50,0.65
20260916T124604860296Z-limits-study,669,decision-8-inspection-direct-True,decision,bring,bring,True,362,32,0.9
20260916T124604860296Z-limits-study,670,tracking-4-1,multi_tracking,kitchen,kitchen,True,789,48,1.0
20260916T124604860296Z-limits-study,671,decision-7-inspection-check-False,decision,yes,yes,True,399,42,0.99
20260916T124604860296Z-limits-study,672,decision-6-collection-direct-True,decision,go_without,go_without,True,363,33,1.0
20260916T124604860296Z-limits-study,673,decision-11-appointment-described-False,decision,go_without,go_without,True,401,33,1.0
20260916T124604860296Z-limits-study,674,permutation-0-13,permutation,v0,v0,True,375,50,0.72
20260916T124604860296Z-limits-study,675,decision-7-appointment-direct-True,decision,go_without,go_without,True,376,33,1.0
20260916T124604860296Z-limits-study,676,permutation-5-12,permutation,v0,v3,False,389,50,0.14
20260916T124604860296Z-limits-study,677,tracking-16-0,multi_tracking,office,office,True,2181,47,0.96
20260916T124604860296Z-limits-study,678,decision-6-inspection-check-False,decision,yes,yes,True,401,42,0.98
20260916T124604860296Z-limits-study,679,decision-0-service-described-True,decision,bring,bring,True,383,32,0.98
20260916T124604860296Z-limits-study,680,permutation-4-0,permutation,v0,v0,True,383,50,0.62
20260916T124604860296Z-limits-study,681,decision-11-service-check-True,decision,yes,yes,True,401,42,0.95
20260916T124604860296Z-limits-study,682,decision-4-collection-direct-True,decision,go_without,go_without,True,363,33,1.0
20260916T124604860296Z-limits-study,683,decision-5-appointment-described-False,decision,go_without,go_without,True,397,33,1.0
20260916T124604860296Z-limits-study,684,tracking-4-1,multi_tracking,kitchen,kitchen,True,789,48,1.0
20260916T124604860296Z-limits-study,685,tracking-8-1,multi_tracking,garden,garden,True,1241,48,0.98
20260916T124604860296Z-limits-study,686,permutation-0-21,permutation,v0,v0,True,375,50,0.68
20260916T124604860296Z-limits-study,687,decision-6-service-direct-False,decision,bring,bring,True,364,32,0.93
20260916T124604860296Z-limits-study,688,decision-4-collection-check-True,decision,no,no,True,400,42,1.0
20260916T124604860296Z-limits-study,689,decision-6-appointment-check-True,decision,no,no,True,415,42,1.0
20260916T124604860296Z-limits-study,690,logic-1-2-yes,logic_depth,yes,yes,True,390,42,1.0
20260916T124604860296Z-limits-study,691,decision-4-appointment-direct-False,decision,go_without,go_without,True,378,33,1.0
20260916T124604860296Z-limits-study,692,decision-6-collection-described-True,decision,go_without,go_without,True,386,33,1.0
20260916T124604860296Z-limits-study,693,decision-3-service-check-True,decision,yes,yes,True,399,42,0.91
20260916T124604860296Z-limits-study,694,permutation-3-7,permutation,v0,v3,False,383,50,0.14
20260916T124604860296Z-limits-study,695,decision-10-service-described-False,decision,bring,bring,True,383,32,0.94
20260916T124604860296Z-limits-study,696,decision-2-service-direct-True,decision,bring,bring,True,362,32,0.94
20260916T124604860296Z-limits-study,697,decision-8-appointment-direct-False,decision,go_without,go_without,True,376,33,1.0
20260916T124604860296Z-limits-study,698,permutation-4-9,permutation,v0,v0,True,383,50,0.27
20260916T124604860296Z-limits-study,699,records-16-end-1,competing_records,red,red,True,622,45,1.0
20260916T124604860296Z-limits-study,700,decision-11-service-direct-False,decision,bring,bring,True,364,32,0.98
20260916T124604860296Z-limits-study,701,decision-5-inspection-direct-False,decision,bring,bring,True,362,32,0.99
20260916T124604860296Z-limits-study,702,decision-0-service-direct-False,decision,bring,bring,True,362,32,0.96
20260916T124604860296Z-limits-study,703,records-128-end-2,competing_records,blue,blue,True,2190,45,1.0
20260916T124604860296Z-limits-study,704,decision-7-service-described-False,decision,bring,bring,True,383,32,0.96
20260916T124604860296Z-limits-study,705,permutation-4-19,permutation,v0,v0,True,383,50,0.27
20260916T124604860296Z-limits-study,706,permutation-4-12,permutation,v0,v0,True,383,50,0.41
20260916T124604860296Z-limits-study,707,logic-2-2-no,logic_depth,no,no,True,408,42,0.99
20260916T124604860296Z-limits-study,708,permutation-3-17,permutation,v0,v0,True,383,50,0.17
20260916T124604860296Z-limits-study,709,decision-2-appointment-described-False,decision,go_without,go_without,True,397,33,1.0
20260916T124604860296Z-limits-study,710,decision-1-appointment-direct-True,decision,go_without,go_without,True,376,33,1.0
20260916T124604860296Z-limits-study,711,decision-8-collection-described-False,decision,go_without,go_without,True,382,33,1.0
20260916T124604860296Z-limits-study,712,permutation-1-1,permutation,v0,v0,True,376,50,0.6
20260916T124604860296Z-limits-study,713,decision-3-appointment-described-True,decision,go_without,go_without,True,397,33,1.0
20260916T124604860296Z-limits-study,714,tracking-4-0,multi_tracking,garden,garden,True,789,48,0.97
20260916T124604860296Z-limits-study,715,decision-1-appointment-direct-False,decision,go_without,go_without,True,376,33,1.0
20260916T124604860296Z-limits-study,716,tracking-8-0,multi_tracking,office,office,True,1241,47,0.98
20260916T124604860296Z-limits-study,717,permutation-2-23,permutation,v0,v0,True,382,50,0.33
20260916T124604860296Z-limits-study,718,permutation-4-3,permutation,v0,v0,True,383,50,0.55
20260916T124604860296Z-limits-study,719,decision-0-appointment-check-True,decision,no,no,True,413,42,1.0
20260916T124604860296Z-limits-study,720,permutation-1-4,permutation,v0,v0,True,376,50,0.59
20260916T124604860296Z-limits-study,721,decision-4-service-check-True,decision,yes,yes,True,401,42,0.86
20260916T124604860296Z-limits-study,722,decision-0-inspection-described-True,decision,bring,bring,True,383,32,0.94
20260916T124604860296Z-limits-study,723,permutation-3-10,permutation,v0,v3,False,383,50,0.18
20260916T124604860296Z-limits-study,724,decision-1-service-check-True,decision,yes,yes,True,399,42,1.0
20260916T124604860296Z-limits-study,725,decision-10-appointment-check-True,decision,no,no,True,413,42,1.0
20260916T124604860296Z-limits-study,726,permutation-4-3,permutation,v0,v0,True,383,50,0.52
20260916T124604860296Z-limits-study,727,permutation-3-19,permutation,v0,v3,False,383,50,0.23
20260916T124604860296Z-limits-study,728,decision-8-appointment-check-True,decision,no,no,True,413,42,1.0
20260916T124604860296Z-limits-study,729,logic-4-2-cannot_be_determined,logic_depth,cannot_be_determined,cannot_be_determined,True,441,46,0.95
20260916T124604860296Z-limits-study,730,decision-0-collection-direct-False,decision,go_without,go_without,True,361,33,1.0
20260916T124604860296Z-limits-study,731,decision-5-collection-check-True,decision,no,no,True,398,42,1.0
20260916T124604860296Z-limits-study,732,permutation-5-10,permutation,v0,v1,False,389,50,0.13
20260916T124604860296Z-limits-study,733,decision-10-collection-direct-False,decision,go_without,go_without,True,361,33,1.0
20260916T124604860296Z-limits-study,734,permutation-3-8,permutation,v0,v0,True,383,50,0.21
20260916T124604860296Z-limits-study,735,decision-0-collection-direct-False,decision,go_without,go_without,True,361,33,1.0
20260916T124604860296Z-limits-study,736,decision-11-appointment-direct-True,decision,go_without,go_without,True,378,33,1.0
20260916T124604860296Z-limits-study,737,decision-5-inspection-check-False,decision,yes,yes,True,399,42,1.0
20260916T124604860296Z-limits-study,738,decision-8-collection-described-True,decision,go_without,go_without,True,382,33,1.0
20260916T124604860296Z-limits-study,739,decision-11-inspection-check-True,decision,yes,yes,True,401,42,0.99
20260916T124604860296Z-limits-study,740,logic-1-2-no,logic_depth,no,no,True,391,42,0.99
20260916T124604860296Z-limits-study,741,permutation-0-9,permutation,v0,v0,True,375,50,0.69
20260916T124604860296Z-limits-study,742,decision-2-appointment-described-False,decision,go_without,go_without,True,397,33,1.0
20260916T124604860296Z-limits-study,743,permutation-3-23,permutation,v0,v3,False,383,50,0.26
20260916T124604860296Z-limits-study,744,decision-11-collection-described-False,decision,go_without,go_without,True,386,33,1.0
20260916T124604860296Z-limits-study,745,decision-11-appointment-direct-True,decision,go_without,go_without,True,378,33,1.0
20260916T124604860296Z-limits-study,746,decision-3-service-direct-False,decision,bring,bring,True,362,32,0.88
20260916T124604860296Z-limits-study,747,decision-10-appointment-direct-True,decision,go_without,go_without,True,376,33,1.0
20260916T124604860296Z-limits-study,748,records-16-end-1,competing_records,red,red,True,622,45,1.0
20260916T124604860296Z-limits-study,749,decision-5-collection-check-True,decision,no,no,True,398,42,1.0
20260916T124604860296Z-limits-study,750,decision-9-service-check-True,decision,yes,yes,True,400,42,0.99
20260916T124604860296Z-limits-study,751,records-0-end-2,competing_records,blue,blue,True,398,45,1.0
20260916T124604860296Z-limits-study,752,permutation-3-19,permutation,v0,v3,False,383,50,0.29
20260916T124604860296Z-limits-study,753,decision-2-inspection-direct-False,decision,bring,bring,True,362,32,0.9
20260916T124604860296Z-limits-study,754,decision-3-appointment-described-True,decision,go_without,go_without,True,397,33,1.0
20260916T124604860296Z-limits-study,755,decision-2-collection-direct-False,decision,go_without,go_without,True,361,33,0.99
20260916T124604860296Z-limits-study,756,decision-2-appointment-check-True,decision,no,no,True,413,42,1.0
20260916T124604860296Z-limits-study,757,decision-6-service-described-False,decision,bring,bring,True,387,32,0.97
20260916T124604860296Z-limits-study,758,decision-11-appointment-described-False,decision,go_without,go_without,True,401,33,1.0
20260916T124604860296Z-limits-study,759,decision-2-collection-described-True,decision,go_without,go_without,True,382,33,1.0
20260916T124604860296Z-limits-study,760,decision-7-appointment-check-False,decision,no,no,True,413,42,1.0
20260916T124604860296Z-limits-study,761,decision-10-collection-direct-False,decision,go_without,go_without,True,361,33,1.0
20260916T124604860296Z-limits-study,762,logic-32-1-no,logic_depth,no,no,True,964,42,0.94
20260916T124604860296Z-limits-study,763,logic-2-0-yes,logic_depth,yes,yes,True,407,42,1.0
20260916T124604860296Z-limits-study,764,permutation-1-17,permutation,v0,v0,True,376,50,0.72
20260916T124604860296Z-limits-study,765,decision-1-inspection-described-True,decision,bring,bring,True,383,32,0.98
20260916T124604860296Z-limits-study,766,permutation-2-2,permutation,v0,v3,False,382,50,0.32
20260916T124604860296Z-limits-study,767,decision-3-inspection-direct-True,decision,bring,bring,True,362,32,0.92
20260916T124604860296Z-limits-study,768,permutation-3-3,permutation,v0,v0,True,383,50,0.26
20260916T124604860296Z-limits-study,769,decision-5-appointment-described-True,decision,go_without,go_without,True,397,33,1.0
20260916T124604860296Z-limits-study,770,decision-6-inspection-described-False,decision,bring,bring,True,387,32,0.98
20260916T124604860296Z-limits-study,771,decision-10-collection-described-False,decision,go_without,go_without,True,382,33,1.0
20260916T124604860296Z-limits-study,772,decision-3-service-check-False,decision,yes,yes,True,399,42,0.9
20260916T124604860296Z-limits-study,773,decision-11-appointment-check-True,decision,no,no,True,415,42,1.0
20260916T124604860296Z-limits-study,774,decision-9-service-described-False,decision,bring,bring,True,384,32,0.98
20260916T124604860296Z-limits-study,775,decision-9-service-direct-False,decision,bring,bring,True,363,32,0.96
20260916T124604860296Z-limits-study,776,decision-7-inspection-described-True,decision,bring,bring,True,383,32,0.98
20260916T124604860296Z-limits-study,777,decision-3-appointment-check-True,decision,no,no,True,413,42,1.0
20260916T124604860296Z-limits-study,778,permutation-1-21,permutation,v0,v0,True,376,50,0.68
20260916T124604860296Z-limits-study,779,decision-11-inspection-check-False,decision,yes,yes,True,401,42,0.99
20260916T124604860296Z-limits-study,780,logic-32-0-yes,logic_depth,yes,yes,True,963,42,1.0
20260916T124604860296Z-limits-study,781,decision-9-service-direct-False,decision,bring,bring,True,363,32,0.97
20260916T124604860296Z-limits-study,782,permutation-2-11,permutation,v0,v3,False,382,50,0.26
20260916T124604860296Z-limits-study,783,decision-0-inspection-direct-True,decision,bring,bring,True,362,32,0.84
20260916T124604860296Z-limits-study,784,decision-7-inspection-described-False,decision,bring,bring,True,383,32,0.99
20260916T124604860296Z-limits-study,785,decision-0-service-check-False,decision,yes,yes,True,399,42,0.99
20260916T124604860296Z-limits-study,786,decision-10-appointment-described-False,decision,go_without,go_without,True,397,33,1.0
20260916T124604860296Z-limits-study,787,decision-8-collection-described-True,decision,go_without,go_without,True,382,33,1.0
20260916T124604860296Z-limits-study,788,decision-11-appointment-check-True,decision,no,no,True,415,42,1.0
20260916T124604860296Z-limits-study,789,decision-5-inspection-described-False,decision,bring,bring,True,383,32,0.99
20260916T124604860296Z-limits-study,790,permutation-2-3,permutation,v0,v0,True,382,50,0.25
20260916T124604860296Z-limits-study,791,permutation-2-17,permutation,v0,v0,True,382,50,0.26
20260916T124604860296Z-limits-study,792,permutation-5-15,permutation,v0,v3,False,389,50,0.18
20260916T124604860296Z-limits-study,793,decision-3-collection-check-False,decision,no,no,True,398,42,1.0
20260916T124604860296Z-limits-study,794,tracking-4-2,multi_tracking,hall,hall,True,789,47,0.99
20260916T124604860296Z-limits-study,795,decision-1-inspection-check-False,decision,yes,yes,True,399,42,1.0
20260916T124604860296Z-limits-study,796,decision-6-service-direct-True,decision,bring,bring,True,364,32,0.92
20260916T124604860296Z-limits-study,797,decision-0-appointment-direct-False,decision,go_without,go_without,True,376,33,1.0
20260916T124604860296Z-limits-study,798,decision-11-service-described-True,decision,bring,bring,True,387,32,0.97
20260916T124604860296Z-limits-study,799,decision-5-inspection-described-True,decision,bring,bring,True,383,32,0.99
20260916T124604860296Z-limits-study,800,permutation-0-3,permutation,v0,v0,True,375,50,0.54
20260916T124604860296Z-limits-study,801,permutation-1-7,permutation,v0,v0,True,376,50,0.57
20260916T124604860296Z-limits-study,802,decision-9-appointment-check-True,decision,no,no,True,414,42,1.0
20260916T124604860296Z-limits-study,803,decision-6-inspection-check-False,decision,yes,yes,True,401,42,0.99
20260916T124604860296Z-limits-study,804,tracking-4-2,multi_tracking,hall,hall,True,789,47,0.99
20260916T124604860296Z-limits-study,805,permutation-3-1,permutation,v0,v0,True,383,50,0.19
20260916T124604860296Z-limits-study,806,decision-9-service-described-True,decision,bring,bring,True,384,32,0.97
20260916T124604860296Z-limits-study,807,logic-1-0-no,logic_depth,no,no,True,391,42,1.0
20260916T124604860296Z-limits-study,808,decision-0-collection-described-False,decision,go_without,go_without,True,382,33,1.0
20260916T124604860296Z-limits-study,809,tracking-2-0,multi_tracking,office,office,True,563,47,1.0
20260916T124604860296Z-limits-study,810,decision-2-collection-check-False,decision,no,no,True,398,42,1.0
20260916T124604860296Z-limits-study,811,decision-11-inspection-direct-True,decision,bring,bring,True,364,32,0.96
20260916T124604860296Z-limits-study,812,permutation-4-23,permutation,v0,v3,False,383,50,0.16
20260916T124604860296Z-limits-study,813,decision-3-collection-direct-False,decision,go_without,go_without,True,361,33,1.0
20260916T124604860296Z-limits-study,814,decision-2-service-direct-False,decision,bring,bring,True,362,32,0.94
20260916T124604860296Z-limits-study,815,decision-7-service-check-True,decision,yes,yes,True,399,42,0.94
20260916T124604860296Z-limits-study,816,decision-2-service-direct-False,decision,bring,bring,True,362,32,0.97
20260916T124604860296Z-limits-study,817,decision-5-inspection-check-False,decision,yes,yes,True,399,42,1.0
20260916T124604860296Z-limits-study,818,decision-5-appointment-direct-False,decision,go_without,go_without,True,376,33,1.0
20260916T124604860296Z-limits-study,819,decision-5-appointment-check-True,decision,no,no,True,413,42,1.0
20260916T124604860296Z-limits-study,820,permutation-0-23,permutation,v0,v0,True,375,50,0.82
20260916T124604860296Z-limits-study,821,permutation-4-18,permutation,v0,v0,True,383,50,0.22
20260916T124604860296Z-limits-study,822,permutation-4-4,permutation,v0,v0,True,383,50,0.51
20260916T124604860296Z-limits-study,823,decision-8-inspection-check-True,decision,yes,yes,True,399,42,0.98
20260916T124604860296Z-limits-study,824,records-512-middle-2,competing_records,blue,blue,True,7566,45,0.97
20260916T124604860296Z-limits-study,825,decision-9-collection-direct-True,decision,go_without,go_without,True,362,33,1.0
20260916T124604860296Z-limits-study,826,decision-10-collection-direct-True,decision,go_without,go_without,True,361,33,0.99
20260916T124604860296Z-limits-study,827,decision-6-appointment-described-False,decision,go_without,go_without,True,401,33,1.0
20260916T124604860296Z-limits-study,828,decision-2-inspection-check-True,decision,yes,yes,True,399,42,0.96
20260916T124604860296Z-limits-study,829,decision-5-inspection-direct-True,decision,bring,bring,True,362,32,0.99
20260916T124604860296Z-limits-study,830,decision-0-service-described-False,decision,bring,bring,True,383,32,0.97
20260916T124604860296Z-limits-study,831,logic-32-0-cannot_be_determined,logic_depth,cannot_be_determined,cannot_be_determined,True,963,46,0.8
20260916T124604860296Z-limits-study,832,records-16-end-2,competing_records,blue,blue,True,622,45,1.0
20260916T124604860296Z-limits-study,833,decision-6-service-described-True,decision,bring,bring,True,387,32,0.92
20260916T124604860296Z-limits-study,834,permutation-4-1,permutation,v0,v0,True,383,50,0.63
20260916T124604860296Z-limits-study,835,decision-1-service-described-False,decision,bring,bring,True,383,32,0.98
20260916T124604860296Z-limits-study,836,permutation-4-23,permutation,v0,v0,True,383,50,0.17
20260916T124604860296Z-limits-study,837,records-128-middle-0,competing_records,yellow,yellow,True,2190,45,1.0
20260916T124604860296Z-limits-study,838,decision-4-inspection-check-False,decision,yes,yes,True,401,42,0.98
20260916T124604860296Z-limits-study,839,permutation-0-20,permutation,v0,v0,True,375,50,0.35
20260916T124604860296Z-limits-study,840,tracking-16-1,multi_tracking,garden,garden,True,2181,48,0.96
20260916T124604860296Z-limits-study,841,permutation-2-11,permutation,v0,v3,False,382,50,0.29
20260916T124604860296Z-limits-study,842,permutation-0-20,permutation,v0,v0,True,375,50,0.5
20260916T124604860296Z-limits-study,843,decision-4-collection-check-False,decision,no,no,True,400,42,1.0
20260916T124604860296Z-limits-study,844,decision-4-service-described-True,decision,bring,bring,True,387,32,0.95
20260916T124604860296Z-limits-study,845,permutation-3-10,permutation,v0,v3,False,383,50,0.1
20260916T124604860296Z-limits-study,846,decision-11-inspection-described-False,decision,bring,bring,True,387,32,0.97
20260916T124604860296Z-limits-study,847,permutation-2-0,permutation,v0,v3,False,382,50,0.2
20260916T124604860296Z-limits-study,848,decision-5-service-direct-True,decision,bring,bring,True,362,32,0.96
20260916T124604860296Z-limits-study,849,permutation-3-4,permutation,v0,v0,True,383,50,0.34
20260916T124604860296Z-limits-study,850,permutation-2-16,permutation,v0,v3,False,382,50,0.12
20260916T124604860296Z-limits-study,851,decision-7-appointment-direct-False,decision,go_without,go_without,True,376,33,1.0
20260916T124604860296Z-limits-study,852,decision-3-inspection-described-True,decision,bring,bring,True,383,32,0.94
20260916T124604860296Z-limits-study,853,records-128-end-1,competing_records,red,red,True,2190,45,1.0
20260916T124604860296Z-limits-study,854,logic-4-1-no,logic_depth,no,no,True,442,42,0.97
20260916T124604860296Z-limits-study,855,decision-10-collection-described-False,decision,go_without,go_without,True,382,33,1.0
20260916T124604860296Z-limits-study,856,decision-0-inspection-direct-False,decision,bring,bring,True,362,32,0.89
20260916T124604860296Z-limits-study,857,decision-9-collection-described-False,decision,go_without,go_without,True,383,33,1.0
20260916T124604860296Z-limits-study,858,decision-4-collection-described-False,decision,go_without,go_without,True,386,33,1.0
20260916T124604860296Z-limits-study,859,permutation-5-22,permutation,v0,v3,False,389,50,0.23
20260916T124604860296Z-limits-study,860,decision-3-appointment-direct-False,decision,go_without,go_without,True,376,33,1.0
20260916T124604860296Z-limits-study,861,permutation-5-2,permutation,v0,v0,True,389,50,0.47
20260916T124604860296Z-limits-study,862,logic-16-0-no,logic_depth,no,no,True,660,42,0.83
20260916T124604860296Z-limits-study,863,permutation-2-15,permutation,v0,v0,True,382,50,0.2
20260916T124604860296Z-limits-study,864,permutation-4-11,permutation,v0,v1,False,383,50,0.13
20260916T124604860296Z-limits-study,865,decision-5-appointment-described-False,decision,go_without,go_without,True,397,33,1.0
20260916T124604860296Z-limits-study,866,records-0-start-1,competing_records,red,red,True,398,45,1.0
20260916T124604860296Z-limits-study,867,decision-5-appointment-direct-True,decision,go_without,go_without,True,376,33,1.0
20260916T124604860296Z-limits-study,868,permutation-0-7,permutation,v0,v0,True,375,50,0.52
20260916T124604860296Z-limits-study,869,permutation-4-12,permutation,v0,v0,True,383,50,0.41
20260916T124604860296Z-limits-study,870,decision-6-collection-direct-True,decision,go_without,go_without,True,363,33,1.0
20260916T124604860296Z-limits-study,871,permutation-5-0,permutation,v0,v0,True,389,50,0.43
20260916T124604860296Z-limits-study,872,decision-3-appointment-direct-True,decision,go_without,go_without,True,376,33,1.0
20260916T124604860296Z-limits-study,873,logic-8-1-cannot_be_determined,logic_depth,cannot_be_determined,cannot_be_determined,True,509,46,0.98
20260916T124604860296Z-limits-study,874,logic-16-0-cannot_be_determined,logic_depth,cannot_be_determined,cannot_be_determined,True,659,46,0.9
20260916T124604860296Z-limits-study,875,logic-4-0-yes,logic_depth,yes,yes,True,441,42,1.0
20260916T124604860296Z-limits-study,876,decision-2-collection-described-False,decision,go_without,go_without,True,382,33,1.0
20260916T124604860296Z-limits-study,877,tracking-2-0,multi_tracking,office,office,True,563,47,1.0
20260916T124604860296Z-limits-study,878,logic-16-2-yes,logic_depth,yes,yes,True,659,42,1.0
20260916T124604860296Z-limits-study,879,decision-9-inspection-described-True,decision,bring,bring,True,383,32,0.99
20260916T124604860296Z-limits-study,880,logic-16-1-cannot_be_determined,logic_depth,cannot_be_determined,cannot_be_determined,True,659,46,0.97
20260916T124604860296Z-limits-study,881,records-512-end-1,competing_records,red,red,True,7566,45,1.0
20260916T124604860296Z-limits-study,882,permutation-2-18,permutation,v0,v0,True,382,50,0.13
20260916T124604860296Z-limits-study,883,tracking-1-1,multi_tracking,hall,hall,True,450,47,1.0
20260916T124604860296Z-limits-study,884,permutation-5-21,permutation,v0,v3,False,389,50,0.37
20260916T124604860296Z-limits-study,885,decision-2-appointment-direct-True,decision,go_without,go_without,True,376,33,1.0
20260916T124604860296Z-limits-study,886,decision-11-collection-check-False,decision,no,no,True,400,42,1.0
20260916T124604860296Z-limits-study,887,permutation-5-4,permutation,v0,v0,True,389,50,0.46
20260916T124604860296Z-limits-study,888,records-0-start-2,competing_records,blue,blue,True,398,45,1.0
20260916T124604860296Z-limits-study,889,permutation-0-23,permutation,v0,v0,True,375,50,0.67
20260916T124604860296Z-limits-study,890,permutation-2-19,permutation,v0,v0,True,382,50,0.2
20260916T124604860296Z-limits-study,891,decision-6-collection-check-False,decision,no,no,True,400,42,1.0
20260916T124604860296Z-limits-study,892,permutation-0-3,permutation,v0,v0,True,375,50,0.48
20260916T124604860296Z-limits-study,893,permutation-3-21,permutation,v0,v3,False,383,50,0.36
20260916T124604860296Z-limits-study,894,decision-3-service-direct-False,decision,bring,bring,True,362,32,0.89
20260916T124604860296Z-limits-study,895,decision-8-collection-direct-False,decision,go_without,go_without,True,361,33,0.99
20260916T124604860296Z-limits-study,896,decision-0-appointment-direct-True,decision,go_without,go_without,True,376,33,1.0
20260916T124604860296Z-limits-study,897,decision-10-appointment-check-True,decision,no,no,True,413,42,1.0
20260916T124604860296Z-limits-study,898,records-512-start-0,competing_records,yellow,yellow,True,7566,45,1.0
20260916T124604860296Z-limits-study,899,permutation-3-5,permutation,v0,v0,True,383,50,0.27
20260916T124604860296Z-limits-study,900,decision-9-service-direct-True,decision,bring,bring,True,363,32,0.97
20260916T124604860296Z-limits-study,901,decision-7-appointment-check-False,decision,no,no,True,413,42,1.0
20260916T124604860296Z-limits-study,902,tracking-8-1,multi_tracking,garden,garden,True,1241,48,0.97
20260916T124604860296Z-limits-study,903,decision-9-appointment-direct-True,decision,go_without,go_without,True,377,33,1.0
20260916T124604860296Z-limits-study,904,logic-2-1-no,logic_depth,no,no,True,408,42,0.99
20260916T124604860296Z-limits-study,905,permutation-3-13,permutation,v0,v0,True,383,50,0.16
20260916T124604860296Z-limits-study,906,decision-8-inspection-direct-False,decision,bring,bring,True,362,32,0.93
20260916T124604860296Z-limits-study,907,permutation-5-1,permutation,v0,v0,True,389,50,0.56
20260916T124604860296Z-limits-study,908,decision-9-collection-check-True,decision,no,no,True,399,42,1.0
20260916T124604860296Z-limits-study,909,decision-11-inspection-described-True,decision,bring,bring,True,387,32,0.98
20260916T124604860296Z-limits-study,910,tracking-8-0,multi_tracking,office,office,True,1241,47,0.98
20260916T124604860296Z-limits-study,911,logic-1-1-cannot_be_determined,logic_depth,cannot_be_determined,cannot_be_determined,True,390,46,1.0
20260916T124604860296Z-limits-study,912,decision-5-service-direct-False,decision,bring,bring,True,362,32,0.98
20260916T124604860296Z-limits-study,913,records-512-end-2,competing_records,blue,blue,True,7566,45,0.99
20260916T124604860296Z-limits-study,914,permutation-0-1,permutation,v0,v0,True,375,50,0.6
20260916T124604860296Z-limits-study,915,decision-9-service-check-False,decision,yes,yes,True,400,42,0.99
20260916T124604860296Z-limits-study,916,decision-10-collection-described-True,decision,go_without,go_without,True,382,33,1.0
20260916T124604860296Z-limits-study,917,decision-10-appointment-direct-False,decision,go_without,go_without,True,376,33,1.0
20260916T124604860296Z-limits-study,918,decision-8-inspection-check-True,decision,yes,yes,True,399,42,0.98
20260916T124604860296Z-limits-study,919,permutation-3-18,permutation,v0,v3,False,383,50,0.27
20260916T124604860296Z-limits-study,920,decision-2-appointment-described-True,decision,go_without,go_without,True,397,33,1.0
20260916T124604860296Z-limits-study,921,records-128-middle-2,competing_records,blue,blue,True,2190,45,1.0
20260916T124604860296Z-limits-study,922,logic-8-0-cannot_be_determined,logic_depth,cannot_be_determined,cannot_be_determined,True,509,46,0.94
20260916T124604860296Z-limits-study,923,decision-10-collection-direct-True,decision,go_without,go_without,True,361,33,1.0
20260916T124604860296Z-limits-study,924,records-0-end-1,competing_records,red,red,True,398,45,1.0
20260916T124604860296Z-limits-study,925,permutation-2-13,permutation,v0,v3,False,382,50,0.22
20260916T124604860296Z-limits-study,926,decision-11-inspection-described-True,decision,bring,bring,True,387,32,0.98
20260916T124604860296Z-limits-study,927,permutation-5-5,permutation,v0,v0,True,389,50,0.48
20260916T124604860296Z-limits-study,928,permutation-1-8,permutation,v0,v0,True,376,50,0.53
20260916T124604860296Z-limits-study,929,permutation-2-7,permutation,v0,v3,False,382,50,0.17
20260916T124604860296Z-limits-study,930,decision-0-appointment-direct-False,decision,go_without,go_without,True,376,33,1.0
20260916T124604860296Z-limits-study,931,permutation-4-18,permutation,v0,v0,True,383,50,0.27
20260916T124604860296Z-limits-study,932,logic-1-1-yes,logic_depth,yes,yes,True,390,42,1.0
20260916T124604860296Z-limits-study,933,permutation-2-1,permutation,v0,v3,False,382,50,0.17
20260916T124604860296Z-limits-study,934,permutation-5-13,permutation,v0,v0,True,389,50,0.48
20260916T124604860296Z-limits-study,935,decision-6-service-check-True,decision,yes,yes,True,401,42,0.88
20260916T124604860296Z-limits-study,936,decision-8-collection-direct-False,decision,go_without,go_without,True,361,33,0.99
20260916T124604860296Z-limits-study,937,decision-9-collection-direct-True,decision,go_without,go_without,True,362,33,1.0
20260916T124604860296Z-limits-study,938,records-0-start-1,competing_records,red,red,True,398,45,1.0
20260916T124604860296Z-limits-study,939,logic-16-1-yes,logic_depth,yes,yes,True,659,42,1.0
20260916T124604860296Z-limits-study,940,logic-1-1-no,logic_depth,no,no,True,391,42,1.0
20260916T124604860296Z-limits-study,941,decision-11-inspection-described-False,decision,bring,bring,True,387,32,0.98
20260916T124604860296Z-limits-study,942,permutation-4-20,permutation,v0,v3,False,383,50,0.24
20260916T124604860296Z-limits-study,943,decision-0-collection-direct-True,decision,go_without,go_without,True,361,33,1.0
20260916T124604860296Z-limits-study,944,decision-10-service-direct-False,decision,bring,bring,True,362,32,0.95
20260916T124604860296Z-limits-study,945,decision-2-service-direct-False,decision,bring,bring,True,362,32,0.95
20260916T124604860296Z-limits-study,946,permutation-5-6,permutation,v0,v0,True,389,50,0.14
20260916T124604860296Z-limits-study,947,decision-8-service-check-True,decision,yes,yes,True,399,42,0.96
20260916T124604860296Z-limits-study,948,decision-7-service-direct-True,decision,bring,bring,True,362,32,0.93
20260916T124604860296Z-limits-study,949,permutation-4-16,permutation,v0,v0,True,383,50,0.42
20260916T124604860296Z-limits-study,950,logic-32-0-cannot_be_determined,logic_depth,cannot_be_determined,cannot_be_determined,True,963,46,0.88
20260916T124604860296Z-limits-study,951,decision-6-collection-check-True,decision,no,no,True,400,42,1.0
20260916T124604860296Z-limits-study,952,decision-6-inspection-check-True,decision,yes,yes,True,401,42,0.99
20260916T124604860296Z-limits-study,953,decision-7-service-described-True,decision,bring,bring,True,383,32,0.96
20260916T124604860296Z-limits-study,954,permutation-3-12,permutation,v0,v3,False,383,50,0.31
20260916T124604860296Z-limits-study,955,records-0-middle-2,competing_records,blue,blue,True,398,45,1.0
20260916T124604860296Z-limits-study,956,permutation-0-16,permutation,v0,v0,True,375,50,0.72
20260916T124604860296Z-limits-study,957,decision-5-collection-described-False,decision,go_without,go_without,True,382,33,1.0
20260916T124604860296Z-limits-study,958,decision-2-inspection-described-True,decision,bring,bring,True,383,32,0.92
20260916T124604860296Z-limits-study,959,decision-1-collection-direct-True,decision,go_without,go_without,True,361,33,1.0
20260916T124604860296Z-limits-study,960,logic-1-2-cannot_be_determined,logic_depth,cannot_be_determined,cannot_be_determined,True,390,46,1.0
20260916T124604860296Z-limits-study,961,permutation-0-6,permutation,v0,v0,True,375,50,0.63
20260916T124604860296Z-limits-study,962,permutation-5-14,permutation,v0,v0,True,389,50,0.32
20260916T124604860296Z-limits-study,963,records-128-start-1,competing_records,red,red,True,2190,45,1.0
20260916T124604860296Z-limits-study,964,decision-2-inspection-direct-True,decision,bring,bring,True,362,32,0.85
20260916T124604860296Z-limits-study,965,tracking-1-0,multi_tracking,kitchen,kitchen,True,450,48,1.0
20260916T124604860296Z-limits-study,966,decision-4-inspection-direct-True,decision,bring,bring,True,364,32,0.91
20260916T124604860296Z-limits-study,967,records-0-middle-0,competing_records,yellow,yellow,True,398,45,1.0
20260916T124604860296Z-limits-study,968,permutation-1-4,permutation,v0,v0,True,376,50,0.6
20260916T124604860296Z-limits-study,969,decision-10-collection-described-True,decision,go_without,go_without,True,382,33,1.0
20260916T124604860296Z-limits-study,970,records-16-start-2,competing_records,blue,blue,True,622,45,1.0
20260916T124604860296Z-limits-study,971,decision-3-inspection-described-False,decision,bring,bring,True,383,32,0.96
20260916T124604860296Z-limits-study,972,permutation-5-7,permutation,v0,v0,True,389,50,0.2
20260916T124604860296Z-limits-study,973,decision-4-appointment-direct-True,decision,go_without,go_without,True,378,33,1.0
20260916T124604860296Z-limits-study,974,permutation-1-15,permutation,v0,v0,True,376,50,0.76
20260916T124604860296Z-limits-study,975,records-128-middle-0,competing_records,yellow,yellow,True,2190,45,1.0
20260916T124604860296Z-limits-study,976,records-512-middle-0,competing_records,yellow,yellow,True,7566,45,0.94
20260916T124604860296Z-limits-study,977,logic-8-0-yes,logic_depth,yes,yes,True,509,42,1.0
20260916T124604860296Z-limits-study,978,logic-1-2-yes,logic_depth,yes,yes,True,390,42,1.0
20260916T124604860296Z-limits-study,979,logic-1-1-yes,logic_depth,yes,yes,True,390,42,1.0
20260916T124604860296Z-limits-study,980,permutation-4-14,permutation,v0,v0,True,383,50,0.46
20260916T124604860296Z-limits-study,981,permutation-5-3,permutation,v0,v0,True,389,50,0.61
20260916T124604860296Z-limits-study,982,decision-5-collection-described-True,decision,go_without,go_without,True,382,33,1.0
20260916T124604860296Z-limits-study,983,permutation-1-17,permutation,v0,v0,True,376,50,0.77
20260916T124604860296Z-limits-study,984,decision-4-service-described-False,decision,bring,bring,True,387,32,0.93
20260916T124604860296Z-limits-study,985,decision-0-service-direct-True,decision,bring,bring,True,362,32,0.93
20260916T124604860296Z-limits-study,986,decision-0-collection-described-True,decision,go_without,go_without,True,382,33,1.0
20260916T124604860296Z-limits-study,987,decision-1-appointment-described-False,decision,go_without,go_without,True,397,33,1.0
20260916T124604860296Z-limits-study,988,records-512-start-1,competing_records,red,red,True,7566,45,1.0
20260916T124604860296Z-limits-study,989,decision-7-service-described-False,decision,bring,bring,True,383,32,0.95
20260916T124604860296Z-limits-study,990,decision-10-inspection-direct-True,decision,bring,bring,True,362,32,0.97
20260916T124604860296Z-limits-study,991,permutation-1-0,permutation,v0,v0,True,376,50,0.63
20260916T124604860296Z-limits-study,992,decision-6-collection-check-False,decision,no,no,True,400,42,1.0
20260916T124604860296Z-limits-study,993,permutation-1-15,permutation,v0,v0,True,376,50,0.75
20260916T124604860296Z-limits-study,994,permutation-1-23,permutation,v0,v0,True,376,50,0.65
20260916T124604860296Z-limits-study,995,decision-1-service-described-True,decision,bring,bring,True,383,32,0.98
20260916T124604860296Z-limits-study,996,permutation-2-21,permutation,v0,v0,True,382,50,0.29
20260916T124604860296Z-limits-study,997,decision-2-collection-direct-True,decision,go_without,go_without,True,361,33,0.99
20260916T124604860296Z-limits-study,998,decision-7-appointment-described-True,decision,go_without,go_without,True,397,33,1.0
20260916T124604860296Z-limits-study,999,tracking-2-0,multi_tracking,office,office,True,563,47,1.0
20260916T124604860296Z-limits-study,1000,permutation-0-15,permutation,v0,v0,True,375,50,0.8
20260916T124604860296Z-limits-study,1001,tracking-8-2,multi_tracking,kitchen,kitchen,True,1241,48,0.99
20260916T124604860296Z-limits-study,1002,permutation-1-2,permutation,v0,v0,True,376,50,0.63
20260916T124604860296Z-limits-study,1003,decision-10-collection-check-False,decision,no,no,True,398,42,1.0
20260916T124604860296Z-limits-study,1004,decision-11-collection-described-True,decision,go_without,go_without,True,386,33,1.0
20260916T124604860296Z-limits-study,1005,permutation-2-16,permutation,v0,v0,True,382,50,0.12
20260916T124604860296Z-limits-study,1006,decision-10-service-check-True,decision,yes,yes,True,399,42,0.94
20260916T124604860296Z-limits-study,1007,decision-6-service-check-True,decision,yes,yes,True,401,42,0.85
20260916T124604860296Z-limits-study,1008,permutation-5-14,permutation,v0,v3,False,389,50,0.2
20260916T124604860296Z-limits-study,1009,decision-10-service-check-False,decision,yes,yes,True,399,42,0.96
20260916T124604860296Z-limits-study,1010,permutation-0-1,permutation,v0,v0,True,375,50,0.71
20260916T124604860296Z-limits-study,1011,decision-9-inspection-described-False,decision,bring,bring,True,383,32,0.99
20260916T124604860296Z-limits-study,1012,decision-4-appointment-direct-False,decision,go_without,go_without,True,378,33,1.0
20260916T124604860296Z-limits-study,1013,permutation-5-19,permutation,v0,v3,False,389,50,0.4
20260916T124604860296Z-limits-study,1014,permutation-3-6,permutation,v0,v0,True,383,50,0.15
20260916T124604860296Z-limits-study,1015,decision-3-appointment-direct-False,decision,go_without,go_without,True,376,33,1.0
20260916T124604860296Z-limits-study,1016,logic-4-2-yes,logic_depth,yes,yes,True,441,42,1.0
20260916T124604860296Z-limits-study,1017,records-512-middle-2,competing_records,blue,blue,True,7566,45,0.99
20260916T124604860296Z-limits-study,1018,decision-4-inspection-described-True,decision,bring,bring,True,387,32,0.95
20260916T124604860296Z-limits-study,1019,records-16-end-2,competing_records,blue,blue,True,622,45,1.0
20260916T124604860296Z-limits-study,1020,decision-7-appointment-direct-True,decision,go_without,go_without,True,376,33,1.0
20260916T124604860296Z-limits-study,1021,logic-8-0-cannot_be_determined,logic_depth,cannot_be_determined,cannot_be_determined,True,509,46,0.94
20260916T124604860296Z-limits-study,1022,decision-9-appointment-described-True,decision,go_without,go_without,True,398,33,1.0
20260916T124604860296Z-limits-study,1023,permutation-2-4,permutation,v0,v0,True,382,50,0.18
20260916T124604860296Z-limits-study,1024,decision-6-inspection-direct-True,decision,bring,bring,True,364,32,0.94
20260916T124604860296Z-limits-study,1025,decision-5-collection-described-True,decision,go_without,go_without,True,382,33,1.0
20260916T124604860296Z-limits-study,1026,decision-8-service-direct-False,decision,bring,bring,True,362,32,0.95
20260916T124604860296Z-limits-study,1027,decision-9-collection-described-False,decision,go_without,go_without,True,383,33,1.0
20260916T124604860296Z-limits-study,1028,permutation-3-9,permutation,v0,v3,False,383,50,0.27
20260916T124604860296Z-limits-study,1029,permutation-1-16,permutation,v0,v0,True,376,50,0.63
20260916T124604860296Z-limits-study,1030,permutation-4-10,permutation,v0,v1,False,383,50,0.27
20260916T124604860296Z-limits-study,1031,decision-3-collection-described-True,decision,go_without,go_without,True,382,33,1.0
20260916T124604860296Z-limits-study,1032,permutation-4-17,permutation,v0,v0,True,383,50,0.19
20260916T124604860296Z-limits-study,1033,decision-0-collection-check-True,decision,no,no,True,398,42,1.0
20260916T124604860296Z-limits-study,1034,tracking-8-0,multi_tracking,office,office,True,1241,47,0.97
20260916T124604860296Z-limits-study,1035,decision-10-inspection-check-True,decision,yes,yes,True,399,42,0.99
20260916T124604860296Z-limits-study,1036,logic-16-1-no,logic_depth,no,no,True,660,42,0.95
20260916T124604860296Z-limits-study,1037,decision-7-inspection-check-True,decision,yes,yes,True,399,42,0.99
20260916T124604860296Z-limits-study,1038,records-0-end-2,competing_records,blue,blue,True,398,45,1.0
20260916T124604860296Z-limits-study,1039,decision-4-service-direct-True,decision,bring,bring,True,364,32,0.95
20260916T124604860296Z-limits-study,1040,permutation-4-20,permutation,v0,v3,False,383,50,0.26
20260916T124604860296Z-limits-study,1041,decision-6-service-direct-False,decision,bring,bring,True,364,32,0.92
20260916T124604860296Z-limits-study,1042,permutation-2-18,permutation,v0,v3,False,382,50,0.15
20260916T124604860296Z-limits-study,1043,records-128-start-1,competing_records,red,red,True,2190,45,1.0
20260916T124604860296Z-limits-study,1044,decision-7-appointment-direct-False,decision,go_without,go_without,True,376,33,1.0
20260916T124604860296Z-limits-study,1045,decision-7-service-check-False,decision,yes,yes,True,399,42,0.95
20260916T124604860296Z-limits-study,1046,permutation-4-8,permutation,v0,v0,True,383,50,0.29
20260916T124604860296Z-limits-study,1047,records-128-middle-1,competing_records,red,red,True,2190,45,1.0
20260916T124604860296Z-limits-study,1048,decision-6-collection-described-False,decision,go_without,go_without,True,386,33,1.0
20260916T124604860296Z-limits-study,1049,decision-4-inspection-described-False,decision,bring,bring,True,387,32,0.97
20260916T124604860296Z-limits-study,1050,decision-3-service-check-False,decision,yes,yes,True,399,42,0.9
20260916T124604860296Z-limits-study,1051,permutation-1-21,permutation,v0,v0,True,376,50,0.63
20260916T124604860296Z-limits-study,1052,decision-5-service-check-False,decision,yes,yes,True,399,42,0.99
20260916T124604860296Z-limits-study,1053,decision-4-inspection-direct-True,decision,bring,bring,True,364,32,0.9
20260916T124604860296Z-limits-study,1054,decision-2-collection-direct-True,decision,go_without,go_without,True,361,33,0.99
20260916T124604860296Z-limits-study,1055,decision-5-service-direct-False,decision,bring,bring,True,362,32,0.96
20260916T124604860296Z-limits-study,1056,logic-8-0-no,logic_depth,no,no,True,510,42,0.91
20260916T124604860296Z-limits-study,1057,logic-32-0-no,logic_depth,no,no,True,964,42,0.81
20260916T124604860296Z-limits-study,1058,decision-0-collection-check-True,decision,no,no,True,398,42,1.0
20260916T124604860296Z-limits-study,1059,decision-7-inspection-check-False,decision,yes,yes,True,399,42,0.99
20260916T124604860296Z-limits-study,1060,permutation-3-14,permutation,v0,v3,False,383,50,0.31
20260916T124604860296Z-limits-study,1061,permutation-1-10,permutation,v0,v0,True,376,50,0.48
20260916T124604860296Z-limits-study,1062,permutation-2-4,permutation,v0,v0,True,382,50,0.2
20260916T124604860296Z-limits-study,1063,decision-4-appointment-check-False,decision,no,no,True,415,42,1.0
20260916T124604860296Z-limits-study,1064,permutation-4-15,permutation,v0,v0,True,383,50,0.34
20260916T124604860296Z-limits-study,1065,permutation-2-9,permutation,v0,v3,False,382,50,0.16
20260916T124604860296Z-limits-study,1066,decision-11-collection-described-False,decision,go_without,go_without,True,386,33,1.0
20260916T124604860296Z-limits-study,1067,permutation-4-14,permutation,v0,v0,True,383,50,0.45
20260916T124604860296Z-limits-study,1068,permutation-3-22,permutation,v0,v3,False,383,50,0.26
20260916T124604860296Z-limits-study,1069,decision-4-inspection-check-False,decision,yes,yes,True,401,42,0.98
20260916T124604860296Z-limits-study,1070,decision-7-appointment-direct-False,decision,go_without,go_without,True,376,33,1.0
20260916T124604860296Z-limits-study,1071,decision-2-inspection-check-False,decision,yes,yes,True,399,42,0.96
20260916T124604860296Z-limits-study,1072,logic-4-2-no,logic_depth,no,no,True,442,42,0.95
20260916T124604860296Z-limits-study,1073,decision-7-inspection-described-True,decision,bring,bring,True,383,32,0.98
20260916T124604860296Z-limits-study,1074,permutation-4-12,permutation,v0,v0,True,383,50,0.44
20260916T124604860296Z-limits-study,1075,decision-3-service-described-True,decision,bring,bring,True,383,32,0.91
20260916T124604860296Z-limits-study,1076,decision-10-appointment-described-True,decision,go_without,go_without,True,397,33,1.0
20260916T124604860296Z-limits-study,1077,permutation-3-0,permutation,v0,v0,True,383,50,0.24
20260916T124604860296Z-limits-study,1078,logic-8-2-no,logic_depth,no,no,True,510,42,0.92
20260916T124604860296Z-limits-study,1079,permutation-5-1,permutation,v0,v0,True,389,50,0.46
20260916T124604860296Z-limits-study,1080,decision-11-service-described-False,decision,bring,bring,True,387,32,0.98
20260916T124604860296Z-limits-study,1081,decision-2-inspection-described-False,decision,bring,bring,True,383,32,0.94
20260916T124604860296Z-limits-study,1082,decision-2-collection-check-False,decision,no,no,True,398,42,1.0
20260916T124604860296Z-limits-study,1083,permutation-4-13,permutation,v0,v0,True,383,50,0.44
20260916T124604860296Z-limits-study,1084,decision-3-service-described-True,decision,bring,bring,True,383,32,0.91
20260916T124604860296Z-limits-study,1085,permutation-1-5,permutation,v0,v0,True,376,50,0.76
20260916T124604860296Z-limits-study,1086,decision-10-inspection-check-True,decision,yes,yes,True,399,42,0.99
20260916T124604860296Z-limits-study,1087,permutation-5-19,permutation,v0,v3,False,389,50,0.27
20260916T124604860296Z-limits-study,1088,decision-7-collection-direct-True,decision,go_without,go_without,True,361,33,1.0
20260916T124604860296Z-limits-study,1089,decision-6-collection-check-False,decision,no,no,True,400,42,1.0
20260916T124604860296Z-limits-study,1090,decision-4-appointment-check-True,decision,no,no,True,415,42,1.0
20260916T124604860296Z-limits-study,1091,decision-11-appointment-described-True,decision,go_without,go_without,True,401,33,1.0
20260916T124604860296Z-limits-study,1092,decision-4-appointment-described-False,decision,go_without,go_without,True,401,33,1.0
20260916T124604860296Z-limits-study,1093,decision-10-collection-direct-True,decision,go_without,go_without,True,361,33,0.99
20260916T124604860296Z-limits-study,1094,decision-3-collection-direct-True,decision,go_without,go_without,True,361,33,1.0
20260916T124604860296Z-limits-study,1095,logic-16-0-no,logic_depth,no,no,True,660,42,0.83
20260916T124604860296Z-limits-study,1096,decision-4-inspection-check-True,decision,yes,yes,True,401,42,0.98
20260916T124604860296Z-limits-study,1097,decision-10-service-described-True,decision,bring,bring,True,383,32,0.95
20260916T124604860296Z-limits-study,1098,decision-0-collection-direct-True,decision,go_without,go_without,True,361,33,1.0
20260916T124604860296Z-limits-study,1099,decision-3-inspection-direct-True,decision,bring,bring,True,362,32,0.92
20260916T124604860296Z-limits-study,1100,logic-8-0-no,logic_depth,no,no,True,510,42,0.92
20260916T124604860296Z-limits-study,1101,decision-3-collection-described-True,decision,go_without,go_without,True,382,33,1.0
20260916T124604860296Z-limits-study,1102,decision-11-collection-direct-True,decision,go_without,go_without,True,363,33,1.0
20260916T124604860296Z-limits-study,1103,decision-8-service-described-True,decision,bring,bring,True,383,32,0.93
20260916T124604860296Z-limits-study,1104,tracking-1-1,multi_tracking,hall,hall,True,450,47,1.0
20260916T124604860296Z-limits-study,1105,records-16-middle-1,competing_records,red,red,True,622,45,1.0
20260916T124604860296Z-limits-study,1106,decision-4-collection-direct-False,decision,go_without,go_without,True,363,33,1.0
20260916T124604860296Z-limits-study,1107,logic-8-1-cannot_be_determined,logic_depth,cannot_be_determined,cannot_be_determined,True,509,46,0.97
20260916T124604860296Z-limits-study,1108,permutation-5-17,permutation,v0,v3,False,389,50,0.18
20260916T124604860296Z-limits-study,1109,permutation-2-8,permutation,v0,v3,False,382,50,0.15
20260916T124604860296Z-limits-study,1110,decision-8-inspection-check-False,decision,yes,yes,True,399,42,0.98
20260916T124604860296Z-limits-study,1111,permutation-1-14,permutation,v0,v0,True,376,50,0.62
20260916T124604860296Z-limits-study,1112,records-128-end-2,competing_records,blue,blue,True,2190,45,0.99
20260916T124604860296Z-limits-study,1113,decision-11-inspection-direct-False,decision,bring,bring,True,364,32,0.98
20260916T124604860296Z-limits-study,1114,decision-4-appointment-direct-True,decision,go_without,go_without,True,378,33,1.0
20260916T124604860296Z-limits-study,1115,decision-10-inspection-direct-False,decision,bring,bring,True,362,32,0.97
20260916T124604860296Z-limits-study,1116,records-0-start-0,competing_records,yellow,yellow,True,398,45,1.0
20260916T124604860296Z-limits-study,1117,decision-7-service-described-False,decision,bring,bring,True,383,32,0.96
20260916T124604860296Z-limits-study,1118,permutation-1-10,permutation,v0,v0,True,376,50,0.5
20260916T124604860296Z-limits-study,1119,logic-2-2-yes,logic_depth,yes,yes,True,407,42,1.0
20260916T124604860296Z-limits-study,1120,decision-0-service-check-False,decision,yes,yes,True,399,42,0.99
20260916T124604860296Z-limits-study,1121,tracking-16-2,multi_tracking,office,office,True,2181,47,0.89
20260916T124604860296Z-limits-study,1122,records-512-start-2,competing_records,blue,blue,True,7566,45,1.0
20260916T124604860296Z-limits-study,1123,decision-10-service-described-False,decision,bring,bring,True,383,32,0.97
20260916T124604860296Z-limits-study,1124,decision-5-inspection-described-False,decision,bring,bring,True,383,32,0.99
20260916T124604860296Z-limits-study,1125,permutation-0-8,permutation,v0,v0,True,375,50,0.67
20260916T124604860296Z-limits-study,1126,permutation-1-19,permutation,v0,v0,True,376,50,0.54
20260916T124604860296Z-limits-study,1127,logic-16-0-cannot_be_determined,logic_depth,cannot_be_determined,cannot_be_determined,True,659,46,0.92
20260916T124604860296Z-limits-study,1128,logic-8-2-yes,logic_depth,yes,yes,True,509,42,1.0
20260916T124604860296Z-limits-study,1129,permutation-5-20,permutation,v0,v3,False,389,50,0.49
20260916T124604860296Z-limits-study,1130,permutation-3-2,permutation,v0,v0,True,383,50,0.22
20260916T124604860296Z-limits-study,1131,logic-32-1-no,logic_depth,no,no,True,964,42,0.93
20260916T124604860296Z-limits-study,1132,decision-10-appointment-direct-True,decision,go_without,go_without,True,376,33,1.0
20260916T124604860296Z-limits-study,1133,decision-5-appointment-check-False,decision,no,no,True,413,42,1.0
20260916T124604860296Z-limits-study,1134,decision-7-inspection-check-True,decision,yes,yes,True,399,42,0.98
20260916T124604860296Z-limits-study,1135,permutation-1-8,permutation,v0,v0,True,376,50,0.48
20260916T124604860296Z-limits-study,1136,decision-11-inspection-check-False,decision,yes,yes,True,401,42,0.99
20260916T124604860296Z-limits-study,1137,permutation-3-21,permutation,v0,v3,False,383,50,0.43
20260916T124604860296Z-limits-study,1138,decision-8-appointment-check-True,decision,no,no,True,413,42,1.0
20260916T124604860296Z-limits-study,1139,decision-7-inspection-described-True,decision,bring,bring,True,383,32,0.98
20260916T124604860296Z-limits-study,1140,decision-3-appointment-described-True,decision,go_without,go_without,True,397,33,1.0
20260916T124604860296Z-limits-study,1141,decision-3-collection-check-True,decision,no,no,True,398,42,1.0
20260916T124604860296Z-limits-study,1142,permutation-0-17,permutation,v0,v0,True,375,50,0.8
20260916T124604860296Z-limits-study,1143,permutation-2-23,permutation,v0,v0,True,382,50,0.33
20260916T124604860296Z-limits-study,1144,decision-8-service-described-True,decision,bring,bring,True,383,32,0.94
20260916T124604860296Z-limits-study,1145,decision-2-service-described-False,decision,bring,bring,True,383,32,0.98
20260916T124604860296Z-limits-study,1146,decision-6-inspection-described-True,decision,bring,bring,True,387,32,0.97
20260916T124604860296Z-limits-study,1147,permutation-0-12,permutation,v0,v0,True,375,50,0.55
20260916T124604860296Z-limits-study,1148,decision-3-collection-direct-True,decision,go_without,go_without,True,361,33,1.0
20260916T124604860296Z-limits-study,1149,logic-2-2-no,logic_depth,no,no,True,408,42,0.99
20260916T124604860296Z-limits-study,1150,decision-1-service-direct-False,decision,bring,bring,True,362,32,0.97
20260916T124604860296Z-limits-study,1151,permutation-0-2,permutation,v0,v0,True,375,50,0.53
20260916T124604860296Z-limits-study,1152,decision-2-service-described-False,decision,bring,bring,True,383,32,0.98
20260916T124604860296Z-limits-study,1153,decision-7-appointment-check-True,decision,no,no,True,413,42,1.0
20260916T124604860296Z-limits-study,1154,decision-0-appointment-described-True,decision,go_without,go_without,True,397,33,1.0
20260916T124604860296Z-limits-study,1155,decision-9-inspection-described-True,decision,bring,bring,True,383,32,0.98
20260916T124604860296Z-limits-study,1156,decision-6-appointment-direct-True,decision,go_without,go_without,True,378,33,1.0
20260916T124604860296Z-limits-study,1157,decision-8-appointment-described-True,decision,go_without,go_without,True,397,33,1.0
20260916T124604860296Z-limits-study,1158,records-128-middle-2,competing_records,blue,blue,True,2190,45,1.0
20260916T124604860296Z-limits-study,1159,permutation-1-13,permutation,v0,v0,True,376,50,0.48
20260916T124604860296Z-limits-study,1160,permutation-5-2,permutation,v0,v0,True,389,50,0.45
20260916T124604860296Z-limits-study,1161,logic-1-0-cannot_be_determined,logic_depth,cannot_be_determined,cannot_be_determined,True,390,46,1.0
20260916T124604860296Z-limits-study,1162,logic-4-1-cannot_be_determined,logic_depth,cannot_be_determined,cannot_be_determined,True,441,46,0.98
20260916T124604860296Z-limits-study,1163,decision-1-inspection-direct-False,decision,bring,bring,True,362,32,0.98
20260916T124604860296Z-limits-study,1164,decision-4-collection-described-False,decision,go_without,go_without,True,386,33,1.0
20260916T124604860296Z-limits-study,1165,decision-4-collection-direct-False,decision,go_without,go_without,True,363,33,1.0
20260916T124604860296Z-limits-study,1166,decision-8-appointment-described-False,decision,go_without,go_without,True,397,33,1.0
20260916T124604860296Z-limits-study,1167,permutation-0-9,permutation,v0,v0,True,375,50,0.82
20260916T124604860296Z-limits-study,1168,records-16-end-1,competing_records,red,red,True,622,45,1.0
20260916T124604860296Z-limits-study,1169,logic-8-2-yes,logic_depth,yes,yes,True,509,42,1.0
20260916T124604860296Z-limits-study,1170,permutation-4-11,permutation,v0,v1,False,383,50,0.2
20260916T124604860296Z-limits-study,1171,decision-8-appointment-described-False,decision,go_without,go_without,True,397,33,1.0
20260916T124604860296Z-limits-study,1172,records-128-end-0,competing_records,yellow,yellow,True,2190,45,0.99
20260916T124604860296Z-limits-study,1173,decision-10-inspection-check-False,decision,yes,yes,True,399,42,0.99
20260916T124604860296Z-limits-study,1174,decision-4-collection-described-False,decision,go_without,go_without,True,386,33,1.0
20260916T124604860296Z-limits-study,1175,decision-3-service-check-True,decision,yes,yes,True,399,42,0.9
20260916T124604860296Z-limits-study,1176,decision-2-appointment-direct-True,decision,go_without,go_without,True,376,33,1.0
20260916T124604860296Z-limits-study,1177,logic-4-1-no,logic_depth,no,no,True,442,42,0.96
20260916T124604860296Z-limits-study,1178,decision-8-service-direct-True,decision,bring,bring,True,362,32,0.94
20260916T124604860296Z-limits-study,1179,decision-6-inspection-direct-True,decision,bring,bring,True,364,32,0.93
20260916T124604860296Z-limits-study,1180,decision-9-appointment-direct-True,decision,go_without,go_without,True,377,33,1.0
20260916T124604860296Z-limits-study,1181,tracking-1-2,multi_tracking,hall,hall,True,450,47,1.0
20260916T124604860296Z-limits-study,1182,decision-11-inspection-direct-False,decision,bring,bring,True,364,32,0.97
20260916T124604860296Z-limits-study,1183,permutation-4-15,permutation,v0,v0,True,383,50,0.4
20260916T124604860296Z-limits-study,1184,permutation-1-13,permutation,v0,v0,True,376,50,0.57
20260916T124604860296Z-limits-study,1185,permutation-4-13,permutation,v0,v0,True,383,50,0.38
20260916T124604860296Z-limits-study,1186,decision-11-service-direct-False,decision,bring,bring,True,364,32,0.97
20260916T124604860296Z-limits-study,1187,permutation-1-1,permutation,v0,v0,True,376,50,0.66
20260916T124604860296Z-limits-study,1188,decision-7-service-direct-False,decision,bring,bring,True,362,32,0.95
20260916T124604860296Z-limits-study,1189,permutation-5-16,permutation,v0,v3,False,389,50,0.18
20260916T124604860296Z-limits-study,1190,permutation-0-17,permutation,v0,v0,True,375,50,0.76
20260916T124604860296Z-limits-study,1191,permutation-5-7,permutation,v0,v1,False,389,50,0.12
20260916T124604860296Z-limits-study,1192,logic-16-2-cannot_be_determined,logic_depth,cannot_be_determined,cannot_be_determined,True,659,46,0.81
20260916T124604860296Z-limits-study,1193,permutation-3-22,permutation,v0,v3,False,383,50,0.21
20260916T124604860296Z-limits-study,1194,decision-1-service-check-True,decision,yes,yes,True,399,42,1.0
20260916T124604860296Z-limits-study,1195,tracking-4-0,multi_tracking,garden,garden,True,789,48,0.95
20260916T124604860296Z-limits-study,1196,permutation-3-8,permutation,v0,v3,False,383,50,0.23
20260916T124604860296Z-limits-study,1197,decision-4-inspection-described-False,decision,bring,bring,True,387,32,0.97
20260916T124604860296Z-limits-study,1198,decision-6-service-direct-True,decision,bring,bring,True,364,32,0.93
20260916T124604860296Z-limits-study,1199,permutation-2-5,permutation,v0,v0,True,382,50,0.21
20260916T124604860296Z-limits-study,1200,permutation-5-11,permutation,v0,v1,False,389,50,0.13
20260916T124604860296Z-limits-study,1201,permutation-0-19,permutation,v0,v0,True,375,50,0.51
20260916T124604860296Z-limits-study,1202,decision-0-appointment-described-False,decision,go_without,go_without,True,397,33,1.0
20260916T124604860296Z-limits-study,1203,decision-9-appointment-check-False,decision,no,no,True,414,42,1.0
20260916T124604860296Z-limits-study,1204,decision-9-inspection-described-True,decision,bring,bring,True,383,32,0.99
20260916T124604860296Z-limits-study,1205,decision-4-inspection-direct-False,decision,bring,bring,True,364,32,0.95
20260916T124604860296Z-limits-study,1206,decision-10-service-direct-False,decision,bring,bring,True,362,32,0.94
20260916T124604860296Z-limits-study,1207,decision-3-inspection-described-False,decision,bring,bring,True,383,32,0.96
20260916T124604860296Z-limits-study,1208,records-0-end-0,competing_records,yellow,yellow,True,398,45,1.0
20260916T124604860296Z-limits-study,1209,records-16-start-1,competing_records,red,red,True,622,45,1.0
20260916T124604860296Z-limits-study,1210,decision-7-service-direct-False,decision,bring,bring,True,362,32,0.95
20260916T124604860296Z-limits-study,1211,decision-6-appointment-direct-True,decision,go_without,go_without,True,378,33,1.0
20260916T124604860296Z-limits-study,1212,decision-4-service-direct-False,decision,bring,bring,True,364,32,0.92
20260916T124604860296Z-limits-study,1213,decision-0-collection-direct-True,decision,go_without,go_without,True,361,33,0.99
20260916T124604860296Z-limits-study,1214,decision-9-inspection-check-False,decision,yes,yes,True,399,42,0.99
20260916T124604860296Z-limits-study,1215,decision-7-collection-described-True,decision,go_without,go_without,True,382,33,1.0
20260916T124604860296Z-limits-study,1216,decision-1-inspection-direct-False,decision,bring,bring,True,362,32,0.98
20260916T124604860296Z-limits-study,1217,decision-11-service-check-True,decision,yes,yes,True,401,42,0.95
20260916T124604860296Z-limits-study,1218,logic-1-1-cannot_be_determined,logic_depth,cannot_be_determined,cannot_be_determined,True,390,46,1.0
20260916T124604860296Z-limits-study,1219,decision-6-appointment-direct-False,decision,go_without,go_without,True,378,33,1.0
20260916T124604860296Z-limits-study,1220,logic-32-1-yes,logic_depth,yes,yes,True,963,42,1.0
20260916T124604860296Z-limits-study,1221,decision-3-collection-direct-False,decision,go_without,go_without,True,361,33,1.0
20260916T124604860296Z-limits-study,1222,logic-32-2-yes,logic_depth,yes,yes,True,963,42,1.0
20260916T124604860296Z-limits-study,1223,decision-8-appointment-direct-True,decision,go_without,go_without,True,376,33,1.0
20260916T124604860296Z-limits-study,1224,permutation-5-6,permutation,v0,v1,False,389,50,0.16
20260916T124604860296Z-limits-study,1225,decision-10-appointment-described-True,decision,go_without,go_without,True,397,33,1.0
20260916T124604860296Z-limits-study,1226,decision-3-appointment-direct-True,decision,go_without,go_without,True,376,33,1.0
20260916T124604860296Z-limits-study,1227,decision-5-service-check-True,decision,yes,yes,True,399,42,0.99
20260916T124604860296Z-limits-study,1228,permutation-0-17,permutation,v0,v0,True,375,50,0.84
20260916T124604860296Z-limits-study,1229,decision-5-appointment-described-True,decision,go_without,go_without,True,397,33,1.0
20260916T124604860296Z-limits-study,1230,decision-9-appointment-direct-False,decision,go_without,go_without,True,377,33,1.0
20260916T124604860296Z-limits-study,1231,permutation-2-19,permutation,v0,v0,True,382,50,0.11
20260916T124604860296Z-limits-study,1232,permutation-0-13,permutation,v0,v0,True,375,50,0.59
20260916T124604860296Z-limits-study,1233,records-16-start-2,competing_records,blue,blue,True,622,45,1.0
20260916T124604860296Z-limits-study,1234,decision-0-appointment-direct-True,decision,go_without,go_without,True,376,33,1.0
20260916T124604860296Z-limits-study,1235,decision-8-service-check-True,decision,yes,yes,True,399,42,0.97
20260916T124604860296Z-limits-study,1236,decision-11-collection-described-True,decision,go_without,go_without,True,386,33,1.0
20260916T124604860296Z-limits-study,1237,decision-1-inspection-direct-False,decision,bring,bring,True,362,32,0.99
20260916T124604860296Z-limits-study,1238,logic-4-1-no,logic_depth,no,no,True,442,42,0.97
20260916T124604860296Z-limits-study,1239,permutation-4-6,permutation,v0,v0,True,383,50,0.27
20260916T124604860296Z-limits-study,1240,decision-8-appointment-direct-False,decision,go_without,go_without,True,376,33,1.0
20260916T124604860296Z-limits-study,1241,decision-2-collection-check-False,decision,no,no,True,398,42,1.0
20260916T124604860296Z-limits-study,1242,decision-0-collection-described-False,decision,go_without,go_without,True,382,33,1.0
20260916T124604860296Z-limits-study,1243,decision-0-service-direct-True,decision,bring,bring,True,362,32,0.96
20260916T124604860296Z-limits-study,1244,records-0-middle-2,competing_records,blue,blue,True,398,45,1.0
20260916T124604860296Z-limits-study,1245,records-512-middle-0,competing_records,yellow,yellow,True,7566,45,0.98
20260916T124604860296Z-limits-study,1246,decision-10-service-direct-True,decision,bring,bring,True,362,32,0.95
20260916T124604860296Z-limits-study,1247,permutation-0-22,permutation,v0,v0,True,375,50,0.64
20260916T124604860296Z-limits-study,1248,permutation-4-1,permutation,v0,v0,True,383,50,0.63
20260916T124604860296Z-limits-study,1249,decision-10-inspection-check-False,decision,yes,yes,True,399,42,0.99
20260916T124604860296Z-limits-study,1250,permutation-1-10,permutation,v0,v0,True,376,50,0.5
20260916T124604860296Z-limits-study,1251,records-128-start-0,competing_records,yellow,yellow,True,2190,45,1.0
20260916T124604860296Z-limits-study,1252,permutation-2-6,permutation,v0,v3,False,382,50,0.15
20260916T124604860296Z-limits-study,1253,decision-2-collection-check-True,decision,no,no,True,398,42,1.0
20260916T124604860296Z-limits-study,1254,decision-1-inspection-direct-True,decision,bring,bring,True,362,32,0.98
20260916T124604860296Z-limits-study,1255,decision-3-inspection-check-True,decision,yes,yes,True,399,42,0.97
20260916T124604860296Z-limits-study,1256,permutation-4-2,permutation,v0,v0,True,383,50,0.58
20260916T124604860296Z-limits-study,1257,permutation-5-11,permutation,v0,v0,True,389,50,0.13
20260916T124604860296Z-limits-study,1258,records-512-end-0,competing_records,yellow,yellow,True,7566,45,0.99
20260916T124604860296Z-limits-study,1259,logic-32-2-no,logic_depth,no,no,True,964,42,0.86
20260916T124604860296Z-limits-study,1260,records-0-start-1,competing_records,red,red,True,398,45,1.0
20260916T124604860296Z-limits-study,1261,decision-6-appointment-check-True,decision,no,no,True,415,42,1.0
20260916T124604860296Z-limits-study,1262,logic-2-0-no,logic_depth,no,no,True,408,42,0.99
20260916T124604860296Z-limits-study,1263,permutation-3-12,permutation,v0,v3,False,383,50,0.27
20260916T124604860296Z-limits-study,1264,decision-7-collection-check-True,decision,no,no,True,398,42,1.0
20260916T124604860296Z-limits-study,1265,permutation-1-12,permutation,v0,v0,True,376,50,0.55
20260916T124604860296Z-limits-study,1266,permutation-2-21,permutation,v0,v0,True,382,50,0.15
20260916T124604860296Z-limits-study,1267,decision-5-collection-check-True,decision,no,no,True,398,42,1.0
20260916T124604860296Z-limits-study,1268,decision-10-service-described-False,decision,bring,bring,True,383,32,0.97
20260916T124604860296Z-limits-study,1269,records-16-middle-2,competing_records,blue,blue,True,622,45,1.0
20260916T124604860296Z-limits-study,1270,decision-1-collection-direct-False,decision,go_without,go_without,True,361,33,1.0
20260916T124604860296Z-limits-study,1271,logic-16-1-yes,logic_depth,yes,yes,True,659,42,1.0
20260916T124604860296Z-limits-study,1272,records-512-middle-0,competing_records,yellow,yellow,True,7566,45,0.96
20260916T124604860296Z-limits-study,1273,decision-10-collection-check-True,decision,no,no,True,398,42,1.0
20260916T124604860296Z-limits-study,1274,permutation-0-7,permutation,v0,v0,True,375,50,0.49
20260916T124604860296Z-limits-study,1275,permutation-5-18,permutation,v0,v3,False,389,50,0.28
20260916T124604860296Z-limits-study,1276,permutation-1-11,permutation,v0,v0,True,376,50,0.6
20260916T124604860296Z-limits-study,1277,records-16-middle-2,competing_records,blue,blue,True,622,45,1.0
20260916T124604860296Z-limits-study,1278,records-0-end-1,competing_records,red,red,True,398,45,1.0
20260916T124604860296Z-limits-study,1279,decision-1-service-described-False,decision,bring,bring,True,383,32,0.99
20260916T124604860296Z-limits-study,1280,permutation-3-20,permutation,v0,v3,False,383,50,0.43
20260916T124604860296Z-limits-study,1281,logic-8-1-cannot_be_determined,logic_depth,cannot_be_determined,cannot_be_determined,True,509,46,0.98
20260916T124604860296Z-limits-study,1282,decision-5-collection-check-False,decision,no,no,True,398,42,1.0
20260916T124604860296Z-limits-study,1283,permutation-3-7,permutation,v0,v3,False,383,50,0.16
20260916T124604860296Z-limits-study,1284,decision-2-collection-described-False,decision,go_without,go_without,True,382,33,1.0
20260916T124604860296Z-limits-study,1285,decision-7-collection-direct-False,decision,go_without,go_without,True,361,33,1.0
20260916T124604860296Z-limits-study,1286,decision-4-service-direct-False,decision,bring,bring,True,364,32,0.93
20260916T124604860296Z-limits-study,1287,permutation-2-9,permutation,v0,v3,False,382,50,0.15
20260916T124604860296Z-limits-study,1288,decision-8-inspection-direct-True,decision,bring,bring,True,362,32,0.9
20260916T124604860296Z-limits-study,1289,logic-2-1-no,logic_depth,no,no,True,408,42,0.99
20260916T124604860296Z-limits-study,1290,decision-2-inspection-check-True,decision,yes,yes,True,399,42,0.96
20260916T124604860296Z-limits-study,1291,permutation-1-6,permutation,v0,v0,True,376,50,0.62
20260916T124604860296Z-limits-study,1292,decision-5-inspection-direct-False,decision,bring,bring,True,362,32,0.99
20260916T124604860296Z-limits-study,1293,decision-9-collection-check-False,decision,no,no,True,399,42,1.0
20260916T124604860296Z-limits-study,1294,records-512-middle-1,competing_records,red,red,True,7566,45,0.88
20260916T124604860296Z-limits-study,1295,decision-5-collection-check-False,decision,no,no,True,398,42,1.0
20260916T124604860296Z-limits-study,1296,decision-9-inspection-check-True,decision,yes,yes,True,399,42,0.99
20260916T124604860296Z-limits-study,1297,decision-5-appointment-check-True,decision,no,no,True,413,42,1.0
20260916T124604860296Z-limits-study,1298,decision-8-appointment-check-True,decision,no,no,True,413,42,1.0
20260916T124604860296Z-limits-study,1299,permutation-3-14,permutation,v0,v3,False,383,50,0.28
20260916T124604860296Z-limits-study,1300,decision-3-appointment-check-False,decision,no,no,True,413,42,1.0
20260916T124604860296Z-limits-study,1301,tracking-16-1,multi_tracking,garden,garden,True,2181,48,0.97
20260916T124604860296Z-limits-study,1302,logic-4-0-no,logic_depth,no,no,True,442,42,0.98
20260916T124604860296Z-limits-study,1303,decision-2-service-direct-True,decision,bring,bring,True,362,32,0.92
20260916T124604860296Z-limits-study,1304,decision-4-appointment-check-True,decision,no,no,True,415,42,1.0
20260916T124604860296Z-limits-study,1305,decision-1-appointment-described-True,decision,go_without,go_without,True,397,33,1.0
20260916T124604860296Z-limits-study,1306,decision-6-inspection-described-False,decision,bring,bring,True,387,32,0.98
20260916T124604860296Z-limits-study,1307,logic-2-2-no,logic_depth,no,no,True,408,42,0.99
20260916T124604860296Z-limits-study,1308,decision-2-collection-direct-False,decision,go_without,go_without,True,361,33,0.99
20260916T124604860296Z-limits-study,1309,decision-3-inspection-described-True,decision,bring,bring,True,383,32,0.94
20260916T124604860296Z-limits-study,1310,decision-3-appointment-direct-False,decision,go_without,go_without,True,376,33,1.0
20260916T124604860296Z-limits-study,1311,decision-3-inspection-direct-False,decision,bring,bring,True,362,32,0.94
20260916T124604860296Z-limits-study,1312,decision-3-service-described-True,decision,bring,bring,True,383,32,0.93
20260916T124604860296Z-limits-study,1313,logic-4-1-yes,logic_depth,yes,yes,True,441,42,1.0
20260916T124604860296Z-limits-study,1314,decision-0-service-described-True,decision,bring,bring,True,383,32,0.97
20260916T124604860296Z-limits-study,1315,decision-6-appointment-described-True,decision,go_without,go_without,True,401,33,1.0
20260916T124604860296Z-limits-study,1316,decision-2-service-check-False,decision,yes,yes,True,399,42,0.99
20260916T124604860296Z-limits-study,1317,permutation-0-12,permutation,v0,v0,True,375,50,0.71
20260916T124604860296Z-limits-study,1318,permutation-5-7,permutation,v0,v3,False,389,50,0.15
20260916T124604860296Z-limits-study,1319,decision-1-collection-check-False,decision,no,no,True,398,42,1.0
20260916T124604860296Z-limits-study,1320,logic-16-0-cannot_be_determined,logic_depth,cannot_be_determined,cannot_be_determined,True,659,46,0.93
20260916T124604860296Z-limits-study,1321,permutation-3-23,permutation,v0,v3,False,383,50,0.37
20260916T124604860296Z-limits-study,1322,decision-1-collection-described-True,decision,go_without,go_without,True,382,33,1.0
20260916T124604860296Z-limits-study,1323,decision-1-appointment-check-True,decision,no,no,True,413,42,1.0
20260916T124604860296Z-limits-study,1324,decision-4-appointment-direct-False,decision,go_without,go_without,True,378,33,1.0
20260916T124604860296Z-limits-study,1325,records-512-middle-1,competing_records,red,red,True,7566,45,0.89
20260916T124604860296Z-limits-study,1326,logic-8-2-cannot_be_determined,logic_depth,cannot_be_determined,cannot_be_determined,True,509,46,0.82
20260916T124604860296Z-limits-study,1327,decision-5-service-direct-True,decision,bring,bring,True,362,32,0.97
20260916T124604860296Z-limits-study,1328,records-16-middle-0,competing_records,yellow,yellow,True,622,45,1.0
20260916T124604860296Z-limits-study,1329,decision-3-collection-described-False,decision,go_without,go_without,True,382,33,1.0
20260916T124604860296Z-limits-study,1330,logic-32-1-cannot_be_determined,logic_depth,cannot_be_determined,cannot_be_determined,True,963,46,0.93
20260916T124604860296Z-limits-study,1331,decision-0-appointment-check-False,decision,no,no,True,413,42,1.0
20260916T124604860296Z-limits-study,1332,decision-2-appointment-direct-False,decision,go_without,go_without,True,376,33,1.0
20260916T124604860296Z-limits-study,1333,permutation-0-16,permutation,v0,v0,True,375,50,0.73
20260916T124604860296Z-limits-study,1334,permutation-0-0,permutation,v0,v0,True,375,50,0.51
20260916T124604860296Z-limits-study,1335,decision-4-appointment-check-False,decision,no,no,True,415,42,1.0
20260916T124604860296Z-limits-study,1336,decision-4-inspection-described-True,decision,bring,bring,True,387,32,0.94
20260916T124604860296Z-limits-study,1337,permutation-1-9,permutation,v0,v0,True,376,50,0.65
20260916T124604860296Z-limits-study,1338,decision-9-appointment-described-False,decision,go_without,go_without,True,398,33,1.0
20260916T124604860296Z-limits-study,1339,decision-7-appointment-described-True,decision,go_without,go_without,True,397,33,1.0
20260916T124604860296Z-limits-study,1340,permutation-3-9,permutation,v0,v3,False,383,50,0.14
20260916T124604860296Z-limits-study,1341,permutation-1-22,permutation,v0,v0,True,376,50,0.54
20260916T124604860296Z-limits-study,1342,decision-11-collection-described-False,decision,go_without,go_without,True,386,33,1.0
20260916T124604860296Z-limits-study,1343,decision-6-collection-described-True,decision,go_without,go_without,True,386,33,1.0
20260916T124604860296Z-limits-study,1344,decision-3-inspection-direct-True,decision,bring,bring,True,362,32,0.91
20260916T124604860296Z-limits-study,1345,permutation-4-0,permutation,v0,v0,True,383,50,0.72
20260916T124604860296Z-limits-study,1346,decision-10-service-described-True,decision,bring,bring,True,383,32,0.95
20260916T124604860296Z-limits-study,1347,decision-11-service-direct-True,decision,bring,bring,True,364,32,0.96
20260916T124604860296Z-limits-study,1348,permutation-5-3,permutation,v0,v0,True,389,50,0.38
20260916T124604860296Z-limits-study,1349,permutation-4-4,permutation,v0,v0,True,383,50,0.58
20260916T124604860296Z-limits-study,1350,permutation-3-3,permutation,v0,v0,True,383,50,0.28
20260916T124604860296Z-limits-study,1351,decision-7-collection-described-False,decision,go_without,go_without,True,382,33,1.0
20260916T124604860296Z-limits-study,1352,permutation-3-8,permutation,v0,v3,False,383,50,0.23
20260916T124604860296Z-limits-study,1353,decision-2-appointment-direct-True,decision,go_without,go_without,True,376,33,0.99
20260916T124604860296Z-limits-study,1354,decision-5-inspection-check-True,decision,yes,yes,True,399,42,1.0
20260916T124604860296Z-limits-study,1355,decision-9-collection-described-True,decision,go_without,go_without,True,383,33,1.0
20260916T124604860296Z-limits-study,1356,decision-4-service-described-True,decision,bring,bring,True,387,32,0.93
20260916T124604860296Z-limits-study,1357,decision-5-service-described-True,decision,bring,bring,True,383,32,0.97
20260916T124604860296Z-limits-study,1358,records-512-start-0,competing_records,yellow,yellow,True,7566,45,1.0
20260916T124604860296Z-limits-study,1359,decision-4-inspection-direct-True,decision,bring,bring,True,364,32,0.9
20260916T124604860296Z-limits-study,1360,permutation-1-0,permutation,v0,v0,True,376,50,0.63
20260916T124604860296Z-limits-study,1361,decision-11-collection-check-True,decision,no,no,True,400,42,1.0
20260916T124604860296Z-limits-study,1362,decision-9-appointment-described-False,decision,go_without,go_without,True,398,33,1.0
20260916T124604860296Z-limits-study,1363,permutation-4-13,permutation,v0,v0,True,383,50,0.35
20260916T124604860296Z-limits-study,1364,permutation-0-22,permutation,v0,v0,True,375,50,0.62
20260916T124604860296Z-limits-study,1365,records-16-middle-2,competing_records,blue,blue,True,622,45,1.0
20260916T124604860296Z-limits-study,1366,logic-8-1-yes,logic_depth,yes,yes,True,509,42,1.0
20260916T124604860296Z-limits-study,1367,decision-1-inspection-check-True,decision,yes,yes,True,399,42,1.0
20260916T124604860296Z-limits-study,1368,decision-6-inspection-described-False,decision,bring,bring,True,387,32,0.98
20260916T124604860296Z-limits-study,1369,decision-8-collection-direct-True,decision,go_without,go_without,True,361,33,1.0
20260916T124604860296Z-limits-study,1370,decision-8-service-direct-True,decision,bring,bring,True,362,32,0.91
20260916T124604860296Z-limits-study,1371,permutation-3-16,permutation,v0,v3,False,383,50,0.11
20260916T124604860296Z-limits-study,1372,permutation-0-10,permutation,v0,v0,True,375,50,0.63
20260916T124604860296Z-limits-study,1373,decision-5-appointment-direct-True,decision,go_without,go_without,True,376,33,1.0
20260916T124604860296Z-limits-study,1374,decision-10-collection-described-True,decision,go_without,go_without,True,382,33,1.0
20260916T124604860296Z-limits-study,1375,permutation-2-14,permutation,v0,v3,False,382,50,0.19
20260916T124604860296Z-limits-study,1376,permutation-3-15,permutation,v0,v3,False,383,50,0.26
20260916T124604860296Z-limits-study,1377,decision-6-appointment-described-False,decision,go_without,go_without,True,401,33,1.0
20260916T124604860296Z-limits-study,1378,decision-8-inspection-described-True,decision,bring,bring,True,383,32,0.94
20260916T124604860296Z-limits-study,1379,decision-8-service-check-True,decision,yes,yes,True,399,42,0.96
20260916T124604860296Z-limits-study,1380,permutation-4-3,permutation,v0,v0,True,383,50,0.55
20260916T124604860296Z-limits-study,1381,permutation-2-13,permutation,v0,v3,False,382,50,0.29
20260916T124604860296Z-limits-study,1382,logic-2-2-cannot_be_determined,logic_depth,cannot_be_determined,cannot_be_determined,True,407,46,0.99
20260916T124604860296Z-limits-study,1383,logic-8-1-no,logic_depth,no,no,True,510,42,0.95
20260916T124604860296Z-limits-study,1384,decision-8-collection-described-False,decision,go_without,go_without,True,382,33,1.0
20260916T124604860296Z-limits-study,1385,logic-4-1-yes,logic_depth,yes,yes,True,441,42,1.0
20260916T124604860296Z-limits-study,1386,decision-9-inspection-check-True,decision,yes,yes,True,399,42,0.99
20260916T124604860296Z-limits-study,1387,decision-4-collection-direct-False,decision,go_without,go_without,True,363,33,1.0
20260916T124604860296Z-limits-study,1388,permutation-0-20,permutation,v0,v0,True,375,50,0.47
20260916T124604860296Z-limits-study,1389,permutation-1-9,permutation,v0,v0,True,376,50,0.67
20260916T124604860296Z-limits-study,1390,decision-9-appointment-direct-False,decision,go_without,go_without,True,377,33,1.0
20260916T124604860296Z-limits-study,1391,decision-10-inspection-direct-False,decision,bring,bring,True,362,32,0.98
20260916T124604860296Z-limits-study,1392,decision-9-appointment-check-True,decision,no,no,True,414,42,1.0
20260916T124604860296Z-limits-study,1393,records-0-middle-0,competing_records,yellow,yellow,True,398,45,1.0
20260916T124604860296Z-limits-study,1394,decision-11-collection-direct-True,decision,go_without,go_without,True,363,33,1.0
20260916T124604860296Z-limits-study,1395,decision-4-appointment-described-True,decision,go_without,go_without,True,401,33,1.0
20260916T124604860296Z-limits-study,1396,decision-7-collection-check-True,decision,no,no,True,398,42,1.0
20260916T124604860296Z-limits-study,1397,permutation-0-5,permutation,v0,v0,True,375,50,0.73
20260916T124604860296Z-limits-study,1398,decision-6-inspection-described-True,decision,bring,bring,True,387,32,0.95
20260916T124604860296Z-limits-study,1399,permutation-5-5,permutation,v0,v0,True,389,50,0.39
20260916T124604860296Z-limits-study,1400,decision-1-appointment-direct-True,decision,go_without,go_without,True,376,33,1.0
20260916T124604860296Z-limits-study,1401,permutation-2-13,permutation,v0,v3,False,382,50,0.28
20260916T124604860296Z-limits-study,1402,decision-3-service-check-False,decision,yes,yes,True,399,42,0.9
20260916T124604860296Z-limits-study,1403,permutation-2-0,permutation,v0,v3,False,382,50,0.35
20260916T124604860296Z-limits-study,1404,decision-5-appointment-described-False,decision,go_without,go_without,True,397,33,1.0
20260916T124604860296Z-limits-study,1405,decision-8-appointment-check-False,decision,no,no,True,413,42,1.0
20260916T124604860296Z-limits-study,1406,decision-1-service-check-False,decision,yes,yes,True,399,42,1.0
20260916T124604860296Z-limits-study,1407,decision-7-service-direct-True,decision,bring,bring,True,362,32,0.93
20260916T124604860296Z-limits-study,1408,records-512-end-0,competing_records,yellow,yellow,True,7566,45,0.99
20260916T124604860296Z-limits-study,1409,decision-9-appointment-check-True,decision,no,no,True,414,42,1.0
20260916T124604860296Z-limits-study,1410,records-128-middle-1,competing_records,red,red,True,2190,45,1.0
20260916T124604860296Z-limits-study,1411,decision-10-inspection-described-False,decision,bring,bring,True,383,32,0.99
20260916T124604860296Z-limits-study,1412,decision-10-service-check-True,decision,yes,yes,True,399,42,0.93
20260916T124604860296Z-limits-study,1413,logic-2-1-cannot_be_determined,logic_depth,cannot_be_determined,cannot_be_determined,True,407,46,0.99
20260916T124604860296Z-limits-study,1414,logic-32-1-cannot_be_determined,logic_depth,cannot_be_determined,cannot_be_determined,True,963,46,0.94
20260916T124604860296Z-limits-study,1415,decision-1-appointment-direct-False,decision,go_without,go_without,True,376,33,1.0
20260916T124604860296Z-limits-study,1416,permutation-2-10,permutation,v0,v3,False,382,50,0.23
20260916T124604860296Z-limits-study,1417,permutation-4-21,permutation,v0,v3,False,383,50,0.17
20260916T124604860296Z-limits-study,1418,records-0-end-2,competing_records,blue,blue,True,398,45,1.0
20260916T124604860296Z-limits-study,1419,decision-5-appointment-check-False,decision,no,no,True,413,42,1.0
20260916T124604860296Z-limits-study,1420,decision-1-service-check-False,decision,yes,yes,True,399,42,1.0
20260916T124604860296Z-limits-study,1421,decision-2-appointment-direct-False,decision,go_without,go_without,True,376,33,1.0
20260916T124604860296Z-limits-study,1422,permutation-3-1,permutation,v0,v0,True,383,50,0.43
20260916T124604860296Z-limits-study,1423,decision-7-service-described-True,decision,bring,bring,True,383,32,0.96
20260916T124604860296Z-limits-study,1424,decision-9-inspection-check-False,decision,yes,yes,True,399,42,0.99
20260916T124604860296Z-limits-study,1425,decision-1-appointment-check-False,decision,no,no,True,413,42,1.0
20260916T124604860296Z-limits-study,1426,permutation-4-19,permutation,v0,v0,True,383,50,0.23
20260916T124604860296Z-limits-study,1427,permutation-5-19,permutation,v0,v3,False,389,50,0.44
20260916T124604860296Z-limits-study,1428,permutation-2-2,permutation,v0,v3,False,382,50,0.27
20260916T124604860296Z-limits-study,1429,decision-5-collection-direct-True,decision,go_without,go_without,True,361,33,1.0
20260916T124604860296Z-limits-study,1430,records-16-start-0,competing_records,yellow,yellow,True,622,45,1.0
20260916T124604860296Z-limits-study,1431,decision-5-collection-direct-False,decision,go_without,go_without,True,361,33,1.0
20260916T124604860296Z-limits-study,1432,permutation-1-23,permutation,v0,v0,True,376,50,0.69
20260916T124604860296Z-limits-study,1433,decision-5-collection-direct-False,decision,go_without,go_without,True,361,33,1.0
20260916T124604860296Z-limits-study,1434,permutation-5-9,permutation,v0,v1,False,389,50,0.25
20260916T124604860296Z-limits-study,1435,permutation-5-8,permutation,v0,v0,True,389,50,0.2
20260916T124604860296Z-limits-study,1436,decision-8-collection-described-True,decision,go_without,go_without,True,382,33,1.0
20260916T124604860296Z-limits-study,1437,logic-2-0-cannot_be_determined,logic_depth,cannot_be_determined,cannot_be_determined,True,407,46,0.99
20260916T124604860296Z-limits-study,1438,decision-8-inspection-described-False,decision,bring,bring,True,383,32,0.96
20260916T124604860296Z-limits-study,1439,permutation-2-22,permutation,v0,v0,True,382,50,0.14
20260916T124604860296Z-limits-study,1440,logic-32-0-no,logic_depth,no,no,True,964,42,0.77
20260916T124604860296Z-limits-study,1441,decision-1-collection-direct-False,decision,go_without,go_without,True,361,33,1.0
20260916T124604860296Z-limits-study,1442,permutation-3-5,permutation,v0,v0,True,383,50,0.28
20260916T124604860296Z-limits-study,1443,logic-2-0-cannot_be_determined,logic_depth,cannot_be_determined,cannot_be_determined,True,407,46,0.99
20260916T124604860296Z-limits-study,1444,permutation-2-22,permutation,v0,v3,False,382,50,0.14
20260916T124604860296Z-limits-study,1445,decision-2-appointment-check-False,decision,no,no,True,413,42,1.0
20260916T124604860296Z-limits-study,1446,records-512-middle-2,competing_records,blue,blue,True,7566,45,0.98
20260916T124604860296Z-limits-study,1447,permutation-5-1,permutation,v0,v0,True,389,50,0.49
20260916T124604860296Z-limits-study,1448,permutation-0-11,permutation,v0,v0,True,375,50,0.81
20260916T124604860296Z-limits-study,1449,decision-11-appointment-direct-False,decision,go_without,go_without,True,378,33,1.0
20260916T124604860296Z-limits-study,1450,permutation-5-12,permutation,v0,v0,True,389,50,0.28
20260916T124604860296Z-limits-study,1451,decision-3-service-described-False,decision,bring,bring,True,383,32,0.88
20260916T124604860296Z-limits-study,1452,logic-2-1-no,logic_depth,no,no,True,408,42,0.99
20260916T124604860296Z-limits-study,1453,decision-7-inspection-described-False,decision,bring,bring,True,383,32,0.99
20260916T124604860296Z-limits-study,1454,tracking-8-2,multi_tracking,kitchen,kitchen,True,1241,48,0.99
20260916T124604860296Z-limits-study,1455,decision-2-inspection-check-False,decision,yes,yes,True,399,42,0.95
20260916T124604860296Z-limits-study,1456,decision-11-service-described-False,decision,bring,bring,True,387,32,0.98
20260916T124604860296Z-limits-study,1457,decision-9-collection-check-False,decision,no,no,True,399,42,1.0
20260916T124604860296Z-limits-study,1458,decision-9-inspection-direct-True,decision,bring,bring,True,362,32,0.98
20260916T124604860296Z-limits-study,1459,decision-6-inspection-direct-True,decision,bring,bring,True,364,32,0.94
20260916T124604860296Z-limits-study,1460,decision-8-service-check-False,decision,yes,yes,True,399,42,0.97
20260916T124604860296Z-limits-study,1461,permutation-5-8,permutation,v0,v0,True,389,50,0.31
20260916T124604860296Z-limits-study,1462,tracking-8-2,multi_tracking,kitchen,kitchen,True,1241,48,1.0
20260916T124604860296Z-limits-study,1463,permutation-3-12,permutation,v0,v3,False,383,50,0.39
20260916T124604860296Z-limits-study,1464,decision-0-inspection-check-True,decision,yes,yes,True,399,42,0.95
20260916T124604860296Z-limits-study,1465,decision-2-inspection-check-False,decision,yes,yes,True,399,42,0.93
20260916T124604860296Z-limits-study,1466,decision-2-service-check-True,decision,yes,yes,True,399,42,0.99
20260916T124604860296Z-limits-study,1467,logic-32-2-cannot_be_determined,logic_depth,cannot_be_determined,cannot_be_determined,True,963,46,0.78
20260916T124604860296Z-limits-study,1468,decision-10-collection-check-False,decision,no,no,True,398,42,1.0
20260916T124604860296Z-limits-study,1469,logic-2-0-yes,logic_depth,yes,yes,True,407,42,1.0
20260916T124604860296Z-limits-study,1470,decision-2-service-described-True,decision,bring,bring,True,383,32,0.96
20260916T124604860296Z-limits-study,1471,logic-4-2-no,logic_depth,no,no,True,442,42,0.95
20260916T124604860296Z-limits-study,1472,decision-1-collection-check-False,decision,no,no,True,398,42,1.0
20260916T124604860296Z-limits-study,1473,decision-9-service-direct-True,decision,bring,bring,True,363,32,0.96
20260916T124604860296Z-limits-study,1474,permutation-5-10,permutation,v0,v1,False,389,50,0.13
20260916T124604860296Z-limits-study,1475,logic-16-1-no,logic_depth,no,no,True,660,42,0.95
20260916T124604860296Z-limits-study,1476,decision-0-inspection-direct-True,decision,bring,bring,True,362,32,0.87
20260916T124604860296Z-limits-study,1477,decision-8-appointment-described-False,decision,go_without,go_without,True,397,33,1.0
20260916T124604860296Z-limits-study,1478,permutation-1-20,permutation,v0,v0,True,376,50,0.57
20260916T124604860296Z-limits-study,1479,decision-1-appointment-direct-False,decision,go_without,go_without,True,376,33,1.0
20260916T124604860296Z-limits-study,1480,logic-1-0-yes,logic_depth,yes,yes,True,390,42,1.0
20260916T124604860296Z-limits-study,1481,permutation-1-17,permutation,v0,v0,True,376,50,0.75
20260916T124604860296Z-limits-study,1482,decision-9-inspection-check-False,decision,yes,yes,True,399,42,0.99
20260916T124604860296Z-limits-study,1483,decision-6-appointment-described-False,decision,go_without,go_without,True,401,33,1.0
20260916T124604860296Z-limits-study,1484,records-16-start-2,competing_records,blue,blue,True,622,45,1.0
20260916T124604860296Z-limits-study,1485,decision-0-inspection-direct-True,decision,bring,bring,True,362,32,0.87
20260916T124604860296Z-limits-study,1486,decision-5-service-check-False,decision,yes,yes,True,399,42,0.99
20260916T124604860296Z-limits-study,1487,decision-10-inspection-described-True,decision,bring,bring,True,383,32,0.97
20260916T124604860296Z-limits-study,1488,decision-7-inspection-direct-True,decision,bring,bring,True,362,32,0.97
20260916T124604860296Z-limits-study,1489,permutation-0-23,permutation,v0,v0,True,375,50,0.69
20260916T124604860296Z-limits-study,1490,decision-4-service-check-False,decision,yes,yes,True,401,42,0.88
20260916T124604860296Z-limits-study,1491,decision-7-appointment-described-True,decision,go_without,go_without,True,397,33,1.0
20260916T124604860296Z-limits-study,1492,permutation-3-17,permutation,v0,v0,True,383,50,0.17
20260916T124604860296Z-limits-study,1493,decision-6-service-described-False,decision,bring,bring,True,387,32,0.95
20260916T124604860296Z-limits-study,1494,tracking-16-2,multi_tracking,office,office,True,2181,47,0.85
20260916T124604860296Z-limits-study,1495,permutation-2-19,permutation,v0,v0,True,382,50,0.09
20260916T124604860296Z-limits-study,1496,decision-2-inspection-direct-True,decision,bring,bring,True,362,32,0.85
20260916T124604860296Z-limits-study,1497,permutation-0-0,permutation,v0,v0,True,375,50,0.67
20260916T124604860296Z-limits-study,1498,decision-8-appointment-check-False,decision,no,no,True,413,42,1.0
20260916T124604860296Z-limits-study,1499,decision-10-inspection-direct-True,decision,bring,bring,True,362,32,0.95
20260916T124604860296Z-limits-study,1500,permutation-0-6,permutation,v0,v0,True,375,50,0.64
20260916T124604860296Z-limits-study,1501,decision-2-appointment-check-True,decision,no,no,True,413,42,1.0
20260916T124604860296Z-limits-study,1502,records-16-start-1,competing_records,red,red,True,622,45,1.0
20260916T124604860296Z-limits-study,1503,decision-8-collection-check-False,decision,no,no,True,398,42,1.0
20260916T124604860296Z-limits-study,1504,permutation-5-17,permutation,v0,v3,False,389,50,0.28
20260916T124604860296Z-limits-study,1505,decision-4-inspection-described-False,decision,bring,bring,True,387,32,0.98
20260916T124604860296Z-limits-study,1506,permutation-5-23,permutation,v0,v3,False,389,50,0.39
20260916T124604860296Z-limits-study,1507,decision-7-appointment-described-False,decision,go_without,go_without,True,397,33,1.0
20260916T124604860296Z-limits-study,1508,decision-1-inspection-described-False,decision,bring,bring,True,383,32,0.99
20260916T124604860296Z-limits-study,1509,permutation-1-19,permutation,v0,v0,True,376,50,0.56
20260916T124604860296Z-limits-study,1510,decision-8-collection-check-False,decision,no,no,True,398,42,1.0
20260916T124604860296Z-limits-study,1511,permutation-5-13,permutation,v0,v0,True,389,50,0.28
20260916T124604860296Z-limits-study,1512,decision-2-service-check-True,decision,yes,yes,True,399,42,0.99
20260916T124604860296Z-limits-study,1513,permutation-0-13,permutation,v0,v0,True,375,50,0.68
20260916T124604860296Z-limits-study,1514,records-128-start-0,competing_records,yellow,yellow,True,2190,45,1.0
20260916T124604860296Z-limits-study,1515,permutation-2-3,permutation,v0,v0,True,382,50,0.19
20260916T124604860296Z-limits-study,1516,decision-5-service-check-True,decision,yes,yes,True,399,42,0.99
20260916T124604860296Z-limits-study,1517,permutation-1-14,permutation,v0,v0,True,376,50,0.66
20260916T124604860296Z-limits-study,1518,decision-4-appointment-described-False,decision,go_without,go_without,True,401,33,1.0
20260916T124604860296Z-limits-study,1519,decision-0-collection-described-True,decision,go_without,go_without,True,382,33,1.0
20260916T124604860296Z-limits-study,1520,tracking-2-2,multi_tracking,hall,hall,True,563,47,1.0
20260916T124604860296Z-limits-study,1521,tracking-16-1,multi_tracking,garden,garden,True,2181,48,0.97
20260916T124604860296Z-limits-study,1522,decision-8-collection-check-False,decision,no,no,True,398,42,1.0
20260916T124604860296Z-limits-study,1523,decision-1-appointment-described-False,decision,go_without,go_without,True,397,33,1.0
20260916T124604860296Z-limits-study,1524,records-512-end-2,competing_records,blue,blue,True,7566,45,0.99
20260916T124604860296Z-limits-study,1525,permutation-1-11,permutation,v0,v0,True,376,50,0.63
20260916T124604860296Z-limits-study,1526,decision-5-appointment-direct-False,decision,go_without,go_without,True,376,33,1.0
20260916T124604860296Z-limits-study,1527,permutation-4-4,permutation,v0,v0,True,383,50,0.57
20260916T124604860296Z-limits-study,1528,logic-1-1-no,logic_depth,no,no,True,391,42,1.0
20260916T124604860296Z-limits-study,1529,decision-8-inspection-described-False,decision,bring,bring,True,383,32,0.96
20260916T124604860296Z-limits-study,1530,decision-10-appointment-described-True,decision,go_without,go_without,True,397,33,1.0
20260916T124604860296Z-limits-study,1531,permutation-3-18,permutation,v0,v3,False,383,50,0.33
20260916T124604860296Z-limits-study,1532,permutation-0-14,permutation,v0,v0,True,375,50,0.6
20260916T124604860296Z-limits-study,1533,logic-8-2-cannot_be_determined,logic_depth,cannot_be_determined,cannot_be_determined,True,509,46,0.87
20260916T124604860296Z-limits-study,1534,permutation-4-5,permutation,v0,v0,True,383,50,0.56
20260916T124604860296Z-limits-study,1535,decision-2-inspection-direct-True,decision,bring,bring,True,362,32,0.83
20260916T124604860296Z-limits-study,1536,logic-8-0-yes,logic_depth,yes,yes,True,509,42,1.0
20260916T124604860296Z-limits-study,1537,permutation-0-18,permutation,v0,v0,True,375,50,0.6
20260916T124604860296Z-limits-study,1538,permutation-0-9,permutation,v0,v0,True,375,50,0.71
20260916T124604860296Z-limits-study,1539,decision-7-collection-described-True,decision,go_without,go_without,True,382,33,1.0
20260916T124604860296Z-limits-study,1540,permutation-1-16,permutation,v0,v0,True,376,50,0.57
20260916T124604860296Z-limits-study,1541,decision-0-service-check-True,decision,yes,yes,True,399,42,0.98
20260916T124604860296Z-limits-study,1542,records-128-end-0,competing_records,yellow,yellow,True,2190,45,0.99
20260916T124604860296Z-limits-study,1543,decision-2-service-check-False,decision,yes,yes,True,399,42,0.99
20260916T124604860296Z-limits-study,1544,logic-16-1-no,logic_depth,no,no,True,660,42,0.95
20260916T124604860296Z-limits-study,1545,logic-32-0-cannot_be_determined,logic_depth,cannot_be_determined,cannot_be_determined,True,963,46,0.85
20260916T124604860296Z-limits-study,1546,decision-1-service-direct-False,decision,bring,bring,True,362,32,0.98
20260916T124604860296Z-limits-study,1547,decision-7-collection-direct-True,decision,go_without,go_without,True,361,33,1.0
20260916T124604860296Z-limits-study,1548,permutation-2-20,permutation,v0,v0,True,382,50,0.25
20260916T124604860296Z-limits-study,1549,logic-2-2-cannot_be_determined,logic_depth,cannot_be_determined,cannot_be_determined,True,407,46,0.99
20260916T124604860296Z-limits-study,1550,decision-6-service-check-True,decision,yes,yes,True,401,42,0.88
20260916T124604860296Z-limits-study,1551,decision-2-inspection-described-True,decision,bring,bring,True,383,32,0.94
20260916T124604860296Z-limits-study,1552,decision-7-service-direct-False,decision,bring,bring,True,362,32,0.94
20260916T124604860296Z-limits-study,1553,logic-8-2-yes,logic_depth,yes,yes,True,509,42,1.0
20260916T124604860296Z-limits-study,1554,decision-5-inspection-direct-True,decision,bring,bring,True,362,32,0.98
20260916T124604860296Z-limits-study,1555,decision-8-inspection-check-False,decision,yes,yes,True,399,42,0.98
20260916T124604860296Z-limits-study,1556,records-128-end-2,competing_records,blue,blue,True,2190,45,1.0
20260916T124604860296Z-limits-study,1557,decision-5-collection-direct-False,decision,go_without,go_without,True,361,33,1.0
20260916T124604860296Z-limits-study,1558,decision-5-service-check-False,decision,yes,yes,True,399,42,0.99
20260916T124604860296Z-limits-study,1559,decision-7-collection-check-False,decision,no,no,True,398,42,1.0
20260916T124604860296Z-limits-study,1560,decision-8-appointment-direct-False,decision,go_without,go_without,True,376,33,1.0
20260916T124604860296Z-limits-study,1561,logic-8-0-no,logic_depth,no,no,True,510,42,0.92
20260916T124604860296Z-limits-study,1562,decision-2-service-described-True,decision,bring,bring,True,383,32,0.96
20260916T124604860296Z-limits-study,1563,permutation-5-4,permutation,v0,v0,True,389,50,0.51
20260916T124604860296Z-limits-study,1564,permutation-3-2,permutation,v0,v0,True,383,50,0.21
20260916T124604860296Z-limits-study,1565,logic-8-0-cannot_be_determined,logic_depth,cannot_be_determined,cannot_be_determined,True,509,46,0.94
20260916T124604860296Z-limits-study,1566,permutation-4-0,permutation,v0,v0,True,383,50,0.53
20260916T124604860296Z-limits-study,1567,permutation-0-14,permutation,v0,v0,True,375,50,0.65
20260916T124604860296Z-limits-study,1568,decision-10-service-direct-True,decision,bring,bring,True,362,32,0.91
20260916T124604860296Z-limits-study,1569,decision-4-service-check-True,decision,yes,yes,True,401,42,0.88
20260916T124604860296Z-limits-study,1570,decision-0-appointment-check-True,decision,no,no,True,413,42,1.0
20260916T124604860296Z-limits-study,1571,decision-6-service-described-True,decision,bring,bring,True,387,32,0.93
20260916T124604860296Z-limits-study,1572,permutation-5-15,permutation,v0,v3,False,389,50,0.25
20260916T124604860296Z-limits-study,1573,decision-11-appointment-direct-True,decision,go_without,go_without,True,378,33,1.0
20260916T124604860296Z-limits-study,1574,permutation-3-13,permutation,v0,v3,False,383,50,0.32
20260916T124604860296Z-limits-study,1575,decision-6-inspection-check-True,decision,yes,yes,True,401,42,0.97
20260916T124604860296Z-limits-study,1576,permutation-1-6,permutation,v0,v0,True,376,50,0.65
20260916T124604860296Z-limits-study,1577,decision-10-service-check-False,decision,yes,yes,True,399,42,0.94
20260916T124604860296Z-limits-study,1578,permutation-2-5,permutation,v0,v0,True,382,50,0.18
20260916T124604860296Z-limits-study,1579,permutation-2-21,permutation,v0,v0,True,382,50,0.32
20260916T124604860296Z-limits-study,1580,logic-2-1-cannot_be_determined,logic_depth,cannot_be_determined,cannot_be_determined,True,407,46,0.98
20260916T124604860296Z-limits-study,1581,logic-16-1-cannot_be_determined,logic_depth,cannot_be_determined,cannot_be_determined,True,659,46,0.98
20260916T124604860296Z-limits-study,1582,decision-9-service-described-True,decision,bring,bring,True,384,32,0.97
20260916T124604860296Z-limits-study,1583,decision-6-inspection-direct-False,decision,bring,bring,True,364,32,0.95
20260916T124604860296Z-limits-study,1584,permutation-3-22,permutation,v0,v3,False,383,50,0.32
20260916T124604860296Z-limits-study,1585,permutation-1-14,permutation,v0,v0,True,376,50,0.62
20260916T124604860296Z-limits-study,1586,permutation-2-0,permutation,v0,v3,False,382,50,0.24
20260916T124604860296Z-limits-study,1587,decision-10-appointment-direct-False,decision,go_without,go_without,True,376,33,1.0
20260916T124604860296Z-limits-study,1588,decision-5-inspection-direct-False,decision,bring,bring,True,362,32,0.99
20260916T124604860296Z-limits-study,1589,permutation-0-5,permutation,v0,v0,True,375,50,0.62
20260916T124604860296Z-limits-study,1590,decision-7-service-direct-True,decision,bring,bring,True,362,32,0.92
20260916T124604860296Z-limits-study,1591,decision-5-inspection-check-False,decision,yes,yes,True,399,42,1.0
20260916T124604860296Z-limits-study,1592,decision-1-appointment-described-True,decision,go_without,go_without,True,397,33,1.0
20260916T124604860296Z-limits-study,1593,decision-3-collection-direct-False,decision,go_without,go_without,True,361,33,1.0
20260916T124604860296Z-limits-study,1594,decision-11-service-described-True,decision,bring,bring,True,387,32,0.97
20260916T124604860296Z-limits-study,1595,permutation-1-9,permutation,v0,v0,True,376,50,0.69
20260916T124604860296Z-limits-study,1596,permutation-2-12,permutation,v0,v3,False,382,50,0.28
20260916T124604860296Z-limits-study,1597,decision-8-inspection-described-False,decision,bring,bring,True,383,32,0.96
20260916T124604860296Z-limits-study,1598,tracking-4-1,multi_tracking,kitchen,kitchen,True,789,48,1.0
20260916T124604860296Z-limits-study,1599,decision-3-collection-check-False,decision,no,no,True,398,42,1.0
20260916T124604860296Z-limits-study,1600,decision-0-collection-check-False,decision,no,no,True,398,42,1.0
20260916T124604860296Z-limits-study,1601,decision-9-appointment-check-False,decision,no,no,True,414,42,1.0
20260916T124604860296Z-limits-study,1602,permutation-0-11,permutation,v0,v0,True,375,50,0.79
20260916T124604860296Z-limits-study,1603,decision-6-appointment-check-False,decision,no,no,True,415,42,1.0
20260916T124604860296Z-limits-study,1604,decision-9-appointment-check-False,decision,no,no,True,414,42,1.0
20260916T124604860296Z-limits-study,1605,decision-11-collection-direct-True,decision,go_without,go_without,True,363,33,1.0
20260916T124604860296Z-limits-study,1606,permutation-0-21,permutation,v0,v0,True,375,50,0.77
20260916T124604860296Z-limits-study,1607,decision-3-collection-direct-True,decision,go_without,go_without,True,361,33,1.0
20260916T124604860296Z-limits-study,1608,decision-7-appointment-check-True,decision,no,no,True,413,42,1.0
20260916T124604860296Z-limits-study,1609,logic-32-2-no,logic_depth,no,no,True,964,42,0.87
20260916T124604860296Z-limits-study,1610,permutation-5-23,permutation,v0,v3,False,389,50,0.29
20260916T124604860296Z-limits-study,1611,permutation-4-16,permutation,v0,v0,True,383,50,0.45
