run,question,decision,valid,choice,input_tokens,output_tokens,latency_ms,observation_age_s
destination-direct-paused,steering,0,True,straight,854,55,354.83,0
destination-direct-paused,pedals,0,True,accelerate,841,45,350.76,0
destination-direct-paused,steering,1,True,straight,923,55,255.11,0
destination-direct-paused,pedals,1,True,accelerate,910,45,273.36,0
destination-direct-paused,steering,2,True,straight,923,55,297.18,0
destination-direct-paused,pedals,2,True,accelerate,910,45,272.45,0
destination-direct-paused,steering,3,True,straight,905,55,264.74,0
destination-direct-paused,pedals,3,True,accelerate,892,45,346.37,0
destination-direct-paused,steering,4,True,straight,1000,55,341.7,0
destination-direct-paused,pedals,4,True,accelerate,987,45,308.78,0
destination-direct-paused,steering,5,True,straight,986,55,307.39,0
destination-direct-paused,pedals,5,True,accelerate,973,45,319.85,0
destination-direct-paused,steering,6,True,straight,987,55,280.84,0
destination-direct-paused,pedals,6,True,accelerate,974,45,846.74,0
destination-direct-paused,steering,7,True,straight,990,55,355.2,0
destination-direct-paused,pedals,7,True,accelerate,977,45,346.99,0
destination-direct-paused,steering,8,True,straight,1001,55,292.45,0
destination-direct-paused,pedals,8,True,accelerate,988,45,373.88,0
destination-direct-paused,steering,9,True,straight,986,55,267.29,0
destination-direct-paused,pedals,9,True,accelerate,973,45,327.8,0
destination-direct-paused,steering,10,True,straight,988,55,263.65,0
destination-direct-paused,pedals,10,True,accelerate,975,45,320.36,0
destination-direct-paused,steering,11,True,straight,1002,55,262.77,0
destination-direct-paused,pedals,11,True,accelerate,989,45,298.88,0
destination-direct-paused,steering,12,True,straight,989,55,336.38,0
destination-direct-paused,pedals,12,True,accelerate,976,45,276.91,0
destination-direct-paused,steering,13,True,straight,1001,55,367.45,0
destination-direct-paused,pedals,13,True,brake,988,44,331.48,0
destination-direct-paused,steering,14,True,straight,988,55,275.25,0
destination-direct-paused,pedals,14,True,brake,975,44,285.47,0
destination-direct-paused,steering,15,True,straight,989,55,252.3,0
destination-direct-paused,pedals,15,True,brake,976,44,289.96,0
destination-direct-paused,steering,16,True,straight,973,55,287.59,0
destination-direct-paused,pedals,16,True,accelerate,960,45,277.88,0
destination-direct-paused,steering,17,True,straight,991,55,291.15,0
destination-direct-paused,pedals,17,True,brake,978,44,250.21,0
destination-direct-paused,steering,18,True,straight,957,55,578.52,0
destination-direct-paused,pedals,18,True,brake,944,44,290.9,0
destination-direct-paused,steering,19,True,straight,957,55,266.17,0
destination-direct-paused,pedals,19,True,brake,944,44,283.03,0
destination-direct-paused,steering,20,True,straight,956,55,335.14,0
destination-direct-paused,pedals,20,True,brake,943,44,325.69,0
destination-direct-paused,steering,21,True,straight,971,55,501.98,0
destination-direct-paused,pedals,21,True,brake,958,44,285.81,0
destination-direct-paused,steering,22,True,straight,887,55,324.09,0
destination-direct-paused,pedals,22,True,brake,874,44,303.97,0
destination-direct-paused,steering,23,True,straight,873,55,312.87,0
destination-direct-paused,pedals,23,True,brake,860,44,258.8,0
destination-direct-paused,steering,24,True,straight,874,55,305.45,0
destination-direct-paused,pedals,24,True,brake,861,44,297.59,0
destination-direct-paused,steering,25,True,straight,873,55,394.38,0
destination-direct-paused,pedals,25,True,brake,860,44,403.52,0
destination-direct-paused,steering,26,True,straight,888,55,286.3,0
destination-direct-paused,pedals,26,True,brake,875,44,300.24,0
destination-direct-paused,steering,27,True,straight,874,55,321.65,0
destination-direct-paused,pedals,27,True,brake,861,44,342.67,0
destination-direct-paused,steering,28,True,straight,875,55,307.83,0
destination-direct-paused,pedals,28,True,brake,862,44,314.71,0
destination-direct-paused,steering,29,True,straight,888,55,287.62,0
destination-direct-paused,pedals,29,True,brake,875,44,329.97,0
destination-direct-paused,steering,30,True,straight,874,55,303.33,0
destination-direct-paused,pedals,30,True,brake,861,44,345.99,0
destination-direct-paused,steering,31,True,straight,875,55,385.58,0
destination-direct-paused,pedals,31,True,brake,862,44,338.91,0
destination-direct-paused,steering,32,True,straight,890,55,395.34,0
destination-direct-paused,pedals,32,True,brake,877,44,291.06,0
destination-direct-paused,steering,33,True,straight,875,55,331.13,0
destination-direct-paused,pedals,33,True,brake,862,44,354.81,0
destination-direct-paused,steering,34,True,straight,890,55,328.28,0
destination-direct-paused,pedals,34,True,brake,877,44,345.59,0
destination-direct-paused,steering,35,True,straight,875,55,325.67,0
destination-direct-paused,pedals,35,True,brake,862,44,283.07,0
destination-direct-paused,steering,36,True,straight,877,55,348.41,0
destination-direct-paused,pedals,36,True,brake,864,44,280.51,0
destination-direct-paused,steering,37,True,straight,891,55,577.11,0
destination-direct-paused,pedals,37,True,brake,878,44,296.29,0
destination-direct-paused,steering,38,True,straight,877,55,296.6,0
destination-direct-paused,pedals,38,True,brake,864,44,302.91,0
destination-direct-paused,steering,39,True,straight,890,55,317.68,0
destination-direct-paused,pedals,39,True,brake,877,44,341.47,0
destination-direct-paused,steering,40,True,straight,875,55,303.64,0
destination-direct-paused,pedals,40,True,brake,862,44,315.44,0
destination-direct-paused,steering,41,True,straight,874,55,295.15,0
destination-direct-paused,pedals,41,True,brake,861,44,337.11,0
destination-direct-paused,steering,42,True,straight,888,55,371.97,0
destination-direct-paused,pedals,42,True,accelerate,875,45,376.9,0
destination-direct-paused,steering,43,True,straight,892,55,346.03,0
destination-direct-paused,pedals,43,True,accelerate,879,45,290.79,0
destination-direct-paused,steering,44,True,straight,908,55,311.57,0
destination-direct-paused,pedals,44,True,accelerate,895,45,359.14,0
destination-direct-paused,steering,45,True,straight,894,55,314.06,0
destination-direct-paused,pedals,45,True,accelerate,881,45,396.93,0
destination-direct-paused,steering,46,True,straight,891,55,336.3,0
destination-direct-paused,pedals,46,True,accelerate,878,45,308.6,0
destination-direct-paused,steering,47,True,straight,922,55,316.3,0
destination-direct-paused,pedals,47,True,accelerate,909,45,309.45,0
destination-direct-paused,steering,48,True,straight,909,55,353.38,0
destination-direct-paused,pedals,48,True,brake,896,44,292.11,0
destination-direct-paused,steering,49,True,straight,922,55,288.43,0
destination-direct-paused,pedals,49,True,brake,909,44,283.03,0
destination-direct-paused,steering,50,True,straight,892,55,317.54,0
destination-direct-paused,pedals,50,True,brake,879,44,279.09,0
destination-direct-paused,steering,51,True,straight,893,55,284.57,0
destination-direct-paused,pedals,51,True,brake,880,44,263.43,0
destination-direct-paused,steering,52,True,straight,909,55,297.78,0
destination-direct-paused,pedals,52,True,brake,896,44,307.66,0
destination-direct-paused,steering,53,True,straight,894,55,276.45,0
destination-direct-paused,pedals,53,True,brake,881,44,328.74,0
destination-direct-paused,steering,54,True,straight,894,55,291.95,0
destination-direct-paused,pedals,54,True,brake,881,44,294.7,0
destination-direct-paused,steering,55,True,straight,892,55,287.53,0
destination-direct-paused,pedals,55,True,brake,879,44,324.18,0
destination-direct-paused,steering,56,True,straight,895,55,342.21,0
destination-direct-paused,pedals,56,True,brake,882,44,310.8,0
destination-direct-paused,steering,57,True,straight,894,55,262.56,0
destination-direct-paused,pedals,57,True,accelerate,881,45,303.35,0
destination-direct-paused,steering,58,True,straight,925,55,320.14,0
destination-direct-paused,pedals,58,True,accelerate,912,45,274.79,0
destination-direct-paused,steering,59,True,straight,910,55,303.74,0
destination-direct-paused,pedals,59,True,accelerate,897,45,307.95,0
destination-direct-paused,steering,60,True,straight,909,55,280.83,0
destination-direct-paused,pedals,60,True,accelerate,896,45,289.68,0
destination-direct-paused,steering,61,True,straight,910,55,280.84,0
destination-direct-paused,pedals,61,True,accelerate,897,45,297.01,0
destination-direct-paused,steering,62,True,straight,912,55,298.52,0
destination-direct-paused,pedals,62,True,accelerate,899,45,255.62,0
destination-direct-paused,steering,63,True,straight,924,55,436.72,0
destination-direct-paused,pedals,63,True,accelerate,911,45,286.54,0
destination-direct-paused,steering,64,True,straight,924,55,287.45,0
destination-direct-paused,pedals,64,True,accelerate,911,45,314.09,0
destination-direct-paused,steering,65,True,straight,907,55,291.12,0
destination-direct-paused,pedals,65,True,accelerate,894,45,279.95,0
destination-direct-paused,steering,66,True,straight,902,55,298.1,0
destination-direct-paused,pedals,66,True,accelerate,889,45,341.85,0
destination-direct-paused,steering,67,True,straight,911,55,310.8,0
destination-direct-paused,pedals,67,True,accelerate,898,45,318.42,0
destination-direct-paused,steering,68,True,straight,923,55,336.6,0
destination-direct-paused,pedals,68,True,accelerate,910,45,270.73,0
destination-direct-paused,steering,69,True,straight,925,55,287.16,0
destination-direct-paused,pedals,69,True,accelerate,912,45,275.84,0
destination-direct-paused,steering,70,True,straight,908,55,275.8,0
destination-direct-paused,pedals,70,True,brake,895,44,270.69,0
destination-direct-paused,steering,71,True,straight,910,55,254.42,0
destination-direct-paused,pedals,71,True,brake,897,44,288.79,0
destination-direct-paused,steering,72,True,straight,908,55,293.4,0
destination-direct-paused,pedals,72,True,brake,895,44,304.74,0
destination-direct-paused,steering,73,True,straight,906,55,282.23,0
destination-direct-paused,pedals,73,True,brake,893,44,288.26,0
destination-direct-paused,steering,74,True,straight,906,55,258.4,0
destination-direct-paused,pedals,74,True,brake,893,44,305.11,0
destination-direct-paused,steering,75,True,straight,891,55,325.58,0
destination-direct-paused,pedals,75,True,brake,878,44,280.66,0
destination-direct-paused,steering,76,True,straight,892,55,271.64,0
destination-direct-paused,pedals,76,True,brake,879,44,258.58,0
destination-direct-paused,steering,77,True,straight,892,55,282.3,0
destination-direct-paused,pedals,77,True,brake,879,44,340.39,0
destination-direct-paused,steering,78,True,straight,907,55,512.29,0
destination-direct-paused,pedals,78,True,brake,894,44,324.52,0
destination-direct-paused,steering,79,True,straight,908,55,256.74,0
destination-direct-paused,pedals,79,True,brake,895,44,315.77,0
destination-direct-paused,steering,80,True,straight,892,55,254.63,0
destination-direct-paused,pedals,80,True,brake,879,44,280.6,0
destination-direct-paused,steering,81,True,straight,892,55,293.5,0
destination-direct-paused,pedals,81,True,brake,879,44,311.18,0
destination-direct-paused,steering,82,True,straight,894,55,267.86,0
destination-direct-paused,pedals,82,True,brake,881,44,259.74,0
destination-direct-paused,steering,83,True,straight,909,55,291.59,0
destination-direct-paused,pedals,83,True,brake,896,44,328.63,0
destination-direct-paused,steering,84,True,straight,908,55,314.16,0
destination-direct-paused,pedals,84,True,brake,895,44,308.65,0
destination-direct-paused,steering,85,True,straight,892,55,283.85,0
destination-direct-paused,pedals,85,True,brake,879,44,293.7,0
destination-direct-paused,steering,86,True,straight,895,55,276.4,0
destination-direct-paused,pedals,86,True,brake,882,44,311.36,0
destination-direct-paused,steering,87,True,straight,894,55,320.47,0
destination-direct-paused,pedals,87,True,brake,881,44,332.97,0
destination-direct-paused,steering,88,True,straight,909,55,272.34,0
destination-direct-paused,pedals,88,True,brake,896,44,286.15,0
destination-direct-paused,steering,89,True,straight,908,55,304.37,0
destination-direct-paused,pedals,89,True,brake,895,44,288.04,0
destination-direct-paused,steering,90,True,straight,894,55,379.04,0
destination-direct-paused,pedals,90,True,brake,881,44,302.67,0
destination-direct-paused,steering,91,True,straight,895,55,308.2,0
destination-direct-paused,pedals,91,True,brake,882,44,283.79,0
destination-direct-paused,steering,92,True,straight,896,55,285.38,0
destination-direct-paused,pedals,92,True,brake,883,44,297,0
destination-direct-paused,steering,93,True,straight,910,55,305.84,0
destination-direct-paused,pedals,93,True,brake,897,44,283.06,0
destination-direct-paused,steering,94,True,straight,910,55,273.93,0
destination-direct-paused,pedals,94,True,brake,897,44,286.87,0
destination-direct-paused,steering,95,True,straight,894,55,295.45,0
destination-direct-paused,pedals,95,True,brake,881,44,294.3,0
destination-direct-paused,steering,96,True,straight,896,55,306.86,0
destination-direct-paused,pedals,96,True,brake,883,44,289.38,0
destination-direct-paused,steering,97,True,straight,897,55,278.09,0
destination-direct-paused,pedals,97,True,brake,884,44,321.19,0
destination-direct-paused,steering,98,True,straight,912,55,290,0
destination-direct-paused,pedals,98,True,accelerate,899,45,343.82,0
destination-direct-paused,steering,99,True,straight,926,55,265.68,0
destination-direct-paused,pedals,99,True,accelerate,913,45,320.24,0
destination-direct-paused,steering,100,True,straight,909,55,310.73,0
destination-direct-paused,pedals,100,True,accelerate,896,45,273.28,0
destination-direct-paused,steering,101,True,straight,912,55,299.08,0
destination-direct-paused,pedals,101,True,accelerate,899,45,299.61,0
destination-direct-paused,steering,102,True,straight,908,55,514.83,0
destination-direct-paused,pedals,102,True,accelerate,895,45,299.99,0
destination-direct-paused,steering,103,True,straight,909,55,314.84,0
destination-direct-paused,pedals,103,True,accelerate,896,45,302.02,0
destination-direct-paused,steering,104,True,straight,910,55,422.81,0
destination-direct-paused,pedals,104,True,accelerate,897,45,312.08,0
destination-direct-paused,steering,105,True,straight,908,55,332.75,0
destination-direct-paused,pedals,105,True,accelerate,895,45,292.88,0
destination-direct-paused,steering,106,True,straight,840,55,325.04,0
destination-direct-paused,pedals,106,True,accelerate,827,45,309.7,0
destination-direct-paused,steering,107,True,straight,839,55,376.34,0
destination-direct-paused,pedals,107,True,accelerate,826,45,324.17,0
destination-direct-paused,steering,108,True,straight,840,55,302.5,0
destination-direct-paused,pedals,108,True,accelerate,827,45,299.93,0
destination-direct-paused,steering,109,True,straight,840,55,319.68,0
destination-direct-paused,pedals,109,True,accelerate,827,45,326.01,0
destination-direct-realtime,steering,0,True,straight,854,55,282.32,0.35000000000000003
destination-direct-realtime,pedals,0,True,accelerate,841,45,366.51,0.35000000000000003
destination-direct-realtime,steering,1,True,straight,916,55,313.17,0.29999999999999993
destination-direct-realtime,pedals,1,True,accelerate,903,45,327.16,0.29999999999999993
destination-direct-realtime,steering,2,True,straight,922,55,445.43,0.44999999999999996
destination-direct-realtime,pedals,2,True,accelerate,909,45,294,0.44999999999999996
destination-direct-realtime,steering,3,True,straight,906,55,307.84,0.30000000000000004
destination-direct-realtime,pedals,3,True,accelerate,893,45,312.43,0.30000000000000004
destination-direct-realtime,steering,4,True,straight,922,55,535.91,0.5
destination-direct-realtime,pedals,4,True,accelerate,909,45,278.25,0.5
destination-direct-realtime,steering,5,True,straight,984,55,276.03,0.25
destination-direct-realtime,pedals,5,True,accelerate,971,45,272.7,0.25
destination-direct-realtime,steering,6,True,straight,989,55,298.27,0.30000000000000027
destination-direct-realtime,pedals,6,True,accelerate,976,45,303.31,0.30000000000000027
destination-direct-realtime,steering,7,True,straight,991,55,275.91,0.25
destination-direct-realtime,pedals,7,True,accelerate,978,45,289.86,0.25
destination-direct-realtime,steering,8,True,straight,1002,55,309.69,0.2999999999999998
destination-direct-realtime,pedals,8,True,accelerate,989,45,338.97,0.2999999999999998
destination-direct-realtime,steering,9,True,straight,986,55,324.91,0.2999999999999998
destination-direct-realtime,pedals,9,True,accelerate,973,45,313.79,0.2999999999999998
destination-direct-realtime,steering,10,True,straight,985,55,323.09,0.3000000000000007
destination-direct-realtime,pedals,10,True,accelerate,972,45,261.26,0.3000000000000007
destination-direct-realtime,steering,11,True,straight,1001,55,315.25,0.2999999999999998
destination-direct-realtime,pedals,11,True,accelerate,988,45,281.78,0.2999999999999998
destination-direct-realtime,steering,12,True,straight,988,55,333.08,0.35000000000000053
destination-direct-realtime,pedals,12,True,accelerate,975,45,339.72,0.35000000000000053
destination-direct-realtime,steering,13,True,straight,1000,55,317.5,0.34999999999999964
destination-direct-realtime,pedals,13,True,accelerate,987,45,391.4,0.34999999999999964
destination-direct-realtime,steering,14,True,straight,988,55,303.91,0.3000000000000007
destination-direct-realtime,pedals,14,True,brake,975,44,331.69,0.3000000000000007
destination-direct-realtime,steering,15,True,straight,970,55,290.79,0.34999999999999964
destination-direct-realtime,pedals,15,True,brake,957,44,383.33,0.34999999999999964
destination-direct-realtime,steering,16,True,straight,990,55,273.14,0.25
destination-direct-realtime,pedals,16,True,brake,977,44,254.36,0.25
destination-direct-realtime,steering,17,True,straight,993,55,344.74,0.40000000000000036
destination-direct-realtime,pedals,17,True,brake,980,44,402.22,0.40000000000000036
destination-direct-realtime,steering,18,True,straight,961,55,341.77,0.75
destination-direct-realtime,pedals,18,True,brake,948,44,768.59,0.75
destination-direct-realtime,steering,19,True,straight,962,55,334.13,0.34999999999999964
destination-direct-realtime,pedals,19,True,brake,949,44,333.32,0.34999999999999964
destination-direct-realtime,steering,20,True,straight,962,55,468.34,0.45000000000000107
destination-direct-realtime,pedals,20,True,brake,949,44,318.52,0.45000000000000107
destination-direct-realtime,steering,21,True,straight,879,55,349.95,0.3500000000000014
destination-direct-realtime,pedals,21,True,brake,866,44,313.95,0.3500000000000014
destination-direct-realtime,steering,22,True,straight,891,55,311.87,0.34999999999999964
destination-direct-realtime,pedals,22,True,brake,878,44,362.26,0.34999999999999964
destination-direct-realtime,steering,23,True,straight,892,55,384.88,0.34999999999999964
destination-direct-realtime,pedals,23,True,brake,879,44,390.25,0.34999999999999964
destination-direct-realtime,steering,24,True,straight,878,55,290.81,0.3000000000000007
destination-direct-realtime,pedals,24,True,brake,865,44,302.43,0.3000000000000007
destination-direct-realtime,steering,25,True,straight,880,55,347.24,0.34999999999999964
destination-direct-realtime,pedals,25,True,brake,867,44,297.78,0.34999999999999964
destination-direct-realtime,steering,26,True,straight,878,55,373.91,0.40000000000000213
destination-direct-realtime,pedals,26,True,brake,865,44,389.48,0.40000000000000213
destination-direct-realtime,steering,27,True,straight,880,55,354.22,0.4499999999999993
destination-direct-realtime,pedals,27,True,brake,867,44,494.16,0.4499999999999993
destination-direct-realtime,steering,28,True,straight,878,55,288.68,0.3000000000000007
destination-direct-realtime,pedals,28,True,brake,865,44,305.64,0.3000000000000007
destination-direct-realtime,steering,29,True,straight,879,55,270.3,0.3000000000000007
destination-direct-realtime,pedals,29,True,brake,866,44,316.52,0.3000000000000007
destination-direct-realtime,steering,30,True,straight,893,55,356,0.34999999999999787
destination-direct-realtime,pedals,30,True,brake,880,44,318.36,0.34999999999999787
destination-direct-realtime,steering,31,True,straight,881,55,308.6,0.3500000000000014
destination-direct-realtime,pedals,31,True,brake,868,44,367.06,0.3500000000000014
destination-direct-realtime,steering,32,True,straight,881,55,330.76,0.3000000000000007
destination-direct-realtime,pedals,32,True,brake,868,44,300.3,0.3000000000000007
destination-direct-realtime,steering,33,True,straight,894,55,334.84,0.29999999999999716
destination-direct-realtime,pedals,33,True,brake,881,44,313.2,0.29999999999999716
destination-direct-realtime,steering,34,True,straight,879,55,281.02,0.3500000000000014
destination-direct-realtime,pedals,34,True,brake,866,44,337.9,0.3500000000000014
destination-direct-realtime,steering,35,True,straight,894,55,349.45,0.34999999999999787
destination-direct-realtime,pedals,35,True,brake,881,44,344.73,0.34999999999999787
destination-direct-realtime,steering,36,True,straight,881,55,304.74,0.3000000000000007
destination-direct-realtime,pedals,36,True,brake,868,44,294.45,0.3000000000000007
destination-direct-realtime,steering,37,True,straight,881,55,326.25,0.3000000000000007
destination-direct-realtime,pedals,37,True,brake,868,44,326.19,0.3000000000000007
destination-direct-realtime,steering,38,True,straight,895,55,343.82,0.34999999999999787
destination-direct-realtime,pedals,38,True,brake,882,44,307.28,0.34999999999999787
destination-direct-realtime,steering,39,True,straight,882,55,315.65,0.3000000000000007
destination-direct-realtime,pedals,39,True,brake,869,44,281.86,0.3000000000000007
destination-direct-realtime,steering,40,True,straight,891,55,290.87,0.34999999999999787
destination-direct-realtime,pedals,40,True,accelerate,878,45,342.56,0.34999999999999787
destination-direct-realtime,steering,41,True,straight,893,55,340.34,0.3500000000000014
destination-direct-realtime,pedals,41,True,accelerate,880,45,334.22,0.3500000000000014
destination-direct-realtime,steering,42,True,straight,910,55,343.37,0.3500000000000014
destination-direct-realtime,pedals,42,True,accelerate,897,45,297.19,0.3500000000000014
destination-direct-realtime,steering,43,True,straight,923,55,324.54,0.29999999999999716
destination-direct-realtime,pedals,43,True,accelerate,910,45,326.42,0.29999999999999716
destination-direct-realtime,steering,44,True,straight,910,55,428.1,0.40000000000000213
destination-direct-realtime,pedals,44,True,brake,897,44,381.9,0.40000000000000213
destination-direct-realtime,steering,45,True,straight,925,55,311.14,0.3000000000000007
destination-direct-realtime,pedals,45,True,brake,912,44,314.22,0.3000000000000007
destination-direct-realtime,steering,46,True,straight,897,55,296.76,0.40000000000000213
destination-direct-realtime,pedals,46,True,brake,884,44,404.71,0.40000000000000213
destination-direct-realtime,steering,47,True,straight,896,55,332.07,0.3500000000000014
destination-direct-realtime,pedals,47,True,brake,883,44,358.12,0.3500000000000014
destination-direct-realtime,steering,48,True,straight,910,55,355.34,0.3999999999999986
destination-direct-realtime,pedals,48,True,brake,897,44,429.5,0.3999999999999986
destination-direct-realtime,steering,49,True,straight,896,55,329.63,0.3500000000000014
destination-direct-realtime,pedals,49,True,brake,883,44,372.75,0.3500000000000014
destination-direct-realtime,steering,50,True,straight,910,55,394.41,0.3999999999999986
destination-direct-realtime,pedals,50,True,brake,897,44,386.16,0.3999999999999986
destination-direct-realtime,steering,51,True,straight,898,55,256.83,0.3000000000000007
destination-direct-realtime,pedals,51,True,brake,885,44,287.32,0.3000000000000007
destination-direct-realtime,steering,52,True,straight,897,55,317.47,0.3500000000000014
destination-direct-realtime,pedals,52,True,brake,884,44,344.04,0.3500000000000014
destination-direct-realtime,steering,53,True,straight,911,55,356.31,0.3999999999999986
destination-direct-realtime,pedals,53,True,brake,898,44,414.23,0.3999999999999986
destination-direct-realtime,steering,54,True,straight,912,55,328.74,0.29999999999999716
destination-direct-realtime,pedals,54,True,brake,899,44,292.31,0.29999999999999716
destination-direct-realtime,steering,55,True,straight,899,55,297.36,0.3500000000000014
destination-direct-realtime,pedals,55,True,brake,886,44,338.79,0.3500000000000014
destination-direct-realtime,steering,56,True,straight,899,55,336.93,0.3500000000000014
destination-direct-realtime,pedals,56,True,brake,886,44,351.04,0.3500000000000014
destination-direct-realtime,steering,57,True,straight,899,55,587.23,0.5499999999999972
destination-direct-realtime,pedals,57,True,accelerate,886,45,352.58,0.5499999999999972
destination-direct-realtime,steering,58,True,straight,916,55,317.24,0.29999999999999716
destination-direct-realtime,pedals,58,True,accelerate,903,45,339.14,0.29999999999999716
destination-direct-realtime,steering,59,True,straight,923,55,431.14,0.3999999999999986
destination-direct-realtime,pedals,59,True,accelerate,910,45,398.75,0.3999999999999986
destination-direct-realtime,steering,60,True,straight,911,55,284.91,0.25
destination-direct-realtime,pedals,60,True,accelerate,898,45,279.52,0.25
destination-direct-realtime,steering,61,True,straight,912,55,300.62,0.30000000000000426
destination-direct-realtime,pedals,61,True,accelerate,899,45,328.97,0.30000000000000426
destination-direct-realtime,steering,62,True,straight,909,55,424.88,0.3999999999999986
destination-direct-realtime,pedals,62,True,accelerate,896,45,304.08,0.3999999999999986
destination-direct-realtime,steering,63,True,straight,911,55,324.15,0.29999999999999716
destination-direct-realtime,pedals,63,True,accelerate,898,45,284.23,0.29999999999999716
destination-direct-realtime,steering,64,True,straight,924,55,395.19,0.3999999999999986
destination-direct-realtime,pedals,64,True,accelerate,911,45,409.66,0.3999999999999986
destination-direct-realtime,steering,65,True,straight,923,55,399.41,0.3999999999999986
destination-direct-realtime,pedals,65,True,accelerate,910,45,380.97,0.3999999999999986
destination-direct-realtime,steering,66,True,straight,911,55,397.28,0.5
destination-direct-realtime,pedals,66,True,accelerate,898,45,499.1,0.5
destination-direct-realtime,steering,67,True,straight,908,55,367.77,0.3500000000000014
destination-direct-realtime,pedals,67,True,accelerate,895,45,296.63,0.3500000000000014
destination-direct-realtime,steering,68,True,straight,910,55,331.44,0.3500000000000014
destination-direct-realtime,pedals,68,True,accelerate,897,45,331.63,0.3500000000000014
destination-direct-realtime,steering,69,True,straight,926,55,330.29,0.29999999999999716
destination-direct-realtime,pedals,69,True,accelerate,913,45,336.07,0.29999999999999716
destination-direct-realtime,steering,70,True,straight,924,55,274.44,0.25
destination-direct-realtime,pedals,70,True,accelerate,911,45,285.89,0.25
destination-direct-realtime,steering,71,True,straight,912,55,279.95,0.30000000000000426
destination-direct-realtime,pedals,71,True,brake,899,44,339.45,0.30000000000000426
destination-direct-realtime,steering,72,True,straight,910,55,269.77,0.30000000000000426
destination-direct-realtime,pedals,72,True,brake,897,44,330.13,0.30000000000000426
destination-direct-realtime,steering,73,True,straight,911,55,319.89,0.29999999999999716
destination-direct-realtime,pedals,73,True,brake,898,44,319.36,0.29999999999999716
destination-direct-realtime,steering,74,True,straight,924,55,309.17,0.29999999999999716
destination-direct-realtime,pedals,74,True,brake,911,44,284.96,0.29999999999999716
destination-direct-realtime,steering,75,True,straight,907,55,403.3,0.3999999999999986
destination-direct-realtime,pedals,75,True,brake,894,44,339.85,0.3999999999999986
destination-direct-realtime,steering,76,True,straight,894,55,290.02,0.3500000000000014
destination-direct-realtime,pedals,76,True,brake,881,44,329.09,0.3500000000000014
destination-direct-realtime,steering,77,True,straight,895,55,316.74,0.30000000000000426
destination-direct-realtime,pedals,77,True,brake,882,44,289.87,0.30000000000000426
destination-direct-realtime,steering,78,True,straight,894,55,527.26,0.5
destination-direct-realtime,pedals,78,True,brake,881,44,365.86,0.5
destination-direct-realtime,steering,79,True,straight,906,55,315.23,0.29999999999999716
destination-direct-realtime,pedals,79,True,brake,893,44,334.86,0.29999999999999716
destination-direct-realtime,steering,80,True,straight,907,55,352.04,0.3499999999999943
destination-direct-realtime,pedals,80,True,brake,894,44,308.24,0.3499999999999943
destination-direct-realtime,steering,81,True,straight,895,55,323.04,0.30000000000000426
destination-direct-realtime,pedals,81,True,brake,882,44,314.19,0.30000000000000426
destination-direct-realtime,steering,82,True,straight,896,55,298.72,0.3500000000000014
destination-direct-realtime,pedals,82,True,brake,883,44,370.74,0.3500000000000014
destination-direct-realtime,steering,83,True,straight,895,55,390.97,0.3999999999999986
destination-direct-realtime,pedals,83,True,brake,882,44,389.16,0.3999999999999986
destination-direct-realtime,steering,84,True,straight,909,55,343.64,0.3500000000000014
destination-direct-realtime,pedals,84,True,brake,896,44,324.96,0.3500000000000014
destination-direct-realtime,steering,85,True,straight,909,55,321.82,0.3499999999999943
destination-direct-realtime,pedals,85,True,brake,896,44,279.93,0.3499999999999943
destination-direct-realtime,steering,86,True,straight,896,55,342.61,0.3500000000000014
destination-direct-realtime,pedals,86,True,brake,883,44,305.14,0.3500000000000014
destination-direct-realtime,steering,87,True,straight,896,55,307.88,0.3500000000000014
destination-direct-realtime,pedals,87,True,brake,883,44,354.24,0.3500000000000014
destination-direct-realtime,steering,88,True,straight,896,55,374.75,0.3500000000000014
destination-direct-realtime,pedals,88,True,brake,883,44,338.27,0.3500000000000014
destination-direct-realtime,steering,89,True,straight,909,55,318.27,0.29999999999999716
destination-direct-realtime,pedals,89,True,brake,896,44,321.96,0.29999999999999716
destination-direct-realtime,steering,90,True,straight,909,55,336.72,0.29999999999999716
destination-direct-realtime,pedals,90,True,brake,896,44,299.92,0.29999999999999716
destination-direct-realtime,steering,91,True,straight,897,55,327.42,0.3500000000000014
destination-direct-realtime,pedals,91,True,brake,884,44,343.64,0.3500000000000014
destination-direct-realtime,steering,92,True,straight,897,55,317.47,0.30000000000000426
destination-direct-realtime,pedals,92,True,brake,884,44,303.4,0.30000000000000426
destination-direct-realtime,steering,93,True,straight,897,55,277.74,0.5
destination-direct-realtime,pedals,93,True,brake,884,44,514.48,0.5
destination-direct-realtime,steering,94,True,straight,910,55,297.02,0.29999999999999716
destination-direct-realtime,pedals,94,True,brake,897,44,318.15,0.29999999999999716
destination-direct-realtime,steering,95,True,straight,910,55,339.2,0.3499999999999943
destination-direct-realtime,pedals,95,True,brake,897,44,308.14,0.3499999999999943
destination-direct-realtime,steering,96,True,straight,897,55,316.4,0.30000000000000426
destination-direct-realtime,pedals,96,True,brake,884,44,314.22,0.30000000000000426
destination-direct-realtime,steering,97,True,straight,898,55,298.34,0.5500000000000043
destination-direct-realtime,pedals,97,True,accelerate,885,45,571.29,0.5500000000000043
destination-direct-realtime,steering,98,True,straight,916,55,350.84,0.3500000000000014
destination-direct-realtime,pedals,98,True,accelerate,903,45,341.84,0.3500000000000014
destination-direct-realtime,steering,99,True,straight,924,55,362.79,0.3999999999999986
destination-direct-realtime,pedals,99,True,accelerate,911,45,400.31,0.3999999999999986
destination-direct-realtime,steering,100,True,straight,924,55,365.52,0.3499999999999943
destination-direct-realtime,pedals,100,True,accelerate,911,45,369.36,0.3499999999999943
destination-direct-realtime,steering,101,True,straight,912,55,284.47,0.5
destination-direct-realtime,pedals,101,True,accelerate,899,45,492.35,0.5
destination-direct-realtime,steering,102,True,straight,892,55,803.5,0.8000000000000043
destination-direct-realtime,pedals,102,True,accelerate,879,45,764.28,0.8000000000000043
destination-direct-realtime,steering,103,True,straight,910,55,314.77,0.3499999999999943
destination-direct-realtime,pedals,103,True,accelerate,897,45,307.91,0.3499999999999943
destination-direct-realtime,steering,104,True,straight,910,55,516.31,0.5
destination-direct-realtime,pedals,104,True,accelerate,897,45,286.9,0.5
destination-direct-realtime,steering,105,True,straight,841,55,354.76,0.3500000000000014
destination-direct-realtime,pedals,105,True,accelerate,828,45,282.06,0.3500000000000014
destination-direct-realtime,steering,106,True,straight,841,55,324.07,0.29999999999999716
destination-direct-realtime,pedals,106,True,accelerate,828,45,300.67,0.29999999999999716
destination-direct-realtime,steering,107,True,straight,839,55,333.95,0.30000000000001137
destination-direct-realtime,pedals,107,True,accelerate,826,45,324.94,0.30000000000001137
destination-direct-realtime,steering,108,True,straight,842,55,298.93,0.5999999999999943
destination-direct-realtime,pedals,108,True,accelerate,829,45,626.01,0.5999999999999943
destination-maneuver-paused,direction,0,True,east,870,52,385.18,0
destination-maneuver-paused,speed,0,True,cruise,823,42,362.52,0
destination-maneuver-paused,direction,1,True,east,935,52,275.33,0
destination-maneuver-paused,speed,1,True,slow,888,40,333,0
destination-maneuver-paused,direction,2,True,east,950,52,337.05,0
destination-maneuver-paused,speed,2,True,slow,903,40,311.4,0
destination-maneuver-paused,direction,3,True,east,936,52,334.5,0
destination-maneuver-paused,speed,3,True,slow,889,40,395.75,0
destination-maneuver-paused,direction,4,True,east,1035,52,377.63,0
destination-maneuver-paused,speed,4,True,slow,988,40,334.27,0
destination-maneuver-paused,direction,5,True,east,1019,52,385.42,0
destination-maneuver-paused,speed,5,True,slow,972,40,421.59,0
destination-maneuver-paused,direction,6,True,east,1020,52,325.87,0
destination-maneuver-paused,speed,6,True,slow,973,40,278.67,0
destination-maneuver-paused,direction,7,True,east,1021,52,308.88,0
destination-maneuver-paused,speed,7,True,slow,974,40,363.15,0
destination-maneuver-paused,direction,8,True,east,1034,52,335.18,0
destination-maneuver-paused,speed,8,True,slow,987,40,318.37,0
destination-maneuver-paused,direction,9,True,east,1018,52,279.6,0
destination-maneuver-paused,speed,9,True,slow,971,40,363.86,0
destination-maneuver-paused,direction,10,True,east,1017,52,292.05,0
destination-maneuver-paused,speed,10,True,slow,970,40,334.72,0
destination-maneuver-paused,direction,11,True,east,1033,52,338.24,0
destination-maneuver-paused,speed,11,True,slow,986,40,320.21,0
destination-maneuver-paused,direction,12,True,east,1020,52,392.64,0
destination-maneuver-paused,speed,12,True,slow,973,40,300.15,0
destination-maneuver-paused,direction,13,True,east,1034,52,319.24,0
destination-maneuver-paused,speed,13,True,slow,987,40,352.73,0
destination-maneuver-paused,direction,14,True,east,1020,52,335.67,0
destination-maneuver-paused,speed,14,True,slow,973,40,377.02,0
destination-maneuver-paused,direction,15,True,east,1020,52,294.53,0
destination-maneuver-paused,speed,15,True,slow,973,40,345.09,0
destination-maneuver-paused,direction,16,True,east,1038,52,339.78,0
destination-maneuver-paused,speed,16,True,slow,991,40,339.51,0
destination-maneuver-paused,direction,17,True,stop,1032,52,274.74,0
destination-maneuver-paused,speed,17,True,stop,985,40,351.09,0
destination-maneuver-paused,direction,18,True,stop,1027,52,287.2,0
destination-maneuver-paused,speed,18,True,stop,980,40,306.91,0
destination-maneuver-paused,direction,19,True,stop,1009,52,334.16,0
destination-maneuver-paused,speed,19,True,stop,962,40,301.68,0
destination-maneuver-paused,direction,20,True,stop,928,52,333.32,0
destination-maneuver-paused,speed,20,True,stop,881,40,406.45,0
destination-maneuver-paused,direction,21,True,stop,943,52,327.82,0
destination-maneuver-paused,speed,21,True,stop,896,40,498.86,0
destination-maneuver-paused,direction,22,True,stop,941,52,410.75,0
destination-maneuver-paused,speed,22,True,stop,894,40,418.28,0
destination-maneuver-paused,direction,23,True,stop,932,52,351.27,0
destination-maneuver-paused,speed,23,True,stop,885,40,364.91,0
destination-maneuver-paused,direction,24,True,stop,930,52,553.15,0
destination-maneuver-paused,speed,24,True,stop,883,40,574.91,0
destination-maneuver-paused,direction,25,True,stop,926,52,499.3,0
destination-maneuver-paused,speed,25,True,stop,879,40,512.14,0
destination-maneuver-paused,direction,26,True,stop,946,52,299.17,0
destination-maneuver-paused,speed,26,True,stop,899,40,368.53,0
destination-maneuver-paused,direction,27,True,stop,931,52,372.8,0
destination-maneuver-paused,speed,27,True,stop,884,40,340.38,0
destination-maneuver-paused,direction,28,True,stop,930,52,278.24,0
destination-maneuver-paused,speed,28,True,stop,883,40,320.05,0
destination-maneuver-paused,direction,29,True,stop,945,52,367.22,0
destination-maneuver-paused,speed,29,True,stop,898,40,313.76,0
destination-maneuver-paused,direction,30,True,stop,930,52,391.25,0
destination-maneuver-paused,speed,30,True,stop,883,40,323.99,0
destination-maneuver-paused,direction,31,True,stop,931,52,374.09,0
destination-maneuver-paused,speed,31,True,stop,884,40,381.27,0
destination-maneuver-paused,direction,32,True,stop,944,52,374.91,0
destination-maneuver-paused,speed,32,True,stop,897,40,300.22,0
destination-maneuver-paused,direction,33,True,stop,931,52,354.09,0
destination-maneuver-paused,speed,33,True,stop,884,40,294.16,0
destination-maneuver-paused,direction,34,True,stop,946,52,301.83,0
destination-maneuver-paused,speed,34,True,stop,899,40,324.34,0
destination-maneuver-paused,direction,35,True,stop,928,52,336.32,0
destination-maneuver-paused,speed,35,True,stop,881,40,339.17,0
destination-maneuver-paused,direction,36,True,stop,931,52,331.38,0
destination-maneuver-paused,speed,36,True,stop,884,40,288.08,0
destination-maneuver-paused,direction,37,True,stop,945,52,442.32,0
destination-maneuver-paused,speed,37,True,stop,898,40,408.36,0
destination-maneuver-paused,direction,38,True,stop,931,52,358.04,0
destination-maneuver-paused,speed,38,True,stop,884,40,306.41,0
destination-maneuver-paused,direction,39,True,stop,944,52,317.16,0
destination-maneuver-paused,speed,39,True,stop,897,40,294.64,0
destination-maneuver-paused,direction,40,True,east,929,52,335.4,0
destination-maneuver-paused,speed,40,True,slow,882,40,329.84,0
destination-maneuver-paused,direction,41,True,east,923,52,387.15,0
destination-maneuver-paused,speed,41,True,slow,876,40,358.91,0
destination-maneuver-paused,direction,42,True,east,954,52,317.75,0
destination-maneuver-paused,speed,42,True,slow,907,40,324.69,0
destination-maneuver-paused,direction,43,True,north,939,52,378.24,0
destination-maneuver-paused,speed,43,True,slow,892,40,340.47,0
destination-maneuver-paused,direction,44,True,north,953,52,377.24,0
destination-maneuver-paused,speed,44,True,slow,906,40,319.11,0
destination-maneuver-paused,direction,45,True,east,937,52,303.34,0
destination-maneuver-paused,speed,45,True,slow,890,40,285.72,0
destination-maneuver-paused,direction,46,True,east,940,52,262.46,0
destination-maneuver-paused,speed,46,True,slow,893,40,285.17,0
destination-maneuver-paused,direction,47,True,east,955,52,291.1,0
destination-maneuver-paused,speed,47,True,slow,908,40,310.49,0
destination-maneuver-paused,direction,48,True,north,936,52,365.66,0
destination-maneuver-paused,speed,48,True,slow,889,40,355.8,0
destination-maneuver-paused,direction,49,True,east,955,52,308.04,0
destination-maneuver-paused,speed,49,True,slow,908,40,362.92,0
destination-maneuver-paused,direction,50,True,north,965,52,329.55,0
destination-maneuver-paused,speed,50,True,slow,918,40,276.13,0
destination-maneuver-paused,direction,51,True,stop,968,52,316.61,0
destination-maneuver-paused,speed,51,True,stop,921,40,331.79,0
destination-maneuver-paused,direction,52,True,stop,982,52,291.43,0
destination-maneuver-paused,speed,52,True,stop,935,40,298.58,0
destination-maneuver-paused,direction,53,True,stop,971,52,307.26,0
destination-maneuver-paused,speed,53,True,stop,924,40,386.18,0
destination-maneuver-paused,direction,54,True,stop,974,52,284.64,0
destination-maneuver-paused,speed,54,True,stop,927,40,348.87,0
destination-maneuver-realtime,direction,0,True,east,870,52,344,0.4
destination-maneuver-realtime,speed,0,True,cruise,823,42,378.61,0.4
destination-maneuver-realtime,direction,1,True,east,937,52,346.01,0.35
destination-maneuver-realtime,speed,1,True,slow,890,40,344.98,0.35
destination-maneuver-realtime,direction,2,True,east,937,52,378.86,0.3999999999999999
destination-maneuver-realtime,speed,2,True,slow,890,40,420.74,0.3999999999999999
destination-maneuver-realtime,direction,3,True,east,936,52,333.9,0.34999999999999987
destination-maneuver-realtime,speed,3,True,slow,889,40,277.98,0.34999999999999987
destination-maneuver-realtime,direction,4,True,east,954,52,335.3,0.34999999999999964
destination-maneuver-realtime,speed,4,True,slow,907,40,334.14,0.34999999999999964
destination-maneuver-realtime,direction,5,True,east,1017,52,308.73,0.3500000000000001
destination-maneuver-realtime,speed,5,True,slow,970,40,349.47,0.3500000000000001
destination-maneuver-realtime,direction,6,True,east,1018,52,579.78,0.6000000000000001
destination-maneuver-realtime,speed,6,True,slow,971,40,578.35,0.6000000000000001
destination-maneuver-realtime,direction,7,True,east,1021,52,650.97,0.6500000000000004
destination-maneuver-realtime,speed,7,True,slow,974,40,661.2,0.6500000000000004
destination-maneuver-realtime,direction,8,True,east,1036,52,480.46,0.5
destination-maneuver-realtime,speed,8,True,slow,989,40,320.81,0.5
destination-maneuver-realtime,direction,9,True,east,1019,52,363.98,0.40000000000000036
destination-maneuver-realtime,speed,9,True,slow,972,40,401.47,0.40000000000000036
destination-maneuver-realtime,direction,10,True,east,1034,52,295.18,0.2999999999999998
destination-maneuver-realtime,speed,10,True,slow,987,40,317.83,0.2999999999999998
destination-maneuver-realtime,direction,11,True,east,1022,52,403.55,0.40000000000000036
destination-maneuver-realtime,speed,11,True,slow,975,40,376.34,0.40000000000000036
destination-maneuver-realtime,direction,12,True,east,1022,52,307.79,0.3000000000000007
destination-maneuver-realtime,speed,12,True,slow,975,40,303.97,0.3000000000000007
destination-maneuver-realtime,direction,13,True,north,1029,52,313.26,0.2999999999999998
destination-maneuver-realtime,speed,13,True,slow,982,40,279.28,0.2999999999999998
destination-maneuver-realtime,direction,14,True,east,1034,52,372.64,0.3999999999999986
destination-maneuver-realtime,speed,14,True,slow,987,40,325.06,0.3999999999999986
destination-maneuver-realtime,direction,15,True,east,1022,52,357.05,0.34999999999999964
destination-maneuver-realtime,speed,15,True,slow,975,40,289.22,0.34999999999999964
destination-maneuver-realtime,direction,16,True,east,1020,52,374.24,0.40000000000000036
destination-maneuver-realtime,speed,16,True,slow,973,40,372.46,0.40000000000000036
destination-maneuver-realtime,direction,17,True,stop,1026,52,338.57,0.40000000000000036
destination-maneuver-realtime,speed,17,True,stop,979,40,396.41,0.40000000000000036
destination-maneuver-realtime,direction,18,True,stop,1020,52,277.92,0.34999999999999964
destination-maneuver-realtime,speed,18,True,stop,973,40,337.29,0.34999999999999964
destination-maneuver-realtime,direction,19,True,stop,1041,52,331.26,0.34999999999999964
destination-maneuver-realtime,speed,19,True,stop,994,40,327.19,0.34999999999999964
destination-maneuver-realtime,direction,20,True,stop,926,52,349.51,0.34999999999999964
destination-maneuver-realtime,speed,20,True,stop,879,40,295.17,0.34999999999999964
destination-maneuver-realtime,direction,21,True,stop,929,52,299.98,0.34999999999999964
destination-maneuver-realtime,speed,21,True,stop,882,40,330.53,0.34999999999999964
destination-maneuver-realtime,direction,22,True,stop,928,52,306.89,0.3500000000000014
destination-maneuver-realtime,speed,22,True,stop,881,40,371.75,0.3500000000000014
destination-maneuver-realtime,direction,23,True,stop,944,52,293.74,0.29999999999999893
destination-maneuver-realtime,speed,23,True,stop,897,40,331.61,0.29999999999999893
destination-maneuver-realtime,direction,24,True,stop,943,52,289.43,0.29999999999999893
destination-maneuver-realtime,speed,24,True,stop,896,40,286.03,0.29999999999999893
destination-maneuver-realtime,direction,25,True,stop,930,52,289.59,0.3000000000000007
destination-maneuver-realtime,speed,25,True,stop,883,40,295.13,0.3000000000000007
destination-maneuver-realtime,direction,26,True,stop,932,52,371.26,0.34999999999999964
destination-maneuver-realtime,speed,26,True,stop,885,40,336.97,0.34999999999999964
destination-maneuver-realtime,direction,27,True,stop,930,52,343.87,0.3500000000000014
destination-maneuver-realtime,speed,27,True,stop,883,40,342.96,0.3500000000000014
destination-maneuver-realtime,direction,28,True,stop,931,52,432.73,0.4499999999999993
destination-maneuver-realtime,speed,28,True,stop,884,40,408.2,0.4499999999999993
destination-maneuver-realtime,direction,29,True,stop,927,52,407.6,0.40000000000000213
destination-maneuver-realtime,speed,29,True,stop,880,40,297.63,0.40000000000000213
destination-maneuver-realtime,direction,30,True,stop,928,52,315.82,0.3000000000000007
destination-maneuver-realtime,speed,30,True,stop,881,40,313.98,0.3000000000000007
destination-maneuver-realtime,direction,31,True,stop,939,52,340.13,0.34999999999999787
destination-maneuver-realtime,speed,31,True,stop,892,40,337.49,0.34999999999999787
destination-maneuver-realtime,direction,32,True,stop,926,52,294.61,0.3500000000000014
destination-maneuver-realtime,speed,32,True,stop,879,40,335.58,0.3500000000000014
destination-maneuver-realtime,direction,33,True,stop,927,52,304.22,0.3000000000000007
destination-maneuver-realtime,speed,33,True,stop,880,40,276.11,0.3000000000000007
destination-maneuver-realtime,direction,34,True,stop,940,52,302.03,0.29999999999999716
destination-maneuver-realtime,speed,34,True,stop,893,40,281.14,0.29999999999999716
destination-maneuver-realtime,direction,35,True,stop,926,52,373.84,0.3500000000000014
destination-maneuver-realtime,speed,35,True,stop,879,40,303.24,0.3500000000000014
destination-maneuver-realtime,direction,36,True,stop,941,52,312.77,0.34999999999999787
destination-maneuver-realtime,speed,36,True,stop,894,40,335.14,0.34999999999999787
destination-maneuver-realtime,direction,37,True,stop,927,52,300.05,0.3500000000000014
destination-maneuver-realtime,speed,37,True,stop,880,40,330.77,0.3500000000000014
destination-maneuver-realtime,direction,38,True,stop,926,52,335.31,0.3500000000000014
destination-maneuver-realtime,speed,38,True,stop,879,40,347.24,0.3500000000000014
destination-maneuver-realtime,direction,39,True,stop,939,52,277.46,0.29999999999999716
destination-maneuver-realtime,speed,39,True,stop,892,40,299.86,0.29999999999999716
destination-maneuver-realtime,direction,40,True,east,927,52,281.05,0.3000000000000007
destination-maneuver-realtime,speed,40,True,slow,880,40,299.16,0.3000000000000007
destination-maneuver-realtime,direction,41,True,east,938,52,328.15,0.34999999999999787
destination-maneuver-realtime,speed,41,True,slow,891,40,362.11,0.34999999999999787
destination-maneuver-realtime,direction,42,True,east,940,52,338.35,0.3500000000000014
destination-maneuver-realtime,speed,42,True,slow,893,40,330.58,0.3500000000000014
destination-maneuver-realtime,direction,43,True,east,941,52,421.46,0.4499999999999993
destination-maneuver-realtime,speed,43,True,slow,894,40,409.38,0.4499999999999993
destination-maneuver-realtime,direction,44,True,east,948,52,424.08,0.5
destination-maneuver-realtime,speed,44,True,slow,901,40,473.2,0.5
destination-maneuver-realtime,direction,45,True,east,938,52,301.27,0.3000000000000007
destination-maneuver-realtime,speed,45,True,slow,891,40,276.13,0.3000000000000007
destination-maneuver-realtime,direction,46,True,north,953,52,348.41,0.34999999999999787
destination-maneuver-realtime,speed,46,True,slow,906,40,329.99,0.34999999999999787
destination-maneuver-realtime,direction,47,True,east,941,52,295.87,0.40000000000000213
destination-maneuver-realtime,speed,47,True,slow,894,40,381.3,0.40000000000000213
destination-maneuver-realtime,direction,48,True,east,939,52,372.27,0.3999999999999986
destination-maneuver-realtime,speed,48,True,slow,892,40,384.01,0.3999999999999986
destination-maneuver-realtime,direction,49,True,north,984,52,275.74,0.34999999999999787
destination-maneuver-realtime,speed,49,True,slow,937,40,348.16,0.34999999999999787
destination-maneuver-realtime,direction,50,True,east,971,52,425.08,0.40000000000000213
destination-maneuver-realtime,speed,50,True,slow,924,40,424.8,0.40000000000000213
destination-maneuver-realtime,direction,51,True,stop,1003,52,441.59,0.4499999999999993
destination-maneuver-realtime,speed,51,True,stop,956,40,371.1,0.4499999999999993
destination-maneuver-realtime,direction,52,True,east,971,52,342.86,0.3500000000000014
destination-maneuver-realtime,speed,52,True,slow,924,40,299.11,0.3500000000000014
destination-maneuver-realtime,direction,53,True,east,970,52,293.41,0.3999999999999986
destination-maneuver-realtime,speed,53,True,cruise,923,42,393.55,0.3999999999999986
destination-maneuver-realtime,direction,54,True,east,972,52,356.15,0.3999999999999986
destination-maneuver-realtime,speed,54,True,cruise,925,42,391.87,0.3999999999999986
destination-maneuver-realtime,direction,55,True,east,986,52,337.28,0.3499999999999943
destination-maneuver-realtime,speed,55,True,cruise,939,42,352.77,0.3499999999999943
destination-maneuver-realtime,direction,56,True,east,975,52,385.43,0.4000000000000057
destination-maneuver-realtime,speed,56,True,cruise,928,42,401.05,0.4000000000000057
destination-maneuver-realtime,direction,57,True,east,990,52,398.33,0.3999999999999986
destination-maneuver-realtime,speed,57,True,cruise,943,42,382.6,0.3999999999999986
destination-maneuver-realtime,direction,58,True,east,990,52,425.57,0.5
destination-maneuver-realtime,speed,58,True,cruise,943,42,528.35,0.5
destination-maneuver-realtime,direction,59,True,east,994,52,393.5,0.44999999999999574
destination-maneuver-realtime,speed,59,True,cruise,947,42,449.58,0.44999999999999574
destination-maneuver-realtime,direction,60,True,stop,1004,52,448.3,0.44999999999999574
destination-maneuver-realtime,speed,60,True,stop,957,40,448.12,0.44999999999999574
destination-maneuver-realtime,direction,61,True,stop,974,52,273.54,0.30000000000000426
destination-maneuver-realtime,speed,61,True,stop,927,40,321.55,0.30000000000000426
destination-maneuver-realtime,direction,62,True,stop,974,52,294.94,0.3500000000000014
destination-maneuver-realtime,speed,62,True,stop,927,40,329.01,0.3500000000000014
destination-maneuver-realtime,direction,63,True,stop,992,52,307.88,0.29999999999999716
destination-maneuver-realtime,speed,63,True,stop,945,40,297.32,0.29999999999999716
destination-maneuver-realtime,direction,64,True,stop,996,52,326.03,0.29999999999999716
destination-maneuver-realtime,speed,64,True,stop,949,40,322,0.29999999999999716
destination-maneuver-realtime,direction,65,True,stop,1012,52,315.7,0.29999999999999716
destination-maneuver-realtime,speed,65,True,stop,965,40,326.75,0.29999999999999716
destination-maneuver-realtime,direction,66,True,stop,1013,52,404.16,0.3999999999999986
destination-maneuver-realtime,speed,66,True,stop,966,40,363.67,0.3999999999999986
destination-maneuver-realtime,direction,67,True,stop,998,52,1157.17,1.1500000000000057
destination-maneuver-realtime,speed,67,True,stop,951,40,452.64,1.1500000000000057
destination-maneuver-realtime,direction,68,True,stop,948,52,282.47,0.3499999999999943
destination-maneuver-realtime,speed,68,True,stop,901,40,337.96,0.3499999999999943
destination-maneuver-realtime,direction,69,True,stop,931,52,414.26,0.4000000000000057
destination-maneuver-realtime,speed,69,True,stop,884,40,389.92,0.4000000000000057
destination-maneuver-realtime,direction,70,True,stop,928,52,272.51,0.30000000000000426
destination-maneuver-realtime,speed,70,True,stop,881,40,327.16,0.30000000000000426
destination-maneuver-realtime,direction,71,True,stop,930,52,316.63,0.29999999999999716
destination-maneuver-realtime,speed,71,True,stop,883,40,316.3,0.29999999999999716
destination-maneuver-realtime,direction,72,True,stop,943,52,282.4,0.3500000000000014
destination-maneuver-realtime,speed,72,True,stop,896,40,351.21,0.3500000000000014
destination-maneuver-realtime,direction,73,True,stop,945,52,314.06,0.3999999999999986
destination-maneuver-realtime,speed,73,True,stop,898,40,402.72,0.3999999999999986
destination-maneuver-realtime,direction,74,True,stop,926,52,292.77,0.30000000000000426
destination-maneuver-realtime,speed,74,True,stop,879,40,306.23,0.30000000000000426
destination-maneuver-realtime,direction,75,True,stop,930,52,285.3,0.30000000000000426
destination-maneuver-realtime,speed,75,True,stop,883,40,300.12,0.30000000000000426
destination-maneuver-realtime,direction,76,True,stop,931,52,278.08,0.3500000000000014
destination-maneuver-realtime,speed,76,True,stop,884,40,334.14,0.3500000000000014
destination-maneuver-realtime,direction,77,True,stop,944,52,304.04,0.29999999999999716
destination-maneuver-realtime,speed,77,True,stop,897,40,282.71,0.29999999999999716
destination-maneuver-realtime,direction,78,True,stop,943,52,317.89,0.29999999999999716
destination-maneuver-realtime,speed,78,True,stop,896,40,284.01,0.29999999999999716
destination-maneuver-realtime,direction,79,True,stop,929,52,331.52,0.30000000000000426
destination-maneuver-realtime,speed,79,True,stop,882,40,330.28,0.30000000000000426
destination-maneuver-realtime,direction,80,True,stop,930,52,293.25,0.30000000000000426
destination-maneuver-realtime,speed,80,True,stop,883,40,306.92,0.30000000000000426
destination-maneuver-realtime,direction,81,True,stop,930,52,349.33,0.3500000000000014
destination-maneuver-realtime,speed,81,True,stop,883,40,353.32,0.3500000000000014
destination-maneuver-realtime,direction,82,True,stop,943,52,307.77,0.29999999999999716
destination-maneuver-realtime,speed,82,True,stop,896,40,303.78,0.29999999999999716
destination-maneuver-realtime,direction,83,True,east,945,52,303.14,0.3499999999999943
destination-maneuver-realtime,speed,83,True,cruise,898,42,352.37,0.3499999999999943
destination-maneuver-realtime,direction,84,True,east,905,52,353.31,0.3500000000000014
destination-maneuver-realtime,speed,84,True,cruise,858,42,334.62,0.3500000000000014
destination-maneuver-realtime,direction,85,True,east,910,52,417.4,0.3999999999999986
destination-maneuver-realtime,speed,85,True,cruise,863,42,309.27,0.3999999999999986
destination-maneuver-realtime,direction,86,True,east,908,52,317.73,0.3500000000000014
destination-maneuver-realtime,speed,86,True,cruise,861,42,333.27,0.3500000000000014
destination-maneuver-realtime,direction,87,True,east,921,52,328.99,0.29999999999999716
destination-maneuver-realtime,speed,87,True,cruise,874,42,294.62,0.29999999999999716
destination-maneuver-realtime,direction,88,True,east,937,52,375.33,0.3999999999999986
destination-maneuver-realtime,speed,88,True,cruise,890,42,377.75,0.3999999999999986
destination-maneuver-realtime,direction,89,True,east,924,52,307.7,0.30000000000000426
destination-maneuver-realtime,speed,89,True,cruise,877,42,310.14,0.30000000000000426
destination-maneuver-realtime,direction,90,True,east,927,52,278.72,0.25
destination-maneuver-realtime,speed,90,True,cruise,880,42,280.61,0.25
destination-maneuver-realtime,direction,91,True,east,924,52,312.62,0.29999999999999716
destination-maneuver-realtime,speed,91,True,cruise,877,42,293.6,0.29999999999999716
destination-maneuver-realtime,direction,92,True,east,939,52,412.64,0.3999999999999986
destination-maneuver-realtime,speed,92,True,cruise,892,42,364.04,0.3999999999999986
destination-maneuver-realtime,direction,93,True,east,939,52,432.49,0.44999999999999574
destination-maneuver-realtime,speed,93,True,cruise,892,42,372.78,0.44999999999999574
destination-maneuver-realtime,direction,94,True,east,921,52,351.26,0.3500000000000014
destination-maneuver-realtime,speed,94,True,cruise,874,42,332.66,0.3500000000000014
destination-maneuver-realtime,direction,95,True,east,926,52,353.44,0.3500000000000014
destination-maneuver-realtime,speed,95,True,cruise,879,42,296.83,0.3500000000000014
destination-maneuver-realtime,direction,96,True,east,928,52,531.14,0.5
destination-maneuver-realtime,speed,96,True,cruise,881,42,308.28,0.5
destination-maneuver-realtime,direction,97,True,east,870,52,300.7,0.3999999999999986
destination-maneuver-realtime,speed,97,True,slow,823,40,392.43,0.3999999999999986
destination-maneuver-realtime,direction,98,True,east,854,52,343.51,0.3499999999999943
destination-maneuver-realtime,speed,98,True,slow,807,40,316.4,0.3499999999999943
destination-maneuver-realtime,direction,99,True,east,857,52,372.99,0.5
destination-maneuver-realtime,speed,99,True,slow,810,40,487.31,0.5
destination-maneuver-realtime,direction,100,True,east,859,52,309.4,0.30000000000000426
destination-maneuver-realtime,speed,100,True,slow,812,40,312.07,0.30000000000000426
destination-maneuver-realtime,direction,101,True,east,859,52,347.89,0.3500000000000014
destination-maneuver-realtime,speed,101,True,slow,812,40,342.97,0.3500000000000014
destination-maneuver-realtime,direction,102,True,east,873,52,333.33,0.3500000000000014
destination-maneuver-realtime,speed,102,True,slow,826,40,328.69,0.3500000000000014
destination-maneuver-realtime,direction,103,True,east,874,52,309.04,0.29999999999999716
destination-maneuver-realtime,speed,103,True,slow,827,40,275.16,0.29999999999999716
destination-maneuver-realtime,direction,104,True,west,855,52,299.65,0.3500000000000014
destination-maneuver-realtime,speed,104,True,slow,808,40,336.78,0.3500000000000014
explore-direct-paused,steering,0,True,straight,844,55,297.99,0
explore-direct-paused,pedals,0,True,accelerate,831,45,425.34,0
explore-direct-paused,steering,1,True,straight,913,55,323.37,0
explore-direct-paused,pedals,1,True,accelerate,900,45,330.44,0
explore-direct-paused,steering,2,True,straight,913,55,374.38,0
explore-direct-paused,pedals,2,True,accelerate,900,45,295.38,0
explore-direct-paused,steering,3,True,straight,895,55,302.83,0
explore-direct-paused,pedals,3,True,accelerate,882,45,418.61,0
explore-direct-paused,steering,4,True,straight,990,55,292.62,0
explore-direct-paused,pedals,4,True,accelerate,977,45,301.45,0
explore-direct-paused,steering,5,True,straight,976,55,441.12,0
explore-direct-paused,pedals,5,True,accelerate,963,45,317.71,0
explore-direct-paused,steering,6,True,straight,977,55,339.1,0
explore-direct-paused,pedals,6,True,accelerate,964,45,439.66,0
explore-direct-paused,steering,7,True,straight,980,55,359.28,0
explore-direct-paused,pedals,7,True,accelerate,967,45,325.44,0
explore-direct-paused,steering,8,True,straight,991,55,343.36,0
explore-direct-paused,pedals,8,True,accelerate,978,45,313.51,0
explore-direct-paused,steering,9,True,straight,976,55,304.77,0
explore-direct-paused,pedals,9,True,accelerate,963,45,289.93,0
explore-direct-paused,steering,10,True,straight,978,55,285.68,0
explore-direct-paused,pedals,10,True,accelerate,965,45,283.17,0
explore-direct-paused,steering,11,True,straight,992,55,550.3,0
explore-direct-paused,pedals,11,True,accelerate,979,45,299.23,0
explore-direct-paused,steering,12,True,straight,979,55,325.1,0
explore-direct-paused,pedals,12,True,accelerate,966,45,306.27,0
explore-direct-paused,steering,13,True,straight,991,55,320.17,0
explore-direct-paused,pedals,13,True,brake,978,44,370.51,0
explore-direct-paused,steering,14,True,straight,978,55,330.81,0
explore-direct-paused,pedals,14,True,accelerate,965,45,304.18,0
explore-direct-paused,steering,15,True,straight,962,55,313.98,0
explore-direct-paused,pedals,15,True,accelerate,949,45,311.99,0
explore-direct-paused,steering,16,True,straight,981,55,267.15,0
explore-direct-paused,pedals,16,True,accelerate,968,45,292.62,0
explore-direct-paused,steering,17,True,straight,994,55,291.87,0
explore-direct-paused,pedals,17,True,accelerate,981,45,297.58,0
explore-direct-paused,steering,18,True,straight,981,55,351.26,0
explore-direct-paused,pedals,18,True,accelerate,968,45,337.71,0
explore-direct-paused,steering,19,True,straight,899,55,297.92,0
explore-direct-paused,pedals,19,True,accelerate,886,45,301.97,0
explore-direct-paused,steering,20,True,straight,898,55,441.88,0
explore-direct-paused,pedals,20,True,brake,885,44,367.41,0
explore-direct-paused,steering,21,True,straight,997,55,290.69,0
explore-direct-paused,pedals,21,True,accelerate,984,45,305.93,0
explore-direct-paused,steering,22,True,straight,998,55,299.22,0
explore-direct-paused,pedals,22,True,accelerate,985,45,283.86,0
explore-direct-paused,steering,23,True,straight,985,55,291.09,0
explore-direct-paused,pedals,23,True,accelerate,972,45,274.53,0
explore-direct-paused,steering,24,True,straight,984,55,329.85,0
explore-direct-paused,pedals,24,True,accelerate,971,45,322.61,0
explore-direct-paused,steering,25,True,straight,914,55,314.51,0
explore-direct-paused,pedals,25,True,accelerate,901,45,286.5,0
explore-direct-paused,steering,26,True,straight,931,55,355.27,0
explore-direct-paused,pedals,26,True,accelerate,918,45,346.31,0
explore-direct-paused,steering,27,True,straight,921,55,308.71,0
explore-direct-paused,pedals,27,True,accelerate,908,45,309.12,0
explore-direct-paused,steering,28,True,straight,919,55,335.19,0
explore-direct-paused,pedals,28,True,brake,906,44,331.24,0
explore-direct-paused,steering,29,True,straight,931,55,265.99,0
explore-direct-paused,pedals,29,True,accelerate,918,45,313.26,0
explore-direct-paused,steering,30,True,straight,902,55,313.7,0
explore-direct-paused,pedals,30,True,accelerate,889,45,299.46,0
explore-direct-paused,steering,31,True,straight,902,55,307.02,0
explore-direct-paused,pedals,31,True,accelerate,889,45,345.36,0
explore-direct-paused,steering,32,True,straight,931,55,347.65,0
explore-direct-paused,pedals,32,True,accelerate,918,45,392.19,0
explore-direct-paused,steering,33,True,straight,846,55,310.87,0
explore-direct-paused,pedals,33,True,accelerate,833,45,308.03,0
explore-direct-paused,steering,34,True,straight,778,55,311.24,0
explore-direct-paused,pedals,34,True,accelerate,765,45,301.64,0
explore-direct-paused,steering,35,True,straight,763,55,298.83,0
explore-direct-paused,pedals,35,True,brake,750,44,298.42,0
explore-direct-paused,steering,36,True,straight,765,55,464.56,0
explore-direct-paused,pedals,36,True,accelerate,752,45,324.96,0
explore-direct-realtime,steering,0,True,straight,844,55,350.28,0.35000000000000003
explore-direct-realtime,pedals,0,True,accelerate,831,45,293.84,0.35000000000000003
explore-direct-realtime,steering,1,True,straight,906,55,394.66,0.3999999999999999
explore-direct-realtime,pedals,1,True,accelerate,893,45,379.97,0.3999999999999999
explore-direct-realtime,steering,2,True,straight,912,55,387.49,0.3999999999999999
explore-direct-realtime,pedals,2,True,accelerate,899,45,346.59,0.3999999999999999
explore-direct-realtime,steering,3,True,straight,896,55,309.59,0.30000000000000004
explore-direct-realtime,pedals,3,True,accelerate,883,45,305.59,0.30000000000000004
explore-direct-realtime,steering,4,True,straight,912,55,321.03,0.2999999999999998
explore-direct-realtime,pedals,4,True,accelerate,899,45,299.22,0.2999999999999998
explore-direct-realtime,steering,5,True,straight,974,55,333.91,0.30000000000000027
explore-direct-realtime,pedals,5,True,accelerate,961,45,264.49,0.30000000000000027
explore-direct-realtime,steering,6,True,straight,979,55,347.78,0.3500000000000001
explore-direct-realtime,pedals,6,True,accelerate,966,45,351.26,0.3500000000000001
explore-direct-realtime,steering,7,True,straight,981,55,313.75,0.2999999999999998
explore-direct-realtime,pedals,7,True,accelerate,968,45,312.79,0.2999999999999998
explore-direct-realtime,steering,8,True,straight,992,55,287.75,0.2999999999999998
explore-direct-realtime,pedals,8,True,accelerate,979,45,295.27,0.2999999999999998
explore-direct-realtime,steering,9,True,straight,976,55,308.22,0.2999999999999998
explore-direct-realtime,pedals,9,True,accelerate,963,45,288.68,0.2999999999999998
explore-direct-realtime,steering,10,True,straight,975,55,412.53,0.40000000000000036
explore-direct-realtime,pedals,10,True,accelerate,962,45,410.06,0.40000000000000036
explore-direct-realtime,steering,11,True,straight,991,55,352.28,0.34999999999999964
explore-direct-realtime,pedals,11,True,accelerate,978,45,348.22,0.34999999999999964
explore-direct-realtime,steering,12,True,straight,978,55,459.48,0.4500000000000002
explore-direct-realtime,pedals,12,True,accelerate,965,45,464.78,0.4500000000000002
explore-direct-realtime,steering,13,True,straight,990,55,350.79,0.40000000000000036
explore-direct-realtime,pedals,13,True,accelerate,977,45,387.51,0.40000000000000036
explore-direct-realtime,steering,14,True,straight,978,55,358.84,0.34999999999999964
explore-direct-realtime,pedals,14,True,brake,965,44,336.01,0.34999999999999964
explore-direct-realtime,steering,15,True,straight,961,55,396.66,0.40000000000000036
explore-direct-realtime,pedals,15,True,accelerate,948,45,393.89,0.40000000000000036
explore-direct-realtime,steering,16,True,straight,976,55,403.77,0.3999999999999986
explore-direct-realtime,pedals,16,True,accelerate,963,45,386.31,0.3999999999999986
explore-direct-realtime,steering,17,True,straight,995,55,361.03,0.34999999999999964
explore-direct-realtime,pedals,17,True,brake,982,44,353.5,0.34999999999999964
explore-direct-realtime,steering,18,True,straight,981,55,465.59,0.4499999999999993
explore-direct-realtime,pedals,18,True,accelerate,968,45,425.2,0.4499999999999993
explore-direct-realtime,steering,19,True,straight,982,55,355.05,0.34999999999999964
explore-direct-realtime,pedals,19,True,accelerate,969,45,291.17,0.34999999999999964
explore-direct-realtime,steering,20,True,straight,897,55,294.03,0.3500000000000014
explore-direct-realtime,pedals,20,True,accelerate,884,45,334.38,0.3500000000000014
explore-direct-realtime,steering,21,True,straight,913,55,285.8,0.34999999999999964
explore-direct-realtime,pedals,21,True,accelerate,900,45,331.51,0.34999999999999964
explore-direct-realtime,steering,22,True,straight,915,55,526.92,0.5499999999999989
explore-direct-realtime,pedals,22,True,accelerate,902,45,542.08,0.5499999999999989
explore-direct-realtime,steering,23,True,straight,901,55,333.57,0.34999999999999964
explore-direct-realtime,pedals,23,True,accelerate,888,45,346.28,0.34999999999999964
explore-direct-realtime,steering,24,True,straight,898,55,308.67,0.3000000000000007
explore-direct-realtime,pedals,24,True,accelerate,885,45,287.16,0.3000000000000007
explore-direct-realtime,steering,25,True,straight,984,55,285.36,0.3000000000000007
explore-direct-realtime,pedals,25,True,accelerate,971,45,274.36,0.3000000000000007
explore-direct-realtime,steering,26,True,straight,998,55,281.95,0.34999999999999964
explore-direct-realtime,pedals,26,True,accelerate,985,45,349.99,0.34999999999999964
explore-direct-realtime,steering,27,True,straight,918,55,360.02,0.3500000000000014
explore-direct-realtime,pedals,27,True,accelerate,905,45,345.17,0.3500000000000014
explore-direct-realtime,steering,28,True,straight,921,55,380.79,0.3999999999999986
explore-direct-realtime,pedals,28,True,accelerate,908,45,352.25,0.3999999999999986
explore-direct-realtime,steering,29,True,straight,933,55,398.87,0.3999999999999986
explore-direct-realtime,pedals,29,True,brake,920,44,370.33,0.3999999999999986
explore-direct-realtime,steering,30,True,straight,916,55,326.93,0.3000000000000007
explore-direct-realtime,pedals,30,True,accelerate,903,45,283.16,0.3000000000000007
explore-direct-realtime,steering,31,True,straight,917,55,397.58,0.3999999999999986
explore-direct-realtime,pedals,31,True,accelerate,904,45,400.55,0.3999999999999986
explore-direct-realtime,steering,32,True,straight,915,55,462.09,0.4499999999999993
explore-direct-realtime,pedals,32,True,accelerate,902,45,458.57,0.4499999999999993
explore-direct-realtime,steering,33,True,straight,902,55,380.01,0.3500000000000014
explore-direct-realtime,pedals,33,True,accelerate,889,45,275.95,0.3500000000000014
explore-direct-realtime,steering,34,True,straight,862,55,438.6,0.5500000000000007
explore-direct-realtime,pedals,34,True,accelerate,849,45,560.6,0.5500000000000007
explore-direct-realtime,steering,35,True,straight,763,55,288.32,0.3500000000000014
explore-direct-realtime,pedals,35,True,brake,750,44,367.31,0.3500000000000014
explore-direct-realtime,steering,36,True,straight,764,55,321.63,0.3000000000000007
explore-direct-realtime,pedals,36,True,accelerate,751,45,311.07,0.3000000000000007
explore-direct-realtime,steering,37,True,straight,779,55,309.18,0.34999999999999787
explore-direct-realtime,pedals,37,True,accelerate,766,45,340.95,0.34999999999999787
explore-maneuver-paused,direction,0,True,east,860,52,351.97,0
explore-maneuver-paused,speed,0,True,cruise,813,42,264.49,0
explore-maneuver-paused,direction,1,True,north,925,52,314.06,0
explore-maneuver-paused,speed,1,True,slow,878,40,308.21,0
explore-maneuver-paused,direction,2,True,north,940,52,310.79,0
explore-maneuver-paused,speed,2,True,slow,893,40,282.37,0
explore-maneuver-paused,direction,3,True,north,926,52,329.53,0
explore-maneuver-paused,speed,3,True,slow,879,40,266.57,0
explore-maneuver-paused,direction,4,True,north,1025,52,352.49,0
explore-maneuver-paused,speed,4,True,slow,978,40,277.18,0
explore-maneuver-paused,direction,5,True,north,1009,52,316.29,0
explore-maneuver-paused,speed,5,True,slow,962,40,280.05,0
explore-maneuver-paused,direction,6,True,north,1010,52,334.61,0
explore-maneuver-paused,speed,6,True,slow,963,40,307.11,0
explore-maneuver-paused,direction,7,True,north,1011,52,290.78,0
explore-maneuver-paused,speed,7,True,slow,964,40,273.97,0
explore-maneuver-paused,direction,8,True,north,1024,52,295.63,0
explore-maneuver-paused,speed,8,True,slow,977,40,347.53,0
explore-maneuver-paused,direction,9,True,north,1008,52,311.56,0
explore-maneuver-paused,speed,9,True,slow,961,40,355.44,0
explore-maneuver-paused,direction,10,True,north,1007,52,283.19,0
explore-maneuver-paused,speed,10,True,slow,960,40,307.52,0
explore-maneuver-paused,direction,11,True,north,1023,52,355.43,0
explore-maneuver-paused,speed,11,True,slow,976,40,321.79,0
explore-maneuver-paused,direction,12,True,north,1010,52,338.12,0
explore-maneuver-paused,speed,12,True,slow,963,40,314.86,0
explore-maneuver-paused,direction,13,True,north,1024,52,390.78,0
explore-maneuver-paused,speed,13,True,slow,977,40,326.5,0
explore-maneuver-paused,direction,14,True,north,1010,52,307.6,0
explore-maneuver-paused,speed,14,True,slow,963,40,341.22,0
explore-maneuver-paused,direction,15,True,north,1010,52,290.97,0
explore-maneuver-paused,speed,15,True,slow,963,40,280.29,0
explore-maneuver-paused,direction,16,True,north,1028,52,274.19,0
explore-maneuver-paused,speed,16,True,slow,981,40,296.83,0
explore-maneuver-paused,direction,17,True,stop,1022,52,294.39,0
explore-maneuver-paused,speed,17,True,stop,975,40,368.07,0
explore-maneuver-paused,direction,18,True,stop,1017,52,423.62,0
explore-maneuver-paused,speed,18,True,stop,970,40,400.78,0
explore-maneuver-paused,direction,19,True,stop,999,52,352.26,0
explore-maneuver-paused,speed,19,True,stop,952,40,276.95,0
explore-maneuver-paused,direction,20,True,stop,918,52,324.61,0
explore-maneuver-paused,speed,20,True,stop,871,40,267.47,0
explore-maneuver-paused,direction,21,True,stop,933,52,288.29,0
explore-maneuver-paused,speed,21,True,stop,886,40,289.49,0
explore-maneuver-paused,direction,22,True,stop,931,52,281.73,0
explore-maneuver-paused,speed,22,True,stop,884,40,273.28,0
explore-maneuver-paused,direction,23,True,stop,922,52,437.23,0
explore-maneuver-paused,speed,23,True,stop,875,40,304.71,0
explore-maneuver-paused,direction,24,True,stop,920,52,308.38,0
explore-maneuver-paused,speed,24,True,stop,873,40,266.98,0
explore-maneuver-paused,direction,25,True,stop,916,52,424.15,0
explore-maneuver-paused,speed,25,True,stop,869,40,384.92,0
explore-maneuver-paused,direction,26,True,stop,936,52,268.26,0
explore-maneuver-paused,speed,26,True,stop,889,40,263.54,0
explore-maneuver-paused,direction,27,True,stop,921,52,328.48,0
explore-maneuver-paused,speed,27,True,stop,874,40,324.57,0
explore-maneuver-paused,direction,28,True,stop,920,52,295.86,0
explore-maneuver-paused,speed,28,True,stop,873,40,315.94,0
explore-maneuver-paused,direction,29,True,stop,935,52,375.17,0
explore-maneuver-paused,speed,29,True,stop,888,40,310.06,0
explore-maneuver-paused,direction,30,True,stop,920,52,289.03,0
explore-maneuver-paused,speed,30,True,stop,873,40,316.81,0
explore-maneuver-paused,direction,31,True,stop,921,52,333.13,0
explore-maneuver-paused,speed,31,True,stop,874,40,352.6,0
explore-maneuver-paused,direction,32,True,stop,934,52,326.87,0
explore-maneuver-paused,speed,32,True,stop,887,40,297.89,0
explore-maneuver-paused,direction,33,True,stop,921,52,318.76,0
explore-maneuver-paused,speed,33,True,stop,874,40,363.49,0
explore-maneuver-paused,direction,34,True,stop,936,52,306.39,0
explore-maneuver-paused,speed,34,True,stop,889,40,286.26,0
explore-maneuver-paused,direction,35,True,stop,918,52,309.39,0
explore-maneuver-paused,speed,35,True,stop,871,40,334.26,0
explore-maneuver-paused,direction,36,True,stop,921,52,354.4,0
explore-maneuver-paused,speed,36,True,stop,874,40,367.69,0
explore-maneuver-paused,direction,37,True,stop,935,52,319.95,0
explore-maneuver-paused,speed,37,True,stop,888,40,301.16,0
explore-maneuver-paused,direction,38,True,stop,921,52,278.05,0
explore-maneuver-paused,speed,38,True,stop,874,40,268.2,0
explore-maneuver-paused,direction,39,True,stop,934,52,330.85,0
explore-maneuver-paused,speed,39,True,stop,887,40,281.9,0
explore-maneuver-paused,direction,40,True,south,919,52,313.28,0
explore-maneuver-paused,speed,40,True,cruise,872,42,275.1,0
explore-maneuver-paused,direction,41,True,north,913,52,304.11,0
explore-maneuver-paused,speed,41,True,slow,866,40,316.03,0
explore-maneuver-paused,direction,42,True,north,944,52,285.21,0
explore-maneuver-paused,speed,42,True,slow,897,40,272.46,0
explore-maneuver-paused,direction,43,True,north,929,52,315.83,0
explore-maneuver-paused,speed,43,True,slow,882,40,314,0
explore-maneuver-paused,direction,44,True,north,943,52,269.24,0
explore-maneuver-paused,speed,44,True,slow,896,40,622.59,0
explore-maneuver-paused,direction,45,True,north,927,52,336.56,0
explore-maneuver-paused,speed,45,True,slow,880,40,297.72,0
explore-maneuver-paused,direction,46,True,north,930,52,285.78,0
explore-maneuver-paused,speed,46,True,slow,883,40,308.79,0
explore-maneuver-paused,direction,47,True,north,945,52,305.39,0
explore-maneuver-paused,speed,47,True,slow,898,40,324.59,0
explore-maneuver-paused,direction,48,True,north,926,52,300.02,0
explore-maneuver-paused,speed,48,True,slow,879,40,327.57,0
explore-maneuver-paused,direction,49,True,north,945,52,359.17,0
explore-maneuver-paused,speed,49,True,slow,898,40,321.74,0
explore-maneuver-paused,direction,50,True,north,912,52,319.69,0
explore-maneuver-paused,speed,50,True,slow,865,40,297.65,0
explore-maneuver-paused,direction,51,True,north,911,52,303.36,0
explore-maneuver-paused,speed,51,True,slow,864,40,317.8,0
explore-maneuver-paused,direction,52,True,north,931,52,293.82,0
explore-maneuver-paused,speed,52,True,slow,884,40,314.96,0
explore-maneuver-paused,direction,53,True,north,919,52,288.28,0
explore-maneuver-paused,speed,53,True,slow,872,40,286.08,0
explore-maneuver-paused,direction,54,True,north,930,52,299.5,0
explore-maneuver-paused,speed,54,True,slow,883,40,347.37,0
explore-maneuver-paused,direction,55,True,stop,929,52,271.35,0
explore-maneuver-paused,speed,55,True,stop,882,40,328.02,0
explore-maneuver-paused,direction,56,True,stop,934,52,344.36,0
explore-maneuver-paused,speed,56,True,stop,887,40,325.84,0
explore-maneuver-paused,direction,57,True,south,919,52,380.22,0
explore-maneuver-paused,speed,57,True,cruise,872,42,379.02,0
explore-maneuver-paused,direction,58,True,south,930,52,347.01,0
explore-maneuver-paused,speed,58,True,cruise,883,42,466.08,0
explore-maneuver-paused,direction,59,True,south,916,52,330.58,0
explore-maneuver-paused,speed,59,True,slow,869,40,348.22,0
explore-maneuver-paused,direction,60,True,north,930,52,290.38,0
explore-maneuver-paused,speed,60,True,cruise,883,42,299.55,0
explore-maneuver-paused,direction,61,True,north,913,52,307.28,0
explore-maneuver-paused,speed,61,True,cruise,866,42,296.93,0
explore-maneuver-paused,direction,62,True,north,933,52,309.82,0
explore-maneuver-paused,speed,62,True,cruise,886,42,603.17,0
explore-maneuver-paused,direction,63,True,north,947,52,301.29,0
explore-maneuver-paused,speed,63,True,cruise,900,42,329.16,0
explore-maneuver-paused,direction,64,True,north,943,52,274.16,0
explore-maneuver-paused,speed,64,True,cruise,896,42,310.4,0
explore-maneuver-paused,direction,65,True,north,927,52,325.96,0
explore-maneuver-paused,speed,65,True,cruise,880,42,278.85,0
explore-maneuver-paused,direction,66,True,north,934,52,294.49,0
explore-maneuver-paused,speed,66,True,cruise,887,42,297.92,0
explore-maneuver-paused,direction,67,True,north,927,52,304,0
explore-maneuver-paused,speed,67,True,cruise,880,42,336.4,0
explore-maneuver-paused,direction,68,True,north,942,52,297.19,0
explore-maneuver-paused,speed,68,True,cruise,895,42,352.41,0
explore-maneuver-paused,direction,69,True,north,945,52,293.49,0
explore-maneuver-paused,speed,69,True,cruise,898,42,367.75,0
explore-maneuver-paused,direction,70,True,north,930,52,278.86,0
explore-maneuver-paused,speed,70,True,cruise,883,42,306.81,0
explore-maneuver-paused,direction,71,True,north,933,52,317.17,0
explore-maneuver-paused,speed,71,True,cruise,886,42,355.27,0
explore-maneuver-paused,direction,72,True,north,930,52,291.27,0
explore-maneuver-paused,speed,72,True,cruise,883,42,330.03,0
explore-maneuver-paused,direction,73,True,north,945,52,281.58,0
explore-maneuver-paused,speed,73,True,cruise,898,42,306.14,0
explore-maneuver-paused,direction,74,True,stop,944,52,298.74,0
explore-maneuver-paused,speed,74,True,stop,897,40,319.21,0
explore-maneuver-paused,direction,75,True,stop,911,52,394.61,0
explore-maneuver-paused,speed,75,True,stop,864,40,292.91,0
explore-maneuver-paused,direction,76,True,stop,932,52,270.72,0
explore-maneuver-paused,speed,76,True,stop,885,40,285.77,0
explore-maneuver-paused,direction,77,True,stop,933,52,340.61,0
explore-maneuver-paused,speed,77,True,stop,886,40,354.94,0
explore-maneuver-paused,direction,78,True,stop,948,52,298.82,0
explore-maneuver-paused,speed,78,True,stop,901,40,281.13,0
explore-maneuver-paused,direction,79,True,stop,951,52,329.12,0
explore-maneuver-paused,speed,79,True,stop,904,40,335.18,0
explore-maneuver-paused,direction,80,True,stop,938,52,277.07,0
explore-maneuver-paused,speed,80,True,stop,891,40,317.45,0
explore-maneuver-paused,direction,81,True,stop,937,52,308.47,0
explore-maneuver-paused,speed,81,True,stop,890,40,266.29,0
explore-maneuver-paused,direction,82,True,stop,936,52,318.22,0
explore-maneuver-paused,speed,82,True,stop,889,40,296.53,0
explore-maneuver-paused,direction,83,True,stop,953,52,307.01,0
explore-maneuver-paused,speed,83,True,stop,906,40,289.31,0
explore-maneuver-paused,direction,84,True,stop,953,52,326.48,0
explore-maneuver-paused,speed,84,True,stop,906,40,294.32,0
explore-maneuver-paused,direction,85,True,stop,937,52,339.08,0
explore-maneuver-paused,speed,85,True,stop,890,40,308.69,0
explore-maneuver-paused,direction,86,True,stop,937,52,318.4,0
explore-maneuver-paused,speed,86,True,stop,890,40,310.96,0
explore-maneuver-paused,direction,87,True,stop,937,52,299.76,0
explore-maneuver-paused,speed,87,True,stop,890,40,282.71,0
explore-maneuver-paused,direction,88,True,stop,953,52,285.11,0
explore-maneuver-paused,speed,88,True,stop,906,40,329.23,0
explore-maneuver-paused,direction,89,True,stop,953,52,268.92,0
explore-maneuver-paused,speed,89,True,stop,906,40,295.63,0
explore-maneuver-paused,direction,90,True,stop,936,52,340.65,0
explore-maneuver-paused,speed,90,True,stop,889,40,321.4,0
explore-maneuver-paused,direction,91,True,stop,940,52,357.26,0
explore-maneuver-paused,speed,91,True,stop,893,40,318.03,0
explore-maneuver-paused,direction,92,True,stop,940,52,313.42,0
explore-maneuver-paused,speed,92,True,stop,893,40,362.35,0
explore-maneuver-paused,direction,93,True,stop,954,52,333.59,0
explore-maneuver-paused,speed,93,True,stop,907,40,329.3,0
explore-maneuver-paused,direction,94,True,stop,953,52,303.25,0
explore-maneuver-paused,speed,94,True,stop,906,40,307.16,0
explore-maneuver-paused,direction,95,True,stop,939,52,312.03,0
explore-maneuver-paused,speed,95,True,stop,892,40,313.43,0
explore-maneuver-paused,direction,96,True,stop,939,52,329.62,0
explore-maneuver-paused,speed,96,True,stop,892,40,301.54,0
explore-maneuver-paused,direction,97,True,south,939,52,365.14,0
explore-maneuver-paused,speed,97,True,slow,892,40,299.26,0
explore-maneuver-paused,direction,98,True,south,963,52,377.14,0
explore-maneuver-paused,speed,98,True,slow,916,40,366.7,0
explore-maneuver-paused,direction,99,True,south,980,52,262.08,0
explore-maneuver-paused,speed,99,True,slow,933,40,303.14,0
explore-maneuver-paused,direction,100,True,stop,966,52,432.75,0
explore-maneuver-paused,speed,100,True,stop,919,40,295.71,0
explore-maneuver-paused,direction,101,True,stop,970,52,861.23,0
explore-maneuver-paused,speed,101,True,stop,923,40,920.71,0
explore-maneuver-paused,direction,102,True,stop,967,52,322.01,0
explore-maneuver-paused,speed,102,True,stop,920,40,309.23,0
explore-maneuver-paused,direction,103,True,stop,983,52,308.92,0
explore-maneuver-paused,speed,103,True,stop,936,40,317.38,0
explore-maneuver-paused,direction,104,True,stop,985,52,329.59,0
explore-maneuver-paused,speed,104,True,stop,938,40,307.91,0
explore-maneuver-paused,direction,105,True,stop,974,52,313.17,0
explore-maneuver-paused,speed,105,True,stop,927,40,257.37,0
explore-maneuver-paused,direction,106,True,stop,974,52,289.76,0
explore-maneuver-paused,speed,106,True,stop,927,40,287.1,0
explore-maneuver-paused,direction,107,True,stop,973,52,312.26,0
explore-maneuver-paused,speed,107,True,stop,926,40,344.87,0
explore-maneuver-paused,direction,108,True,stop,976,52,270.39,0
explore-maneuver-paused,speed,108,True,stop,929,40,295.83,0
explore-maneuver-paused,direction,109,True,stop,972,52,290.36,0
explore-maneuver-paused,speed,109,True,stop,925,40,272.98,0
explore-maneuver-paused,direction,110,True,stop,974,52,527.24,0
explore-maneuver-paused,speed,110,True,stop,927,40,303.33,0
explore-maneuver-paused,direction,111,True,stop,985,52,278.26,0
explore-maneuver-paused,speed,111,True,stop,938,40,301.53,0
explore-maneuver-paused,direction,112,True,stop,978,52,308.32,0
explore-maneuver-paused,speed,112,True,stop,931,40,306.01,0
explore-maneuver-paused,direction,113,True,stop,975,52,357.65,0
explore-maneuver-paused,speed,113,True,stop,928,40,293.65,0
explore-maneuver-paused,direction,114,True,stop,1061,52,292.35,0
explore-maneuver-paused,speed,114,True,stop,1014,40,255.94,0
explore-maneuver-paused,direction,115,True,stop,1058,52,266.06,0
explore-maneuver-paused,speed,115,True,stop,1011,40,346.58,0
explore-maneuver-paused,direction,116,True,stop,1073,52,310.6,0
explore-maneuver-paused,speed,116,True,stop,1026,40,359.02,0
explore-maneuver-paused,direction,117,True,east,1063,52,702.08,0
explore-maneuver-paused,speed,117,True,slow,1016,40,698.15,0
explore-maneuver-paused,direction,118,True,west,1037,52,260.06,0
explore-maneuver-paused,speed,118,True,slow,990,40,256.99,0
explore-maneuver-paused,direction,119,True,west,1053,52,292.91,0
explore-maneuver-paused,speed,119,True,slow,1006,40,274.67,0
explore-maneuver-paused,direction,120,True,west,1052,52,289.35,0
explore-maneuver-paused,speed,120,True,slow,1005,40,266.42,0
explore-maneuver-paused,direction,121,True,west,1065,52,328.43,0
explore-maneuver-paused,speed,121,True,cruise,1018,42,273.59,0
explore-maneuver-paused,direction,122,True,stop,1034,52,345.59,0
explore-maneuver-paused,speed,122,True,stop,987,40,279.45,0
explore-maneuver-paused,direction,123,True,stop,1064,52,284.09,0
explore-maneuver-paused,speed,123,True,stop,1017,40,292.11,0
explore-maneuver-paused,direction,124,True,stop,1068,52,289.62,0
explore-maneuver-paused,speed,124,True,stop,1021,40,369.56,0
explore-maneuver-paused,direction,125,True,stop,1070,52,294.24,0
explore-maneuver-paused,speed,125,True,stop,1023,40,311.05,0
explore-maneuver-paused,direction,126,True,stop,1088,52,367.12,0
explore-maneuver-paused,speed,126,True,stop,1041,40,365.73,0
explore-maneuver-paused,direction,127,True,stop,1074,52,718.26,0
explore-maneuver-paused,speed,127,True,stop,1027,40,719.33,0
explore-maneuver-paused,direction,128,True,stop,1085,52,551.04,0
explore-maneuver-paused,speed,128,True,stop,1038,40,559.72,0
explore-maneuver-paused,direction,129,True,stop,1077,52,310.94,0
explore-maneuver-paused,speed,129,True,stop,1030,40,294.33,0
explore-maneuver-paused,direction,130,True,stop,1075,52,360.11,0
explore-maneuver-paused,speed,130,True,stop,1028,40,328.82,0
explore-maneuver-paused,direction,131,True,stop,1020,52,284.61,0
explore-maneuver-paused,speed,131,True,stop,973,40,272.42,0
explore-maneuver-paused,direction,132,True,stop,1011,52,282.79,0
explore-maneuver-paused,speed,132,True,stop,964,40,284.31,0
explore-maneuver-paused,direction,133,True,stop,1020,52,278.04,0
explore-maneuver-paused,speed,133,True,stop,973,40,304.07,0
explore-maneuver-paused,direction,134,True,stop,1007,52,319.17,0
explore-maneuver-paused,speed,134,True,stop,960,40,312.98,0
explore-maneuver-paused,direction,135,True,stop,1006,52,291.31,0
explore-maneuver-paused,speed,135,True,stop,959,40,303.98,0
explore-maneuver-paused,direction,136,True,stop,1021,52,309.29,0
explore-maneuver-paused,speed,136,True,stop,974,40,255.24,0
explore-maneuver-paused,direction,137,True,south,1010,52,254.81,0
explore-maneuver-paused,speed,137,True,slow,963,40,321.02,0
explore-maneuver-paused,direction,138,True,south,1000,52,339.27,0
explore-maneuver-paused,speed,138,True,slow,953,40,264.48,0
explore-maneuver-realtime,direction,0,True,east,860,52,306.5,0.30000000000000004
explore-maneuver-realtime,speed,0,True,cruise,813,42,300.59,0.30000000000000004
explore-maneuver-realtime,direction,1,True,north,925,52,426.76,0.3999999999999999
explore-maneuver-realtime,speed,1,True,slow,878,40,369.33,0.3999999999999999
explore-maneuver-realtime,direction,2,True,north,943,52,348.93,0.34999999999999987
explore-maneuver-realtime,speed,2,True,slow,896,40,343.93,0.34999999999999987
explore-maneuver-realtime,direction,3,True,north,925,52,281.35,0.30000000000000004
explore-maneuver-realtime,speed,3,True,slow,878,40,303.31,0.30000000000000004
explore-maneuver-realtime,direction,4,True,north,1024,52,285.07,0.2999999999999998
explore-maneuver-realtime,speed,4,True,slow,977,40,307.32,0.2999999999999998
explore-maneuver-realtime,direction,5,True,north,1005,52,296.3,0.30000000000000027
explore-maneuver-realtime,speed,5,True,slow,958,40,319.77,0.30000000000000027
explore-maneuver-realtime,direction,6,True,north,1013,52,315.3,0.30000000000000027
explore-maneuver-realtime,speed,6,True,slow,966,40,256.76,0.30000000000000027
explore-maneuver-realtime,direction,7,True,north,1012,52,284.93,0.2999999999999998
explore-maneuver-realtime,speed,7,True,slow,965,40,324.01,0.2999999999999998
explore-maneuver-realtime,direction,8,True,north,1023,52,335.74,0.2999999999999998
explore-maneuver-realtime,speed,8,True,slow,976,40,254.98,0.2999999999999998
explore-maneuver-realtime,direction,9,True,north,1008,52,797.78,0.7999999999999998
explore-maneuver-realtime,speed,9,True,slow,961,40,806.45,0.7999999999999998
explore-maneuver-realtime,direction,10,True,north,1014,52,320.08,0.35000000000000053
explore-maneuver-realtime,speed,10,True,slow,967,40,327.12,0.35000000000000053
explore-maneuver-realtime,direction,11,True,north,1025,52,365.09,0.34999999999999964
explore-maneuver-realtime,speed,11,True,slow,978,40,355.51,0.34999999999999964
explore-maneuver-realtime,direction,12,True,north,1009,52,298.11,0.2999999999999998
explore-maneuver-realtime,speed,12,True,slow,962,40,294.5,0.2999999999999998
explore-maneuver-realtime,direction,13,True,north,1009,52,377.62,0.5500000000000007
explore-maneuver-realtime,speed,13,True,slow,962,40,538.3,0.5500000000000007
explore-maneuver-realtime,direction,14,True,north,1010,52,273.73,0.25
explore-maneuver-realtime,speed,14,True,slow,963,40,275.28,0.25
explore-maneuver-realtime,direction,15,True,north,1025,52,256.66,0.25
explore-maneuver-realtime,speed,15,True,slow,978,40,276.06,0.25
explore-maneuver-realtime,direction,16,True,north,1009,52,273.54,0.25
explore-maneuver-realtime,speed,16,True,slow,962,40,282.25,0.25
explore-maneuver-realtime,direction,17,True,stop,1012,52,378.84,0.34999999999999964
explore-maneuver-realtime,speed,17,True,stop,965,40,382.54,0.34999999999999964
explore-maneuver-realtime,direction,18,True,stop,995,52,353.52,0.3500000000000014
explore-maneuver-realtime,speed,18,True,stop,948,40,321.57,0.3500000000000014
explore-maneuver-realtime,direction,19,True,stop,1033,52,274.84,0.25
explore-maneuver-realtime,speed,19,True,stop,986,40,285.03,0.25
explore-maneuver-realtime,direction,20,True,stop,929,52,368.84,0.40000000000000036
explore-maneuver-realtime,speed,20,True,stop,882,40,390.29,0.40000000000000036
explore-maneuver-realtime,direction,21,True,stop,922,52,316.7,0.34999999999999964
explore-maneuver-realtime,speed,21,True,stop,875,40,352.18,0.34999999999999964
explore-maneuver-realtime,direction,22,True,stop,920,52,312.5,0.3000000000000007
explore-maneuver-realtime,speed,22,True,stop,873,40,315.32,0.3000000000000007
explore-maneuver-realtime,direction,23,True,stop,916,52,320.88,0.3500000000000014
explore-maneuver-realtime,speed,23,True,stop,869,40,341.91,0.3500000000000014
explore-maneuver-realtime,direction,24,True,stop,934,52,280.68,0.29999999999999893
explore-maneuver-realtime,speed,24,True,stop,887,40,324.92,0.29999999999999893
explore-maneuver-realtime,direction,25,True,stop,932,52,319.45,0.29999999999999893
explore-maneuver-realtime,speed,25,True,stop,885,40,288.47,0.29999999999999893
explore-maneuver-realtime,direction,26,True,stop,919,52,748.99,0.75
explore-maneuver-realtime,speed,26,True,stop,872,40,748.66,0.75
explore-maneuver-realtime,direction,27,True,stop,920,52,593.63,0.6000000000000014
explore-maneuver-realtime,speed,27,True,stop,873,40,617.77,0.6000000000000014
explore-maneuver-realtime,direction,28,True,stop,934,52,280.68,0.29999999999999716
explore-maneuver-realtime,speed,28,True,stop,887,40,289.96,0.29999999999999716
explore-maneuver-realtime,direction,29,True,stop,922,52,266.44,0.25
explore-maneuver-realtime,speed,29,True,stop,875,40,280.71,0.25
explore-maneuver-realtime,direction,30,True,stop,921,52,322.42,0.3000000000000007
explore-maneuver-realtime,speed,30,True,stop,874,40,324.95,0.3000000000000007
explore-maneuver-realtime,direction,31,True,stop,921,52,340.66,0.3500000000000014
explore-maneuver-realtime,speed,31,True,stop,874,40,272.48,0.3500000000000014
explore-maneuver-realtime,direction,32,True,stop,923,52,497.66,0.5
explore-maneuver-realtime,speed,32,True,stop,876,40,424.39,0.5
explore-maneuver-realtime,direction,33,True,stop,934,52,302.3,0.3000000000000007
explore-maneuver-realtime,speed,33,True,stop,887,40,324.59,0.3000000000000007
explore-maneuver-realtime,direction,34,True,stop,920,52,277.74,0.3000000000000007
explore-maneuver-realtime,speed,34,True,stop,873,40,284.98,0.3000000000000007
explore-maneuver-realtime,direction,35,True,stop,922,52,299.79,0.3500000000000014
explore-maneuver-realtime,speed,35,True,stop,875,40,358.5,0.3500000000000014
explore-maneuver-realtime,direction,36,True,stop,935,52,347.62,0.34999999999999787
explore-maneuver-realtime,speed,36,True,stop,888,40,299.33,0.34999999999999787
explore-maneuver-realtime,direction,37,True,stop,921,52,351.57,0.40000000000000213
explore-maneuver-realtime,speed,37,True,stop,874,40,402.9,0.40000000000000213
explore-maneuver-realtime,direction,38,True,stop,934,52,387.53,0.3999999999999986
explore-maneuver-realtime,speed,38,True,stop,887,40,400.3,0.3999999999999986
explore-maneuver-realtime,direction,39,True,stop,923,52,318.07,0.3000000000000007
explore-maneuver-realtime,speed,39,True,stop,876,40,312.73,0.3000000000000007
explore-maneuver-realtime,direction,40,True,east,922,52,328.93,0.3000000000000007
explore-maneuver-realtime,speed,40,True,cruise,875,42,298.47,0.3000000000000007
explore-maneuver-realtime,direction,41,True,north,928,52,330.31,0.29999999999999716
explore-maneuver-realtime,speed,41,True,slow,881,40,310.48,0.29999999999999716
explore-maneuver-realtime,direction,42,True,north,927,52,351.28,0.3500000000000014
explore-maneuver-realtime,speed,42,True,cruise,880,42,304.77,0.3500000000000014
explore-maneuver-realtime,direction,43,True,north,926,52,358.09,0.34999999999999787
explore-maneuver-realtime,speed,43,True,slow,879,40,315.27,0.34999999999999787
explore-maneuver-realtime,direction,44,True,north,928,52,281.9,0.3000000000000007
explore-maneuver-realtime,speed,44,True,slow,881,40,292.27,0.3000000000000007
explore-maneuver-realtime,direction,45,True,north,930,52,388.78,0.3999999999999986
explore-maneuver-realtime,speed,45,True,slow,883,40,412.58,0.3999999999999986
explore-maneuver-realtime,direction,46,True,north,944,52,291.36,0.29999999999999716
explore-maneuver-realtime,speed,46,True,slow,897,40,300.56,0.29999999999999716
explore-maneuver-realtime,direction,47,True,north,926,52,302.68,0.3000000000000007
explore-maneuver-realtime,speed,47,True,slow,879,40,306.75,0.3000000000000007
explore-maneuver-realtime,direction,48,True,north,945,52,316.37,0.3000000000000007
explore-maneuver-realtime,speed,48,True,slow,898,40,284.91,0.3000000000000007
explore-maneuver-realtime,direction,49,True,north,928,52,293.25,0.3000000000000007
explore-maneuver-realtime,speed,49,True,slow,881,40,289.36,0.3000000000000007
explore-maneuver-realtime,direction,50,True,north,914,52,352.94,0.3500000000000014
explore-maneuver-realtime,speed,50,True,slow,867,40,327.2,0.3500000000000014
explore-maneuver-realtime,direction,51,True,north,927,52,312.97,0.29999999999999716
explore-maneuver-realtime,speed,51,True,slow,880,40,261.62,0.29999999999999716
explore-maneuver-realtime,direction,52,True,north,915,52,340.31,0.3000000000000007
explore-maneuver-realtime,speed,52,True,slow,868,40,338.03,0.3000000000000007
explore-maneuver-realtime,direction,53,True,north,933,52,292.47,0.25
explore-maneuver-realtime,speed,53,True,slow,886,40,267.83,0.25
explore-maneuver-realtime,direction,54,True,north,931,52,333.21,0.6499999999999986
explore-maneuver-realtime,speed,54,True,slow,884,40,678.34,0.6499999999999986
explore-maneuver-realtime,direction,55,True,stop,931,52,272.61,0.4000000000000057
explore-maneuver-realtime,speed,55,True,stop,884,40,371.5,0.4000000000000057
explore-maneuver-realtime,direction,56,True,north,911,52,350.09,0.3500000000000014
explore-maneuver-realtime,speed,56,True,slow,864,40,327.36,0.3500000000000014
explore-maneuver-realtime,direction,57,True,north,917,52,295.2,0.29999999999999716
explore-maneuver-realtime,speed,57,True,cruise,870,42,296.9,0.29999999999999716
explore-maneuver-realtime,direction,58,True,north,915,52,266.12,0.29999999999999716
explore-maneuver-realtime,speed,58,True,cruise,868,42,301.38,0.29999999999999716
explore-maneuver-realtime,direction,59,True,north,928,52,321.78,0.29999999999999716
explore-maneuver-realtime,speed,59,True,cruise,881,42,293.14,0.29999999999999716
explore-maneuver-realtime,direction,60,True,north,912,52,260.68,0.30000000000000426
explore-maneuver-realtime,speed,60,True,cruise,865,42,303.77,0.30000000000000426
explore-maneuver-realtime,direction,61,True,north,930,52,300.02,0.30000000000000426
explore-maneuver-realtime,speed,61,True,cruise,883,42,302.86,0.30000000000000426
explore-maneuver-realtime,direction,62,True,north,928,52,288.74,0.29999999999999716
explore-maneuver-realtime,speed,62,True,cruise,881,42,297.68,0.29999999999999716
explore-maneuver-realtime,direction,63,True,north,930,52,359.93,0.3500000000000014
explore-maneuver-realtime,speed,63,True,cruise,883,42,263.66,0.3500000000000014
explore-maneuver-realtime,direction,64,True,north,944,52,300.46,0.29999999999999716
explore-maneuver-realtime,speed,64,True,cruise,897,42,302.05,0.29999999999999716
explore-maneuver-realtime,direction,65,True,north,946,52,416.32,0.3999999999999986
explore-maneuver-realtime,speed,65,True,cruise,899,42,302.45,0.3999999999999986
explore-maneuver-realtime,direction,66,True,north,928,52,338.04,0.30000000000000426
explore-maneuver-realtime,speed,66,True,cruise,881,42,331.95,0.30000000000000426
explore-maneuver-realtime,direction,67,True,north,933,52,327.43,0.30000000000000426
explore-maneuver-realtime,speed,67,True,cruise,886,42,330.42,0.30000000000000426
explore-maneuver-realtime,direction,68,True,north,930,52,390.72,0.3500000000000014
explore-maneuver-realtime,speed,68,True,cruise,883,42,330.06,0.3500000000000014
explore-maneuver-realtime,direction,69,True,north,944,52,291.1,0.44999999999999574
explore-maneuver-realtime,speed,69,True,cruise,897,42,484.08,0.44999999999999574
explore-maneuver-realtime,direction,70,True,north,947,52,325.07,0.29999999999999716
explore-maneuver-realtime,speed,70,True,cruise,900,42,251.92,0.29999999999999716
explore-maneuver-realtime,direction,71,True,north,929,52,327.88,0.30000000000000426
explore-maneuver-realtime,speed,71,True,cruise,882,42,327.18,0.30000000000000426
explore-maneuver-realtime,direction,72,True,north,930,52,262.67,0.3500000000000014
explore-maneuver-realtime,speed,72,True,cruise,883,42,360.18,0.3500000000000014
explore-maneuver-realtime,direction,73,True,stop,928,52,316.39,0.29999999999999716
explore-maneuver-realtime,speed,73,True,stop,881,40,313.95,0.29999999999999716
explore-maneuver-realtime,direction,74,True,stop,911,52,294.27,0.29999999999999716
explore-maneuver-realtime,speed,74,True,stop,864,40,283.63,0.29999999999999716
explore-maneuver-realtime,direction,75,True,stop,932,52,292.5,0.29999999999999716
explore-maneuver-realtime,speed,75,True,stop,885,40,297.68,0.29999999999999716
explore-maneuver-realtime,direction,76,True,stop,918,52,422.35,0.4000000000000057
explore-maneuver-realtime,speed,76,True,stop,871,40,300.32,0.4000000000000057
explore-maneuver-realtime,direction,77,True,stop,924,52,421.29,0.3999999999999986
explore-maneuver-realtime,speed,77,True,stop,877,40,308.77,0.3999999999999986
explore-maneuver-realtime,direction,78,True,stop,926,52,276.58,0.29999999999999716
explore-maneuver-realtime,speed,78,True,stop,879,40,321.86,0.29999999999999716
explore-maneuver-realtime,direction,79,True,stop,934,52,266.27,0.25
explore-maneuver-realtime,speed,79,True,stop,887,40,283.29,0.25
explore-maneuver-realtime,direction,80,True,stop,939,52,304.07,0.3499999999999943
explore-maneuver-realtime,speed,80,True,stop,892,40,351.28,0.3499999999999943
explore-maneuver-realtime,direction,81,True,stop,921,52,862.36,0.9000000000000057
explore-maneuver-realtime,speed,81,True,stop,874,40,895.86,0.9000000000000057
explore-maneuver-realtime,direction,82,True,stop,939,52,345.02,0.3499999999999943
explore-maneuver-realtime,speed,82,True,stop,892,40,353.58,0.3499999999999943
explore-maneuver-realtime,direction,83,True,stop,927,52,593.79,0.5500000000000043
explore-maneuver-realtime,speed,83,True,stop,880,40,300.58,0.5500000000000043
explore-maneuver-realtime,direction,84,True,stop,923,52,287.42,0.30000000000000426
explore-maneuver-realtime,speed,84,True,stop,876,40,331.04,0.30000000000000426
explore-maneuver-realtime,direction,85,True,stop,926,52,282.52,0.29999999999999716
explore-maneuver-realtime,speed,85,True,stop,879,40,312.79,0.29999999999999716
explore-maneuver-realtime,direction,86,True,stop,941,52,306.7,0.29999999999999716
explore-maneuver-realtime,speed,86,True,stop,894,40,252.29,0.29999999999999716
explore-maneuver-realtime,direction,87,True,stop,940,52,278.3,0.29999999999999716
explore-maneuver-realtime,speed,87,True,stop,893,40,311.42,0.29999999999999716
explore-maneuver-realtime,direction,88,True,stop,926,52,308.65,0.30000000000000426
explore-maneuver-realtime,speed,88,True,stop,879,40,254.14,0.30000000000000426
explore-maneuver-realtime,direction,89,True,stop,927,52,333.29,0.30000000000000426
explore-maneuver-realtime,speed,89,True,stop,880,40,320.03,0.30000000000000426
explore-maneuver-realtime,direction,90,True,stop,928,52,329.94,0.29999999999999716
explore-maneuver-realtime,speed,90,True,stop,881,40,256.61,0.29999999999999716
explore-maneuver-realtime,direction,91,True,stop,940,52,349.16,0.3500000000000014
explore-maneuver-realtime,speed,91,True,stop,893,40,291.65,0.3500000000000014
explore-maneuver-realtime,direction,92,True,stop,941,52,349.48,0.3499999999999943
explore-maneuver-realtime,speed,92,True,stop,894,40,347.37,0.3499999999999943
explore-maneuver-realtime,direction,93,True,stop,929,52,298.21,0.30000000000000426
explore-maneuver-realtime,speed,93,True,stop,882,40,320.16,0.30000000000000426
explore-maneuver-realtime,direction,94,True,stop,928,52,334.69,0.30000000000000426
explore-maneuver-realtime,speed,94,True,stop,881,40,341.69,0.30000000000000426
explore-maneuver-realtime,direction,95,True,stop,926,52,348.94,0.3999999999999986
explore-maneuver-realtime,speed,95,True,stop,879,40,410.08,0.3999999999999986
explore-maneuver-realtime,direction,96,True,north,939,52,375.98,0.3500000000000014
explore-maneuver-realtime,speed,96,True,slow,892,40,274.61,0.3500000000000014
explore-maneuver-realtime,direction,97,True,north,915,52,298.82,0.29999999999999716
explore-maneuver-realtime,speed,97,True,slow,868,40,320.48,0.29999999999999716
explore-maneuver-realtime,direction,98,True,north,900,52,268.05,0.25
explore-maneuver-realtime,speed,98,True,slow,853,40,286.94,0.25
explore-maneuver-realtime,direction,99,True,north,931,52,329.3,0.30000000000000426
explore-maneuver-realtime,speed,99,True,slow,884,40,285.08,0.30000000000000426
explore-maneuver-realtime,direction,100,True,north,931,52,316.12,0.29999999999999716
explore-maneuver-realtime,speed,100,True,slow,884,40,301.4,0.29999999999999716
explore-maneuver-realtime,direction,101,True,north,876,52,319.71,0.29999999999999716
explore-maneuver-realtime,speed,101,True,slow,829,40,286.23,0.29999999999999716
explore-maneuver-realtime,direction,102,True,north,876,52,278.63,0.29999999999999716
explore-maneuver-realtime,speed,102,True,slow,829,40,306.84,0.29999999999999716
explore-maneuver-realtime,direction,103,True,north,861,52,301.71,0.30000000000000426
explore-maneuver-realtime,speed,103,True,slow,814,40,321.81,0.30000000000000426
explore-maneuver-realtime,direction,104,True,north,862,52,375.99,0.3500000000000014
explore-maneuver-realtime,speed,104,True,slow,815,40,361.22,0.3500000000000014
explore-maneuver-realtime,direction,105,True,north,862,52,531.67,0.7999999999999972
explore-maneuver-realtime,speed,105,True,slow,815,40,799.91,0.7999999999999972
explore-maneuver-realtime,direction,106,True,north,864,52,597.46,0.6000000000000085
explore-maneuver-realtime,speed,106,True,slow,817,40,592.45,0.6000000000000085
explore-maneuver-realtime,direction,107,True,north,877,52,271.68,0.3499999999999943
explore-maneuver-realtime,speed,107,True,slow,830,40,350.23,0.3499999999999943
explore-maneuver-realtime,direction,108,True,north,864,52,346.24,0.3499999999999943
explore-maneuver-realtime,speed,108,True,slow,817,40,326.97,0.3499999999999943
explore-maneuver-realtime,direction,109,True,north,863,52,336.46,0.30000000000001137
explore-maneuver-realtime,speed,109,True,slow,816,40,328.5,0.30000000000001137
explore-maneuver-realtime,direction,110,True,north,864,52,287.94,0.20000000000000284
explore-maneuver-realtime,speed,110,True,slow,817,40,324.62,0.20000000000000284
delivery-direct-paused,steering,0,True,straight,892,55,386.65,0
delivery-direct-paused,pedals,0,True,accelerate,879,45,328.98,0
delivery-direct-paused,steering,1,True,straight,961,55,313.31,0
delivery-direct-paused,pedals,1,True,accelerate,948,45,288.75,0
delivery-direct-paused,steering,2,True,straight,961,55,323.52,0
delivery-direct-paused,pedals,2,True,accelerate,948,45,318.32,0
delivery-direct-paused,steering,3,True,straight,943,55,312.19,0
delivery-direct-paused,pedals,3,True,accelerate,930,45,289.46,0
delivery-direct-paused,steering,4,True,straight,1038,55,277.15,0
delivery-direct-paused,pedals,4,True,accelerate,1025,45,260.7,0
delivery-direct-paused,steering,5,True,straight,1024,55,312.46,0
delivery-direct-paused,pedals,5,True,accelerate,1011,45,304,0
delivery-direct-paused,steering,6,True,straight,1025,55,302.72,0
delivery-direct-paused,pedals,6,True,accelerate,1012,45,325.56,0
delivery-direct-paused,steering,7,True,straight,1028,55,365.35,0
delivery-direct-paused,pedals,7,True,accelerate,1015,45,278.81,0
delivery-direct-paused,steering,8,True,straight,1039,55,326.33,0
delivery-direct-paused,pedals,8,True,accelerate,1026,45,297.59,0
delivery-direct-paused,steering,9,True,straight,1024,55,282.84,0
delivery-direct-paused,pedals,9,True,accelerate,1011,45,295.2,0
delivery-direct-paused,steering,10,True,straight,1026,55,327.59,0
delivery-direct-paused,pedals,10,True,accelerate,1013,45,286.65,0
delivery-direct-paused,steering,11,True,straight,1040,55,407.01,0
delivery-direct-paused,pedals,11,True,accelerate,1027,45,281.35,0
delivery-direct-paused,steering,12,True,straight,1027,55,303.89,0
delivery-direct-paused,pedals,12,True,accelerate,1014,45,273.02,0
delivery-direct-paused,steering,13,True,straight,1039,55,269.29,0
delivery-direct-paused,pedals,13,True,accelerate,1026,45,287.96,0
delivery-direct-paused,steering,14,True,straight,1027,55,316.17,0
delivery-direct-paused,pedals,14,True,brake,1014,44,299.96,0
delivery-direct-paused,steering,15,True,straight,1013,55,349.14,0
delivery-direct-paused,pedals,15,True,brake,1000,44,350.96,0
delivery-direct-paused,steering,16,True,straight,1027,55,308.88,0
delivery-direct-paused,pedals,16,True,brake,1014,44,337.73,0
delivery-direct-paused,steering,17,True,straight,1027,55,289.66,0
delivery-direct-paused,pedals,17,True,brake,1014,44,256.83,0
delivery-direct-paused,steering,18,True,straight,1014,55,338.04,0
delivery-direct-paused,pedals,18,True,brake,1001,44,266.8,0
delivery-direct-paused,steering,19,True,straight,1014,55,701.21,0
delivery-direct-paused,pedals,19,True,brake,1001,44,747.06,0
delivery-direct-paused,steering,20,True,straight,1012,55,538.94,0
delivery-direct-paused,pedals,20,True,brake,999,44,525.36,0
delivery-direct-paused,steering,21,True,straight,943,55,249.8,0
delivery-direct-paused,pedals,21,True,brake,930,44,326.66,0
delivery-direct-paused,steering,22,True,straight,944,55,347.74,0
delivery-direct-paused,pedals,22,True,brake,931,44,291.81,0
delivery-direct-paused,steering,23,True,straight,931,55,295.64,0
delivery-direct-paused,pedals,23,True,brake,918,44,293,0
delivery-direct-paused,steering,24,True,straight,931,55,395.28,0
delivery-direct-paused,pedals,24,True,brake,918,44,355.08,0
delivery-direct-paused,steering,25,True,straight,929,55,275.79,0
delivery-direct-paused,pedals,25,True,brake,916,44,287.78,0
delivery-direct-paused,steering,26,True,straight,946,55,243.43,0
delivery-direct-paused,pedals,26,True,brake,933,44,265.39,0
delivery-direct-paused,steering,27,True,straight,931,55,294.31,0
delivery-direct-paused,pedals,27,True,brake,918,44,352.39,0
delivery-direct-paused,steering,28,True,straight,931,55,331.96,0
delivery-direct-paused,pedals,28,True,brake,918,44,268.72,0
delivery-direct-paused,steering,29,True,straight,946,55,284.84,0
delivery-direct-paused,pedals,29,True,brake,933,44,307.94,0
delivery-direct-paused,steering,30,True,straight,930,55,276.75,0
delivery-direct-paused,pedals,30,True,brake,917,44,344.32,0
delivery-direct-paused,steering,31,True,straight,932,55,300.71,0
delivery-direct-paused,pedals,31,True,brake,919,44,332.03,0
delivery-direct-paused,steering,32,True,straight,946,55,308.71,0
delivery-direct-paused,pedals,32,True,brake,933,44,298.53,0
delivery-direct-paused,steering,33,True,straight,932,55,306.2,0
delivery-direct-paused,pedals,33,True,brake,919,44,300.57,0
delivery-direct-paused,steering,34,True,straight,947,55,282.51,0
delivery-direct-paused,pedals,34,True,brake,934,44,286.6,0
delivery-direct-paused,steering,35,True,straight,930,55,300.56,0
delivery-direct-paused,pedals,35,True,brake,917,44,294.98,0
delivery-direct-paused,steering,36,True,straight,933,55,290.74,0
delivery-direct-paused,pedals,36,True,brake,920,44,334.92,0
delivery-direct-paused,steering,37,True,straight,948,55,348.63,0
delivery-direct-paused,pedals,37,True,brake,935,44,368.14,0
delivery-direct-paused,steering,38,True,straight,934,55,325.09,0
delivery-direct-paused,pedals,38,True,brake,921,44,295.22,0
delivery-direct-paused,steering,39,True,straight,949,55,266,0
delivery-direct-paused,pedals,39,True,brake,936,44,300.77,0
delivery-direct-paused,steering,40,True,straight,933,55,286.09,0
delivery-direct-paused,pedals,40,True,accelerate,920,45,316.71,0
delivery-direct-paused,steering,41,True,straight,947,55,291.44,0
delivery-direct-paused,pedals,41,True,accelerate,934,45,325.48,0
delivery-direct-paused,steering,42,True,straight,946,55,357.64,0
delivery-direct-paused,pedals,42,True,accelerate,933,45,342.19,0
delivery-direct-paused,steering,43,True,straight,945,55,317.5,0
delivery-direct-paused,pedals,43,True,brake,932,44,284.72,0
delivery-direct-paused,steering,44,True,straight,943,55,277.3,0
delivery-direct-paused,pedals,44,True,brake,930,44,304.34,0
delivery-direct-paused,steering,45,True,straight,927,55,308.88,0
delivery-direct-paused,pedals,45,True,brake,914,44,310.5,0
delivery-direct-paused,steering,46,True,straight,930,55,408.17,0
delivery-direct-paused,pedals,46,True,brake,917,44,340.75,0
delivery-direct-paused,steering,47,True,straight,945,55,298.28,0
delivery-direct-paused,pedals,47,True,brake,932,44,324.94,0
delivery-direct-paused,steering,48,True,straight,933,55,566.63,0
delivery-direct-paused,pedals,48,True,brake,920,44,566.22,0
delivery-direct-paused,steering,49,True,straight,947,55,716.45,0
delivery-direct-paused,pedals,49,True,brake,934,44,704.28,0
delivery-direct-paused,steering,50,True,straight,930,55,305.44,0
delivery-direct-paused,pedals,50,True,brake,917,44,299.8,0
delivery-direct-paused,steering,51,True,straight,932,55,290.17,0
delivery-direct-paused,pedals,51,True,brake,919,44,282.6,0
delivery-direct-paused,steering,52,True,straight,944,55,334.95,0
delivery-direct-paused,pedals,52,True,brake,931,44,303.75,0
delivery-direct-paused,steering,53,True,straight,932,55,285.72,0
delivery-direct-paused,pedals,53,True,brake,919,44,321.77,0
delivery-direct-paused,steering,54,True,straight,934,55,338.94,0
delivery-direct-paused,pedals,54,True,brake,921,44,291.45,0
delivery-direct-paused,steering,55,True,straight,931,55,302.12,0
delivery-direct-paused,pedals,55,True,brake,918,44,305.96,0
delivery-direct-paused,steering,56,True,straight,932,55,319.48,0
delivery-direct-paused,pedals,56,True,brake,919,44,296.08,0
delivery-direct-paused,steering,57,True,straight,933,55,339.52,0
delivery-direct-paused,pedals,57,True,accelerate,920,45,288.86,0
delivery-direct-paused,steering,58,True,straight,964,55,363,0
delivery-direct-paused,pedals,58,True,accelerate,951,45,354.15,0
delivery-direct-paused,steering,59,True,straight,949,55,692.35,0
delivery-direct-paused,pedals,59,True,accelerate,936,45,688.02,0
delivery-direct-paused,steering,60,True,straight,946,55,336.83,0
delivery-direct-paused,pedals,60,True,accelerate,933,45,467.24,0
delivery-direct-paused,steering,61,True,straight,946,55,264.61,0
delivery-direct-paused,pedals,61,True,accelerate,933,45,307.16,0
delivery-direct-paused,steering,62,True,straight,947,55,288.11,0
delivery-direct-paused,pedals,62,True,accelerate,934,45,315.16,0
delivery-direct-paused,steering,63,True,straight,963,55,309.41,0
delivery-direct-paused,pedals,63,True,accelerate,950,45,280.87,0
delivery-direct-paused,steering,64,True,straight,962,55,305.2,0
delivery-direct-paused,pedals,64,True,accelerate,949,45,310.38,0
delivery-direct-paused,steering,65,True,straight,945,55,299.4,0
delivery-direct-paused,pedals,65,True,accelerate,932,45,277.15,0
delivery-direct-paused,steering,66,True,straight,947,55,290.22,0
delivery-direct-paused,pedals,66,True,accelerate,934,45,313.74,0
delivery-direct-paused,steering,67,True,straight,947,55,345.56,0
delivery-direct-paused,pedals,67,True,accelerate,934,45,279.7,0
delivery-direct-paused,steering,68,True,straight,962,55,353.34,0
delivery-direct-paused,pedals,68,True,accelerate,949,45,325.28,0
delivery-direct-paused,steering,69,True,straight,963,55,313.32,0
delivery-direct-paused,pedals,69,True,brake,950,44,285.41,0
delivery-direct-paused,steering,70,True,straight,947,55,337.58,0
delivery-direct-paused,pedals,70,True,brake,934,44,422.07,0
delivery-direct-paused,steering,71,True,straight,948,55,338.18,0
delivery-direct-paused,pedals,71,True,brake,935,44,329.08,0
delivery-direct-paused,steering,72,True,straight,915,55,315.59,0
delivery-direct-paused,pedals,72,True,accelerate,902,45,301.69,0
delivery-direct-paused,steering,73,True,straight,945,55,295.22,0
delivery-direct-paused,pedals,73,True,accelerate,932,45,300.02,0
delivery-direct-paused,steering,74,True,straight,943,55,263.51,0
delivery-direct-paused,pedals,74,True,brake,930,44,292.8,0
delivery-direct-paused,steering,75,True,straight,911,55,285.77,0
delivery-direct-paused,pedals,75,True,brake,898,44,292.64,0
delivery-direct-paused,steering,76,True,straight,913,55,266.42,0
delivery-direct-paused,pedals,76,True,brake,900,44,273.86,0
delivery-direct-paused,steering,77,True,straight,915,55,342.3,0
delivery-direct-paused,pedals,77,True,brake,902,44,321.64,0
delivery-direct-paused,steering,78,True,straight,928,55,270.55,0
delivery-direct-paused,pedals,78,True,brake,915,44,292.39,0
delivery-direct-paused,steering,79,True,straight,927,55,287.44,0
delivery-direct-paused,pedals,79,True,brake,914,44,285.14,0
delivery-direct-paused,steering,80,True,straight,911,55,280.07,0
delivery-direct-paused,pedals,80,True,brake,898,44,277.48,0
delivery-direct-paused,steering,81,True,straight,914,55,278.92,0
delivery-direct-paused,pedals,81,True,brake,901,44,293.98,0
delivery-direct-paused,steering,82,True,straight,913,55,273.89,0
delivery-direct-paused,pedals,82,True,brake,900,44,306.96,0
delivery-direct-paused,steering,83,True,straight,929,55,289.53,0
delivery-direct-paused,pedals,83,True,brake,916,44,299.26,0
delivery-direct-paused,steering,84,True,straight,928,55,312.2,0
delivery-direct-paused,pedals,84,True,brake,915,44,355.83,0
delivery-direct-paused,steering,85,True,straight,914,55,283.11,0
delivery-direct-paused,pedals,85,True,brake,901,44,269.83,0
delivery-direct-paused,steering,86,True,straight,916,55,293.63,0
delivery-direct-paused,pedals,86,True,brake,903,44,378.04,0
delivery-direct-paused,steering,87,True,straight,916,55,357.97,0
delivery-direct-paused,pedals,87,True,brake,903,44,343.25,0
delivery-direct-paused,steering,88,True,straight,930,55,383.07,0
delivery-direct-paused,pedals,88,True,brake,917,44,407.97,0
delivery-direct-paused,steering,89,True,straight,930,55,328.49,0
delivery-direct-paused,pedals,89,True,brake,917,44,350.66,0
delivery-direct-paused,steering,90,True,straight,914,55,309.31,0
delivery-direct-paused,pedals,90,True,brake,901,44,293.55,0
delivery-direct-paused,steering,91,True,straight,916,55,318.77,0
delivery-direct-paused,pedals,91,True,brake,903,44,333.61,0
delivery-direct-paused,steering,92,True,straight,917,55,314.95,0
delivery-direct-paused,pedals,92,True,brake,904,44,308.46,0
delivery-direct-paused,steering,93,True,straight,931,55,316.87,0
delivery-direct-paused,pedals,93,True,brake,918,44,288.11,0
delivery-direct-paused,steering,94,True,straight,930,55,276.62,0
delivery-direct-paused,pedals,94,True,brake,917,44,298.49,0
delivery-direct-paused,steering,95,True,straight,915,55,309.61,0
delivery-direct-paused,pedals,95,True,brake,902,44,310.94,0
delivery-direct-paused,steering,96,True,straight,917,55,299.82,0
delivery-direct-paused,pedals,96,True,brake,904,44,301.89,0
delivery-direct-paused,steering,97,True,straight,918,55,333.52,0
delivery-direct-paused,pedals,97,True,accelerate,905,45,328.61,0
delivery-direct-paused,steering,98,True,straight,945,55,322.76,0
delivery-direct-paused,pedals,98,True,accelerate,932,45,360.22,0
delivery-direct-paused,steering,99,True,straight,944,55,282.55,0
delivery-direct-paused,pedals,99,True,accelerate,931,45,346.26,0
delivery-direct-paused,steering,100,True,straight,928,55,277.92,0
delivery-direct-paused,pedals,100,True,accelerate,915,45,336.14,0
delivery-direct-paused,steering,101,True,straight,927,55,293.78,0
delivery-direct-paused,pedals,101,True,accelerate,914,45,272.66,0
delivery-direct-paused,steering,102,True,straight,929,55,369.16,0
delivery-direct-paused,pedals,102,True,accelerate,916,45,278.11,0
delivery-direct-paused,steering,103,True,straight,943,55,407.03,0
delivery-direct-paused,pedals,103,True,accelerate,930,45,322.9,0
delivery-direct-paused,steering,104,True,straight,942,55,316.81,0
delivery-direct-paused,pedals,104,True,accelerate,929,45,305.07,0
delivery-direct-paused,steering,105,True,straight,915,55,335.13,0
delivery-direct-paused,pedals,105,True,accelerate,902,45,334.47,0
delivery-direct-paused,steering,106,True,straight,930,55,373.61,0
delivery-direct-paused,pedals,106,True,accelerate,917,45,337.73,0
delivery-direct-paused,steering,107,True,straight,860,55,428.79,0
delivery-direct-paused,pedals,107,True,accelerate,847,45,352.12,0
delivery-direct-paused,steering,108,True,straight,860,55,285.99,0
delivery-direct-paused,pedals,108,True,accelerate,847,45,282.46,0
delivery-direct-paused,steering,109,True,straight,861,55,286.16,0
delivery-direct-paused,pedals,109,True,accelerate,848,45,330.28,0
delivery-direct-paused,steering,110,True,straight,859,55,315.51,0
delivery-direct-paused,pedals,110,True,brake,846,44,305.15,0
delivery-direct-realtime,steering,0,True,straight,892,55,295.72,0.30000000000000004
delivery-direct-realtime,pedals,0,True,accelerate,879,45,293.23,0.30000000000000004
delivery-direct-realtime,steering,1,True,straight,960,55,313.97,0.29999999999999993
delivery-direct-realtime,pedals,1,True,accelerate,947,45,269.62,0.29999999999999993
delivery-direct-realtime,steering,2,True,straight,959,55,313.67,0.2999999999999998
delivery-direct-realtime,pedals,2,True,accelerate,946,45,309.33,0.2999999999999998
delivery-direct-realtime,steering,3,True,straight,945,55,324.42,0.34999999999999987
delivery-direct-realtime,pedals,3,True,accelerate,932,45,344.86,0.34999999999999987
delivery-direct-realtime,steering,4,True,straight,957,55,344.37,0.34999999999999964
delivery-direct-realtime,pedals,4,True,accelerate,944,45,326.35,0.34999999999999964
delivery-direct-realtime,steering,5,True,straight,1023,55,306.37,0.40000000000000036
delivery-direct-realtime,pedals,5,True,accelerate,1010,45,400.72,0.40000000000000036
delivery-direct-realtime,steering,6,True,straight,1025,55,345.14,0.3500000000000001
delivery-direct-realtime,pedals,6,True,accelerate,1012,45,307.69,0.3500000000000001
delivery-direct-realtime,steering,7,True,straight,1026,55,337.76,0.2999999999999998
delivery-direct-realtime,pedals,7,True,accelerate,1013,45,322.13,0.2999999999999998
delivery-direct-realtime,steering,8,True,straight,1043,55,328.54,0.34999999999999964
delivery-direct-realtime,pedals,8,True,accelerate,1030,45,343.35,0.34999999999999964
delivery-direct-realtime,steering,9,True,straight,1024,55,326.29,0.34999999999999964
delivery-direct-realtime,pedals,9,True,accelerate,1011,45,360.04,0.34999999999999964
delivery-direct-realtime,steering,10,True,straight,1022,55,351.79,0.35000000000000053
delivery-direct-realtime,pedals,10,True,accelerate,1009,45,365.87,0.35000000000000053
delivery-direct-realtime,steering,11,True,straight,1039,55,302.86,0.34999999999999964
delivery-direct-realtime,pedals,11,True,accelerate,1026,45,301.12,0.34999999999999964
delivery-direct-realtime,steering,12,True,straight,1026,55,366.69,0.35000000000000053
delivery-direct-realtime,pedals,12,True,accelerate,1013,45,365.78,0.35000000000000053
delivery-direct-realtime,steering,13,True,straight,1039,55,693.64,0.75
delivery-direct-realtime,pedals,13,True,accelerate,1026,45,780.53,0.75
delivery-direct-realtime,steering,14,True,straight,1026,55,340.22,0.34999999999999964
delivery-direct-realtime,pedals,14,True,brake,1013,44,279,0.34999999999999964
delivery-direct-realtime,steering,15,True,straight,1016,55,287.27,0.34999999999999964
delivery-direct-realtime,pedals,15,True,brake,1003,44,357.84,0.34999999999999964
delivery-direct-realtime,steering,16,True,straight,1029,55,313.79,0.3000000000000007
delivery-direct-realtime,pedals,16,True,brake,1016,44,275.78,0.3000000000000007
delivery-direct-realtime,steering,17,True,straight,1042,55,295.71,0.3999999999999986
delivery-direct-realtime,pedals,17,True,brake,1029,44,421.79,0.3999999999999986
delivery-direct-realtime,steering,18,True,straight,1027,55,298,0.29999999999999893
delivery-direct-realtime,pedals,18,True,brake,1014,44,318.11,0.29999999999999893
delivery-direct-realtime,steering,19,True,straight,1014,55,286.93,0.25
delivery-direct-realtime,pedals,19,True,brake,1001,44,277.28,0.25
delivery-direct-realtime,steering,20,True,straight,1014,55,292.26,0.3000000000000007
delivery-direct-realtime,pedals,20,True,brake,1001,44,300.01,0.3000000000000007
delivery-direct-realtime,steering,21,True,straight,931,55,371.06,0.3500000000000014
delivery-direct-realtime,pedals,21,True,brake,918,44,388.84,0.3500000000000014
delivery-direct-realtime,steering,22,True,straight,945,55,334.81,0.29999999999999893
delivery-direct-realtime,pedals,22,True,brake,932,44,333.81,0.29999999999999893
delivery-direct-realtime,steering,23,True,straight,945,55,339.28,0.34999999999999964
delivery-direct-realtime,pedals,23,True,brake,932,44,290.03,0.34999999999999964
delivery-direct-realtime,steering,24,True,straight,932,55,330.53,0.3000000000000007
delivery-direct-realtime,pedals,24,True,brake,919,44,298.84,0.3000000000000007
delivery-direct-realtime,steering,25,True,straight,932,55,259.9,0.3000000000000007
delivery-direct-realtime,pedals,25,True,brake,919,44,300.05,0.3000000000000007
delivery-direct-realtime,steering,26,True,straight,933,55,338.35,0.40000000000000213
delivery-direct-realtime,pedals,26,True,brake,920,44,395.68,0.40000000000000213
delivery-direct-realtime,steering,27,True,straight,933,55,319.85,0.3000000000000007
delivery-direct-realtime,pedals,27,True,brake,920,44,313.07,0.3000000000000007
delivery-direct-realtime,steering,28,True,straight,933,55,312.72,0.3000000000000007
delivery-direct-realtime,pedals,28,True,brake,920,44,253.35,0.3000000000000007
delivery-direct-realtime,steering,29,True,straight,934,55,307.9,0.3000000000000007
delivery-direct-realtime,pedals,29,True,brake,921,44,275.88,0.3000000000000007
delivery-direct-realtime,steering,30,True,straight,946,55,335.43,0.29999999999999716
delivery-direct-realtime,pedals,30,True,brake,933,44,321.18,0.29999999999999716
delivery-direct-realtime,steering,31,True,straight,934,55,263.83,0.3500000000000014
delivery-direct-realtime,pedals,31,True,brake,921,44,344.94,0.3500000000000014
delivery-direct-realtime,steering,32,True,straight,934,55,429.29,0.3999999999999986
delivery-direct-realtime,pedals,32,True,brake,921,44,318.54,0.3999999999999986
delivery-direct-realtime,steering,33,True,straight,947,55,333.43,0.29999999999999716
delivery-direct-realtime,pedals,33,True,brake,934,44,334.21,0.29999999999999716
delivery-direct-realtime,steering,34,True,straight,933,55,281.38,0.3000000000000007
delivery-direct-realtime,pedals,34,True,brake,920,44,293.59,0.3000000000000007
delivery-direct-realtime,steering,35,True,straight,948,55,457.81,0.5
delivery-direct-realtime,pedals,35,True,brake,935,44,534.04,0.5
delivery-direct-realtime,steering,36,True,straight,934,55,600.12,0.6000000000000014
delivery-direct-realtime,pedals,36,True,brake,921,44,625.37,0.6000000000000014
delivery-direct-realtime,steering,37,True,straight,935,55,297.41,0.3000000000000007
delivery-direct-realtime,pedals,37,True,brake,922,44,283,0.3000000000000007
delivery-direct-realtime,steering,38,True,straight,947,55,431.67,0.3999999999999986
delivery-direct-realtime,pedals,38,True,brake,934,44,414.94,0.3999999999999986
delivery-direct-realtime,steering,39,True,straight,936,55,281.95,0.25
delivery-direct-realtime,pedals,39,True,brake,923,44,276.83,0.25
delivery-direct-realtime,steering,40,True,straight,945,55,276.93,0.3000000000000007
delivery-direct-realtime,pedals,40,True,brake,932,44,331.69,0.3000000000000007
delivery-direct-realtime,steering,41,True,straight,930,55,488.03,0.45000000000000284
delivery-direct-realtime,pedals,41,True,accelerate,917,45,285.7,0.45000000000000284
delivery-direct-realtime,steering,42,True,straight,948,55,725.27,0.6999999999999993
delivery-direct-realtime,pedals,42,True,accelerate,935,45,717.22,0.6999999999999993
delivery-direct-realtime,steering,43,True,straight,949,55,290.33,0.3500000000000014
delivery-direct-realtime,pedals,43,True,brake,936,44,322.69,0.3500000000000014
delivery-direct-realtime,steering,44,True,straight,961,55,317.7,0.34999999999999787
delivery-direct-realtime,pedals,44,True,brake,948,44,346.02,0.34999999999999787
delivery-direct-realtime,steering,45,True,straight,933,55,365.94,0.3500000000000014
delivery-direct-realtime,pedals,45,True,brake,920,44,308.06,0.3500000000000014
delivery-direct-realtime,steering,46,True,straight,932,55,339.05,0.3500000000000014
delivery-direct-realtime,pedals,46,True,brake,919,44,296.84,0.3500000000000014
delivery-direct-realtime,steering,47,True,straight,947,55,376.95,0.34999999999999787
delivery-direct-realtime,pedals,47,True,brake,934,44,377.33,0.34999999999999787
delivery-direct-realtime,steering,48,True,straight,933,55,310.02,0.40000000000000213
delivery-direct-realtime,pedals,48,True,brake,920,44,380.08,0.40000000000000213
delivery-direct-realtime,steering,49,True,straight,948,55,351.61,0.34999999999999787
delivery-direct-realtime,pedals,49,True,brake,935,44,286.31,0.34999999999999787
delivery-direct-realtime,steering,50,True,straight,935,55,444.65,0.45000000000000284
delivery-direct-realtime,pedals,50,True,brake,922,44,441.39,0.45000000000000284
delivery-direct-realtime,steering,51,True,straight,934,55,579.77,0.5500000000000007
delivery-direct-realtime,pedals,51,True,brake,921,44,545.33,0.5500000000000007
delivery-direct-realtime,steering,52,True,straight,948,55,373.11,0.34999999999999787
delivery-direct-realtime,pedals,52,True,brake,935,44,373.62,0.34999999999999787
delivery-direct-realtime,steering,53,True,straight,947,55,600.87,0.5999999999999943
delivery-direct-realtime,pedals,53,True,brake,934,44,599.1,0.5999999999999943
delivery-direct-realtime,steering,54,True,straight,935,55,389.28,0.4000000000000057
delivery-direct-realtime,pedals,54,True,brake,922,44,332.05,0.4000000000000057
delivery-direct-realtime,steering,55,True,straight,936,55,277.77,0.30000000000000426
delivery-direct-realtime,pedals,55,True,brake,923,44,297.67,0.30000000000000426
delivery-direct-realtime,steering,56,True,straight,936,55,293.5,0.29999999999999716
delivery-direct-realtime,pedals,56,True,brake,923,44,302.52,0.29999999999999716
delivery-direct-realtime,steering,57,True,straight,936,55,355.92,0.3999999999999986
delivery-direct-realtime,pedals,57,True,accelerate,923,45,390.9,0.3999999999999986
delivery-direct-realtime,steering,58,True,straight,965,55,335.91,0.29999999999999716
delivery-direct-realtime,pedals,58,True,accelerate,952,45,332.2,0.29999999999999716
delivery-direct-realtime,steering,59,True,straight,950,55,364.17,0.3500000000000014
delivery-direct-realtime,pedals,59,True,accelerate,937,45,334.46,0.3500000000000014
delivery-direct-realtime,steering,60,True,straight,950,55,294.31,0.3500000000000014
delivery-direct-realtime,pedals,60,True,accelerate,937,45,335.68,0.3500000000000014
delivery-direct-realtime,steering,61,True,straight,949,55,352.71,0.3500000000000014
delivery-direct-realtime,pedals,61,True,accelerate,936,45,294.31,0.3500000000000014
delivery-direct-realtime,steering,62,True,straight,947,55,350.97,0.3500000000000014
delivery-direct-realtime,pedals,62,True,accelerate,934,45,296.95,0.3500000000000014
delivery-direct-realtime,steering,63,True,straight,961,55,333.19,0.3500000000000014
delivery-direct-realtime,pedals,63,True,accelerate,948,45,334.87,0.3500000000000014
delivery-direct-realtime,steering,64,True,straight,962,55,315.26,0.29999999999999716
delivery-direct-realtime,pedals,64,True,accelerate,949,45,293.48,0.29999999999999716
delivery-direct-realtime,steering,65,True,straight,948,55,337,0.3500000000000014
delivery-direct-realtime,pedals,65,True,accelerate,935,45,330.74,0.3500000000000014
delivery-direct-realtime,steering,66,True,straight,947,55,316.45,0.3500000000000014
delivery-direct-realtime,pedals,66,True,accelerate,934,45,336.13,0.3500000000000014
delivery-direct-realtime,steering,67,True,straight,947,55,330.91,0.3500000000000014
delivery-direct-realtime,pedals,67,True,accelerate,934,45,333.3,0.3500000000000014
delivery-direct-realtime,steering,68,True,straight,960,55,393.98,0.3999999999999986
delivery-direct-realtime,pedals,68,True,accelerate,947,45,283.67,0.3999999999999986
delivery-direct-realtime,steering,69,True,straight,960,55,304.25,0.29999999999999716
delivery-direct-realtime,pedals,69,True,accelerate,947,45,313.75,0.29999999999999716
delivery-direct-realtime,steering,70,True,straight,951,55,366.39,0.3500000000000014
delivery-direct-realtime,pedals,70,True,brake,938,44,310.13,0.3500000000000014
delivery-direct-realtime,steering,71,True,straight,949,55,291.47,0.25
delivery-direct-realtime,pedals,71,True,brake,936,44,287.78,0.25
delivery-direct-realtime,steering,72,True,straight,949,55,369.11,0.3500000000000014
delivery-direct-realtime,pedals,72,True,brake,936,44,285.42,0.3500000000000014
delivery-direct-realtime,steering,73,True,straight,962,55,315.53,0.29999999999999716
delivery-direct-realtime,pedals,73,True,brake,949,44,292.98,0.29999999999999716
delivery-direct-realtime,steering,74,True,straight,942,55,368.36,0.3999999999999986
delivery-direct-realtime,pedals,74,True,brake,929,44,319.87,0.3999999999999986
delivery-direct-realtime,steering,75,True,straight,930,55,283.84,0.3500000000000014
delivery-direct-realtime,pedals,75,True,brake,917,44,337.26,0.3500000000000014
delivery-direct-realtime,steering,76,True,straight,929,55,313.43,0.3500000000000014
delivery-direct-realtime,pedals,76,True,brake,916,44,352.89,0.3500000000000014
delivery-direct-realtime,steering,77,True,straight,930,55,398.48,0.3999999999999986
delivery-direct-realtime,pedals,77,True,brake,917,44,389.69,0.3999999999999986
delivery-direct-realtime,steering,78,True,straight,944,55,361.45,0.3500000000000014
delivery-direct-realtime,pedals,78,True,brake,931,44,308.34,0.3500000000000014
delivery-direct-realtime,steering,79,True,straight,943,55,331.4,0.3499999999999943
delivery-direct-realtime,pedals,79,True,brake,930,44,314.94,0.3499999999999943
delivery-direct-realtime,steering,80,True,straight,930,55,274.33,0.30000000000000426
delivery-direct-realtime,pedals,80,True,brake,917,44,291.55,0.30000000000000426
delivery-direct-realtime,steering,81,True,straight,930,55,333.85,0.3500000000000014
delivery-direct-realtime,pedals,81,True,brake,917,44,345.7,0.3500000000000014
delivery-direct-realtime,steering,82,True,straight,929,55,311.11,0.29999999999999716
delivery-direct-realtime,pedals,82,True,brake,916,44,323.67,0.29999999999999716
delivery-direct-realtime,steering,83,True,straight,943,55,473.93,0.44999999999999574
delivery-direct-realtime,pedals,83,True,brake,930,44,374.02,0.44999999999999574
delivery-direct-realtime,steering,84,True,straight,944,55,350.57,0.3499999999999943
delivery-direct-realtime,pedals,84,True,brake,931,44,297.22,0.3499999999999943
delivery-direct-realtime,steering,85,True,straight,931,55,351.11,0.3500000000000014
delivery-direct-realtime,pedals,85,True,brake,918,44,290.15,0.3500000000000014
delivery-direct-realtime,steering,86,True,straight,932,55,572.74,0.5500000000000043
delivery-direct-realtime,pedals,86,True,brake,919,44,574.38,0.5500000000000043
delivery-direct-realtime,steering,87,True,straight,932,55,492.24,0.6000000000000014
delivery-direct-realtime,pedals,87,True,brake,919,44,580.04,0.6000000000000014
delivery-direct-realtime,steering,88,True,straight,944,55,314.2,0.3500000000000014
delivery-direct-realtime,pedals,88,True,brake,931,44,344.02,0.3500000000000014
delivery-direct-realtime,steering,89,True,straight,946,55,337.29,0.3499999999999943
delivery-direct-realtime,pedals,89,True,brake,933,44,361.26,0.3499999999999943
delivery-direct-realtime,steering,90,True,straight,932,55,321.24,0.3500000000000014
delivery-direct-realtime,pedals,90,True,brake,919,44,332.3,0.3500000000000014
delivery-direct-realtime,steering,91,True,straight,933,55,313.46,0.30000000000000426
delivery-direct-realtime,pedals,91,True,brake,920,44,290.85,0.30000000000000426
delivery-direct-realtime,steering,92,True,straight,931,55,332.46,0.3500000000000014
delivery-direct-realtime,pedals,92,True,brake,918,44,316.01,0.3500000000000014
delivery-direct-realtime,steering,93,True,straight,947,55,295.05,0.3500000000000014
delivery-direct-realtime,pedals,93,True,brake,934,44,337.7,0.3500000000000014
delivery-direct-realtime,steering,94,True,straight,946,55,300.26,0.29999999999999716
delivery-direct-realtime,pedals,94,True,brake,933,44,260.06,0.29999999999999716
delivery-direct-realtime,steering,95,True,straight,933,55,302.16,0.30000000000000426
delivery-direct-realtime,pedals,95,True,brake,920,44,305.02,0.30000000000000426
delivery-direct-realtime,steering,96,True,straight,934,55,279.62,0.3999999999999986
delivery-direct-realtime,pedals,96,True,brake,921,44,377.72,0.3999999999999986
delivery-direct-realtime,steering,97,True,straight,934,55,333.57,0.29999999999999716
delivery-direct-realtime,pedals,97,True,brake,921,44,314.85,0.29999999999999716
delivery-direct-realtime,steering,98,True,straight,947,55,306.53,0.29999999999999716
delivery-direct-realtime,pedals,98,True,brake,934,44,289.26,0.29999999999999716
delivery-direct-realtime,steering,99,True,straight,947,55,335.85,0.3499999999999943
delivery-direct-realtime,pedals,99,True,brake,934,44,334.36,0.3499999999999943
delivery-direct-realtime,steering,100,True,straight,933,55,380.5,0.4000000000000057
delivery-direct-realtime,pedals,100,True,brake,920,44,336.41,0.4000000000000057
delivery-direct-realtime,steering,101,True,straight,935,55,306.19,0.3500000000000014
delivery-direct-realtime,pedals,101,True,accelerate,922,45,346.89,0.3500000000000014
delivery-direct-realtime,steering,102,True,straight,949,55,324.16,0.3999999999999986
delivery-direct-realtime,pedals,102,True,brake,936,44,382.17,0.3999999999999986
delivery-direct-realtime,steering,103,True,straight,964,55,327.53,0.3500000000000014
delivery-direct-realtime,pedals,103,True,brake,951,44,336.58,0.3500000000000014
delivery-direct-realtime,steering,104,True,straight,949,55,328.47,0.29999999999999716
delivery-direct-realtime,pedals,104,True,accelerate,936,45,331.93,0.29999999999999716
delivery-direct-realtime,steering,105,True,straight,951,55,297.89,0.30000000000000426
delivery-direct-realtime,pedals,105,True,accelerate,938,45,323.46,0.30000000000000426
delivery-direct-realtime,steering,106,True,straight,948,55,294.23,0.3500000000000014
delivery-direct-realtime,pedals,106,True,accelerate,935,45,344.05,0.3500000000000014
delivery-direct-realtime,steering,107,True,straight,950,55,342.09,0.3499999999999943
delivery-direct-realtime,pedals,107,True,accelerate,937,45,318.46,0.3499999999999943
delivery-direct-realtime,steering,108,True,straight,950,55,487.18,0.5
delivery-direct-realtime,pedals,108,True,accelerate,937,45,369.44,0.5
delivery-direct-realtime,steering,109,True,straight,947,55,331.67,0.29999999999999716
delivery-direct-realtime,pedals,109,True,accelerate,934,45,313.02,0.29999999999999716
delivery-direct-realtime,steering,110,True,straight,947,55,341.61,0.3500000000000085
delivery-direct-realtime,pedals,110,True,accelerate,934,45,300.3,0.3500000000000085
delivery-direct-realtime,steering,111,True,straight,945,55,396.12,0.3999999999999915
delivery-direct-realtime,pedals,111,True,accelerate,932,45,295.77,0.3999999999999915
delivery-direct-realtime,steering,112,True,straight,934,55,327.33,0.29999999999999716
delivery-direct-realtime,pedals,112,True,accelerate,921,45,300.99,0.29999999999999716
delivery-direct-realtime,steering,113,True,straight,879,55,316.75,0.3500000000000085
delivery-direct-realtime,pedals,113,True,accelerate,866,45,345.01,0.3500000000000085
delivery-direct-realtime,steering,114,True,straight,877,55,336.69,0.3499999999999943
delivery-direct-realtime,pedals,114,True,accelerate,864,45,296.11,0.3499999999999943
delivery-direct-realtime,steering,115,True,straight,878,55,331.54,0.29999999999999716
delivery-direct-realtime,pedals,115,True,accelerate,865,45,288.45,0.29999999999999716
delivery-direct-realtime,steering,116,True,straight,892,55,302.92,0.29999999999999716
delivery-direct-realtime,pedals,116,True,accelerate,879,45,296.82,0.29999999999999716
delivery-maneuver-paused,direction,0,True,north,908,52,307.45,0
delivery-maneuver-paused,speed,0,True,cruise,861,42,292.36,0
delivery-maneuver-paused,direction,1,True,north,973,52,336.54,0
delivery-maneuver-paused,speed,1,True,slow,926,40,334.18,0
delivery-maneuver-paused,direction,2,True,north,988,52,331.34,0
delivery-maneuver-paused,speed,2,True,slow,941,40,323.6,0
delivery-maneuver-paused,direction,3,True,north,974,52,292.57,0
delivery-maneuver-paused,speed,3,True,slow,927,40,324.92,0
delivery-maneuver-paused,direction,4,True,north,1073,52,272.42,0
delivery-maneuver-paused,speed,4,True,slow,1026,40,422.12,0
delivery-maneuver-paused,direction,5,True,north,1057,52,320.1,0
delivery-maneuver-paused,speed,5,True,slow,1010,40,338.33,0
delivery-maneuver-paused,direction,6,True,north,1058,52,297.55,0
delivery-maneuver-paused,speed,6,True,slow,1011,40,327.59,0
delivery-maneuver-paused,direction,7,True,north,1059,52,297.93,0
delivery-maneuver-paused,speed,7,True,slow,1012,40,285.1,0
delivery-maneuver-paused,direction,8,True,north,1072,52,337.46,0
delivery-maneuver-paused,speed,8,True,slow,1025,40,312.72,0
delivery-maneuver-paused,direction,9,True,north,1056,52,347.14,0
delivery-maneuver-paused,speed,9,True,slow,1009,40,316.75,0
delivery-maneuver-paused,direction,10,True,north,1055,52,309.77,0
delivery-maneuver-paused,speed,10,True,slow,1008,40,297.56,0
delivery-maneuver-paused,direction,11,True,north,1071,52,319.63,0
delivery-maneuver-paused,speed,11,True,slow,1024,40,331.02,0
delivery-maneuver-paused,direction,12,True,north,1058,52,352.79,0
delivery-maneuver-paused,speed,12,True,slow,1011,40,307.68,0
delivery-maneuver-paused,direction,13,True,north,1072,52,314.93,0
delivery-maneuver-paused,speed,13,True,slow,1025,40,283.17,0
delivery-maneuver-paused,direction,14,True,north,1058,52,286.34,0
delivery-maneuver-paused,speed,14,True,slow,1011,40,303.64,0
delivery-maneuver-paused,direction,15,True,north,1058,52,314.17,0
delivery-maneuver-paused,speed,15,True,slow,1011,40,393.84,0
delivery-maneuver-paused,direction,16,True,north,1076,52,337.33,0
delivery-maneuver-paused,speed,16,True,slow,1029,40,349.17,0
delivery-maneuver-paused,direction,17,True,stop,1070,52,325.82,0
delivery-maneuver-paused,speed,17,True,stop,1023,40,342.73,0
delivery-maneuver-paused,direction,18,True,stop,1065,52,390.57,0
delivery-maneuver-paused,speed,18,True,stop,1018,40,340.79,0
delivery-maneuver-paused,direction,19,True,stop,1047,52,569.32,0
delivery-maneuver-paused,speed,19,True,stop,1000,40,295.57,0
delivery-maneuver-paused,direction,20,True,stop,966,52,276.82,0
delivery-maneuver-paused,speed,20,True,stop,919,40,308.66,0
delivery-maneuver-paused,direction,21,True,stop,981,52,286.16,0
delivery-maneuver-paused,speed,21,True,stop,934,40,303.21,0
delivery-maneuver-paused,direction,22,True,stop,979,52,306.57,0
delivery-maneuver-paused,speed,22,True,stop,932,40,354.24,0
delivery-maneuver-paused,direction,23,True,stop,970,52,377.11,0
delivery-maneuver-paused,speed,23,True,stop,923,40,326.78,0
delivery-maneuver-paused,direction,24,True,stop,968,52,311.26,0
delivery-maneuver-paused,speed,24,True,stop,921,40,314.83,0
delivery-maneuver-paused,direction,25,True,stop,964,52,356.83,0
delivery-maneuver-paused,speed,25,True,stop,917,40,344.26,0
delivery-maneuver-paused,direction,26,True,stop,984,52,361.77,0
delivery-maneuver-paused,speed,26,True,stop,937,40,316.05,0
delivery-maneuver-paused,direction,27,True,stop,969,52,312.12,0
delivery-maneuver-paused,speed,27,True,stop,922,40,288.94,0
delivery-maneuver-paused,direction,28,True,stop,968,52,321.39,0
delivery-maneuver-paused,speed,28,True,stop,921,40,342.92,0
delivery-maneuver-paused,direction,29,True,stop,983,52,344.34,0
delivery-maneuver-paused,speed,29,True,stop,936,40,325.25,0
delivery-maneuver-paused,direction,30,True,stop,968,52,462,0
delivery-maneuver-paused,speed,30,True,stop,921,40,303.73,0
delivery-maneuver-paused,direction,31,True,stop,969,52,341.24,0
delivery-maneuver-paused,speed,31,True,stop,922,40,286.84,0
delivery-maneuver-paused,direction,32,True,stop,982,52,409.27,0
delivery-maneuver-paused,speed,32,True,stop,935,40,313.76,0
delivery-maneuver-paused,direction,33,True,stop,969,52,287.46,0
delivery-maneuver-paused,speed,33,True,stop,922,40,320.67,0
delivery-maneuver-paused,direction,34,True,stop,984,52,297.29,0
delivery-maneuver-paused,speed,34,True,stop,937,40,289.04,0
delivery-maneuver-paused,direction,35,True,stop,966,52,273.89,0
delivery-maneuver-paused,speed,35,True,stop,919,40,272.93,0
delivery-maneuver-paused,direction,36,True,stop,969,52,301.52,0
delivery-maneuver-paused,speed,36,True,stop,922,40,335.95,0
delivery-maneuver-paused,direction,37,True,stop,983,52,289.07,0
delivery-maneuver-paused,speed,37,True,stop,936,40,509.28,0
delivery-maneuver-paused,direction,38,True,stop,969,52,327.36,0
delivery-maneuver-paused,speed,38,True,stop,922,40,314.44,0
delivery-maneuver-paused,direction,39,True,stop,982,52,311.71,0
delivery-maneuver-paused,speed,39,True,stop,935,40,330.35,0
delivery-maneuver-paused,direction,40,True,north,967,52,320.85,0
delivery-maneuver-paused,speed,40,True,slow,920,40,307.84,0
delivery-maneuver-paused,direction,41,True,north,961,52,403.5,0
delivery-maneuver-paused,speed,41,True,slow,914,40,387.23,0
delivery-maneuver-paused,direction,42,True,north,992,52,306.85,0
delivery-maneuver-paused,speed,42,True,cruise,945,42,312.29,0
delivery-maneuver-paused,direction,43,True,north,961,52,331.55,0
delivery-maneuver-paused,speed,43,True,slow,914,40,285.89,0
delivery-maneuver-paused,direction,44,True,north,989,52,315.18,0
delivery-maneuver-paused,speed,44,True,slow,942,40,315.99,0
delivery-maneuver-paused,direction,45,True,north,975,52,329.48,0
delivery-maneuver-paused,speed,45,True,slow,928,40,344.65,0
delivery-maneuver-paused,direction,46,True,north,978,52,338.74,0
delivery-maneuver-paused,speed,46,True,slow,931,40,343.63,0
delivery-maneuver-paused,direction,47,True,north,991,52,301.72,0
delivery-maneuver-paused,speed,47,True,slow,944,40,295.88,0
delivery-maneuver-paused,direction,48,True,north,976,52,368.49,0
delivery-maneuver-paused,speed,48,True,slow,929,40,320.5,0
delivery-maneuver-paused,direction,49,True,north,991,52,301.95,0
delivery-maneuver-paused,speed,49,True,slow,944,40,327.7,0
delivery-maneuver-paused,direction,50,True,north,963,52,350.98,0
delivery-maneuver-paused,speed,50,True,slow,916,40,332.18,0
delivery-maneuver-paused,direction,51,True,north,961,52,348.3,0
delivery-maneuver-paused,speed,51,True,slow,914,40,375.37,0
delivery-maneuver-paused,direction,52,True,north,979,52,300.57,0
delivery-maneuver-paused,speed,52,True,slow,932,40,367.48,0
delivery-maneuver-paused,direction,53,True,north,979,52,279.62,0
delivery-maneuver-paused,speed,53,True,slow,932,40,287.52,0
delivery-maneuver-paused,direction,54,True,north,979,52,279.82,0
delivery-maneuver-paused,speed,54,True,slow,932,40,324.27,0
delivery-maneuver-paused,direction,55,True,stop,977,52,350.55,0
delivery-maneuver-paused,speed,55,True,stop,930,40,360.53,0
delivery-maneuver-paused,direction,56,True,stop,981,52,282.12,0
delivery-maneuver-paused,speed,56,True,stop,934,40,289.4,0
delivery-maneuver-paused,direction,57,True,south,966,52,357.39,0
delivery-maneuver-paused,speed,57,True,cruise,919,42,295.6,0
delivery-maneuver-paused,direction,58,True,south,975,52,301.99,0
delivery-maneuver-paused,speed,58,True,slow,928,40,337.64,0
delivery-maneuver-paused,direction,59,True,north,978,52,345.66,0
delivery-maneuver-paused,speed,59,True,slow,931,40,337.7,0
delivery-maneuver-paused,direction,60,True,south,978,52,298.39,0
delivery-maneuver-paused,speed,60,True,slow,931,40,335.14,0
delivery-maneuver-paused,direction,61,True,south,979,52,297.13,0
delivery-maneuver-paused,speed,61,True,slow,932,40,292.43,0
delivery-maneuver-paused,direction,62,True,south,980,52,336.99,0
delivery-maneuver-paused,speed,62,True,slow,933,40,268.96,0
delivery-maneuver-paused,direction,63,True,north,995,52,299.22,0
delivery-maneuver-paused,speed,63,True,slow,948,40,323.86,0
delivery-maneuver-paused,direction,64,True,south,995,52,292.94,0
delivery-maneuver-paused,speed,64,True,slow,948,40,335.87,0
delivery-maneuver-paused,direction,65,True,north,979,52,360.7,0
delivery-maneuver-paused,speed,65,True,slow,932,40,295.02,0
delivery-maneuver-paused,direction,66,True,south,981,52,388.11,0
delivery-maneuver-paused,speed,66,True,slow,934,40,580.04,0
delivery-maneuver-paused,direction,67,True,north,981,52,381.73,0
delivery-maneuver-paused,speed,67,True,slow,934,40,377.9,0
delivery-maneuver-paused,direction,68,True,north,995,52,308.32,0
delivery-maneuver-paused,speed,68,True,slow,948,40,307.8,0
delivery-maneuver-paused,direction,69,True,north,997,52,305.04,0
delivery-maneuver-paused,speed,69,True,slow,950,40,305.43,0
delivery-maneuver-paused,direction,70,True,north,980,52,315.01,0
delivery-maneuver-paused,speed,70,True,slow,933,40,276.8,0
delivery-maneuver-paused,direction,71,True,north,984,52,342.59,0
delivery-maneuver-paused,speed,71,True,slow,937,40,409.63,0
delivery-maneuver-paused,direction,72,True,north,982,52,315.16,0
delivery-maneuver-paused,speed,72,True,slow,935,40,321.86,0
delivery-maneuver-paused,direction,73,True,north,994,52,339.19,0
delivery-maneuver-paused,speed,73,True,slow,947,40,386.55,0
delivery-maneuver-paused,direction,74,True,stop,994,52,459.12,0
delivery-maneuver-paused,speed,74,True,stop,947,40,287.26,0
delivery-maneuver-paused,direction,75,True,stop,979,52,297.88,0
delivery-maneuver-paused,speed,75,True,stop,932,40,304.36,0
delivery-maneuver-paused,direction,76,True,stop,965,52,344.65,0
delivery-maneuver-paused,speed,76,True,stop,918,40,291.82,0
delivery-maneuver-paused,direction,77,True,stop,967,52,302.06,0
delivery-maneuver-paused,speed,77,True,stop,920,40,331.95,0
delivery-maneuver-paused,direction,78,True,stop,984,52,289.81,0
delivery-maneuver-paused,speed,78,True,stop,937,40,340.29,0
delivery-maneuver-paused,direction,79,True,stop,985,52,281.59,0
delivery-maneuver-paused,speed,79,True,stop,938,40,334.55,0
delivery-maneuver-paused,direction,80,True,stop,968,52,337.75,0
delivery-maneuver-paused,speed,80,True,stop,921,40,362.25,0
delivery-maneuver-paused,direction,81,True,stop,968,52,410.07,0
delivery-maneuver-paused,speed,81,True,stop,921,40,295.39,0
delivery-maneuver-paused,direction,82,True,stop,969,52,317.63,0
delivery-maneuver-paused,speed,82,True,stop,922,40,282.31,0
delivery-maneuver-paused,direction,83,True,stop,982,52,356.24,0
delivery-maneuver-paused,speed,83,True,stop,935,40,353.52,0
delivery-maneuver-paused,direction,84,True,stop,984,52,321.38,0
delivery-maneuver-paused,speed,84,True,stop,937,40,310.79,0
delivery-maneuver-paused,direction,85,True,stop,966,52,331.84,0
delivery-maneuver-paused,speed,85,True,stop,919,40,333.83,0
delivery-maneuver-paused,direction,86,True,stop,968,52,314.05,0
delivery-maneuver-paused,speed,86,True,stop,921,40,308.54,0
delivery-maneuver-paused,direction,87,True,stop,970,52,335.83,0
delivery-maneuver-paused,speed,87,True,stop,923,40,282.38,0
delivery-maneuver-paused,direction,88,True,stop,983,52,338.06,0
delivery-maneuver-paused,speed,88,True,stop,936,40,346.62,0
delivery-maneuver-paused,direction,89,True,stop,982,52,280.87,0
delivery-maneuver-paused,speed,89,True,stop,935,40,323.35,0
delivery-maneuver-paused,direction,90,True,stop,968,52,303.58,0
delivery-maneuver-paused,speed,90,True,stop,921,40,302.54,0
delivery-maneuver-paused,direction,91,True,stop,969,52,322.46,0
delivery-maneuver-paused,speed,91,True,stop,922,40,329.57,0
delivery-maneuver-paused,direction,92,True,stop,966,52,290.54,0
delivery-maneuver-paused,speed,92,True,stop,919,40,341.75,0
delivery-maneuver-paused,direction,93,True,stop,981,52,310.05,0
delivery-maneuver-paused,speed,93,True,stop,934,40,361.67,0
delivery-maneuver-paused,direction,94,True,stop,983,52,329.19,0
delivery-maneuver-paused,speed,94,True,stop,936,40,343.12,0
delivery-maneuver-paused,direction,95,True,stop,968,52,284.12,0
delivery-maneuver-paused,speed,95,True,stop,921,40,419.43,0
delivery-maneuver-paused,direction,96,True,stop,967,52,313.83,0
delivery-maneuver-paused,speed,96,True,stop,920,40,332.56,0
delivery-maneuver-paused,direction,97,True,south,969,52,293.43,0
delivery-maneuver-paused,speed,97,True,slow,922,40,378.84,0
delivery-maneuver-paused,direction,98,True,north,976,52,298.47,0
delivery-maneuver-paused,speed,98,True,slow,929,40,274.1,0
delivery-maneuver-paused,direction,99,True,north,994,52,258.54,0
delivery-maneuver-paused,speed,99,True,slow,947,40,292.49,0
delivery-maneuver-paused,direction,100,True,north,980,52,423.59,0
delivery-maneuver-paused,speed,100,True,slow,933,40,402.53,0
delivery-maneuver-paused,direction,101,True,north,980,52,324.46,0
delivery-maneuver-paused,speed,101,True,slow,933,40,379.52,0
delivery-maneuver-paused,direction,102,True,north,982,52,326.75,0
delivery-maneuver-paused,speed,102,True,slow,935,40,365.3,0
delivery-maneuver-paused,direction,103,True,north,998,52,318.3,0
delivery-maneuver-paused,speed,103,True,slow,951,40,271.77,0
delivery-maneuver-paused,direction,104,True,north,994,52,385.21,0
delivery-maneuver-paused,speed,104,True,slow,947,40,331.83,0
delivery-maneuver-paused,direction,105,True,north,979,52,274.28,0
delivery-maneuver-paused,speed,105,True,slow,932,40,332.13,0
delivery-maneuver-paused,direction,106,True,north,981,52,302.12,0
delivery-maneuver-paused,speed,106,True,slow,934,40,304.66,0
delivery-maneuver-paused,direction,107,True,north,980,52,292.57,0
delivery-maneuver-paused,speed,107,True,slow,933,40,312.49,0
delivery-maneuver-paused,direction,108,True,north,979,52,332.82,0
delivery-maneuver-paused,speed,108,True,slow,932,40,292.15,0
delivery-maneuver-paused,direction,109,True,north,980,52,296.08,0
delivery-maneuver-paused,speed,109,True,slow,933,40,337.63,0
delivery-maneuver-paused,direction,110,True,north,979,52,350.52,0
delivery-maneuver-paused,speed,110,True,slow,932,40,326.41,0
delivery-maneuver-paused,direction,111,True,north,991,52,308.82,0
delivery-maneuver-paused,speed,111,True,slow,944,40,302.93,0
delivery-maneuver-paused,direction,112,True,north,966,52,327.98,0
delivery-maneuver-paused,speed,112,True,slow,919,40,289.91,0
delivery-maneuver-paused,direction,113,True,north,966,52,285.46,0
delivery-maneuver-paused,speed,113,True,slow,919,40,300.13,0
delivery-maneuver-paused,direction,114,True,stop,964,52,345.6,0
delivery-maneuver-paused,speed,114,True,stop,917,40,340.3,0
delivery-maneuver-paused,direction,115,True,stop,1053,52,419.21,0
delivery-maneuver-paused,speed,115,True,stop,1006,40,310.45,0
delivery-maneuver-paused,direction,116,True,stop,1051,52,341.62,0
delivery-maneuver-paused,speed,116,True,stop,1004,40,283.58,0
delivery-maneuver-paused,direction,117,True,stop,1041,52,399.42,0
delivery-maneuver-paused,speed,117,True,stop,994,40,360.79,0
delivery-maneuver-paused,direction,118,True,stop,1043,52,294.97,0
delivery-maneuver-paused,speed,118,True,stop,996,40,296.2,0
delivery-maneuver-paused,direction,119,True,stop,1040,52,313.88,0
delivery-maneuver-paused,speed,119,True,stop,993,40,310.04,0
delivery-maneuver-paused,direction,120,True,stop,1042,52,374.64,0
delivery-maneuver-paused,speed,120,True,stop,995,40,352.58,0
delivery-maneuver-paused,direction,121,True,stop,1055,52,300.04,0
delivery-maneuver-paused,speed,121,True,stop,1008,40,295.86,0
delivery-maneuver-paused,direction,122,True,stop,1041,52,291.87,0
delivery-maneuver-paused,speed,122,True,stop,994,40,349.31,0
delivery-maneuver-paused,direction,123,True,stop,1043,52,358.71,0
delivery-maneuver-paused,speed,123,True,stop,996,40,313.41,0
delivery-maneuver-paused,direction,124,True,stop,1041,52,343.63,0
delivery-maneuver-paused,speed,124,True,stop,994,40,313.46,0
delivery-maneuver-paused,direction,125,True,stop,1040,52,325.62,0
delivery-maneuver-paused,speed,125,True,stop,993,40,354.73,0
delivery-maneuver-paused,direction,126,True,stop,1056,52,275.07,0
delivery-maneuver-paused,speed,126,True,stop,1009,40,301.38,0
delivery-maneuver-paused,direction,127,True,stop,1044,52,291.77,0
delivery-maneuver-paused,speed,127,True,stop,997,40,295.59,0
delivery-maneuver-paused,direction,128,True,stop,1056,52,338.82,0
delivery-maneuver-paused,speed,128,True,stop,1009,40,280.22,0
delivery-maneuver-paused,direction,129,True,stop,1043,52,283.29,0
delivery-maneuver-paused,speed,129,True,stop,996,40,286.05,0
delivery-maneuver-paused,direction,130,True,stop,1042,52,281.62,0
delivery-maneuver-paused,speed,130,True,stop,995,40,325.42,0
delivery-maneuver-paused,direction,131,True,stop,1058,52,345.91,0
delivery-maneuver-paused,speed,131,True,stop,1011,40,342.37,0
delivery-maneuver-paused,direction,132,True,stop,1043,52,329.37,0
delivery-maneuver-paused,speed,132,True,stop,996,40,305.24,0
delivery-maneuver-paused,direction,133,True,stop,1057,52,397.87,0
delivery-maneuver-paused,speed,133,True,stop,1010,40,316.92,0
delivery-maneuver-paused,direction,134,True,stop,1045,52,313.01,0
delivery-maneuver-paused,speed,134,True,stop,998,40,417.59,0
delivery-maneuver-paused,direction,135,True,stop,1042,52,311.26,0
delivery-maneuver-paused,speed,135,True,stop,995,40,317.6,0
delivery-maneuver-paused,direction,136,True,stop,1056,52,320.81,0
delivery-maneuver-paused,speed,136,True,stop,1009,40,368.89,0
delivery-maneuver-paused,direction,137,True,north,1045,52,320.84,0
delivery-maneuver-paused,speed,137,True,slow,998,40,347.87,0
delivery-maneuver-paused,direction,138,True,north,1049,52,333.6,0
delivery-maneuver-paused,speed,138,True,slow,1002,40,311.7,0
delivery-maneuver-paused,direction,139,True,north,1066,52,365.92,0
delivery-maneuver-paused,speed,139,True,slow,1019,40,400.53,0
delivery-maneuver-paused,direction,140,True,north,1066,52,540.83,0
delivery-maneuver-paused,speed,140,True,slow,1019,40,444.86,0
delivery-maneuver-paused,direction,141,True,north,1009,52,492.87,0
delivery-maneuver-paused,speed,141,True,slow,962,40,490.11,0
delivery-maneuver-paused,direction,142,True,north,998,52,373.78,0
delivery-maneuver-paused,speed,142,True,slow,951,40,377.69,0
delivery-maneuver-paused,direction,143,True,north,1014,52,331.78,0
delivery-maneuver-paused,speed,143,True,slow,967,40,316.93,0
delivery-maneuver-paused,direction,144,True,north,1001,52,282.9,0
delivery-maneuver-paused,speed,144,True,slow,954,40,296.69,0
delivery-maneuver-paused,direction,145,True,north,998,52,337.24,0
delivery-maneuver-paused,speed,145,True,slow,951,40,295.57,0
delivery-maneuver-paused,direction,146,True,north,1013,52,285.89,0
delivery-maneuver-paused,speed,146,True,slow,966,40,330.91,0
delivery-maneuver-paused,direction,147,True,north,1002,52,371.08,0
delivery-maneuver-paused,speed,147,True,slow,955,40,398.79,0
delivery-maneuver-paused,direction,148,True,north,1014,52,351.22,0
delivery-maneuver-paused,speed,148,True,slow,967,40,360.62,0
delivery-maneuver-paused,direction,149,True,north,1003,52,342.72,0
delivery-maneuver-paused,speed,149,True,slow,956,40,368.95,0
delivery-maneuver-realtime,direction,0,True,north,908,52,312.04,0.30000000000000004
delivery-maneuver-realtime,speed,0,True,cruise,861,42,286.89,0.30000000000000004
delivery-maneuver-realtime,direction,1,True,north,973,52,302.35,0.29999999999999993
delivery-maneuver-realtime,speed,1,True,cruise,926,42,295.54,0.29999999999999993
delivery-maneuver-realtime,direction,2,True,north,974,52,315.38,0.2999999999999998
delivery-maneuver-realtime,speed,2,True,slow,927,40,298.6,0.2999999999999998
delivery-maneuver-realtime,direction,3,True,north,972,52,331.13,0.34999999999999987
delivery-maneuver-realtime,speed,3,True,slow,925,40,367.1,0.34999999999999987
delivery-maneuver-realtime,direction,4,True,north,1076,52,291.48,0.2999999999999998
delivery-maneuver-realtime,speed,4,True,slow,1029,40,302.03,0.2999999999999998
delivery-maneuver-realtime,direction,5,True,north,1055,52,316.23,0.30000000000000027
delivery-maneuver-realtime,speed,5,True,slow,1008,40,312.38,0.30000000000000027
delivery-maneuver-realtime,direction,6,True,north,1055,52,327.09,0.30000000000000027
delivery-maneuver-realtime,speed,6,True,slow,1008,40,327.11,0.30000000000000027
delivery-maneuver-realtime,direction,7,True,north,1059,52,328.93,0.34999999999999964
delivery-maneuver-realtime,speed,7,True,slow,1012,40,310.97,0.34999999999999964
delivery-maneuver-realtime,direction,8,True,north,1073,52,313.58,0.2999999999999998
delivery-maneuver-realtime,speed,8,True,slow,1026,40,322.07,0.2999999999999998
delivery-maneuver-realtime,direction,9,True,north,1053,52,277.73,0.34999999999999964
delivery-maneuver-realtime,speed,9,True,slow,1006,40,331.87,0.34999999999999964
delivery-maneuver-realtime,direction,10,True,north,1060,52,333.39,0.35000000000000053
delivery-maneuver-realtime,speed,10,True,slow,1013,40,319.16,0.35000000000000053
delivery-maneuver-realtime,direction,11,True,north,1073,52,347.4,0.34999999999999964
delivery-maneuver-realtime,speed,11,True,slow,1026,40,335.41,0.34999999999999964
delivery-maneuver-realtime,direction,12,True,north,1058,52,273.69,0.2999999999999998
delivery-maneuver-realtime,speed,12,True,slow,1011,40,328.26,0.2999999999999998
delivery-maneuver-realtime,direction,13,True,north,1069,52,325.68,0.34999999999999964
delivery-maneuver-realtime,speed,13,True,slow,1022,40,319.28,0.34999999999999964
delivery-maneuver-realtime,direction,14,True,north,1060,52,384.63,0.34999999999999964
delivery-maneuver-realtime,speed,14,True,slow,1013,40,329.96,0.34999999999999964
delivery-maneuver-realtime,direction,15,True,north,1058,52,695.55,0.7000000000000011
delivery-maneuver-realtime,speed,15,True,slow,1011,40,571.15,0.7000000000000011
delivery-maneuver-realtime,direction,16,True,north,1072,52,367.89,0.34999999999999964
delivery-maneuver-realtime,speed,16,True,slow,1025,40,343.11,0.34999999999999964
delivery-maneuver-realtime,direction,17,True,stop,1059,52,359.15,0.34999999999999964
delivery-maneuver-realtime,speed,17,True,stop,1012,40,345.13,0.34999999999999964
delivery-maneuver-realtime,direction,18,True,stop,1045,52,420.45,0.5999999999999996
delivery-maneuver-realtime,speed,18,True,stop,998,40,591.13,0.5999999999999996
delivery-maneuver-realtime,direction,19,True,stop,1062,52,360.69,0.3500000000000014
delivery-maneuver-realtime,speed,19,True,stop,1015,40,360.03,0.3500000000000014
delivery-maneuver-realtime,direction,20,True,stop,979,52,352.03,0.34999999999999964
delivery-maneuver-realtime,speed,20,True,stop,932,40,359.6,0.34999999999999964
delivery-maneuver-realtime,direction,21,True,stop,983,52,309.42,0.34999999999999964
delivery-maneuver-realtime,speed,21,True,stop,936,40,330.68,0.34999999999999964
delivery-maneuver-realtime,direction,22,True,stop,969,52,409.41,0.40000000000000036
delivery-maneuver-realtime,speed,22,True,stop,922,40,305.4,0.40000000000000036
delivery-maneuver-realtime,direction,23,True,stop,967,52,324.73,0.34999999999999964
delivery-maneuver-realtime,speed,23,True,stop,920,40,334.11,0.34999999999999964
delivery-maneuver-realtime,direction,24,True,stop,967,52,351.83,0.3500000000000014
delivery-maneuver-realtime,speed,24,True,stop,920,40,330.72,0.3500000000000014
delivery-maneuver-realtime,direction,25,True,stop,982,52,356.56,0.34999999999999964
delivery-maneuver-realtime,speed,25,True,stop,935,40,365.98,0.34999999999999964
delivery-maneuver-realtime,direction,26,True,stop,983,52,297.48,0.29999999999999893
delivery-maneuver-realtime,speed,26,True,stop,936,40,283.27,0.29999999999999893
delivery-maneuver-realtime,direction,27,True,stop,966,52,344.93,0.3500000000000014
delivery-maneuver-realtime,speed,27,True,stop,919,40,341.68,0.3500000000000014
delivery-maneuver-realtime,direction,28,True,stop,982,52,303.5,0.29999999999999716
delivery-maneuver-realtime,speed,28,True,stop,935,40,316.87,0.29999999999999716
delivery-maneuver-realtime,direction,29,True,stop,968,52,277.96,0.25
delivery-maneuver-realtime,speed,29,True,stop,921,40,275.5,0.25
delivery-maneuver-realtime,direction,30,True,stop,967,52,310.85,0.3000000000000007
delivery-maneuver-realtime,speed,30,True,stop,920,40,317.05,0.3000000000000007
delivery-maneuver-realtime,direction,31,True,stop,968,52,340.88,0.3500000000000014
delivery-maneuver-realtime,speed,31,True,stop,921,40,353.21,0.3500000000000014
delivery-maneuver-realtime,direction,32,True,stop,968,52,345.54,0.3500000000000014
delivery-maneuver-realtime,speed,32,True,stop,921,40,324.82,0.3500000000000014
delivery-maneuver-realtime,direction,33,True,stop,983,52,327.59,0.34999999999999787
delivery-maneuver-realtime,speed,33,True,stop,936,40,342.26,0.34999999999999787
delivery-maneuver-realtime,direction,34,True,stop,968,52,334.46,0.3500000000000014
delivery-maneuver-realtime,speed,34,True,stop,921,40,310,0.3500000000000014
delivery-maneuver-realtime,direction,35,True,stop,968,52,344.99,0.3500000000000014
delivery-maneuver-realtime,speed,35,True,stop,921,40,302.82,0.3500000000000014
delivery-maneuver-realtime,direction,36,True,stop,980,52,343.04,0.34999999999999787
delivery-maneuver-realtime,speed,36,True,stop,933,40,340.52,0.34999999999999787
delivery-maneuver-realtime,direction,37,True,stop,968,52,329.22,0.3500000000000014
delivery-maneuver-realtime,speed,37,True,stop,921,40,342.36,0.3500000000000014
delivery-maneuver-realtime,direction,38,True,stop,980,52,295.36,0.34999999999999787
delivery-maneuver-realtime,speed,38,True,stop,933,40,367.58,0.34999999999999787
delivery-maneuver-realtime,direction,39,True,stop,968,52,328.86,0.3500000000000014
delivery-maneuver-realtime,speed,39,True,stop,921,40,335.99,0.3500000000000014
delivery-maneuver-realtime,direction,40,True,north,968,52,395.93,0.3999999999999986
delivery-maneuver-realtime,speed,40,True,slow,921,40,308.05,0.3999999999999986
delivery-maneuver-realtime,direction,41,True,north,974,52,375.08,0.3999999999999986
delivery-maneuver-realtime,speed,41,True,cruise,927,42,378.57,0.3999999999999986
delivery-maneuver-realtime,direction,42,True,north,961,52,359.29,0.3500000000000014
delivery-maneuver-realtime,speed,42,True,cruise,914,42,345.51,0.3500000000000014
delivery-maneuver-realtime,direction,43,True,north,974,52,326.61,0.3000000000000007
delivery-maneuver-realtime,speed,43,True,slow,927,40,290.19,0.3000000000000007
delivery-maneuver-realtime,direction,44,True,north,975,52,332.57,0.3500000000000014
delivery-maneuver-realtime,speed,44,True,slow,928,40,319.25,0.3500000000000014
delivery-maneuver-realtime,direction,45,True,north,976,52,316.1,0.3500000000000014
delivery-maneuver-realtime,speed,45,True,slow,929,40,298.24,0.3500000000000014
delivery-maneuver-realtime,direction,46,True,north,989,52,316.82,0.34999999999999787
delivery-maneuver-realtime,speed,46,True,slow,942,40,341.6,0.34999999999999787
delivery-maneuver-realtime,direction,47,True,north,977,52,326.8,0.3500000000000014
delivery-maneuver-realtime,speed,47,True,slow,930,40,355.9,0.3500000000000014
delivery-maneuver-realtime,direction,48,True,north,991,52,336.79,0.34999999999999787
delivery-maneuver-realtime,speed,48,True,slow,944,40,309.43,0.34999999999999787
delivery-maneuver-realtime,direction,49,True,north,977,52,335.49,0.3500000000000014
delivery-maneuver-realtime,speed,49,True,slow,930,40,310.37,0.3500000000000014
delivery-maneuver-realtime,direction,50,True,north,962,52,422.31,0.3999999999999986
delivery-maneuver-realtime,speed,50,True,slow,915,40,422.95,0.3999999999999986
delivery-maneuver-realtime,direction,51,True,north,975,52,654.53,0.6499999999999986
delivery-maneuver-realtime,speed,51,True,slow,928,40,652.77,0.6499999999999986
delivery-maneuver-realtime,direction,52,True,north,966,52,422.03,0.4499999999999993
delivery-maneuver-realtime,speed,52,True,slow,919,40,432.56,0.4499999999999993
delivery-maneuver-realtime,direction,53,True,north,979,52,337.79,0.3500000000000014
delivery-maneuver-realtime,speed,53,True,slow,932,40,328.36,0.3500000000000014
delivery-maneuver-realtime,direction,54,True,north,992,52,306.69,0.3499999999999943
delivery-maneuver-realtime,speed,54,True,slow,945,40,337.88,0.3499999999999943
delivery-maneuver-realtime,direction,55,True,stop,981,52,351.6,0.3500000000000014
delivery-maneuver-realtime,speed,55,True,stop,934,40,354.57,0.3500000000000014
delivery-maneuver-realtime,direction,56,True,stop,965,52,364.85,0.3500000000000014
delivery-maneuver-realtime,speed,56,True,stop,918,40,301.07,0.3500000000000014
delivery-maneuver-realtime,direction,57,True,south,987,52,338.89,0.3999999999999986
delivery-maneuver-realtime,speed,57,True,slow,940,40,390.21,0.3999999999999986
delivery-maneuver-realtime,direction,58,True,south,964,52,538.37,0.5499999999999972
delivery-maneuver-realtime,speed,58,True,slow,917,40,301.6,0.5499999999999972
delivery-maneuver-realtime,direction,59,True,south,976,52,410.98,0.44999999999999574
delivery-maneuver-realtime,speed,59,True,cruise,929,42,378.92,0.44999999999999574
delivery-maneuver-realtime,direction,60,True,south,964,52,329.01,0.3500000000000014
delivery-maneuver-realtime,speed,60,True,slow,917,40,329.46,0.3500000000000014
delivery-maneuver-realtime,direction,61,True,south,980,52,298.46,0.3500000000000014
delivery-maneuver-realtime,speed,61,True,slow,933,40,359.02,0.3500000000000014
delivery-maneuver-realtime,direction,62,True,north,979,52,337.07,0.3500000000000014
delivery-maneuver-realtime,speed,62,True,slow,932,40,333.18,0.3500000000000014
delivery-maneuver-realtime,direction,63,True,north,980,52,310.09,0.29999999999999716
delivery-maneuver-realtime,speed,63,True,slow,933,40,287.16,0.29999999999999716
delivery-maneuver-realtime,direction,64,True,south,993,52,345.75,0.3500000000000014
delivery-maneuver-realtime,speed,64,True,slow,946,40,289.47,0.3500000000000014
delivery-maneuver-realtime,direction,65,True,north,998,52,327.53,0.3499999999999943
delivery-maneuver-realtime,speed,65,True,slow,951,40,338.07,0.3499999999999943
delivery-maneuver-realtime,direction,66,True,south,982,52,397.6,0.4000000000000057
delivery-maneuver-realtime,speed,66,True,slow,935,40,425.85,0.4000000000000057
delivery-maneuver-realtime,direction,67,True,south,981,52,332.67,0.3500000000000014
delivery-maneuver-realtime,speed,67,True,slow,934,40,336.45,0.3500000000000014
delivery-maneuver-realtime,direction,68,True,north,982,52,309.44,0.29999999999999716
delivery-maneuver-realtime,speed,68,True,slow,935,40,308.04,0.29999999999999716
delivery-maneuver-realtime,direction,69,True,south,993,52,836.93,0.8500000000000014
delivery-maneuver-realtime,speed,69,True,slow,946,40,830.83,0.8500000000000014
delivery-maneuver-realtime,direction,70,True,north,990,52,517.52,0.5499999999999972
delivery-maneuver-realtime,speed,70,True,slow,943,40,531.69,0.5499999999999972
delivery-maneuver-realtime,direction,71,True,north,980,52,314.84,0.30000000000000426
delivery-maneuver-realtime,speed,71,True,slow,933,40,322.31,0.30000000000000426
delivery-maneuver-realtime,direction,72,True,north,979,52,364.88,0.3500000000000014
delivery-maneuver-realtime,speed,72,True,slow,932,40,287.53,0.3500000000000014
delivery-maneuver-realtime,direction,73,True,stop,980,52,377.57,0.3999999999999986
delivery-maneuver-realtime,speed,73,True,stop,933,40,311.63,0.3999999999999986
delivery-maneuver-realtime,direction,74,True,stop,976,52,330.17,0.3500000000000014
delivery-maneuver-realtime,speed,74,True,stop,929,40,326.27,0.3500000000000014
delivery-maneuver-realtime,direction,75,True,stop,997,52,301.41,0.3499999999999943
delivery-maneuver-realtime,speed,75,True,stop,950,40,340.87,0.3499999999999943
delivery-maneuver-realtime,direction,76,True,stop,967,52,400.99,0.4000000000000057
delivery-maneuver-realtime,speed,76,True,stop,920,40,408.94,0.4000000000000057
delivery-maneuver-realtime,direction,77,True,stop,970,52,327.34,0.3999999999999986
delivery-maneuver-realtime,speed,77,True,stop,923,40,421.3,0.3999999999999986
delivery-maneuver-realtime,direction,78,True,stop,969,52,316.32,0.3500000000000014
delivery-maneuver-realtime,speed,78,True,stop,922,40,359.17,0.3500000000000014
delivery-maneuver-realtime,direction,79,True,stop,984,52,353.78,0.3500000000000014
delivery-maneuver-realtime,speed,79,True,stop,937,40,310.69,0.3500000000000014
delivery-maneuver-realtime,direction,80,True,stop,983,52,440.41,0.44999999999999574
delivery-maneuver-realtime,speed,80,True,stop,936,40,351.5,0.44999999999999574
delivery-maneuver-realtime,direction,81,True,stop,965,52,334.7,0.3500000000000014
delivery-maneuver-realtime,speed,81,True,stop,918,40,300.17,0.3500000000000014
delivery-maneuver-realtime,direction,82,True,stop,970,52,526.35,0.5500000000000043
delivery-maneuver-realtime,speed,82,True,stop,923,40,332.47,0.5500000000000043
delivery-maneuver-realtime,direction,83,True,stop,967,52,372.62,0.45000000000000284
delivery-maneuver-realtime,speed,83,True,stop,920,40,445.84,0.45000000000000284
delivery-maneuver-realtime,direction,84,True,stop,984,52,320.39,0.3500000000000014
delivery-maneuver-realtime,speed,84,True,stop,937,40,332.12,0.3500000000000014
delivery-maneuver-realtime,direction,85,True,stop,987,52,400.06,0.3999999999999986
delivery-maneuver-realtime,speed,85,True,stop,940,40,285.68,0.3999999999999986
delivery-maneuver-realtime,direction,86,True,stop,969,52,401.88,0.4000000000000057
delivery-maneuver-realtime,speed,86,True,stop,922,40,328.19,0.4000000000000057
delivery-maneuver-realtime,direction,87,True,stop,971,52,313.39,0.3999999999999986
delivery-maneuver-realtime,speed,87,True,stop,924,40,384.35,0.3999999999999986
delivery-maneuver-realtime,direction,88,True,stop,971,52,329.4,0.3500000000000014
delivery-maneuver-realtime,speed,88,True,stop,924,40,362.88,0.3500000000000014
delivery-maneuver-realtime,direction,89,True,stop,987,52,357.1,0.3500000000000014
delivery-maneuver-realtime,speed,89,True,stop,940,40,317.53,0.3500000000000014
delivery-maneuver-realtime,direction,90,True,stop,986,52,414.82,0.3999999999999986
delivery-maneuver-realtime,speed,90,True,stop,939,40,372.06,0.3999999999999986
delivery-maneuver-realtime,direction,91,True,stop,970,52,346.37,0.3500000000000014
delivery-maneuver-realtime,speed,91,True,stop,923,40,345.58,0.3500000000000014
delivery-maneuver-realtime,direction,92,True,stop,971,52,514.45,0.5500000000000043
delivery-maneuver-realtime,speed,92,True,stop,924,40,541.31,0.5500000000000043
delivery-maneuver-realtime,direction,93,True,stop,973,52,530.53,0.8500000000000014
delivery-maneuver-realtime,speed,93,True,stop,926,40,828.29,0.8500000000000014
delivery-maneuver-realtime,direction,94,True,stop,987,52,314.01,0.29999999999999716
delivery-maneuver-realtime,speed,94,True,stop,940,40,314.17,0.29999999999999716
delivery-maneuver-realtime,direction,95,True,stop,986,52,335.02,0.3499999999999943
delivery-maneuver-realtime,speed,95,True,stop,939,40,348,0.3499999999999943
delivery-maneuver-realtime,direction,96,True,south,972,52,293.13,0.4000000000000057
delivery-maneuver-realtime,speed,96,True,cruise,925,42,397.44,0.4000000000000057
delivery-maneuver-realtime,direction,97,True,south,964,52,309.24,0.30000000000000426
delivery-maneuver-realtime,speed,97,True,slow,917,40,306.85,0.30000000000000426
delivery-maneuver-realtime,direction,98,True,north,963,52,324.43,0.29999999999999716
delivery-maneuver-realtime,speed,98,True,slow,916,40,273.07,0.29999999999999716
delivery-maneuver-realtime,direction,99,True,north,995,52,331.88,0.3500000000000014
delivery-maneuver-realtime,speed,99,True,slow,948,40,319.66,0.3500000000000014
delivery-maneuver-realtime,direction,100,True,north,996,52,373.6,0.3499999999999943
delivery-maneuver-realtime,speed,100,True,slow,949,40,324,0.3499999999999943
delivery-maneuver-realtime,direction,101,True,north,980,52,500.3,0.5500000000000043
delivery-maneuver-realtime,speed,101,True,slow,933,40,535.99,0.5500000000000043
delivery-maneuver-realtime,direction,102,True,north,984,52,298.93,0.3999999999999986
delivery-maneuver-realtime,speed,102,True,slow,937,40,394.87,0.3999999999999986
delivery-maneuver-realtime,direction,103,True,north,982,52,365.07,0.3999999999999986
delivery-maneuver-realtime,speed,103,True,slow,935,40,391.74,0.3999999999999986
delivery-maneuver-realtime,direction,104,True,north,995,52,289.51,0.29999999999999716
delivery-maneuver-realtime,speed,104,True,slow,948,40,306.51,0.29999999999999716
delivery-maneuver-realtime,direction,105,True,north,995,52,309.93,0.29999999999999716
delivery-maneuver-realtime,speed,105,True,slow,948,40,320.95,0.29999999999999716
delivery-maneuver-realtime,direction,106,True,north,979,52,345.07,0.3500000000000085
delivery-maneuver-realtime,speed,106,True,slow,932,40,272.69,0.3500000000000085
delivery-maneuver-realtime,direction,107,True,north,993,52,301.24,0.29999999999999716
delivery-maneuver-realtime,speed,107,True,slow,946,40,271.65,0.29999999999999716
delivery-maneuver-realtime,direction,108,True,north,980,52,334.64,0.4000000000000057
delivery-maneuver-realtime,speed,108,True,slow,933,40,374.94,0.4000000000000057
delivery-maneuver-realtime,direction,109,True,north,981,52,276.11,0.3500000000000085
delivery-maneuver-realtime,speed,109,True,slow,934,40,364.85,0.3500000000000085
delivery-maneuver-realtime,direction,110,True,north,978,52,361.15,0.3499999999999943
delivery-maneuver-realtime,speed,110,True,slow,931,40,368.19,0.3499999999999943
delivery-maneuver-realtime,direction,111,True,north,981,52,336.64,0.3500000000000085
delivery-maneuver-realtime,speed,111,True,slow,934,40,308.79,0.3500000000000085
delivery-maneuver-realtime,direction,112,True,north,979,52,400.26,0.3999999999999915
delivery-maneuver-realtime,speed,112,True,slow,932,40,324.29,0.3999999999999915
delivery-maneuver-realtime,direction,113,True,stop,968,52,317.37,0.29999999999999716
delivery-maneuver-realtime,speed,113,True,stop,921,40,313.55,0.29999999999999716
delivery-maneuver-realtime,direction,114,True,stop,1020,52,331,0.3500000000000085
delivery-maneuver-realtime,speed,114,True,stop,973,40,348.14,0.3500000000000085
delivery-maneuver-realtime,direction,115,True,stop,1039,52,295.14,0.29999999999999716
delivery-maneuver-realtime,speed,115,True,stop,992,40,314.67,0.29999999999999716
delivery-maneuver-realtime,direction,116,True,stop,1042,52,348.15,0.3500000000000085
delivery-maneuver-realtime,speed,116,True,stop,995,40,278.56,0.3500000000000085
delivery-maneuver-realtime,direction,117,True,stop,1057,52,300.6,0.3499999999999943
delivery-maneuver-realtime,speed,117,True,stop,1010,40,337.42,0.3499999999999943
delivery-maneuver-realtime,direction,118,True,stop,1044,52,768.28,0.75
delivery-maneuver-realtime,speed,118,True,stop,997,40,426.69,0.75
delivery-maneuver-realtime,direction,119,True,stop,1044,52,371.82,0.5999999999999943
delivery-maneuver-realtime,speed,119,True,stop,997,40,553.31,0.5999999999999943
delivery-maneuver-realtime,direction,120,True,stop,1043,52,338.43,0.45000000000000284
delivery-maneuver-realtime,speed,120,True,stop,996,40,434.49,0.45000000000000284
delivery-maneuver-realtime,direction,121,True,stop,1039,52,443.94,0.45000000000000284
delivery-maneuver-realtime,speed,121,True,stop,992,40,474.65,0.45000000000000284
delivery-maneuver-realtime,direction,122,True,stop,1039,52,342.05,0.3500000000000085
delivery-maneuver-realtime,speed,122,True,stop,992,40,340.36,0.3500000000000085
delivery-maneuver-realtime,direction,123,True,stop,1055,52,400.69,0.3999999999999915
delivery-maneuver-realtime,speed,123,True,stop,1008,40,392.1,0.3999999999999915
delivery-maneuver-realtime,direction,124,True,stop,1044,52,368.53,0.3499999999999943
delivery-maneuver-realtime,speed,124,True,stop,997,40,375.23,0.3499999999999943
delivery-maneuver-realtime,direction,125,True,stop,1042,52,649.61,0.6500000000000057
delivery-maneuver-realtime,speed,125,True,stop,995,40,426.3,0.6500000000000057
delivery-maneuver-realtime,direction,126,True,stop,1043,52,304.67,0.45000000000000284
delivery-maneuver-realtime,speed,126,True,stop,996,40,391.79,0.45000000000000284
delivery-maneuver-realtime,direction,127,True,stop,1056,52,335.64,0.3499999999999943
delivery-maneuver-realtime,speed,127,True,stop,1009,40,362.01,0.3499999999999943
delivery-maneuver-realtime,direction,128,True,stop,1044,52,367.17,0.3499999999999943
delivery-maneuver-realtime,speed,128,True,stop,997,40,365.32,0.3499999999999943
delivery-maneuver-realtime,direction,129,True,stop,1044,52,984.32,1
delivery-maneuver-realtime,speed,129,True,stop,997,40,857.08,1
delivery-maneuver-realtime,direction,130,True,stop,1044,52,427.8,0.45000000000000284
delivery-maneuver-realtime,speed,130,True,stop,997,40,413.98,0.45000000000000284
delivery-maneuver-realtime,direction,131,True,stop,1057,52,321.26,0.3499999999999943
delivery-maneuver-realtime,speed,131,True,stop,1010,40,345.3,0.3499999999999943
delivery-maneuver-realtime,direction,132,True,stop,1046,52,318.33,0.3500000000000085
delivery-maneuver-realtime,speed,132,True,stop,999,40,332.61,0.3500000000000085
delivery-maneuver-realtime,direction,133,True,stop,1058,52,353.64,0.3499999999999943
delivery-maneuver-realtime,speed,133,True,stop,1011,40,368.79,0.3499999999999943
delivery-maneuver-realtime,direction,134,True,stop,1045,52,346.55,0.3499999999999943
delivery-maneuver-realtime,speed,134,True,stop,998,40,297.12,0.3499999999999943
delivery-maneuver-realtime,direction,135,True,north,1048,52,375.26,0.5500000000000114
delivery-maneuver-realtime,speed,135,True,slow,1001,40,542.2,0.5500000000000114
delivery-maneuver-realtime,direction,136,True,north,1050,52,339.37,0.3499999999999943
delivery-maneuver-realtime,speed,136,True,slow,1003,40,372.92,0.3499999999999943
delivery-maneuver-realtime,direction,137,True,north,1038,52,311.08,0.3500000000000085
delivery-maneuver-realtime,speed,137,True,slow,991,40,310.55,0.3500000000000085
delivery-maneuver-realtime,direction,138,True,north,1080,52,437.32,0.44999999999998863
delivery-maneuver-realtime,speed,138,True,slow,1033,40,466.13,0.44999999999998863
delivery-maneuver-realtime,direction,139,True,north,1068,52,279.61,0.29999999999999716
delivery-maneuver-realtime,speed,139,True,slow,1021,40,299.46,0.29999999999999716
delivery-maneuver-realtime,direction,140,True,north,1000,52,367.84,0.4000000000000057
delivery-maneuver-realtime,speed,140,True,slow,953,40,399,0.4000000000000057
delivery-maneuver-realtime,direction,141,True,north,1013,52,324.25,0.3499999999999943
delivery-maneuver-realtime,speed,141,True,slow,966,40,342.89,0.3499999999999943
delivery-maneuver-realtime,direction,142,True,north,1002,52,303.04,0.29999999999999716
delivery-maneuver-realtime,speed,142,True,slow,955,40,301.36,0.29999999999999716
delivery-maneuver-realtime,direction,143,True,north,1013,52,316.02,0.29999999999999716
delivery-maneuver-realtime,speed,143,True,slow,966,40,317.37,0.29999999999999716
delivery-maneuver-realtime,direction,144,True,north,1002,52,327.66,0.3499999999999943
delivery-maneuver-realtime,speed,144,True,slow,955,40,336.57,0.3499999999999943
delivery-maneuver-realtime,direction,145,True,north,1000,52,339.56,0.3500000000000085
delivery-maneuver-realtime,speed,145,True,slow,953,40,321.07,0.3500000000000085
delivery-maneuver-realtime,direction,146,True,north,1014,52,355.57,0.3499999999999943
delivery-maneuver-realtime,speed,146,True,slow,967,40,310.64,0.3499999999999943
delivery-maneuver-realtime,direction,147,True,north,1003,52,345.79,0.3500000000000085
delivery-maneuver-realtime,speed,147,True,slow,956,40,282.41,0.3500000000000085
