id,variant,stage,valid,latency_ms,input_tokens,output_tokens,choice,http_status,error
egocentric-8101:1,egocentric,proposal,True,472.81,602,38,left,200,
egocentric-8101:2,egocentric,proposal,True,448.29,602,38,left,200,
egocentric-8101:3,egocentric,proposal,True,369.53,601,38,right,200,
egocentric-8101:4,egocentric,proposal,True,411.23,600,38,straight,200,
egocentric-8101:5,egocentric,proposal,True,465.06,607,38,straight,200,
egocentric-8101:6,egocentric,proposal,True,700.89,607,38,straight,200,
egocentric-8101:7,egocentric,proposal,True,395.06,608,38,right,200,
egocentric-8101:8,egocentric,proposal,True,538.8,608,38,straight,200,
egocentric-8101:9,egocentric,proposal,True,375.75,608,38,straight,200,
egocentric-8101:10,egocentric,proposal,True,410.72,608,38,straight,200,
egocentric-8101:11,egocentric,proposal,True,286.16,615,38,right,200,
egocentric-8101:12,egocentric,proposal,True,377.06,614,38,straight,200,
egocentric-8101:13,egocentric,proposal,True,268.01,614,38,straight,200,
egocentric-8101:14,egocentric,proposal,True,385.24,614,38,straight,200,
egocentric-8101:15,egocentric,proposal,True,343.08,614,38,straight,200,
egocentric-8101:16,egocentric,proposal,True,329.14,621,38,straight,200,
egocentric-8101:17,egocentric,proposal,True,312.42,621,38,straight,200,
egocentric-8101:18,egocentric,proposal,True,323.14,621,38,straight,200,
egocentric-8101:19,egocentric,proposal,True,305.76,621,38,straight,200,
egocentric-8101:20,egocentric,proposal,True,392.36,622,38,right,200,
egocentric-8101:21,egocentric,proposal,True,341.41,622,38,straight,200,
egocentric-8101:22,egocentric,proposal,True,303.6,622,38,straight,200,
egocentric-8101:23,egocentric,proposal,True,477.07,622,38,straight,200,
egocentric-8101:24,egocentric,proposal,True,456.14,622,38,straight,200,
egocentric-8101:25,egocentric,proposal,True,506.39,622,38,straight,200,
egocentric-8101:26,egocentric,proposal,True,357.38,623,38,straight,200,
egocentric-8101:27,egocentric,proposal,True,281.97,631,38,right,200,
egocentric-8101:28,egocentric,proposal,True,430.76,629,38,straight,200,
egocentric-8101:29,egocentric,proposal,True,335.24,629,38,straight,200,
egocentric-8101:30,egocentric,proposal,True,279.23,629,38,straight,200,
egocentric-8101:31,egocentric,proposal,True,541.69,629,38,straight,200,
egocentric-8101:32,egocentric,proposal,True,404.69,629,38,straight,200,
egocentric-8101:33,egocentric,proposal,True,472.28,629,38,straight,200,
egocentric-8101:34,egocentric,proposal,True,390.94,629,38,straight,200,
egocentric-8101:35,egocentric,proposal,True,526.91,629,38,straight,200,
egocentric-8101:36,egocentric,proposal,True,300.23,630,38,straight,200,
egocentric-8101:37,egocentric,proposal,True,478.8,640,38,right,200,
egocentric-8101:38,egocentric,proposal,True,525.01,636,38,straight,200,
egocentric-8101:39,egocentric,proposal,True,461.9,636,38,straight,200,
egocentric-8101:40,egocentric,proposal,True,356.52,636,38,straight,200,
egocentric-8101:41,egocentric,proposal,True,288.54,636,38,straight,200,
egocentric-8101:42,egocentric,proposal,True,366.83,636,38,straight,200,
egocentric-8101:43,egocentric,proposal,True,358.17,636,38,right,200,
egocentric-8101:44,egocentric,proposal,True,283.83,638,38,straight,200,
egocentric-8101:45,egocentric,proposal,True,291.37,636,38,straight,200,
egocentric-8101:46,egocentric,proposal,True,333.57,636,38,straight,200,
egocentric-8101:47,egocentric,proposal,True,364.0,637,38,left,200,
egocentric-8101:48,egocentric,proposal,True,302.87,642,38,straight,200,
egocentric-8101:49,egocentric,proposal,True,719.3,641,38,straight,200,
egocentric-8101:50,egocentric,proposal,True,525.85,641,38,right,200,
egocentric-8101:51,egocentric,proposal,True,646.47,638,38,straight,200,
egocentric-8101:52,egocentric,proposal,True,883.58,638,38,straight,200,
egocentric-8101:53,egocentric,proposal,True,377.2,638,38,straight,200,
egocentric-8101:54,egocentric,proposal,True,584.96,638,38,left,200,
egocentric-8101:55,egocentric,proposal,True,286.42,643,38,right,200,
egocentric-8101:56,egocentric,proposal,True,477.13,636,38,straight,200,
egocentric-8101:57,egocentric,proposal,True,514.0,637,38,straight,200,
egocentric-8101:58,egocentric,proposal,True,377.35,645,38,right,200,
egocentric-8101:59,egocentric,proposal,True,459.92,640,38,straight,200,
egocentric-8101:60,egocentric,proposal,True,373.84,643,38,straight,200,
egocentric-8101:61,egocentric,proposal,True,317.23,643,38,right,200,
egocentric-8101:62,egocentric,proposal,True,477.77,641,38,straight,200,
egocentric-8101:63,egocentric,proposal,True,496.48,641,38,straight,200,
egocentric-8101:64,egocentric,proposal,True,472.91,643,38,left,200,
egocentric-8101:65,egocentric,proposal,True,327.57,649,38,right,200,
egocentric-8101:66,egocentric,proposal,True,424.44,642,38,straight,200,
egocentric-8101:67,egocentric,proposal,True,308.53,642,38,straight,200,
egocentric-8101:68,egocentric,proposal,True,322.71,643,38,straight,200,
egocentric-8101:69,egocentric,proposal,True,325.35,643,38,straight,200,
egocentric-8101:70,egocentric,proposal,True,384.98,643,38,straight,200,
egocentric-8101:71,egocentric,proposal,True,335.55,643,38,straight,200,
egocentric-8101:72,egocentric,proposal,True,332.27,644,38,straight,200,
egocentric-8101:73,egocentric,proposal,True,356.88,652,38,left,200,
egocentric-8101:74,egocentric,proposal,True,319.0,659,38,straight,200,
egocentric-8101:75,egocentric,proposal,True,316.73,658,38,straight,200,
egocentric-8101:76,egocentric,proposal,True,399.77,657,38,left,200,
egocentric-8101:77,egocentric,proposal,True,328.73,653,38,straight,200,
egocentric-8101:78,egocentric,proposal,True,342.04,653,38,straight,200,
egocentric-8101:79,egocentric,proposal,True,380.08,654,38,straight,200,
egocentric-8101:80,egocentric,proposal,True,326.58,654,38,straight,200,
absolute-8102:1,absolute,proposal,True,444.85,567,38,straight,200,
absolute-8102:2,absolute,proposal,True,479.5,567,38,straight,200,
absolute-8102:3,absolute,proposal,True,280.66,567,38,straight,200,
absolute-8102:4,absolute,proposal,True,516.31,567,38,straight,200,
absolute-8102:5,absolute,proposal,True,464.34,567,38,straight,200,
absolute-8102:6,absolute,proposal,True,760.33,567,38,straight,200,
absolute-8102:7,absolute,proposal,True,369.88,567,38,left,200,
absolute-8102:8,absolute,proposal,True,449.74,567,38,straight,200,
absolute-8102:9,absolute,proposal,True,541.0,567,38,left,200,
absolute-8102:10,absolute,proposal,True,404.03,567,38,straight,200,
absolute-8102:11,absolute,proposal,True,400.9,568,38,straight,200,
absolute-8102:12,absolute,proposal,True,425.24,568,38,straight,200,
absolute-8102:13,absolute,proposal,True,332.93,568,38,straight,200,
absolute-8102:14,absolute,proposal,True,278.52,568,38,straight,200,
absolute-8102:15,absolute,proposal,True,301.89,568,38,straight,200,
absolute-8102:16,absolute,proposal,True,340.82,568,38,straight,200,
absolute-8102:17,absolute,proposal,True,294.59,568,38,straight,200,
absolute-8102:18,absolute,proposal,True,724.11,569,38,straight,200,
absolute-8102:19,absolute,proposal,True,294.65,572,38,straight,200,
absolute-8102:20,absolute,proposal,True,396.55,573,38,right,200,
absolute-8102:21,absolute,proposal,True,521.39,574,38,straight,200,
absolute-8102:22,absolute,proposal,True,421.75,581,38,straight,200,
absolute-8102:23,absolute,proposal,True,537.67,581,38,right,200,
absolute-8102:24,absolute,proposal,True,354.05,580,38,right,200,
absolute-8102:25,absolute,proposal,True,1055.04,580,38,straight,200,
absolute-8102:26,absolute,proposal,True,519.34,580,38,straight,200,
absolute-8102:27,absolute,proposal,True,348.73,580,38,straight,200,
absolute-8102:28,absolute,proposal,True,464.32,580,38,straight,200,
absolute-8102:29,absolute,proposal,True,470.22,580,38,straight,200,
absolute-8102:30,absolute,proposal,True,422.18,580,38,straight,200,
absolute-8102:31,absolute,proposal,True,395.63,580,38,straight,200,
absolute-8102:32,absolute,proposal,True,335.83,582,38,straight,200,
absolute-8102:33,absolute,proposal,True,403.9,585,38,straight,200,
absolute-8102:34,absolute,proposal,True,520.17,586,38,right,200,
absolute-8102:35,absolute,proposal,True,505.21,592,38,right,200,
absolute-8102:36,absolute,proposal,True,359.32,592,38,straight,200,
absolute-8102:37,absolute,proposal,True,288.29,590,38,straight,200,
absolute-8102:38,absolute,proposal,True,369.01,589,38,straight,200,
absolute-8102:39,absolute,proposal,True,262.24,588,38,straight,200,
absolute-8102:40,absolute,proposal,True,294.99,587,38,straight,200,
absolute-8102:41,absolute,proposal,True,321.46,586,38,straight,200,
absolute-8102:42,absolute,proposal,True,404.48,586,38,right,200,
absolute-8102:43,absolute,proposal,True,358.02,585,38,straight,200,
absolute-8102:44,absolute,proposal,True,324.17,582,38,straight,200,
absolute-8102:45,absolute,proposal,True,679.81,582,38,straight,200,
absolute-8102:46,absolute,proposal,True,527.3,581,38,straight,200,
absolute-8102:47,absolute,proposal,True,685.04,580,38,straight,200,
absolute-8102:48,absolute,proposal,True,841.14,579,38,straight,200,
absolute-8102:49,absolute,proposal,True,374.45,579,38,straight,200,
absolute-8102:50,absolute,proposal,True,583.27,579,38,straight,200,
absolute-8102:51,absolute,proposal,True,277.04,579,38,straight,200,
absolute-8102:52,absolute,proposal,True,462.87,579,38,straight,200,
absolute-8102:53,absolute,proposal,True,587.03,579,38,left,200,
absolute-8102:54,absolute,proposal,True,379.43,579,38,straight,200,
absolute-8102:55,absolute,proposal,True,473.85,579,38,straight,200,
absolute-8102:56,absolute,proposal,True,379.7,579,38,straight,200,
absolute-8102:57,absolute,proposal,True,290.52,579,38,left,200,
absolute-8102:58,absolute,proposal,True,437.3,579,38,straight,200,
absolute-8102:59,absolute,proposal,True,315.19,579,38,straight,200,
absolute-8102:60,absolute,proposal,True,317.11,585,38,straight,200,
absolute-8102:61,absolute,proposal,True,512.93,585,38,straight,200,
absolute-8102:62,absolute,proposal,True,340.43,585,38,straight,200,
absolute-8102:63,absolute,proposal,True,400.39,585,38,straight,200,
absolute-8102:64,absolute,proposal,True,315.25,585,38,straight,200,
absolute-8102:65,absolute,proposal,True,408.47,585,38,straight,200,
absolute-8102:66,absolute,proposal,True,321.28,586,38,straight,200,
absolute-8102:67,absolute,proposal,True,406.02,589,38,left,200,
absolute-8102:68,absolute,proposal,True,364.42,589,38,straight,200,
absolute-8102:69,absolute,proposal,True,280.09,590,38,straight,200,
absolute-8102:70,absolute,proposal,True,334.55,592,38,left,200,
absolute-8102:71,absolute,proposal,True,399.2,590,38,straight,200,
absolute-8102:72,absolute,proposal,True,312.42,590,38,straight,200,
absolute-8102:73,absolute,proposal,True,406.78,589,38,straight,200,
absolute-8102:74,absolute,proposal,True,413.72,588,38,straight,200,
absolute-8102:75,absolute,proposal,True,423.33,587,38,straight,200,
absolute-8102:76,absolute,proposal,True,325.85,586,38,straight,200,
absolute-8102:77,absolute,proposal,True,332.51,586,38,straight,200,
absolute-8102:78,absolute,proposal,True,381.13,586,38,straight,200,
absolute-8102:79,absolute,proposal,True,338.56,586,38,right,200,
absolute-8102:80,absolute,proposal,True,280.83,586,38,straight,200,
absolute-8102:81,absolute,proposal,True,459.51,586,38,straight,200,
absolute-8102:82,absolute,proposal,True,414.98,586,38,straight,200,
absolute-8102:83,absolute,proposal,True,694.69,586,38,straight,200,
absolute-8102:84,absolute,proposal,True,362.77,586,38,straight,200,
absolute-8102:85,absolute,proposal,True,400.14,587,38,straight,200,
absolute-8102:86,absolute,proposal,True,306.18,594,38,right,200,
absolute-8102:87,absolute,proposal,True,519.81,594,38,straight,200,
absolute-8102:88,absolute,proposal,True,377.69,595,38,straight,200,
absolute-8102:89,absolute,proposal,True,330.79,596,38,straight,200,
absolute-8102:90,absolute,proposal,True,385.86,597,38,straight,200,
absolute-8102:91,absolute,proposal,True,407.37,598,38,straight,200,
absolute-8102:92,absolute,proposal,True,319.63,599,38,straight,200,
absolute-8102:93,absolute,proposal,True,309.28,599,38,right,200,
absolute-8102:94,absolute,proposal,True,380.09,596,38,straight,200,
absolute-8102:95,absolute,proposal,True,293.45,595,38,straight,200,
absolute-8102:96,absolute,proposal,True,359.64,595,38,right,200,
absolute-8102:97,absolute,proposal,True,297.23,594,38,straight,200,
absolute-8102:98,absolute,proposal,True,311.26,593,38,straight,200,
absolute-8102:99,absolute,proposal,True,341.07,592,38,straight,200,
absolute-8102:100,absolute,proposal,True,373.47,591,38,left,200,
absolute-8102:101,absolute,proposal,True,380.62,596,38,left,200,
absolute-8102:102,absolute,proposal,True,348.9,596,38,straight,200,
absolute-8102:103,absolute,proposal,True,594.93,596,38,straight,200,
absolute-8102:104,absolute,proposal,True,298.52,596,38,straight,200,
absolute-8102:105,absolute,proposal,True,348.26,596,38,straight,200,
absolute-8102:106,absolute,proposal,True,305.55,597,38,left,200,
absolute-8102:107,absolute,proposal,True,457.78,597,38,left,200,
absolute-8102:108,absolute,proposal,True,486.66,596,38,straight,200,
absolute-8102:109,absolute,proposal,True,808.29,596,38,right,200,
absolute-8102:110,absolute,proposal,True,311.12,603,38,straight,200,
absolute-8102:111,absolute,proposal,True,433.87,604,38,straight,200,
absolute-8102:112,absolute,proposal,True,324.87,607,38,straight,200,
absolute-8102:113,absolute,proposal,True,403.82,608,38,left,200,
absolute-8102:114,absolute,proposal,True,372.85,609,38,straight,200,
absolute-8102:115,absolute,proposal,True,367.22,610,38,straight,200,
absolute-8102:116,absolute,proposal,True,397.17,611,38,straight,200,
absolute-8102:117,absolute,proposal,True,1142.7,612,38,straight,200,
absolute-8102:118,absolute,proposal,True,359.14,613,38,straight,200,
absolute-8102:119,absolute,proposal,True,322.8,614,38,straight,200,
absolute-8102:120,absolute,proposal,True,298.4,616,38,left,200,
absolute-8102:121,absolute,proposal,True,296.38,615,38,straight,200,
absolute-8102:122,absolute,proposal,True,368.59,612,38,straight,200,
absolute-8102:123,absolute,proposal,True,354.11,611,38,left,200,
absolute-8102:124,absolute,proposal,True,380.74,610,38,straight,200,
absolute-8102:125,absolute,proposal,True,335.25,609,38,straight,200,
absolute-8102:126,absolute,proposal,True,333.56,608,38,straight,200,
absolute-8102:127,absolute,proposal,True,360.07,607,38,straight,200,
absolute-8102:128,absolute,proposal,True,417.39,606,38,straight,200,
absolute-8102:129,absolute,proposal,True,396.49,605,38,straight,200,
absolute-8102:130,absolute,proposal,True,369.53,604,38,straight,200,
absolute-8102:131,absolute,proposal,True,279.88,604,38,straight,200,
absolute-8102:132,absolute,proposal,True,372.8,605,38,straight,200,
absolute-8102:133,absolute,proposal,True,400.37,608,38,straight,200,
absolute-8102:134,absolute,proposal,True,307.03,609,38,right,200,
absolute-8102:135,absolute,proposal,True,396.29,610,38,straight,200,
absolute-8102:136,absolute,proposal,True,357.16,611,38,straight,200,
absolute-8102:137,absolute,proposal,True,299.91,612,38,straight,200,
absolute-8102:138,absolute,proposal,True,325.38,613,38,straight,200,
absolute-8102:139,absolute,proposal,True,285.03,614,38,straight,200,
absolute-8102:140,absolute,proposal,True,419.71,619,38,right,200,
absolute-8102:141,absolute,proposal,True,301.77,619,38,straight,200,
absolute-8102:142,absolute,proposal,True,291.12,617,38,straight,200,
absolute-8102:143,absolute,proposal,True,410.8,616,38,straight,200,
absolute-8102:144,absolute,proposal,True,354.68,615,38,straight,200,
absolute-8102:145,absolute,proposal,True,264.34,614,38,straight,200,
absolute-8102:146,absolute,proposal,True,314.32,613,38,straight,200,
absolute-8102:147,absolute,proposal,True,380.16,612,38,straight,200,
absolute-8102:148,absolute,proposal,True,297.9,611,38,straight,200,
absolute-8102:149,absolute,proposal,True,270.63,610,38,right,200,
absolute-8102:150,absolute,proposal,True,298.33,610,38,straight,200,
absolute-8102:151,absolute,proposal,True,432.77,609,38,straight,200,
absolute-8102:152,absolute,proposal,True,288.7,609,38,straight,200,
absolute-8102:153,absolute,proposal,True,254.63,609,38,right,200,
absolute-8102:154,absolute,proposal,True,258.94,609,38,straight,200,
original-8101:1,original,proposal,True,435.05,587,38,straight,200,
original-8101:2,original,proposal,True,394.53,587,38,straight,200,
original-8101:3,original,proposal,True,360.31,587,38,straight,200,
original-8101:4,original,proposal,True,434.82,587,38,straight,200,
original-8101:5,original,proposal,True,404.64,587,38,straight,200,
original-8101:6,original,proposal,True,713.22,587,38,straight,200,
original-8101:7,original,proposal,True,322.47,587,38,right,200,
original-8101:8,original,proposal,True,472.45,587,38,straight,200,
original-8101:9,original,proposal,True,366.48,587,38,straight,200,
original-8101:10,original,proposal,True,351.62,588,38,right,200,
original-8101:11,original,proposal,True,460.29,590,38,straight,200,
original-8101:12,original,proposal,True,387.25,590,38,straight,200,
original-8101:13,original,proposal,True,395.88,590,38,straight,200,
original-8101:14,original,proposal,True,319.93,590,38,straight,200,
original-8101:15,original,proposal,True,257.83,590,38,straight,200,
original-8101:16,original,proposal,True,353.86,590,38,straight,200,
original-8101:17,original,proposal,True,313.75,590,38,left,200,
original-8101:18,original,proposal,True,309.23,593,38,straight,200,
original-8101:19,original,proposal,True,429.94,594,38,left,200,
original-8101:20,original,proposal,True,308.22,595,38,straight,200,
original-8101:21,original,proposal,True,457.33,595,38,straight,200,
original-8101:22,original,proposal,True,552.73,595,38,straight,200,
original-8101:23,original,proposal,True,497.72,595,38,straight,200,
original-8101:24,original,proposal,True,523.62,595,38,straight,200,
original-8101:25,original,proposal,True,651.09,595,38,left,200,
original-8101:26,original,proposal,True,394.32,594,38,straight,200,
original-8101:27,original,proposal,True,322.72,591,38,straight,200,
original-8101:28,original,proposal,True,407.85,590,38,straight,200,
original-8101:29,original,proposal,True,447.2,589,38,straight,200,
original-8101:30,original,proposal,True,393.69,589,38,straight,200,
original-8101:31,original,proposal,True,524.92,589,38,straight,200,
original-8101:32,original,proposal,True,300.01,589,38,straight,200,
original-8101:33,original,proposal,True,436.04,589,38,left,200,
original-8101:34,original,proposal,True,483.93,589,38,straight,200,
original-8101:35,original,proposal,True,350.19,589,38,straight,200,
original-8101:36,original,proposal,True,308.74,589,38,straight,200,
original-8101:37,original,proposal,True,495.66,589,38,straight,200,
original-8101:38,original,proposal,True,558.03,589,38,straight,200,
original-8101:39,original,proposal,True,394.92,594,38,straight,200,
original-8101:40,original,proposal,True,333.87,594,38,straight,200,
original-8101:41,original,proposal,True,372.16,595,38,straight,200,
original-8101:42,original,proposal,True,370.07,598,38,straight,200,
original-8101:43,original,proposal,True,323.33,599,38,left,200,
original-8101:44,original,proposal,True,368.0,600,38,left,200,
original-8101:45,original,proposal,True,343.67,600,38,straight,200,
original-8101:46,original,proposal,True,512.61,597,38,straight,200,
original-8101:47,original,proposal,True,528.45,596,38,straight,200,
original-8101:48,original,proposal,True,519.08,595,38,straight,200,
original-8101:49,original,proposal,True,692.58,595,38,straight,200,
original-8101:50,original,proposal,True,837.76,595,38,straight,200,
original-8101:51,original,proposal,True,377.88,595,38,straight,200,
original-8101:52,original,proposal,True,593.13,595,38,straight,200,
original-8101:53,original,proposal,True,513.39,595,38,straight,200,
original-8101:54,original,proposal,True,525.44,595,38,straight,200,
original-8101:55,original,proposal,True,455.38,595,38,right,200,
original-8101:56,original,proposal,True,302.42,595,38,straight,200,
original-8101:57,original,proposal,True,463.59,595,38,straight,200,
original-8101:58,original,proposal,True,417.35,595,38,straight,200,
original-8101:59,original,proposal,True,409.11,595,38,right,200,
original-8101:60,original,proposal,True,321.5,595,38,straight,200,
original-8101:61,original,proposal,True,415.55,595,38,straight,200,
original-8101:62,original,proposal,True,485.21,595,38,straight,200,
original-8101:63,original,proposal,True,367.24,595,38,straight,200,
original-8101:64,original,proposal,True,507.4,595,38,straight,200,
original-8101:65,original,proposal,True,320.08,595,38,straight,200,
original-8101:66,original,proposal,True,380.09,595,38,straight,200,
original-8101:67,original,proposal,True,394.16,595,38,straight,200,
original-8101:68,original,proposal,True,460.85,596,38,straight,200,
original-8101:69,original,proposal,True,332.95,599,38,straight,200,
original-8101:70,original,proposal,True,487.31,600,38,right,200,
original-8101:71,original,proposal,True,418.79,601,38,straight,200,
original-8101:72,original,proposal,True,331.36,602,38,straight,200,
original-8101:73,original,proposal,True,308.65,602,38,straight,200,
original-8101:74,original,proposal,True,404.93,602,38,straight,200,
original-8101:75,original,proposal,True,326.27,602,38,straight,200,
original-8101:76,original,proposal,True,353.05,602,38,straight,200,
original-8101:77,original,proposal,True,369.49,602,38,right,200,
original-8101:78,original,proposal,True,326.81,601,38,straight,200,
original-8101:79,original,proposal,True,339.4,598,38,straight,200,
original-8101:80,original,proposal,True,381.02,597,38,straight,200,
original-8101:81,original,proposal,True,485.7,596,38,straight,200,
original-8101:82,original,proposal,True,364.6,595,38,straight,200,
original-8101:83,original,proposal,True,302.65,595,38,straight,200,
original-8101:84,original,proposal,True,406.6,595,38,straight,200,
original-8101:85,original,proposal,True,338.72,600,38,right,200,
original-8101:86,original,proposal,True,268.0,600,38,straight,200,
original-8101:87,original,proposal,True,378.4,600,38,straight,200,
original-8101:88,original,proposal,True,322.42,600,38,straight,200,
original-8101:89,original,proposal,True,329.0,600,38,straight,200,
original-8101:90,original,proposal,True,308.72,608,38,straight,200,
original-8101:91,original,proposal,True,328.61,608,38,straight,200,
original-8101:92,original,proposal,True,359.65,608,38,straight,200,
original-8101:93,original,proposal,True,327.92,609,38,straight,200,
original-8101:94,original,proposal,True,296.35,612,38,right,200,
original-8101:95,original,proposal,True,467.13,612,38,straight,200,
original-8101:96,original,proposal,True,298.61,613,38,straight,200,
original-8101:97,original,proposal,True,284.92,614,38,straight,200,
original-8101:98,original,proposal,True,398.62,615,38,straight,200,
original-8101:99,original,proposal,True,341.44,616,38,straight,200,
original-8101:100,original,proposal,True,277.2,618,38,straight,200,
original-8101:101,original,proposal,True,283.15,627,38,left,200,
original-8101:102,original,proposal,True,310.38,628,38,left,200,
original-8101:103,original,proposal,True,315.42,626,38,straight,200,
original-8101:104,original,proposal,True,381.64,626,38,straight,200,
original-8101:105,original,proposal,True,284.92,626,38,straight,200,
original-8101:106,original,proposal,True,434.57,626,38,straight,200,
original-8101:107,original,proposal,True,332.24,626,38,straight,200,
original-8101:108,original,proposal,True,277.99,625,38,straight,200,
original-8101:109,original,proposal,True,389.18,624,38,straight,200,
original-8101:110,original,proposal,True,373.62,624,38,straight,200,
original-8101:111,original,proposal,True,316.14,625,38,straight,200,
original-8101:112,original,proposal,True,455.64,625,38,left,200,
original-8101:113,original,proposal,True,413.5,624,38,left,200,
original-8101:114,original,proposal,True,390.93,624,38,straight,200,
original-8101:115,original,proposal,True,301.43,624,38,straight,200,
original-8101:116,original,proposal,True,466.77,624,38,straight,200,
original-8101:117,original,proposal,True,456.15,624,38,straight,200,
original-8101:118,original,proposal,True,342.47,624,38,right,200,
original-8101:119,original,proposal,True,311.52,621,38,straight,200,
original-8101:120,original,proposal,True,339.33,620,38,straight,200,
original-8101:121,original,proposal,True,311.02,619,38,straight,200,
original-8101:122,original,proposal,True,1210.09,618,38,straight,200,
original-8101:123,original,proposal,True,366.49,617,38,straight,200,
original-8101:124,original,proposal,True,345.97,616,38,straight,200,
original-8101:125,original,proposal,True,312.1,615,38,straight,200,
original-8101:126,original,proposal,True,313.61,615,38,straight,200,
original-8101:127,original,proposal,True,427.07,615,38,straight,200,
original-8101:128,original,proposal,True,375.6,615,38,right,200,
original-8101:129,original,proposal,True,396.03,615,38,straight,200,
original-8101:130,original,proposal,True,308.57,615,38,straight,200,
original-8101:131,original,proposal,True,448.46,615,38,straight,200,
original-8101:132,original,proposal,True,428.27,615,38,straight,200,
original-8101:133,original,proposal,True,389.94,615,38,right,200,
original-8101:134,original,proposal,True,524.08,615,38,straight,200,
original-8101:135,original,proposal,True,332.46,615,38,straight,200,
original-8101:136,original,proposal,True,447.98,615,38,right,200,
original-8101:137,original,proposal,True,509.31,615,38,straight,200,
original-8101:138,original,proposal,True,432.18,615,38,straight,200,
original-8101:139,original,proposal,True,280.14,615,38,straight,200,
original-8101:140,original,proposal,True,431.41,615,38,straight,200,
original-8101:141,original,proposal,True,368.09,615,38,straight,200,
original-8101:142,original,proposal,True,335.94,615,38,straight,200,
original-8101:143,original,proposal,True,295.82,615,38,straight,200,
original-8101:144,original,proposal,True,312.81,615,38,straight,200,
original-8101:145,original,proposal,True,297.09,616,38,straight,200,
original-8101:146,original,proposal,True,381.05,619,38,left,200,
original-8101:147,original,proposal,True,307.72,619,38,straight,200,
original-8101:148,original,proposal,True,322.36,620,38,straight,200,
original-8101:149,original,proposal,True,318.78,621,38,straight,200,
original-8101:150,original,proposal,True,257.3,622,38,straight,200,
absolute-8104:1,absolute,proposal,True,466.92,566,38,straight,200,
absolute-8104:2,absolute,proposal,True,449.96,566,38,left,200,
absolute-8104:3,absolute,proposal,True,300.59,566,38,straight,200,
absolute-8104:4,absolute,proposal,True,516.51,572,38,straight,200,
absolute-8104:5,absolute,proposal,True,428.36,572,38,straight,200,
absolute-8104:6,absolute,proposal,True,700.56,572,38,left,200,
absolute-8104:7,absolute,proposal,True,406.61,572,38,straight,200,
absolute-8104:8,absolute,proposal,True,480.22,579,38,straight,200,
absolute-8104:9,absolute,proposal,True,308.12,579,38,straight,200,
absolute-8104:10,absolute,proposal,True,316.96,580,38,straight,200,
absolute-8104:11,absolute,proposal,True,485.1,583,38,straight,200,
absolute-8104:12,absolute,proposal,True,406.05,584,38,left,200,
absolute-8104:13,absolute,proposal,True,466.39,585,38,straight,200,
absolute-8104:14,absolute,proposal,True,278.88,586,38,straight,200,
absolute-8104:15,absolute,proposal,True,351.35,587,38,straight,200,
absolute-8104:16,absolute,proposal,True,330.75,587,38,straight,200,
absolute-8104:17,absolute,proposal,True,319.61,587,38,straight,200,
absolute-8104:18,absolute,proposal,True,317.28,588,38,straight,200,
absolute-8104:19,absolute,proposal,True,1696.62,589,38,left,200,
absolute-8104:20,absolute,proposal,True,414.56,588,38,straight,200,
absolute-8104:21,absolute,proposal,True,380.65,585,38,straight,200,
absolute-8104:22,absolute,proposal,True,527.04,584,38,straight,200,
absolute-8104:23,absolute,proposal,True,517.41,583,38,straight,200,
absolute-8104:24,absolute,proposal,True,306.49,582,38,straight,200,
absolute-8104:25,absolute,proposal,True,419.87,581,38,straight,200,
absolute-8104:26,absolute,proposal,True,564.55,581,38,straight,200,
absolute-8104:27,absolute,proposal,True,402.47,581,38,straight,200,
absolute-8104:28,absolute,proposal,True,406.83,581,38,straight,200,
absolute-8104:29,absolute,proposal,True,312.07,581,38,straight,200,
absolute-8104:30,absolute,proposal,True,453.26,581,38,right,200,
absolute-8104:31,absolute,proposal,True,506.1,584,38,straight,200,
absolute-8104:32,absolute,proposal,True,436.01,589,38,right,200,
absolute-8104:33,absolute,proposal,True,410.3,590,38,straight,200,
absolute-8104:34,absolute,proposal,True,380.8,591,38,straight,200,
absolute-8104:35,absolute,proposal,True,401.16,592,38,straight,200,
absolute-8104:36,absolute,proposal,True,399.49,593,38,straight,200,
absolute-8104:37,absolute,proposal,True,276.66,593,38,right,200,
absolute-8104:38,absolute,proposal,True,270.92,592,38,straight,200,
absolute-8104:39,absolute,proposal,True,262.61,589,38,straight,200,
absolute-8104:40,absolute,proposal,True,334.36,588,38,straight,200,
absolute-8104:41,absolute,proposal,True,286.24,587,38,straight,200,
absolute-8104:42,absolute,proposal,True,351.87,587,38,straight,200,
absolute-8104:43,absolute,proposal,True,349.02,586,38,straight,200,
absolute-8104:44,absolute,proposal,True,390.2,585,38,straight,200,
absolute-8104:45,absolute,proposal,True,662.3,585,38,straight,200,
absolute-8104:46,absolute,proposal,True,522.57,585,38,straight,200,
absolute-8104:47,absolute,proposal,True,650.58,585,38,straight,200,
absolute-8104:48,absolute,proposal,True,880.43,585,38,left,200,
absolute-8104:49,absolute,proposal,True,373.84,585,38,straight,200,
absolute-8104:50,absolute,proposal,True,589.65,585,38,straight,200,
absolute-8104:51,absolute,proposal,True,307.77,585,38,straight,200,
absolute-8104:52,absolute,proposal,True,732.66,586,38,straight,200,
absolute-8104:53,absolute,proposal,True,312.96,589,38,left,200,
absolute-8104:54,absolute,proposal,True,414.53,589,38,straight,200,
absolute-8104:55,absolute,proposal,True,453.89,590,38,straight,200,
absolute-8104:56,absolute,proposal,True,323.23,591,38,straight,200,
absolute-8104:57,absolute,proposal,True,296.54,592,38,straight,200,
absolute-8104:58,absolute,proposal,True,416.72,593,38,left,200,
absolute-8104:59,absolute,proposal,True,332.92,590,38,straight,200,
absolute-8104:60,absolute,proposal,True,316.05,589,38,straight,200,
absolute-8104:61,absolute,proposal,True,430.43,588,38,straight,200,
absolute-8104:62,absolute,proposal,True,408.45,587,38,straight,200,
absolute-8104:63,absolute,proposal,True,416.04,586,38,straight,200,
absolute-8104:64,absolute,proposal,True,404.8,585,38,straight,200,
absolute-8104:65,absolute,proposal,True,395.73,585,38,straight,200,
absolute-8104:66,absolute,proposal,True,266.06,585,38,straight,200,
absolute-8104:67,absolute,proposal,True,300.38,585,38,right,200,
absolute-8104:68,absolute,proposal,True,399.82,585,38,straight,200,
absolute-8104:69,absolute,proposal,True,324.79,585,38,straight,200,
absolute-8104:70,absolute,proposal,True,327.17,585,38,straight,200,
absolute-8104:71,absolute,proposal,True,396.34,586,38,straight,200,
absolute-8104:72,absolute,proposal,True,369.54,589,38,right,200,
absolute-8104:73,absolute,proposal,True,477.21,589,38,straight,200,
absolute-8104:74,absolute,proposal,True,438.95,590,38,straight,200,
absolute-8104:75,absolute,proposal,True,481.98,591,38,straight,200,
absolute-8104:76,absolute,proposal,True,382.36,592,38,straight,200,
absolute-8104:77,absolute,proposal,True,391.88,593,38,straight,200,
absolute-8104:78,absolute,proposal,True,399.12,593,38,straight,200,
absolute-8104:79,absolute,proposal,True,524.65,593,38,straight,200,
absolute-8104:80,absolute,proposal,True,279.75,594,38,right,200,
absolute-8104:81,absolute,proposal,True,388.66,591,38,straight,200,
absolute-8104:82,absolute,proposal,True,516.83,597,38,right,200,
absolute-8104:83,absolute,proposal,True,387.11,595,38,straight,200,
absolute-8104:84,absolute,proposal,True,307.34,594,38,straight,200,
absolute-8104:85,absolute,proposal,True,427.43,593,38,straight,200,
absolute-8104:86,absolute,proposal,True,311.71,592,38,straight,200,
absolute-8104:87,absolute,proposal,True,356.65,591,38,straight,200,
absolute-8104:88,absolute,proposal,True,287.48,591,38,straight,200,
absolute-8104:89,absolute,proposal,True,303.42,591,38,straight,200,
absolute-8104:90,absolute,proposal,True,319.64,591,38,right,200,
absolute-8104:91,absolute,proposal,True,303.78,592,38,straight,200,
absolute-8104:92,absolute,proposal,True,306.9,596,38,straight,200,
absolute-8104:93,absolute,proposal,True,347.33,597,38,right,200,
absolute-8104:94,absolute,proposal,True,290.8,598,38,straight,200,
absolute-8104:95,absolute,proposal,True,314.99,599,38,straight,200,
absolute-8104:96,absolute,proposal,True,380.08,600,38,straight,200,
absolute-8104:97,absolute,proposal,True,265.78,601,38,straight,200,
absolute-8104:98,absolute,proposal,True,306.25,602,38,straight,200,
absolute-8104:99,absolute,proposal,True,356.71,602,38,straight,200,
absolute-8104:100,absolute,proposal,True,368.5,607,38,right,200,
absolute-8104:101,absolute,proposal,True,456.12,606,38,straight,200,
absolute-8104:102,absolute,proposal,True,345.82,603,38,straight,200,
absolute-8104:103,absolute,proposal,True,365.73,602,38,right,200,
absolute-8104:104,absolute,proposal,True,381.75,601,38,straight,200,
absolute-8104:105,absolute,proposal,True,393.05,600,38,straight,200,
absolute-8104:106,absolute,proposal,True,354.09,599,38,straight,200,
absolute-8104:107,absolute,proposal,True,326.05,598,38,straight,200,
absolute-8104:108,absolute,proposal,True,438.94,597,38,straight,200,
absolute-8104:109,absolute,proposal,True,483.86,596,38,straight,200,
absolute-8104:110,absolute,proposal,True,371.53,597,38,straight,200,
absolute-8104:111,absolute,proposal,True,478.02,597,38,left,200,
absolute-8104:112,absolute,proposal,True,302.84,597,38,left,200,
absolute-8104:113,absolute,proposal,True,465.36,597,38,straight,200,
absolute-8104:114,absolute,proposal,True,442.49,597,38,straight,200,
absolute-8104:115,absolute,proposal,True,379.91,597,38,straight,200,
absolute-8104:116,absolute,proposal,True,324.09,597,38,straight,200,
absolute-8104:117,absolute,proposal,True,353.0,597,38,straight,200,
absolute-8104:118,absolute,proposal,True,267.69,597,38,right,200,
absolute-8104:119,absolute,proposal,True,367.21,602,38,straight,200,
absolute-8104:120,absolute,proposal,True,870.63,602,38,straight,200,
absolute-8104:121,absolute,proposal,True,324.37,602,38,straight,200,
absolute-8104:122,absolute,proposal,True,285.33,602,38,straight,200,
absolute-8104:123,absolute,proposal,True,380.15,602,38,straight,200,
absolute-8104:124,absolute,proposal,True,273.04,602,38,straight,200,
absolute-8104:125,absolute,proposal,True,363.34,602,38,right,200,
absolute-8104:126,absolute,proposal,True,398.46,602,38,straight,200,
absolute-8104:127,absolute,proposal,True,316.62,602,38,straight,200,
absolute-8104:128,absolute,proposal,True,375.8,602,38,straight,200,
absolute-8104:129,absolute,proposal,True,361.29,603,38,straight,200,
absolute-8104:130,absolute,proposal,True,395.85,610,38,straight,200,
absolute-8104:131,absolute,proposal,True,353.12,610,38,right,200,
absolute-8104:132,absolute,proposal,True,354.1,610,38,straight,200,
absolute-8104:133,absolute,proposal,True,489.55,610,38,straight,200,
absolute-8104:134,absolute,proposal,True,367.41,610,38,straight,200,
absolute-8104:135,absolute,proposal,True,525.01,610,38,straight,200,
absolute-8104:136,absolute,proposal,True,289.15,610,38,straight,200,
absolute-8104:137,absolute,proposal,True,384.31,610,38,straight,200,
absolute-8104:138,absolute,proposal,True,393.78,610,38,straight,200,
absolute-8104:139,absolute,proposal,True,325.95,610,38,straight,200,
absolute-8104:140,absolute,proposal,True,362.14,612,38,straight,200,
absolute-8104:141,absolute,proposal,True,334.22,615,38,right,200,
absolute-8104:142,absolute,proposal,True,298.54,615,38,straight,200,
absolute-8104:143,absolute,proposal,True,305.26,616,38,straight,200,
absolute-8104:144,absolute,proposal,True,342.23,617,38,straight,200,
absolute-8104:145,absolute,proposal,True,442.61,618,38,straight,200,
absolute-8104:146,absolute,proposal,True,308.52,619,38,straight,200,
absolute-8104:147,absolute,proposal,True,320.94,620,38,straight,200,
absolute-8104:148,absolute,proposal,True,439.59,621,38,straight,200,
absolute-8104:149,absolute,proposal,True,383.13,622,38,straight,200,
absolute-8104:150,absolute,proposal,True,313.69,624,38,straight,200,
absolute-8104:151,absolute,proposal,True,297.26,627,38,left,200,
absolute-8104:152,absolute,proposal,True,361.35,628,38,right,200,
narrative-8102:1,narrative,proposal,True,311.36,539,38,straight,200,
narrative-8102:2,narrative,proposal,True,468.4,539,38,straight,200,
narrative-8102:3,narrative,proposal,True,418.61,539,38,straight,200,
narrative-8102:4,narrative,proposal,True,539.46,539,38,straight,200,
narrative-8102:5,narrative,proposal,True,347.99,539,38,straight,200,
narrative-8102:6,narrative,proposal,True,521.65,539,38,straight,200,
narrative-8102:7,narrative,proposal,True,369.18,539,38,left,200,
narrative-8102:8,narrative,proposal,True,370.57,539,38,straight,200,
narrative-8102:9,narrative,proposal,True,345.66,539,38,straight,200,
narrative-8102:10,narrative,proposal,True,593.63,539,38,straight,200,
narrative-8102:11,narrative,proposal,True,325.4,540,38,left,200,
narrative-8102:12,narrative,proposal,True,373.68,540,38,straight,200,
narrative-8102:13,narrative,proposal,True,285.35,540,38,straight,200,
narrative-8102:14,narrative,proposal,True,337.55,540,38,straight,200,
narrative-8102:15,narrative,proposal,True,357.0,540,38,straight,200,
narrative-8102:16,narrative,proposal,True,349.62,540,38,straight,200,
narrative-8102:17,narrative,proposal,True,269.22,540,38,straight,200,
narrative-8102:18,narrative,proposal,True,393.43,540,38,straight,200,
narrative-8102:19,narrative,proposal,True,366.27,540,38,straight,200,
narrative-8102:20,narrative,proposal,True,361.04,541,38,straight,200,
narrative-8102:21,narrative,proposal,True,332.63,544,38,straight,200,
narrative-8102:22,narrative,proposal,True,331.78,550,38,left,200,
narrative-8102:23,narrative,proposal,True,390.77,551,38,straight,200,
narrative-8102:24,narrative,proposal,True,348.87,552,38,straight,200,
narrative-8102:25,narrative,proposal,True,359.21,552,38,straight,200,
narrative-8102:26,narrative,proposal,True,345.6,552,38,straight,200,
narrative-8102:27,narrative,proposal,True,340.64,552,38,straight,200,
narrative-8102:28,narrative,proposal,True,311.08,552,38,straight,200,
narrative-8102:29,narrative,proposal,True,285.18,553,38,straight,200,
narrative-8102:30,narrative,proposal,True,414.86,556,38,straight,200,
narrative-8102:31,narrative,proposal,True,633.02,561,38,left,200,
narrative-8102:32,narrative,proposal,True,439.02,561,38,straight,200,
narrative-8102:33,narrative,proposal,True,322.93,559,38,straight,200,
narrative-8102:34,narrative,proposal,True,276.09,559,38,left,200,
narrative-8102:35,narrative,proposal,True,511.88,557,38,straight,200,
narrative-8102:36,narrative,proposal,True,418.62,553,38,straight,200,
narrative-8102:37,narrative,proposal,True,394.73,551,38,straight,200,
narrative-8102:38,narrative,proposal,True,322.03,550,38,straight,200,
narrative-8102:39,narrative,proposal,True,578.53,549,38,straight,200,
narrative-8102:40,narrative,proposal,True,341.87,548,38,straight,200,
narrative-8102:41,narrative,proposal,True,306.08,549,38,straight,200,
narrative-8102:42,narrative,proposal,True,298.38,549,38,straight,200,
narrative-8102:43,narrative,proposal,True,361.74,549,38,straight,200,
narrative-8102:44,narrative,proposal,True,388.92,549,38,straight,200,
narrative-8102:45,narrative,proposal,True,332.82,549,38,right,200,
narrative-8102:46,narrative,proposal,True,307.26,549,38,straight,200,
narrative-8102:47,narrative,proposal,True,301.86,549,38,straight,200,
narrative-8102:48,narrative,proposal,True,303.97,549,38,straight,200,
narrative-8102:49,narrative,proposal,True,313.63,549,38,straight,200,
narrative-8102:50,narrative,proposal,True,318.03,553,38,right,200,
narrative-8102:51,narrative,proposal,True,321.24,553,38,straight,200,
narrative-8102:52,narrative,proposal,True,387.69,553,38,straight,200,
narrative-8102:53,narrative,proposal,True,334.51,553,38,straight,200,
narrative-8102:54,narrative,proposal,True,308.58,553,38,straight,200,
narrative-8102:55,narrative,proposal,True,411.31,553,38,left,200,
narrative-8102:56,narrative,proposal,True,359.64,553,38,straight,200,
narrative-8102:57,narrative,proposal,True,678.59,553,38,right,200,
narrative-8102:58,narrative,proposal,True,290.1,558,38,right,200,
narrative-8102:59,narrative,proposal,True,405.53,558,38,straight,200,
narrative-8102:60,narrative,proposal,True,474.61,558,38,straight,200,
narrative-8102:61,narrative,proposal,True,448.97,564,38,straight,200,
narrative-8102:62,narrative,proposal,True,346.72,564,38,straight,200,
narrative-8102:63,narrative,proposal,True,392.99,564,38,straight,200,
narrative-8102:64,narrative,proposal,True,341.55,564,38,straight,200,
narrative-8102:65,narrative,proposal,True,299.53,564,38,straight,200,
narrative-8102:66,narrative,proposal,True,331.8,565,38,straight,200,
narrative-8102:67,narrative,proposal,True,330.96,568,38,straight,200,
narrative-8102:68,narrative,proposal,True,307.48,569,38,left,200,
narrative-8102:69,narrative,proposal,True,537.99,570,38,straight,200,
narrative-8102:70,narrative,proposal,True,346.61,571,38,straight,200,
narrative-8102:71,narrative,proposal,True,304.33,574,38,straight,200,
narrative-8102:72,narrative,proposal,True,354.79,578,38,left,200,
narrative-8102:73,narrative,proposal,True,283.94,578,38,straight,200,
narrative-8102:74,narrative,proposal,True,295.76,577,38,straight,200,
narrative-8102:75,narrative,proposal,True,309.41,577,38,right,200,
narrative-8102:76,narrative,proposal,True,328.3,578,38,left,200,
narrative-8102:77,narrative,proposal,True,356.21,583,38,left,200,
narrative-8102:78,narrative,proposal,True,302.91,582,38,straight,200,
narrative-8102:79,narrative,proposal,True,285.5,579,38,left,200,
narrative-8102:80,narrative,proposal,True,307.92,579,38,straight,200,
narrative-8102:81,narrative,proposal,True,305.76,578,38,straight,200,
narrative-8102:82,narrative,proposal,True,274.25,585,38,straight,200,
narrative-8102:83,narrative,proposal,True,339.16,584,38,left,200,
narrative-8102:84,narrative,proposal,True,284.11,587,38,left,200,
narrative-8102:85,narrative,proposal,True,264.66,586,38,straight,200,
narrative-8102:86,narrative,proposal,True,267.47,584,38,straight,200,
narrative-8102:87,narrative,proposal,True,338.58,584,38,straight,200,
narrative-8102:88,narrative,proposal,True,299.45,584,38,straight,200,
narrative-8102:89,narrative,proposal,True,328.97,585,38,straight,200,
narrative-8102:90,narrative,proposal,True,314.25,586,38,left,200,
narrative-8102:91,narrative,proposal,True,269.59,584,38,straight,200,
narrative-8102:92,narrative,proposal,True,297.26,584,38,straight,200,
narrative-8102:93,narrative,proposal,True,272.47,583,38,straight,200,
narrative-8102:94,narrative,proposal,True,337.62,581,38,right,200,
egocentric-8104:1,egocentric,proposal,True,363.62,601,38,left,200,
egocentric-8104:2,egocentric,proposal,True,358.94,601,38,right,200,
egocentric-8104:3,egocentric,proposal,True,288.91,601,38,left,200,
egocentric-8104:4,egocentric,proposal,True,299.21,610,38,left,200,
egocentric-8104:5,egocentric,proposal,True,287.7,608,38,straight,200,
egocentric-8104:6,egocentric,proposal,True,293.87,608,38,right,200,
egocentric-8104:7,egocentric,proposal,True,319.61,607,38,straight,200,
egocentric-8104:8,egocentric,proposal,True,253.04,615,38,straight,200,
egocentric-8104:9,egocentric,proposal,True,490.79,617,38,straight,200,
egocentric-8104:10,egocentric,proposal,True,304.51,617,38,right,200,
egocentric-8104:11,egocentric,proposal,True,282.1,615,38,straight,200,
egocentric-8104:12,egocentric,proposal,True,309.99,615,38,straight,200,
egocentric-8104:13,egocentric,proposal,True,340.9,615,38,straight,200,
egocentric-8104:14,egocentric,proposal,True,388.82,615,38,right,200,
egocentric-8104:15,egocentric,proposal,True,260.42,617,38,straight,200,
egocentric-8104:16,egocentric,proposal,True,367.9,615,38,straight,200,
egocentric-8104:17,egocentric,proposal,True,332.24,615,38,straight,200,
egocentric-8104:18,egocentric,proposal,True,340.83,616,38,left,200,
egocentric-8104:19,egocentric,proposal,True,285.62,618,38,straight,200,
egocentric-8104:20,egocentric,proposal,True,283.35,618,38,right,200,
egocentric-8104:21,egocentric,proposal,True,320.47,617,38,straight,200,
egocentric-8104:22,egocentric,proposal,True,276.03,617,38,straight,200,
egocentric-8104:23,egocentric,proposal,True,293.06,617,38,straight,200,
egocentric-8104:24,egocentric,proposal,True,343.79,617,38,left,200,
egocentric-8104:25,egocentric,proposal,True,351.95,619,38,right,200,
egocentric-8104:26,egocentric,proposal,True,325.4,615,38,straight,200,
egocentric-8104:27,egocentric,proposal,True,360.71,616,38,straight,200,
egocentric-8104:28,egocentric,proposal,True,313.08,623,38,right,200,
egocentric-8104:29,egocentric,proposal,True,264.01,621,38,straight,200,
egocentric-8104:30,egocentric,proposal,True,395.36,621,38,straight,200,
egocentric-8104:31,egocentric,proposal,True,415.19,621,38,straight,200,
egocentric-8104:32,egocentric,proposal,True,349.58,621,38,straight,200,
egocentric-8104:33,egocentric,proposal,True,488.4,621,38,straight,200,
egocentric-8104:34,egocentric,proposal,True,291.22,621,38,right,200,
egocentric-8104:35,egocentric,proposal,True,398.81,623,38,left,200,
egocentric-8104:36,egocentric,proposal,True,305.24,626,38,straight,200,
egocentric-8104:37,egocentric,proposal,True,365.71,625,38,right,200,
egocentric-8104:38,egocentric,proposal,True,379.91,623,38,left,200,
egocentric-8104:39,egocentric,proposal,True,313.13,626,38,right,200,
egocentric-8104:40,egocentric,proposal,True,542.45,628,38,straight,200,
egocentric-8104:41,egocentric,proposal,True,501.6,628,38,straight,200,
egocentric-8104:42,egocentric,proposal,True,535.36,628,38,straight,200,
egocentric-8104:43,egocentric,proposal,True,491.77,628,38,straight,200,
egocentric-8104:44,egocentric,proposal,True,421.24,628,38,straight,200,
egocentric-8104:45,egocentric,proposal,True,352.78,628,38,straight,200,
egocentric-8104:46,egocentric,proposal,True,504.05,628,38,straight,200,
egocentric-8104:47,egocentric,proposal,True,295.5,629,38,straight,200,
egocentric-8104:48,egocentric,proposal,True,863.46,637,38,right,200,
egocentric-8104:49,egocentric,proposal,True,409.35,635,38,right,200,
egocentric-8104:50,egocentric,proposal,True,436.04,632,38,left,200,
egocentric-8104:51,egocentric,proposal,True,307.33,638,38,straight,200,
egocentric-8104:52,egocentric,proposal,True,339.45,645,38,straight,200,
egocentric-8104:53,egocentric,proposal,True,270.68,645,38,straight,200,
egocentric-8104:54,egocentric,proposal,True,343.6,645,38,straight,200,
egocentric-8104:55,egocentric,proposal,True,398.63,645,38,straight,200,
egocentric-8104:56,egocentric,proposal,True,319.56,645,38,straight,200,
egocentric-8104:57,egocentric,proposal,True,260.14,645,38,straight,200,
egocentric-8104:58,egocentric,proposal,True,309.44,644,38,right,200,
egocentric-8104:59,egocentric,proposal,True,296.36,642,38,straight,200,
egocentric-8104:60,egocentric,proposal,True,265.12,642,38,straight,200,
egocentric-8104:61,egocentric,proposal,True,403.47,642,38,straight,200,
egocentric-8104:62,egocentric,proposal,True,270.67,643,38,straight,200,
egocentric-8104:63,egocentric,proposal,True,303.42,643,38,straight,200,
egocentric-8104:64,egocentric,proposal,True,310.53,643,38,straight,200,
egocentric-8104:65,egocentric,proposal,True,274.62,643,38,straight,200,
egocentric-8104:66,egocentric,proposal,True,264.9,643,38,straight,200,
egocentric-8104:67,egocentric,proposal,True,360.95,651,38,straight,200,
egocentric-8104:68,egocentric,proposal,True,291.86,651,38,right,200,
egocentric-8104:69,egocentric,proposal,True,262.74,651,38,straight,200,
egocentric-8104:70,egocentric,proposal,True,276.91,649,38,straight,200,
egocentric-8104:71,egocentric,proposal,True,261.92,649,38,straight,200,
egocentric-8104:72,egocentric,proposal,True,262.81,649,38,straight,200,
egocentric-8104:73,egocentric,proposal,True,356.24,649,38,straight,200,
egocentric-8104:74,egocentric,proposal,True,307.47,649,38,straight,200,
egocentric-8104:75,egocentric,proposal,True,263.82,649,38,straight,200,
egocentric-8104:76,egocentric,proposal,True,321.53,649,38,straight,200,
egocentric-8104:77,egocentric,proposal,True,308.43,650,38,straight,200,
egocentric-8104:78,egocentric,proposal,True,331.74,651,38,straight,200,
absolute-8103:1,absolute,proposal,True,372.59,567,38,straight,200,
absolute-8103:2,absolute,proposal,True,268.26,567,38,straight,200,
absolute-8103:3,absolute,proposal,True,328.08,567,38,right,200,
absolute-8103:4,absolute,proposal,True,593.25,567,38,straight,200,
absolute-8103:5,absolute,proposal,True,303.44,567,38,right,200,
absolute-8103:6,absolute,proposal,True,292.48,567,38,straight,200,
absolute-8103:7,absolute,proposal,True,313.48,567,38,straight,200,
absolute-8103:8,absolute,proposal,True,356.79,567,38,straight,200,
absolute-8103:9,absolute,proposal,True,306.45,567,38,straight,200,
absolute-8103:10,absolute,proposal,True,292.28,568,38,straight,200,
absolute-8103:11,absolute,proposal,True,274.73,572,38,right,200,
absolute-8103:12,absolute,proposal,True,343.2,577,38,straight,200,
absolute-8103:13,absolute,proposal,True,265.5,578,38,straight,200,
absolute-8103:14,absolute,proposal,True,357.81,586,38,left,200,
absolute-8103:15,absolute,proposal,True,289.15,588,38,left,200,
absolute-8103:16,absolute,proposal,True,357.43,588,38,straight,200,
absolute-8103:17,absolute,proposal,True,297.05,588,38,straight,200,
absolute-8103:18,absolute,proposal,True,268.39,588,38,straight,200,
absolute-8103:19,absolute,proposal,True,258.56,589,38,straight,200,
absolute-8103:20,absolute,proposal,True,310.44,592,38,straight,200,
absolute-8103:21,absolute,proposal,True,375.38,599,38,left,200,
absolute-8103:22,absolute,proposal,True,259.01,599,38,straight,200,
absolute-8103:23,absolute,proposal,True,394.77,597,38,straight,200,
absolute-8103:24,absolute,proposal,True,387.14,597,38,straight,200,
absolute-8103:25,absolute,proposal,True,363.99,597,38,straight,200,
absolute-8103:26,absolute,proposal,True,303.68,596,38,straight,200,
absolute-8103:27,absolute,proposal,True,401.68,595,38,straight,200,
absolute-8103:28,absolute,proposal,True,341.39,594,38,straight,200,
absolute-8103:29,absolute,proposal,True,282.45,594,38,straight,200,
absolute-8103:30,absolute,proposal,True,399.2,594,38,straight,200,
absolute-8103:31,absolute,proposal,True,376.96,595,38,straight,200,
absolute-8103:32,absolute,proposal,True,327.45,595,38,left,200,
absolute-8103:33,absolute,proposal,True,369.49,594,38,straight,200,
absolute-8103:34,absolute,proposal,True,347.66,591,38,straight,200,
absolute-8103:35,absolute,proposal,True,273.09,590,38,straight,200,
absolute-8103:36,absolute,proposal,True,534.32,589,38,straight,200,
absolute-8103:37,absolute,proposal,True,511.95,588,38,straight,200,
absolute-8103:38,absolute,proposal,True,562.38,587,38,straight,200,
absolute-8103:39,absolute,proposal,True,464.45,586,38,left,200,
absolute-8103:40,absolute,proposal,True,450.71,586,38,straight,200,
absolute-8103:41,absolute,proposal,True,331.41,586,38,straight,200,
absolute-8103:42,absolute,proposal,True,490.86,586,38,straight,200,
absolute-8103:43,absolute,proposal,True,321.76,586,38,straight,200,
absolute-8103:44,absolute,proposal,True,401.89,586,38,straight,200,
absolute-8103:45,absolute,proposal,True,373.08,586,38,straight,200,
absolute-8103:46,absolute,proposal,True,822.0,586,38,straight,200,
absolute-8103:47,absolute,proposal,True,304.63,586,38,straight,200,
absolute-8103:48,absolute,proposal,True,396.02,587,38,straight,200,
absolute-8103:49,absolute,proposal,True,353.99,594,38,straight,200,
absolute-8103:50,absolute,proposal,True,295.82,595,38,right,200,
absolute-8103:51,absolute,proposal,True,315.6,596,38,right,200,
absolute-8103:52,absolute,proposal,True,351.32,596,38,straight,200,
absolute-8103:53,absolute,proposal,True,338.38,594,38,straight,200,
absolute-8103:54,absolute,proposal,True,286.0,594,38,straight,200,
absolute-8103:55,absolute,proposal,True,312.6,594,38,straight,200,
absolute-8103:56,absolute,proposal,True,335.38,593,38,straight,200,
absolute-8103:57,absolute,proposal,True,355.94,592,38,straight,200,
absolute-8103:58,absolute,proposal,True,312.86,591,38,straight,200,
absolute-8103:59,absolute,proposal,True,321.02,591,38,straight,200,
absolute-8103:60,absolute,proposal,True,340.56,591,38,straight,200,
absolute-8103:61,absolute,proposal,True,304.72,591,38,straight,200,
absolute-8103:62,absolute,proposal,True,304.29,591,38,right,200,
absolute-8103:63,absolute,proposal,True,344.23,591,38,right,200,
absolute-8103:64,absolute,proposal,True,279.95,591,38,straight,200,
absolute-8103:65,absolute,proposal,True,258.56,591,38,straight,200,
absolute-8103:66,absolute,proposal,True,284.09,591,38,straight,200,
absolute-8103:67,absolute,proposal,True,351.9,591,38,straight,200,
absolute-8103:68,absolute,proposal,True,304.34,591,38,straight,200,
absolute-8103:69,absolute,proposal,True,310.01,591,38,straight,200,
absolute-8103:70,absolute,proposal,True,291.74,591,38,straight,200,
absolute-8103:71,absolute,proposal,True,319.1,591,38,straight,200,
absolute-8103:72,absolute,proposal,True,347.73,592,38,straight,200,
absolute-8103:73,absolute,proposal,True,320.82,595,38,straight,200,
absolute-8103:74,absolute,proposal,True,318.91,596,38,right,200,
absolute-8103:75,absolute,proposal,True,314.36,597,38,right,200,
absolute-8103:76,absolute,proposal,True,314.48,597,38,straight,200,
absolute-8103:77,absolute,proposal,True,395.0,595,38,straight,200,
absolute-8103:78,absolute,proposal,True,664.17,595,38,straight,200,
absolute-8103:79,absolute,proposal,True,309.25,595,38,straight,200,
absolute-8103:80,absolute,proposal,True,289.09,594,38,straight,200,
absolute-8103:81,absolute,proposal,True,310.7,593,38,straight,200,
absolute-8103:82,absolute,proposal,True,297.66,592,38,straight,200,
absolute-8103:83,absolute,proposal,True,308.56,591,38,straight,200,
absolute-8103:84,absolute,proposal,True,309.48,591,38,straight,200,
absolute-8103:85,absolute,proposal,True,299.62,591,38,straight,200,
absolute-8103:86,absolute,proposal,True,319.64,591,38,right,200,
absolute-8103:87,absolute,proposal,True,275.8,591,38,right,200,
absolute-8103:88,absolute,proposal,True,302.09,591,38,straight,200,
absolute-8103:89,absolute,proposal,True,343.81,591,38,straight,200,
absolute-8103:90,absolute,proposal,True,297.95,591,38,straight,200,
absolute-8103:91,absolute,proposal,True,297.04,591,38,straight,200,
absolute-8103:92,absolute,proposal,True,305.47,591,38,straight,200,
absolute-8103:93,absolute,proposal,True,345.45,591,38,straight,200,
absolute-8103:94,absolute,proposal,True,338.21,591,38,straight,200,
absolute-8103:95,absolute,proposal,True,575.59,591,38,straight,200,
absolute-8103:96,absolute,proposal,True,461.83,592,38,straight,200,
absolute-8103:97,absolute,proposal,True,395.49,595,38,straight,200,
absolute-8103:98,absolute,proposal,True,372.42,596,38,right,200,
narrative-8104:1,narrative,proposal,True,291.62,538,38,left,200,
narrative-8104:2,narrative,proposal,True,368.02,538,38,straight,200,
narrative-8104:3,narrative,proposal,True,278.49,538,38,right,200,
narrative-8104:4,narrative,proposal,True,282.81,543,38,straight,200,
narrative-8104:5,narrative,proposal,True,340.91,543,38,straight,200,
narrative-8104:6,narrative,proposal,True,277.76,543,38,straight,200,
narrative-8104:7,narrative,proposal,True,259.29,543,38,left,200,
narrative-8104:8,narrative,proposal,True,549.85,543,38,straight,200,
narrative-8104:9,narrative,proposal,True,290.34,543,38,straight,200,
narrative-8104:10,narrative,proposal,True,328.45,543,38,left,200,
narrative-8104:11,narrative,proposal,True,260.47,543,38,left,200,
narrative-8104:12,narrative,proposal,True,339.0,543,38,straight,200,
narrative-8104:13,narrative,proposal,True,314.57,543,38,straight,200,
narrative-8104:14,narrative,proposal,True,284.85,544,38,right,200,
narrative-8104:15,narrative,proposal,True,305.1,544,38,straight,200,
narrative-8104:16,narrative,proposal,True,310.87,544,38,straight,200,
narrative-8104:17,narrative,proposal,True,337.81,544,38,straight,200,
narrative-8104:18,narrative,proposal,True,350.81,544,38,right,200,
narrative-8104:19,narrative,proposal,True,309.85,544,38,straight,200,
narrative-8104:20,narrative,proposal,True,453.21,549,38,straight,200,
narrative-8104:21,narrative,proposal,True,301.61,549,38,straight,200,
narrative-8104:22,narrative,proposal,True,269.24,549,38,right,200,
narrative-8104:23,narrative,proposal,True,398.97,549,38,right,200,
narrative-8104:24,narrative,proposal,True,523.32,549,38,straight,200,
narrative-8104:25,narrative,proposal,True,344.13,549,38,straight,200,
narrative-8104:26,narrative,proposal,True,326.44,549,38,straight,200,
narrative-8104:27,narrative,proposal,True,385.74,549,38,straight,200,
narrative-8104:28,narrative,proposal,True,356.39,549,38,straight,200,
narrative-8104:29,narrative,proposal,True,506.7,549,38,straight,200,
narrative-8104:30,narrative,proposal,True,335.22,550,38,straight,200,
narrative-8104:31,narrative,proposal,True,414.11,550,38,straight,200,
narrative-8104:32,narrative,proposal,True,587.57,551,38,straight,200,
narrative-8104:33,narrative,proposal,True,451.66,554,38,left,200,
narrative-8104:34,narrative,proposal,True,560.8,554,38,straight,200,
narrative-8104:35,narrative,proposal,True,463.88,555,38,straight,200,
narrative-8104:36,narrative,proposal,True,468.59,556,38,straight,200,
narrative-8104:37,narrative,proposal,True,381.27,557,38,straight,200,
narrative-8104:38,narrative,proposal,True,344.35,557,38,straight,200,
narrative-8104:39,narrative,proposal,True,516.36,557,38,right,200,
narrative-8104:40,narrative,proposal,True,415.81,562,38,right,200,
narrative-8104:41,narrative,proposal,True,565.59,562,38,straight,200,
narrative-8104:42,narrative,proposal,True,385.26,562,38,straight,200,
narrative-8104:43,narrative,proposal,True,290.87,562,38,straight,200,
narrative-8104:44,narrative,proposal,True,391.45,562,38,straight,200,
narrative-8104:45,narrative,proposal,True,376.01,562,38,right,200,
narrative-8104:46,narrative,proposal,True,380.69,561,38,straight,200,
narrative-8104:47,narrative,proposal,True,384.39,558,38,straight,200,
narrative-8104:48,narrative,proposal,True,391.53,557,38,left,200,
narrative-8104:49,narrative,proposal,True,531.8,556,38,straight,200,
narrative-8104:50,narrative,proposal,True,293.7,556,38,straight,200,
narrative-8104:51,narrative,proposal,True,353.35,555,38,straight,200,
narrative-8104:52,narrative,proposal,True,276.35,560,38,straight,200,
narrative-8104:53,narrative,proposal,True,323.23,562,38,left,200,
narrative-8104:54,narrative,proposal,True,331.42,563,38,left,200,
narrative-8104:55,narrative,proposal,True,299.57,561,38,straight,200,
narrative-8104:56,narrative,proposal,True,310.84,561,38,straight,200,
narrative-8104:57,narrative,proposal,True,309.74,561,38,straight,200,
narrative-8104:58,narrative,proposal,True,326.96,561,38,left,200,
narrative-8104:59,narrative,proposal,True,293.94,560,38,straight,200,
narrative-8104:60,narrative,proposal,True,383.5,559,38,straight,200,
narrative-8104:61,narrative,proposal,True,275.6,558,38,straight,200,
narrative-8104:62,narrative,proposal,True,322.01,559,38,straight,200,
narrative-8104:63,narrative,proposal,True,292.3,559,38,straight,200,
narrative-8104:64,narrative,proposal,True,356.25,559,38,straight,200,
narrative-8104:65,narrative,proposal,True,652.98,559,38,straight,200,
narrative-8104:66,narrative,proposal,True,300.96,559,38,left,200,
narrative-8104:67,narrative,proposal,True,348.55,559,38,straight,200,
narrative-8104:68,narrative,proposal,True,381.5,559,38,straight,200,
narrative-8104:69,narrative,proposal,True,313.48,564,38,straight,200,
narrative-8104:70,narrative,proposal,True,310.65,567,38,straight,200,
narrative-8104:71,narrative,proposal,True,299.47,568,38,left,200,
narrative-8104:72,narrative,proposal,True,333.82,569,38,straight,200,
narrative-8104:73,narrative,proposal,True,298.28,570,38,straight,200,
narrative-8104:74,narrative,proposal,True,308.83,571,38,straight,200,
narrative-8104:75,narrative,proposal,True,334.35,572,38,straight,200,
narrative-8104:76,narrative,proposal,True,372.42,573,38,straight,200,
narrative-8104:77,narrative,proposal,True,351.95,574,38,left,200,
narrative-8104:78,narrative,proposal,True,301.21,573,38,straight,200,
narrative-8104:79,narrative,proposal,True,260.5,571,38,straight,200,
narrative-8104:80,narrative,proposal,True,364.98,570,38,straight,200,
narrative-8104:81,narrative,proposal,True,335.89,569,38,straight,200,
narrative-8104:82,narrative,proposal,True,293.06,568,38,left,200,
narrative-8104:83,narrative,proposal,True,262.12,573,38,right,200,
narrative-8104:84,narrative,proposal,True,317.03,572,38,straight,200,
narrative-8104:85,narrative,proposal,True,369.2,571,38,straight,200,
narrative-8104:86,narrative,proposal,True,331.24,570,38,straight,200,
narrative-8104:87,narrative,proposal,True,292.81,569,38,straight,200,
narrative-8104:88,narrative,proposal,True,380.32,569,38,straight,200,
narrative-8104:89,narrative,proposal,True,273.13,569,38,right,200,
narrative-8104:90,narrative,proposal,True,330.03,569,38,straight,200,
narrative-8104:91,narrative,proposal,True,328.02,569,38,straight,200,
narrative-8104:92,narrative,proposal,True,527.59,570,38,straight,200,
narrative-8104:93,narrative,proposal,True,339.65,579,38,right,200,
narrative-8104:94,narrative,proposal,True,306.39,579,38,straight,200,
narrative-8104:95,narrative,proposal,True,286.67,580,38,straight,200,
narrative-8104:96,narrative,proposal,True,287.04,581,38,straight,200,
narrative-8104:97,narrative,proposal,True,379.4,582,38,straight,200,
narrative-8104:98,narrative,proposal,True,601.88,583,38,left,200,
narrative-8104:99,narrative,proposal,True,341.36,585,38,right,200,
narrative-8104:100,narrative,proposal,True,346.6,586,38,straight,200,
narrative-8104:101,narrative,proposal,True,328.61,587,38,straight,200,
narrative-8104:102,narrative,proposal,True,452.1,588,38,straight,200,
narrative-8104:103,narrative,proposal,True,294.48,590,38,straight,200,
narrative-8104:104,narrative,proposal,True,281.16,593,38,straight,200,
absolute-8101:1,absolute,proposal,True,299.78,566,38,straight,200,
absolute-8101:2,absolute,proposal,True,487.78,566,38,straight,200,
absolute-8101:3,absolute,proposal,True,390.71,566,38,straight,200,
absolute-8101:4,absolute,proposal,True,406.83,566,38,straight,200,
absolute-8101:5,absolute,proposal,True,380.63,566,38,straight,200,
absolute-8101:6,absolute,proposal,True,310.76,566,38,straight,200,
absolute-8101:7,absolute,proposal,True,367.24,566,38,right,200,
absolute-8101:8,absolute,proposal,True,368.7,566,38,straight,200,
absolute-8101:9,absolute,proposal,True,303.61,566,38,right,200,
absolute-8101:10,absolute,proposal,True,442.72,566,38,straight,200,
absolute-8101:11,absolute,proposal,True,338.85,567,38,straight,200,
absolute-8101:12,absolute,proposal,True,306.34,567,38,straight,200,
absolute-8101:13,absolute,proposal,True,359.71,567,38,straight,200,
absolute-8101:14,absolute,proposal,True,345.35,567,38,straight,200,
absolute-8101:15,absolute,proposal,True,320.34,567,38,straight,200,
absolute-8101:16,absolute,proposal,True,404.97,567,38,right,200,
absolute-8101:17,absolute,proposal,True,318.94,567,38,straight,200,
absolute-8101:18,absolute,proposal,True,317.77,567,38,straight,200,
absolute-8101:19,absolute,proposal,True,493.65,567,38,straight,200,
absolute-8101:20,absolute,proposal,True,828.07,567,38,straight,200,
absolute-8101:21,absolute,proposal,True,309.53,572,38,right,200,
absolute-8101:22,absolute,proposal,True,671.79,572,38,straight,200,
absolute-8101:23,absolute,proposal,True,260.19,572,38,straight,200,
absolute-8101:24,absolute,proposal,True,400.43,572,38,straight,200,
absolute-8101:25,absolute,proposal,True,586.2,572,38,left,200,
absolute-8101:26,absolute,proposal,True,328.6,572,38,straight,200,
absolute-8101:27,absolute,proposal,True,385.79,578,38,straight,200,
absolute-8101:28,absolute,proposal,True,335.06,578,38,left,200,
absolute-8101:29,absolute,proposal,True,338.69,578,38,straight,200,
absolute-8101:30,absolute,proposal,True,392.98,578,38,straight,200,
absolute-8101:31,absolute,proposal,True,331.45,578,38,straight,200,
absolute-8101:32,absolute,proposal,True,328.79,578,38,straight,200,
absolute-8101:33,absolute,proposal,True,304.9,578,38,left,200,
absolute-8101:34,absolute,proposal,True,395.2,578,38,straight,200,
absolute-8101:35,absolute,proposal,True,358.54,578,38,straight,200,
absolute-8101:36,absolute,proposal,True,343.05,578,38,straight,200,
absolute-8101:37,absolute,proposal,True,309.01,579,38,left,200,
absolute-8101:38,absolute,proposal,True,362.93,579,38,straight,200,
absolute-8101:39,absolute,proposal,True,317.0,579,38,straight,200,
absolute-8101:40,absolute,proposal,True,319.06,579,38,straight,200,
absolute-8101:41,absolute,proposal,True,322.24,579,38,straight,200,
absolute-8101:42,absolute,proposal,True,324.05,579,38,straight,200,
absolute-8101:43,absolute,proposal,True,401.56,579,38,right,200,
absolute-8101:44,absolute,proposal,True,298.05,579,38,straight,200,
absolute-8101:45,absolute,proposal,True,392.27,579,38,straight,200,
absolute-8101:46,absolute,proposal,True,272.44,579,38,right,200,
absolute-8101:47,absolute,proposal,True,306.49,579,38,left,200,
absolute-8101:48,absolute,proposal,True,311.43,586,38,straight,200,
absolute-8101:49,absolute,proposal,True,277.63,587,38,straight,200,
absolute-8101:50,absolute,proposal,True,279.16,590,38,right,200,
absolute-8101:51,absolute,proposal,True,256.16,590,38,straight,200,
absolute-8101:52,absolute,proposal,True,308.52,591,38,straight,200,
absolute-8101:53,absolute,proposal,True,331.86,592,38,straight,200,
absolute-8101:54,absolute,proposal,True,392.74,593,38,straight,200,
absolute-8101:55,absolute,proposal,True,319.11,594,38,straight,200,
absolute-8101:56,absolute,proposal,True,364.93,595,38,straight,200,
absolute-8101:57,absolute,proposal,True,382.55,604,38,straight,200,
absolute-8101:58,absolute,proposal,True,358.26,605,38,right,200,
absolute-8101:59,absolute,proposal,True,366.85,603,38,straight,200,
absolute-8101:60,absolute,proposal,True,357.85,603,38,straight,200,
absolute-8101:61,absolute,proposal,True,638.65,603,38,right,200,
absolute-8101:62,absolute,proposal,True,305.92,602,38,straight,200,
absolute-8101:63,absolute,proposal,True,309.58,599,38,straight,200,
absolute-8101:64,absolute,proposal,True,339.28,597,38,straight,200,
absolute-8101:65,absolute,proposal,True,318.7,595,38,straight,200,
absolute-8101:66,absolute,proposal,True,318.64,594,38,straight,200,
absolute-8101:67,absolute,proposal,True,296.66,594,38,straight,200,
absolute-8101:68,absolute,proposal,True,355.91,593,38,straight,200,
absolute-8101:69,absolute,proposal,True,315.27,592,38,straight,200,
absolute-8101:70,absolute,proposal,True,304.62,592,38,straight,200,
absolute-8101:71,absolute,proposal,True,305.31,592,38,straight,200,
absolute-8101:72,absolute,proposal,True,304.63,592,38,left,200,
absolute-8101:73,absolute,proposal,True,314.81,592,38,straight,200,
absolute-8101:74,absolute,proposal,True,319.86,592,38,straight,200,
absolute-8101:75,absolute,proposal,True,283.77,592,38,straight,200,
absolute-8101:76,absolute,proposal,True,306.99,592,38,left,200,
absolute-8101:77,absolute,proposal,True,299.56,592,38,straight,200,
absolute-8101:78,absolute,proposal,True,300.03,592,38,straight,200,
absolute-8101:79,absolute,proposal,True,279.78,592,38,straight,200,
absolute-8101:80,absolute,proposal,True,371.81,592,38,straight,200,
absolute-8101:81,absolute,proposal,True,331.67,592,38,straight,200,
absolute-8101:82,absolute,proposal,True,346.18,592,38,straight,200,
absolute-8101:83,absolute,proposal,True,311.93,592,38,straight,200,
absolute-8101:84,absolute,proposal,True,339.47,592,38,straight,200,
absolute-8101:85,absolute,proposal,True,317.24,593,38,straight,200,
absolute-8101:86,absolute,proposal,True,652.15,596,38,right,200,
absolute-8101:87,absolute,proposal,True,353.61,596,38,straight,200,
absolute-8101:88,absolute,proposal,True,372.07,597,38,straight,200,
absolute-8101:89,absolute,proposal,True,340.74,603,38,right,200,
absolute-8101:90,absolute,proposal,True,554.59,601,38,straight,200,
absolute-8101:91,absolute,proposal,True,312.61,601,38,straight,200,
absolute-8101:92,absolute,proposal,True,305.18,601,38,straight,200,
absolute-8101:93,absolute,proposal,True,308.44,601,38,straight,200,
absolute-8101:94,absolute,proposal,True,294.0,600,38,straight,200,
absolute-8101:95,absolute,proposal,True,307.26,599,38,straight,200,
absolute-8101:96,absolute,proposal,True,588.56,598,38,right,200,
absolute-8101:97,absolute,proposal,True,264.0,597,38,straight,200,
absolute-8101:98,absolute,proposal,True,318.55,597,38,straight,200,
absolute-8101:99,absolute,proposal,True,300.85,598,38,straight,200,
absolute-8101:100,absolute,proposal,True,265.42,598,38,straight,200,
absolute-8101:101,absolute,proposal,True,281.65,598,38,straight,200,
absolute-8101:102,absolute,proposal,True,298.5,598,38,straight,200,
absolute-8101:103,absolute,proposal,True,309.4,598,38,straight,200,
absolute-8101:104,absolute,proposal,True,478.02,598,38,straight,200,
absolute-8101:105,absolute,proposal,True,307.06,599,38,straight,200,
absolute-8101:106,absolute,proposal,True,458.09,602,38,left,200,
absolute-8101:107,absolute,proposal,True,323.72,602,38,straight,200,
absolute-8101:108,absolute,proposal,True,344.56,603,38,straight,200,
absolute-8101:109,absolute,proposal,True,353.51,604,38,right,200,
absolute-8101:110,absolute,proposal,True,307.96,610,38,right,200,
absolute-8101:111,absolute,proposal,True,309.03,611,38,straight,200,
absolute-8101:112,absolute,proposal,True,279.44,612,38,straight,200,
absolute-8101:113,absolute,proposal,True,328.36,613,38,straight,200,
absolute-8101:114,absolute,proposal,True,271.51,614,38,right,200,
absolute-8101:115,absolute,proposal,True,271.04,613,38,straight,200,
absolute-8101:116,absolute,proposal,True,308.98,610,38,straight,200,
absolute-8101:117,absolute,proposal,True,376.99,609,38,straight,200,
absolute-8101:118,absolute,proposal,True,282.12,608,38,straight,200,
absolute-8101:119,absolute,proposal,True,305.49,607,38,straight,200,
absolute-8101:120,absolute,proposal,True,330.21,607,38,straight,200,
absolute-8101:121,absolute,proposal,True,342.56,606,38,straight,200,
absolute-8101:122,absolute,proposal,True,335.08,605,38,straight,200,
absolute-8101:123,absolute,proposal,True,304.93,604,38,straight,200,
absolute-8101:124,absolute,proposal,True,387.67,603,38,straight,200,
absolute-8101:125,absolute,proposal,True,325.99,608,38,left,200,
absolute-8101:126,absolute,proposal,True,417.63,608,38,straight,200,
absolute-8101:127,absolute,proposal,True,347.77,608,38,straight,200,
absolute-8101:128,absolute,proposal,True,397.26,608,38,left,200,
absolute-8101:129,absolute,proposal,True,340.42,608,38,straight,200,
absolute-8101:130,absolute,proposal,True,348.67,608,38,straight,200,
absolute-8101:131,absolute,proposal,True,300.27,608,38,straight,200,
absolute-8101:132,absolute,proposal,True,327.48,608,38,straight,200,
original-8102:1,original,proposal,True,371.58,588,38,straight,200,
original-8102:2,original,proposal,True,286.71,588,38,straight,200,
original-8102:3,original,proposal,True,330.4,588,38,straight,200,
original-8102:4,original,proposal,True,320.54,588,38,straight,200,
original-8102:5,original,proposal,True,422.19,588,38,straight,200,
original-8102:6,original,proposal,True,291.58,588,38,straight,200,
original-8102:7,original,proposal,True,327.61,588,38,right,200,
original-8102:8,original,proposal,True,389.01,588,38,straight,200,
original-8102:9,original,proposal,True,333.23,588,38,straight,200,
original-8102:10,original,proposal,True,384.31,589,38,straight,200,
original-8102:11,original,proposal,True,310.84,594,38,straight,200,
original-8102:12,original,proposal,True,275.1,595,38,right,200,
original-8102:13,original,proposal,True,334.3,596,38,straight,200,
original-8102:14,original,proposal,True,342.0,596,38,straight,200,
original-8102:15,original,proposal,True,260.0,596,38,straight,200,
original-8102:16,original,proposal,True,352.22,596,38,straight,200,
original-8102:17,original,proposal,True,335.27,596,38,straight,200,
original-8102:18,original,proposal,True,324.1,596,38,straight,200,
original-8102:19,original,proposal,True,301.78,596,38,straight,200,
original-8102:20,original,proposal,True,271.55,596,38,straight,200,
original-8102:21,original,proposal,True,300.15,597,38,straight,200,
original-8102:22,original,proposal,True,319.16,600,38,straight,200,
original-8102:23,original,proposal,True,369.44,601,38,right,200,
original-8102:24,original,proposal,True,325.33,601,38,straight,200,
original-8102:25,original,proposal,True,319.51,598,38,straight,200,
original-8102:26,original,proposal,True,312.99,597,38,straight,200,
original-8102:27,original,proposal,True,312.1,596,38,straight,200,
original-8102:28,original,proposal,True,345.42,596,38,straight,200,
original-8102:29,original,proposal,True,263.61,596,38,straight,200,
original-8102:30,original,proposal,True,314.79,596,38,straight,200,
original-8102:31,original,proposal,True,684.01,596,38,straight,200,
original-8102:32,original,proposal,True,338.45,603,38,straight,200,
original-8102:33,original,proposal,True,309.76,603,38,right,200,
original-8102:34,original,proposal,True,310.76,602,38,straight,200,
original-8102:35,original,proposal,True,474.87,599,38,straight,200,
original-8102:36,original,proposal,True,307.12,598,38,right,200,
original-8102:37,original,proposal,True,300.54,597,38,straight,200,
original-8102:38,original,proposal,True,296.77,596,38,straight,200,
original-8102:39,original,proposal,True,290.74,596,38,straight,200,
original-8102:40,original,proposal,True,317.97,596,38,straight,200,
original-8102:41,original,proposal,True,312.22,596,38,straight,200,
original-8102:42,original,proposal,True,298.2,597,38,straight,200,
original-8102:43,original,proposal,True,280.76,597,38,straight,200,
original-8102:44,original,proposal,True,351.96,598,38,straight,200,
original-8102:45,original,proposal,True,298.0,601,38,right,200,
original-8102:46,original,proposal,True,292.72,602,38,straight,200,
original-8102:47,original,proposal,True,317.73,606,38,left,200,
original-8102:48,original,proposal,True,304.85,608,38,right,200,
original-8102:49,original,proposal,True,379.76,614,38,right,200,
original-8102:50,original,proposal,True,307.44,614,38,straight,200,
original-8102:51,original,proposal,True,297.0,612,38,straight,200,
original-8102:52,original,proposal,True,330.73,611,38,straight,200,
original-8102:53,original,proposal,True,307.44,610,38,straight,200,
original-8102:54,original,proposal,True,283.41,609,38,straight,200,
original-8102:55,original,proposal,True,315.15,608,38,straight,200,
original-8102:56,original,proposal,True,310.2,608,38,straight,200,
original-8102:57,original,proposal,True,292.65,608,38,straight,200,
original-8102:58,original,proposal,True,267.56,608,38,straight,200,
original-8102:59,original,proposal,True,297.54,609,38,straight,200,
original-8102:60,original,proposal,True,339.25,609,38,right,200,
original-8102:61,original,proposal,True,368.26,608,38,straight,200,
original-8102:62,original,proposal,True,287.33,605,38,straight,200,
original-8102:63,original,proposal,True,351.63,604,38,straight,200,
original-8102:64,original,proposal,True,312.38,603,38,straight,200,
original-8102:65,original,proposal,True,305.73,602,38,straight,200,
original-8102:66,original,proposal,True,360.54,601,38,straight,200,
original-8102:67,original,proposal,True,340.07,601,38,straight,200,
original-8102:68,original,proposal,True,311.66,606,38,straight,200,
original-8102:69,original,proposal,True,323.6,606,38,straight,200,
original-8102:70,original,proposal,True,378.54,606,38,right,200,
original-8102:71,original,proposal,True,311.44,606,38,straight,200,
original-8102:72,original,proposal,True,348.04,606,38,straight,200,
original-8102:73,original,proposal,True,293.25,606,38,straight,200,
original-8102:74,original,proposal,True,402.43,606,38,straight,200,
original-8102:75,original,proposal,True,316.93,606,38,straight,200,
original-8102:76,original,proposal,True,359.68,612,38,right,200,
original-8102:77,original,proposal,True,344.7,612,38,straight,200,
original-8102:78,original,proposal,True,339.18,612,38,straight,200,
original-8102:79,original,proposal,True,452.2,619,38,straight,200,
original-8102:80,original,proposal,True,655.1,619,38,straight,200,
original-8102:81,original,proposal,True,314.97,619,38,straight,200,
original-8102:82,original,proposal,True,277.29,619,38,straight,200,
original-8102:83,original,proposal,True,318.14,619,38,straight,200,
original-8102:84,original,proposal,True,305.01,620,38,straight,200,
original-8102:85,original,proposal,True,332.96,623,38,straight,200,
original-8102:86,original,proposal,True,273.25,624,38,left,200,
original-8102:87,original,proposal,True,522.61,625,38,straight,200,
original-8102:88,original,proposal,True,290.65,626,38,straight,200,
original-8102:89,original,proposal,True,337.96,629,38,straight,200,
original-8102:90,original,proposal,True,275.71,633,38,straight,200,
original-8102:91,original,proposal,True,328.25,635,38,left,200,
original-8102:92,original,proposal,True,344.84,636,38,straight,200,
original-8102:93,original,proposal,True,298.87,634,38,straight,200,
original-8102:94,original,proposal,True,329.47,634,38,straight,200,
original-8102:95,original,proposal,True,291.89,640,38,straight,200,
original-8102:96,original,proposal,True,386.36,640,38,left,200,
original-8102:97,original,proposal,True,311.32,639,38,straight,200,
original-8102:98,original,proposal,True,286.67,636,38,straight,200,
original-8102:99,original,proposal,True,333.87,634,38,straight,200,
original-8102:100,original,proposal,True,300.81,632,38,straight,200,
original-8102:101,original,proposal,True,275.05,631,38,straight,200,
original-8102:102,original,proposal,True,312.46,630,38,straight,200,
original-8102:103,original,proposal,True,335.01,629,38,straight,200,
original-8102:104,original,proposal,True,359.55,628,38,straight,200,
original-8102:105,original,proposal,True,331.24,628,38,straight,200,
original-8102:106,original,proposal,True,369.19,627,38,right,200,
original-8102:107,original,proposal,True,348.25,627,38,right,200,
original-8102:108,original,proposal,True,397.82,627,38,straight,200,
original-8102:109,original,proposal,True,299.19,627,38,straight,200,
original-8102:110,original,proposal,True,298.61,627,38,straight,200,
original-8102:111,original,proposal,True,307.68,627,38,straight,200,
original-8102:112,original,proposal,True,408.35,627,38,straight,200,
original-8102:113,original,proposal,True,273.88,627,38,straight,200,
original-8102:114,original,proposal,True,357.33,627,38,right,200,
original-8102:115,original,proposal,True,680.9,627,38,straight,200,
original-8102:116,original,proposal,True,300.76,627,38,straight,200,
original-8102:117,original,proposal,True,271.32,627,38,straight,200,
original-8102:118,original,proposal,True,348.88,628,38,straight,200,
original-8102:119,original,proposal,True,292.01,635,38,right,200,
original-8102:120,original,proposal,True,300.05,635,38,straight,200,
original-8102:121,original,proposal,True,288.49,636,38,straight,200,
original-8102:122,original,proposal,True,312.89,637,38,straight,200,
original-8102:123,original,proposal,True,367.91,638,38,straight,200,
original-8102:124,original,proposal,True,320.78,639,38,straight,200,
original-8102:125,original,proposal,True,301.61,640,38,straight,200,
original-8102:126,original,proposal,True,423.09,641,38,right,200,
original-8102:127,original,proposal,True,277.05,639,38,straight,200,
original-8102:128,original,proposal,True,290.4,639,38,straight,200,
original-8102:129,original,proposal,True,305.91,639,38,straight,200,
original-8102:130,original,proposal,True,308.03,638,38,straight,200,
original-8102:131,original,proposal,True,470.72,637,38,straight,200,
original-8102:132,original,proposal,True,317.84,636,38,right,200,
original-8102:133,original,proposal,True,313.92,635,38,straight,200,
original-8102:134,original,proposal,True,293.26,634,38,straight,200,
original-8102:135,original,proposal,True,294.71,633,38,straight,200,
original-8102:136,original,proposal,True,339.13,632,38,straight,200,
narrative-8103:1,narrative,proposal,True,317.79,539,38,right,200,
narrative-8103:2,narrative,proposal,True,356.6,539,38,straight,200,
narrative-8103:3,narrative,proposal,True,397.12,539,38,right,200,
narrative-8103:4,narrative,proposal,True,766.32,539,38,straight,200,
narrative-8103:5,narrative,proposal,True,295.27,539,38,straight,200,
narrative-8103:6,narrative,proposal,True,355.27,540,38,straight,200,
narrative-8103:7,narrative,proposal,True,378.45,543,38,right,200,
narrative-8103:8,narrative,proposal,True,322.44,548,38,straight,200,
narrative-8103:9,narrative,proposal,True,340.98,549,38,straight,200,
narrative-8103:10,narrative,proposal,True,279.72,556,38,left,200,
narrative-8103:11,narrative,proposal,True,286.82,558,38,left,200,
narrative-8103:12,narrative,proposal,True,293.3,558,38,straight,200,
narrative-8103:13,narrative,proposal,True,325.94,558,38,straight,200,
narrative-8103:14,narrative,proposal,True,302.38,558,38,straight,200,
narrative-8103:15,narrative,proposal,True,315.47,559,38,straight,200,
narrative-8103:16,narrative,proposal,True,393.54,562,38,straight,200,
narrative-8103:17,narrative,proposal,True,312.2,568,38,left,200,
narrative-8103:18,narrative,proposal,True,290.76,568,38,left,200,
narrative-8103:19,narrative,proposal,True,352.7,568,38,straight,200,
narrative-8103:20,narrative,proposal,True,357.09,566,38,straight,200,
narrative-8103:21,narrative,proposal,True,294.36,566,38,straight,200,
narrative-8103:22,narrative,proposal,True,330.6,565,38,straight,200,
narrative-8103:23,narrative,proposal,True,309.87,564,38,straight,200,
narrative-8103:24,narrative,proposal,True,361.0,563,38,straight,200,
narrative-8103:25,narrative,proposal,True,605.48,569,38,right,200,
narrative-8103:26,narrative,proposal,True,311.67,565,38,right,200,
narrative-8103:27,narrative,proposal,True,287.24,565,38,straight,200,
narrative-8103:28,narrative,proposal,True,361.28,564,38,straight,200,
narrative-8103:29,narrative,proposal,True,293.9,563,38,straight,200,
narrative-8103:30,narrative,proposal,True,292.22,562,38,straight,200,
narrative-8103:31,narrative,proposal,True,300.34,562,38,straight,200,
narrative-8103:32,narrative,proposal,True,301.47,564,38,straight,200,
narrative-8103:33,narrative,proposal,True,810.84,565,38,left,200,
narrative-8103:34,narrative,proposal,True,317.23,565,38,straight,200,
narrative-8103:35,narrative,proposal,True,338.18,567,38,straight,200,
narrative-8103:36,narrative,proposal,True,345.02,568,38,straight,200,
narrative-8103:37,narrative,proposal,True,329.21,572,38,left,200,
narrative-8103:38,narrative,proposal,True,562.38,572,38,straight,200,
narrative-8103:39,narrative,proposal,True,336.15,570,38,straight,200,
narrative-8103:40,narrative,proposal,True,299.34,569,38,straight,200,
narrative-8103:41,narrative,proposal,True,280.53,568,38,straight,200,
narrative-8103:42,narrative,proposal,True,299.15,567,38,straight,200,
narrative-8103:43,narrative,proposal,True,337.66,566,38,straight,200,
narrative-8103:44,narrative,proposal,True,299.28,565,38,straight,200,
narrative-8103:45,narrative,proposal,True,414.03,564,38,straight,200,
narrative-8103:46,narrative,proposal,True,273.35,563,38,straight,200,
narrative-8103:47,narrative,proposal,True,419.65,568,38,straight,200,
narrative-8103:48,narrative,proposal,True,363.23,568,38,right,200,
narrative-8103:49,narrative,proposal,True,358.32,568,38,right,200,
narrative-8103:50,narrative,proposal,True,348.13,568,38,straight,200,
narrative-8103:51,narrative,proposal,True,322.68,568,38,straight,200,
narrative-8103:52,narrative,proposal,True,321.38,568,38,straight,200,
narrative-8103:53,narrative,proposal,True,291.44,568,38,straight,200,
narrative-8103:54,narrative,proposal,True,308.34,568,38,straight,200,
narrative-8103:55,narrative,proposal,True,283.25,573,38,left,200,
narrative-8103:56,narrative,proposal,True,300.74,573,38,straight,200,
narrative-8103:57,narrative,proposal,True,347.07,573,38,straight,200,
narrative-8103:58,narrative,proposal,True,381.22,573,38,straight,200,
narrative-8103:59,narrative,proposal,True,355.09,573,38,left,200,
narrative-8103:60,narrative,proposal,True,809.91,573,38,straight,200,
narrative-8103:61,narrative,proposal,True,404.81,573,38,straight,200,
narrative-8103:62,narrative,proposal,True,308.48,573,38,left,200,
original-8104:1,original,proposal,True,287.21,587,38,straight,200,
original-8104:2,original,proposal,True,294.03,587,38,straight,200,
original-8104:3,original,proposal,True,274.6,587,38,straight,200,
original-8104:4,original,proposal,True,285.85,587,38,straight,200,
original-8104:5,original,proposal,True,306.48,587,38,straight,200,
original-8104:6,original,proposal,True,782.86,587,38,straight,200,
original-8104:7,original,proposal,True,277.76,587,38,left,200,
original-8104:8,original,proposal,True,308.67,587,38,straight,200,
original-8104:9,original,proposal,True,328.57,587,38,left,200,
original-8104:10,original,proposal,True,301.82,587,38,straight,200,
original-8104:11,original,proposal,True,322.76,589,38,straight,200,
original-8104:12,original,proposal,True,326.94,589,38,straight,200,
original-8104:13,original,proposal,True,343.71,589,38,straight,200,
original-8104:14,original,proposal,True,361.0,594,38,straight,200,
original-8104:15,original,proposal,True,329.8,594,38,straight,200,
original-8104:16,original,proposal,True,283.99,594,38,straight,200,
original-8104:17,original,proposal,True,300.09,594,38,straight,200,
original-8104:18,original,proposal,True,311.34,595,38,straight,200,
original-8104:19,original,proposal,True,326.74,598,38,straight,200,
original-8104:20,original,proposal,True,323.44,599,38,left,200,
original-8104:21,original,proposal,True,328.35,600,38,straight,200,
original-8104:22,original,proposal,True,315.28,601,38,left,200,
original-8104:23,original,proposal,True,398.05,600,38,straight,200,
original-8104:24,original,proposal,True,321.73,598,38,straight,200,
original-8104:25,original,proposal,True,399.43,597,38,straight,200,
original-8104:26,original,proposal,True,307.67,596,38,left,200,
original-8104:27,original,proposal,True,351.52,595,38,straight,200,
original-8104:28,original,proposal,True,301.39,595,38,straight,200,
original-8104:29,original,proposal,True,374.15,595,38,straight,200,
original-8104:30,original,proposal,True,289.08,601,38,straight,200,
original-8104:31,original,proposal,True,316.26,601,38,straight,200,
original-8104:32,original,proposal,True,519.05,601,38,left,200,
original-8104:33,original,proposal,True,314.2,601,38,straight,200,
original-8104:34,original,proposal,True,347.35,602,38,straight,200,
original-8104:35,original,proposal,True,348.93,605,38,straight,200,
original-8104:36,original,proposal,True,371.3,606,38,left,200,
original-8104:37,original,proposal,True,346.04,607,38,straight,200,
original-8104:38,original,proposal,True,336.75,608,38,straight,200,
original-8104:39,original,proposal,True,344.16,609,38,straight,200,
original-8104:40,original,proposal,True,304.02,610,38,straight,200,
original-8104:41,original,proposal,True,329.96,610,38,straight,200,
original-8104:42,original,proposal,True,317.59,610,38,straight,200,
original-8104:43,original,proposal,True,377.43,610,38,straight,200,
original-8104:44,original,proposal,True,811.37,610,38,straight,200,
original-8104:45,original,proposal,True,326.02,611,38,straight,200,
original-8104:46,original,proposal,True,338.83,614,38,straight,200,
original-8104:47,original,proposal,True,529.46,615,38,left,200,
original-8104:48,original,proposal,True,280.58,615,38,straight,200,
original-8104:49,original,proposal,True,291.0,613,38,straight,200,
original-8104:50,original,proposal,True,333.53,613,38,straight,200,
original-8104:51,original,proposal,True,398.85,612,38,straight,200,
original-8104:52,original,proposal,True,286.92,611,38,straight,200,
original-8104:53,original,proposal,True,316.94,610,38,straight,200,
original-8104:54,original,proposal,True,344.41,610,38,straight,200,
original-8104:55,original,proposal,True,359.56,610,38,straight,200,
original-8104:56,original,proposal,True,523.81,610,38,straight,200,
original-8104:57,original,proposal,True,303.52,610,38,straight,200,
original-8104:58,original,proposal,True,324.11,615,38,left,200,
original-8104:59,original,proposal,True,286.96,614,38,straight,200,
original-8104:60,original,proposal,True,372.34,611,38,straight,200,
original-8104:61,original,proposal,True,326.64,610,38,straight,200,
original-8104:62,original,proposal,True,285.52,609,38,straight,200,
original-8104:63,original,proposal,True,300.72,608,38,straight,200,
original-8104:64,original,proposal,True,308.91,607,38,straight,200,
original-8104:65,original,proposal,True,279.03,606,38,straight,200,
original-8104:66,original,proposal,True,309.23,606,38,straight,200,
original-8104:67,original,proposal,True,301.48,606,38,straight,200,
original-8104:68,original,proposal,True,342.12,607,38,left,200,
original-8104:69,original,proposal,True,289.14,607,38,straight,200,
original-8104:70,original,proposal,True,343.18,607,38,straight,200,
original-8104:71,original,proposal,True,329.9,607,38,straight,200,
original-8104:72,original,proposal,True,299.45,607,38,straight,200,
original-8104:73,original,proposal,True,311.44,607,38,straight,200,
original-8104:74,original,proposal,True,443.57,607,38,straight,200,
original-8104:75,original,proposal,True,264.28,607,38,straight,200,
original-8104:76,original,proposal,True,339.01,607,38,straight,200,
original-8104:77,original,proposal,True,335.95,608,38,straight,200,
original-8104:78,original,proposal,True,325.21,611,38,straight,200,
original-8104:79,original,proposal,True,317.39,612,38,left,200,
original-8104:80,original,proposal,True,383.52,613,38,straight,200,
original-8104:81,original,proposal,True,305.14,614,38,straight,200,
original-8104:82,original,proposal,True,536.56,615,38,straight,200,
original-8104:83,original,proposal,True,270.94,616,38,straight,200,
original-8104:84,original,proposal,True,309.24,616,38,straight,200,
original-8104:85,original,proposal,True,309.26,616,38,straight,200,
original-8104:86,original,proposal,True,486.54,616,38,left,200,
original-8104:87,original,proposal,True,288.71,615,38,straight,200,
original-8104:88,original,proposal,True,320.75,618,38,straight,200,
original-8104:89,original,proposal,True,610.55,617,38,left,200,
original-8104:90,original,proposal,True,368.61,623,38,straight,200,
original-8104:91,original,proposal,True,387.09,622,38,straight,200,
original-8104:92,original,proposal,True,308.78,621,38,straight,200,
original-8104:93,original,proposal,True,345.06,620,38,straight,200,
original-8104:94,original,proposal,True,453.29,619,38,straight,200,
original-8104:95,original,proposal,True,318.96,618,38,straight,200,
original-8104:96,original,proposal,True,355.84,618,38,right,200,
original-8104:97,original,proposal,True,311.57,618,38,straight,200,
original-8104:98,original,proposal,True,265.97,625,38,straight,200,
original-8104:99,original,proposal,True,275.11,625,38,straight,200,
original-8104:100,original,proposal,True,290.77,625,38,straight,200,
original-8104:101,original,proposal,True,295.06,626,38,straight,200,
original-8104:102,original,proposal,True,402.26,626,38,straight,200,
original-8104:103,original,proposal,True,350.7,626,38,straight,200,
original-8104:104,original,proposal,True,310.77,626,38,right,200,
original-8104:105,original,proposal,True,384.22,626,38,straight,200,
original-8104:106,original,proposal,True,294.9,626,38,straight,200,
original-8104:107,original,proposal,True,313.58,626,38,straight,200,
original-8104:108,original,proposal,True,307.95,627,38,straight,200,
original-8104:109,original,proposal,True,297.91,627,38,straight,200,
original-8104:110,original,proposal,True,315.01,627,38,straight,200,
original-8104:111,original,proposal,True,332.42,627,38,straight,200,
original-8104:112,original,proposal,True,287.73,628,38,straight,200,
original-8104:113,original,proposal,True,296.35,637,38,straight,200,
original-8104:114,original,proposal,True,281.49,638,38,right,200,
original-8104:115,original,proposal,True,342.83,639,38,straight,200,
original-8104:116,original,proposal,True,327.18,640,38,straight,200,
original-8104:117,original,proposal,True,305.53,641,38,straight,200,
original-8104:118,original,proposal,True,283.01,642,38,straight,200,
original-8104:119,original,proposal,True,309.12,643,38,straight,200,
original-8104:120,original,proposal,True,356.07,644,38,straight,200,
original-8104:121,original,proposal,True,318.7,645,38,straight,200,
original-8104:122,original,proposal,True,347.65,646,38,straight,200,
original-8104:123,original,proposal,True,296.36,648,38,straight,200,
original-8104:124,original,proposal,True,311.45,651,38,straight,200,
egocentric-8103:1,egocentric,proposal,True,454.13,601,38,right,200,
egocentric-8103:2,egocentric,proposal,True,347.92,600,38,right,200,
egocentric-8103:3,egocentric,proposal,True,342.52,600,38,straight,200,
egocentric-8103:4,egocentric,proposal,True,291.99,600,38,straight,200,
egocentric-8103:5,egocentric,proposal,True,853.4,600,38,straight,200,
egocentric-8103:6,egocentric,proposal,True,354.37,608,38,right,200,
egocentric-8103:7,egocentric,proposal,True,678.55,617,38,left,200,
egocentric-8103:8,egocentric,proposal,True,330.58,619,38,left,200,
egocentric-8103:9,egocentric,proposal,True,311.39,616,38,straight,200,
egocentric-8103:10,egocentric,proposal,True,273.05,617,38,straight,200,
egocentric-8103:11,egocentric,proposal,True,342.98,616,38,straight,200,
egocentric-8103:12,egocentric,proposal,True,273.59,616,38,straight,200,
egocentric-8103:13,egocentric,proposal,True,336.7,625,38,left,200,
egocentric-8103:14,egocentric,proposal,True,309.13,628,38,left,200,
egocentric-8103:15,egocentric,proposal,True,398.89,624,38,straight,200,
egocentric-8103:16,egocentric,proposal,True,335.27,624,38,straight,200,
egocentric-8103:17,egocentric,proposal,True,307.18,624,38,straight,200,
egocentric-8103:18,egocentric,proposal,True,296.29,623,38,straight,200,
egocentric-8103:19,egocentric,proposal,True,339.23,622,38,straight,200,
egocentric-8103:20,egocentric,proposal,True,279.08,622,38,straight,200,
egocentric-8103:21,egocentric,proposal,True,301.81,630,38,right,200,
egocentric-8103:22,egocentric,proposal,True,497.33,628,38,straight,200,
egocentric-8103:23,egocentric,proposal,True,352.81,628,38,straight,200,
egocentric-8103:24,egocentric,proposal,True,382.98,628,38,straight,200,
egocentric-8103:25,egocentric,proposal,True,320.27,628,38,straight,200,
egocentric-8103:26,egocentric,proposal,True,393.67,628,38,right,200,
egocentric-8103:27,egocentric,proposal,True,288.66,628,38,straight,200,
egocentric-8103:28,egocentric,proposal,True,333.16,628,38,straight,200,
egocentric-8103:29,egocentric,proposal,True,302.41,628,38,straight,200,
egocentric-8103:30,egocentric,proposal,True,345.89,628,38,straight,200,
egocentric-8103:31,egocentric,proposal,True,347.76,629,38,straight,200,
egocentric-8103:32,egocentric,proposal,True,328.49,630,38,straight,200,
egocentric-8103:33,egocentric,proposal,True,271.52,638,38,straight,200,
original-8103:1,original,proposal,True,357.0,588,38,right,200,
original-8103:2,original,proposal,True,299.65,588,38,straight,200,
original-8103:3,original,proposal,True,313.36,588,38,straight,200,
original-8103:4,original,proposal,True,333.63,589,38,straight,200,
original-8103:5,original,proposal,True,314.18,592,38,right,200,
original-8103:6,original,proposal,True,280.68,592,38,left,200,
original-8103:7,original,proposal,True,271.06,594,38,left,200,
original-8103:8,original,proposal,True,342.83,594,38,left,200,
original-8103:9,original,proposal,True,434.36,593,38,straight,200,
original-8103:10,original,proposal,True,356.1,590,38,straight,200,
original-8103:11,original,proposal,True,352.09,591,38,straight,200,
original-8103:12,original,proposal,True,583.86,590,38,left,200,
original-8103:13,original,proposal,True,307.15,590,38,straight,200,
original-8103:14,original,proposal,True,324.15,590,38,straight,200,
original-8103:15,original,proposal,True,308.09,591,38,straight,200,
original-8103:16,original,proposal,True,328.49,599,38,right,200,
original-8103:17,original,proposal,True,394.24,606,38,straight,200,
original-8103:18,original,proposal,True,356.86,607,38,straight,200,
original-8103:19,original,proposal,True,322.14,608,38,straight,200,
original-8103:20,original,proposal,True,323.22,609,38,straight,200,
original-8103:21,original,proposal,True,518.51,609,38,straight,200,
original-8103:22,original,proposal,True,1170.18,609,38,left,200,
original-8103:23,original,proposal,True,411.82,610,38,left,200,
original-8103:24,original,proposal,True,419.3,610,38,straight,200,
original-8103:25,original,proposal,True,388.31,610,38,straight,200,
original-8103:26,original,proposal,True,380.13,610,38,straight,200,
original-8103:27,original,proposal,True,294.19,611,38,straight,200,
original-8103:28,original,proposal,True,308.66,611,38,straight,200,
original-8103:29,original,proposal,True,331.68,611,38,straight,200,
original-8103:30,original,proposal,True,743.89,611,38,straight,200,
original-8103:31,original,proposal,True,309.01,612,38,straight,200,
original-8103:32,original,proposal,True,303.44,615,38,straight,200,
original-8103:33,original,proposal,True,278.35,621,38,left,200,
original-8103:34,original,proposal,True,309.76,621,38,straight,200,
original-8103:35,original,proposal,True,328.26,619,38,straight,200,
original-8103:36,original,proposal,True,336.86,619,38,straight,200,
original-8103:37,original,proposal,True,304.22,619,38,straight,200,
original-8103:38,original,proposal,True,302.57,618,38,straight,200,
original-8103:39,original,proposal,True,308.42,617,38,straight,200,
original-8103:40,original,proposal,True,314.42,616,38,straight,200,
original-8103:41,original,proposal,True,498.44,616,38,straight,200,
original-8103:42,original,proposal,True,287.67,616,38,straight,200,
original-8103:43,original,proposal,True,326.64,617,38,left,200,
original-8103:44,original,proposal,True,325.27,616,38,straight,200,
original-8103:45,original,proposal,True,360.86,613,38,straight,200,
original-8103:46,original,proposal,True,301.0,612,38,straight,200,
original-8103:47,original,proposal,True,313.32,611,38,straight,200,
original-8103:48,original,proposal,True,285.74,610,38,straight,200,
original-8103:49,original,proposal,True,312.15,609,38,straight,200,
original-8103:50,original,proposal,True,360.7,608,38,straight,200,
original-8103:51,original,proposal,True,267.67,608,38,straight,200,
original-8103:52,original,proposal,True,414.21,608,38,straight,200,
original-8103:53,original,proposal,True,323.57,608,38,left,200,
original-8103:54,original,proposal,True,290.9,608,38,straight,200,
original-8103:55,original,proposal,True,346.29,608,38,straight,200,
original-8103:56,original,proposal,True,291.83,608,38,straight,200,
original-8103:57,original,proposal,True,370.73,608,38,straight,200,
original-8103:58,original,proposal,True,338.21,608,38,straight,200,
original-8103:59,original,proposal,True,365.02,608,38,straight,200,
original-8103:60,original,proposal,True,279.8,608,38,straight,200,
original-8103:61,original,proposal,True,310.38,609,38,straight,200,
original-8103:62,original,proposal,True,293.68,612,38,left,200,
original-8103:63,original,proposal,True,314.81,612,38,straight,200,
original-8103:64,original,proposal,True,312.19,613,38,straight,200,
original-8103:65,original,proposal,True,315.8,619,38,straight,200,
original-8103:66,original,proposal,True,339.09,620,38,straight,200,
original-8103:67,original,proposal,True,321.52,621,38,straight,200,
original-8103:68,original,proposal,True,267.2,622,38,straight,200,
original-8103:69,original,proposal,True,332.43,622,38,straight,200,
original-8103:70,original,proposal,True,270.57,623,38,straight,200,
original-8103:71,original,proposal,True,332.77,626,38,straight,200,
original-8103:72,original,proposal,True,315.55,627,38,left,200,
original-8103:73,original,proposal,True,304.77,625,38,straight,200,
original-8103:74,original,proposal,True,325.75,625,38,straight,200,
original-8103:75,original,proposal,True,283.82,626,38,straight,200,
original-8103:76,original,proposal,True,281.06,626,38,straight,200,
original-8103:77,original,proposal,True,331.34,631,38,straight,200,
original-8103:78,original,proposal,True,317.18,631,38,straight,200,
original-8103:79,original,proposal,True,291.52,630,38,straight,200,
original-8103:80,original,proposal,True,284.29,629,38,straight,200,
original-8103:81,original,proposal,True,275.57,629,38,left,200,
original-8103:82,original,proposal,True,289.49,628,38,straight,200,
original-8103:83,original,proposal,True,350.81,625,38,straight,200,
original-8103:84,original,proposal,True,377.4,624,38,straight,200,
original-8103:85,original,proposal,True,285.69,623,38,straight,200,
original-8103:86,original,proposal,True,323.71,622,38,straight,200,
original-8103:87,original,proposal,True,357.75,622,38,straight,200,
original-8103:88,original,proposal,True,321.51,621,38,straight,200,
original-8103:89,original,proposal,True,333.17,620,38,straight,200,
original-8103:90,original,proposal,True,417.54,619,38,straight,200,
original-8103:91,original,proposal,True,355.31,619,38,left,200,
original-8103:92,original,proposal,True,303.73,619,38,left,200,
original-8103:93,original,proposal,True,330.47,619,38,left,200,
narrative-8101:1,narrative,proposal,True,612.27,538,38,left,200,
narrative-8101:2,narrative,proposal,True,351.46,538,38,straight,200,
narrative-8101:3,narrative,proposal,True,330.92,538,38,left,200,
narrative-8101:4,narrative,proposal,True,306.89,538,38,right,200,
narrative-8101:5,narrative,proposal,True,276.14,543,38,straight,200,
narrative-8101:6,narrative,proposal,True,568.61,543,38,straight,200,
narrative-8101:7,narrative,proposal,True,481.57,543,38,right,200,
narrative-8101:8,narrative,proposal,True,319.14,543,38,straight,200,
narrative-8101:9,narrative,proposal,True,318.45,543,38,straight,200,
narrative-8101:10,narrative,proposal,True,277.23,543,38,straight,200,
narrative-8101:11,narrative,proposal,True,447.65,548,38,right,200,
narrative-8101:12,narrative,proposal,True,369.29,548,38,straight,200,
narrative-8101:13,narrative,proposal,True,278.13,548,38,straight,200,
narrative-8101:14,narrative,proposal,True,310.77,548,38,straight,200,
narrative-8101:15,narrative,proposal,True,317.27,548,38,straight,200,
narrative-8101:16,narrative,proposal,True,373.45,555,38,straight,200,
narrative-8101:17,narrative,proposal,True,298.93,555,38,straight,200,
narrative-8101:18,narrative,proposal,True,359.0,555,38,straight,200,
narrative-8101:19,narrative,proposal,True,268.32,556,38,straight,200,
narrative-8101:20,narrative,proposal,True,378.17,559,38,right,200,
narrative-8101:21,narrative,proposal,True,278.25,559,38,straight,200,
narrative-8101:22,narrative,proposal,True,331.93,560,38,straight,200,
narrative-8101:23,narrative,proposal,True,450.42,561,38,straight,200,
narrative-8101:24,narrative,proposal,True,325.37,562,38,straight,200,
narrative-8101:25,narrative,proposal,True,292.63,563,38,straight,200,
narrative-8101:26,narrative,proposal,True,301.83,565,38,straight,200,
narrative-8101:27,narrative,proposal,True,386.52,572,38,right,200,
narrative-8101:28,narrative,proposal,True,289.38,569,38,straight,200,
narrative-8101:29,narrative,proposal,True,366.79,569,38,straight,200,
narrative-8101:30,narrative,proposal,True,284.56,569,38,straight,200,
narrative-8101:31,narrative,proposal,True,276.11,569,38,straight,200,
narrative-8101:32,narrative,proposal,True,778.41,569,38,straight,200,
narrative-8101:33,narrative,proposal,True,351.37,569,38,straight,200,
narrative-8101:34,narrative,proposal,True,313.63,568,38,straight,200,
narrative-8101:35,narrative,proposal,True,285.43,568,38,straight,200,
narrative-8101:36,narrative,proposal,True,320.84,568,38,straight,200,
narrative-8101:37,narrative,proposal,True,331.55,574,38,right,200,
narrative-8101:38,narrative,proposal,True,278.86,571,38,straight,200,
narrative-8101:39,narrative,proposal,True,293.53,570,38,straight,200,
narrative-8101:40,narrative,proposal,True,310.0,569,38,straight,200,
narrative-8101:41,narrative,proposal,True,314.84,568,38,right,200,
narrative-8101:42,narrative,proposal,True,314.89,567,38,straight,200,
narrative-8101:43,narrative,proposal,True,331.31,566,38,straight,200,
narrative-8101:44,narrative,proposal,True,287.55,565,38,straight,200,
narrative-8101:45,narrative,proposal,True,364.04,564,38,straight,200,
narrative-8101:46,narrative,proposal,True,349.36,564,38,straight,200,
narrative-8101:47,narrative,proposal,True,349.46,565,38,straight,200,
narrative-8101:48,narrative,proposal,True,342.74,565,38,straight,200,
narrative-8101:49,narrative,proposal,True,329.77,565,38,straight,200,
narrative-8101:50,narrative,proposal,True,330.89,566,38,straight,200,
narrative-8101:51,narrative,proposal,True,286.9,569,38,straight,200,
narrative-8101:52,narrative,proposal,True,326.07,570,38,left,200,
narrative-8101:53,narrative,proposal,True,332.87,571,38,straight,200,
narrative-8101:54,narrative,proposal,True,320.14,572,38,straight,200,
narrative-8101:55,narrative,proposal,True,357.08,573,38,straight,200,
narrative-8101:56,narrative,proposal,True,320.6,574,38,straight,200,
narrative-8101:57,narrative,proposal,True,313.8,575,38,straight,200,
narrative-8101:58,narrative,proposal,True,353.09,579,38,left,200,
narrative-8101:59,narrative,proposal,True,318.57,579,38,straight,200,
narrative-8101:60,narrative,proposal,True,270.06,576,38,straight,200,
narrative-8101:61,narrative,proposal,True,329.04,575,38,straight,200,
narrative-8101:62,narrative,proposal,True,334.76,574,38,straight,200,
narrative-8101:63,narrative,proposal,True,301.63,573,38,left,200,
narrative-8101:64,narrative,proposal,True,305.92,572,38,straight,200,
narrative-8101:65,narrative,proposal,True,294.4,571,38,straight,200,
narrative-8101:66,narrative,proposal,True,301.62,576,38,straight,200,
narrative-8101:67,narrative,proposal,True,297.76,575,38,straight,200,
narrative-8101:68,narrative,proposal,True,330.27,574,38,straight,200,
narrative-8101:69,narrative,proposal,True,334.33,573,38,straight,200,
narrative-8101:70,narrative,proposal,True,663.72,573,38,right,200,
egocentric-8102:1,egocentric,proposal,True,661.53,602,38,left,200,
egocentric-8102:2,egocentric,proposal,True,314.43,602,38,left,200,
egocentric-8102:3,egocentric,proposal,True,278.48,601,38,straight,200,
egocentric-8102:4,egocentric,proposal,True,411.33,600,38,straight,200,
egocentric-8102:5,egocentric,proposal,True,368.78,600,38,straight,200,
egocentric-8102:6,egocentric,proposal,True,275.48,601,38,straight,200,
egocentric-8102:7,egocentric,proposal,True,293.11,601,38,right,200,
egocentric-8102:8,egocentric,proposal,True,286.1,600,38,straight,200,
egocentric-8102:9,egocentric,proposal,True,357.64,600,38,straight,200,
egocentric-8102:10,egocentric,proposal,True,374.52,608,38,straight,200,
egocentric-8102:11,egocentric,proposal,True,271.22,610,38,straight,200,
egocentric-8102:12,egocentric,proposal,True,364.81,610,38,straight,200,
