id,group,factors,requests,correct,accuracy,question_count,mean_target_probability,mean_confidence,input_tokens,output_tokens,latency_ms,selections
pipeline-6,pipeline,"{""scenario"": ""4-inspection"", ""kind"": ""inspection"", ""mode"": ""pipeline"", ""reverse"": true, ""label"": ""bring"", ""source_run"": ""20260916T124604860296Z-limits-study"", ""source_trial"": 6, ""source_case_id"": ""decision-4-inspection-check-True"", ""source_repetition"": 0, ""check_answer"": ""yes"", ""check_correct"": true}",1,1,1.0,1,1.0,0.99,404,32,330.91,"{""answer"": {""bring"": 1}}"
pipeline-10,pipeline,"{""scenario"": ""11-appointment"", ""kind"": ""appointment"", ""mode"": ""pipeline"", ""reverse"": false, ""label"": ""go_without"", ""source_run"": ""20260916T124604860296Z-limits-study"", ""source_trial"": 10, ""source_case_id"": ""decision-11-appointment-check-False"", ""source_repetition"": 0, ""check_answer"": ""no"", ""check_correct"": true}",1,1,1.0,1,1.0,1.0,418,33,350.18,"{""answer"": {""go_without"": 1}}"
pipeline-12,pipeline,"{""scenario"": ""2-appointment"", ""kind"": ""appointment"", ""mode"": ""pipeline"", ""reverse"": true, ""label"": ""go_without"", ""source_run"": ""20260916T124604860296Z-limits-study"", ""source_trial"": 12, ""source_case_id"": ""decision-2-appointment-check-True"", ""source_repetition"": 1, ""check_answer"": ""no"", ""check_correct"": true}",1,1,1.0,1,1.0,1.0,416,33,346.84,"{""answer"": {""go_without"": 1}}"
pipeline-14,pipeline,"{""scenario"": ""9-service"", ""kind"": ""service"", ""mode"": ""pipeline"", ""reverse"": true, ""label"": ""bring"", ""source_run"": ""20260916T124604860296Z-limits-study"", ""source_trial"": 14, ""source_case_id"": ""decision-9-service-check-True"", ""source_repetition"": 1, ""check_answer"": ""yes"", ""check_correct"": true}",1,1,1.0,1,0.99,0.98,403,32,288.8,"{""answer"": {""bring"": 1}}"
pipeline-20,pipeline,"{""scenario"": ""6-service"", ""kind"": ""service"", ""mode"": ""pipeline"", ""reverse"": false, ""label"": ""bring"", ""source_run"": ""20260916T124604860296Z-limits-study"", ""source_trial"": 20, ""source_case_id"": ""decision-6-service-check-False"", ""source_repetition"": 0, ""check_answer"": ""yes"", ""check_correct"": true}",1,1,1.0,1,0.98,0.97,404,32,399.58,"{""answer"": {""bring"": 1}}"
pipeline-24,pipeline,"{""scenario"": ""0-inspection"", ""kind"": ""inspection"", ""mode"": ""pipeline"", ""reverse"": true, ""label"": ""bring"", ""source_run"": ""20260916T124604860296Z-limits-study"", ""source_trial"": 24, ""source_case_id"": ""decision-0-inspection-check-True"", ""source_repetition"": 1, ""check_answer"": ""yes"", ""check_correct"": true}",1,1,1.0,1,0.99,0.98,402,32,320.54,"{""answer"": {""bring"": 1}}"
pipeline-26,pipeline,"{""scenario"": ""1-appointment"", ""kind"": ""appointment"", ""mode"": ""pipeline"", ""reverse"": true, ""label"": ""go_without"", ""source_run"": ""20260916T124604860296Z-limits-study"", ""source_trial"": 26, ""source_case_id"": ""decision-1-appointment-check-True"", ""source_repetition"": 1, ""check_answer"": ""no"", ""check_correct"": true}",1,1,1.0,1,1.0,1.0,416,33,344.56,"{""answer"": {""go_without"": 1}}"
pipeline-29,pipeline,"{""scenario"": ""2-collection"", ""kind"": ""collection"", ""mode"": ""pipeline"", ""reverse"": true, ""label"": ""go_without"", ""source_run"": ""20260916T124604860296Z-limits-study"", ""source_trial"": 29, ""source_case_id"": ""decision-2-collection-check-True"", ""source_repetition"": 1, ""check_answer"": ""no"", ""check_correct"": true}",1,1,1.0,1,1.0,1.0,401,33,340.0,"{""answer"": {""go_without"": 1}}"
pipeline-33,pipeline,"{""scenario"": ""11-appointment"", ""kind"": ""appointment"", ""mode"": ""pipeline"", ""reverse"": false, ""label"": ""go_without"", ""source_run"": ""20260916T124604860296Z-limits-study"", ""source_trial"": 33, ""source_case_id"": ""decision-11-appointment-check-False"", ""source_repetition"": 2, ""check_answer"": ""no"", ""check_correct"": true}",1,1,1.0,1,1.0,1.0,418,33,281.92,"{""answer"": {""go_without"": 1}}"
pipeline-34,pipeline,"{""scenario"": ""7-service"", ""kind"": ""service"", ""mode"": ""pipeline"", ""reverse"": true, ""label"": ""bring"", ""source_run"": ""20260916T124604860296Z-limits-study"", ""source_trial"": 34, ""source_case_id"": ""decision-7-service-check-True"", ""source_repetition"": 1, ""check_answer"": ""yes"", ""check_correct"": true}",1,1,1.0,1,0.97,0.94,402,32,320.46,"{""answer"": {""bring"": 1}}"
pipeline-43,pipeline,"{""scenario"": ""0-appointment"", ""kind"": ""appointment"", ""mode"": ""pipeline"", ""reverse"": false, ""label"": ""go_without"", ""source_run"": ""20260916T124604860296Z-limits-study"", ""source_trial"": 43, ""source_case_id"": ""decision-0-appointment-check-False"", ""source_repetition"": 0, ""check_answer"": ""no"", ""check_correct"": true}",1,1,1.0,1,1.0,1.0,416,33,281.51,"{""answer"": {""go_without"": 1}}"
pipeline-61,pipeline,"{""scenario"": ""10-collection"", ""kind"": ""collection"", ""mode"": ""pipeline"", ""reverse"": true, ""label"": ""go_without"", ""source_run"": ""20260916T124604860296Z-limits-study"", ""source_trial"": 61, ""source_case_id"": ""decision-10-collection-check-True"", ""source_repetition"": 1, ""check_answer"": ""no"", ""check_correct"": true}",1,1,1.0,1,1.0,1.0,401,33,298.51,"{""answer"": {""go_without"": 1}}"
pipeline-68,pipeline,"{""scenario"": ""3-service"", ""kind"": ""service"", ""mode"": ""pipeline"", ""reverse"": true, ""label"": ""bring"", ""source_run"": ""20260916T124604860296Z-limits-study"", ""source_trial"": 68, ""source_case_id"": ""decision-3-service-check-True"", ""source_repetition"": 0, ""check_answer"": ""yes"", ""check_correct"": true}",1,1,1.0,1,0.97,0.93,402,32,272.25,"{""answer"": {""bring"": 1}}"
pipeline-70,pipeline,"{""scenario"": ""6-inspection"", ""kind"": ""inspection"", ""mode"": ""pipeline"", ""reverse"": false, ""label"": ""bring"", ""source_run"": ""20260916T124604860296Z-limits-study"", ""source_trial"": 70, ""source_case_id"": ""decision-6-inspection-check-False"", ""source_repetition"": 2, ""check_answer"": ""yes"", ""check_correct"": true}",1,1,1.0,1,1.0,1.0,404,32,326.25,"{""answer"": {""bring"": 1}}"
pipeline-95,pipeline,"{""scenario"": ""7-service"", ""kind"": ""service"", ""mode"": ""pipeline"", ""reverse"": false, ""label"": ""bring"", ""source_run"": ""20260916T124604860296Z-limits-study"", ""source_trial"": 95, ""source_case_id"": ""decision-7-service-check-False"", ""source_repetition"": 2, ""check_answer"": ""yes"", ""check_correct"": true}",1,1,1.0,1,0.98,0.96,402,32,321.13,"{""answer"": {""bring"": 1}}"
pipeline-96,pipeline,"{""scenario"": ""8-collection"", ""kind"": ""collection"", ""mode"": ""pipeline"", ""reverse"": true, ""label"": ""go_without"", ""source_run"": ""20260916T124604860296Z-limits-study"", ""source_trial"": 96, ""source_case_id"": ""decision-8-collection-check-True"", ""source_repetition"": 2, ""check_answer"": ""no"", ""check_correct"": true}",1,1,1.0,1,1.0,1.0,401,33,310.61,"{""answer"": {""go_without"": 1}}"
pipeline-106,pipeline,"{""scenario"": ""7-collection"", ""kind"": ""collection"", ""mode"": ""pipeline"", ""reverse"": false, ""label"": ""go_without"", ""source_run"": ""20260916T124604860296Z-limits-study"", ""source_trial"": 106, ""source_case_id"": ""decision-7-collection-check-False"", ""source_repetition"": 1, ""check_answer"": ""no"", ""check_correct"": true}",1,1,1.0,1,1.0,1.0,401,33,312.29,"{""answer"": {""go_without"": 1}}"
pipeline-107,pipeline,"{""scenario"": ""2-appointment"", ""kind"": ""appointment"", ""mode"": ""pipeline"", ""reverse"": false, ""label"": ""go_without"", ""source_run"": ""20260916T124604860296Z-limits-study"", ""source_trial"": 107, ""source_case_id"": ""decision-2-appointment-check-False"", ""source_repetition"": 2, ""check_answer"": ""no"", ""check_correct"": true}",1,1,1.0,1,1.0,1.0,416,33,592.91,"{""answer"": {""go_without"": 1}}"
pipeline-114,pipeline,"{""scenario"": ""7-inspection"", ""kind"": ""inspection"", ""mode"": ""pipeline"", ""reverse"": false, ""label"": ""bring"", ""source_run"": ""20260916T124604860296Z-limits-study"", ""source_trial"": 114, ""source_case_id"": ""decision-7-inspection-check-False"", ""source_repetition"": 2, ""check_answer"": ""yes"", ""check_correct"": true}",1,1,1.0,1,1.0,1.0,402,32,301.32,"{""answer"": {""bring"": 1}}"
pipeline-117,pipeline,"{""scenario"": ""10-inspection"", ""kind"": ""inspection"", ""mode"": ""pipeline"", ""reverse"": true, ""label"": ""bring"", ""source_run"": ""20260916T124604860296Z-limits-study"", ""source_trial"": 117, ""source_case_id"": ""decision-10-inspection-check-True"", ""source_repetition"": 2, ""check_answer"": ""yes"", ""check_correct"": true}",1,1,1.0,1,1.0,1.0,402,32,359.3,"{""answer"": {""bring"": 1}}"
pipeline-118,pipeline,"{""scenario"": ""0-appointment"", ""kind"": ""appointment"", ""mode"": ""pipeline"", ""reverse"": false, ""label"": ""go_without"", ""source_run"": ""20260916T124604860296Z-limits-study"", ""source_trial"": 118, ""source_case_id"": ""decision-0-appointment-check-False"", ""source_repetition"": 1, ""check_answer"": ""no"", ""check_correct"": true}",1,1,1.0,1,1.0,1.0,416,33,321.56,"{""answer"": {""go_without"": 1}}"
pipeline-123,pipeline,"{""scenario"": ""11-service"", ""kind"": ""service"", ""mode"": ""pipeline"", ""reverse"": false, ""label"": ""bring"", ""source_run"": ""20260916T124604860296Z-limits-study"", ""source_trial"": 123, ""source_case_id"": ""decision-11-service-check-False"", ""source_repetition"": 2, ""check_answer"": ""yes"", ""check_correct"": true}",1,1,1.0,1,1.0,0.99,404,32,305.34,"{""answer"": {""bring"": 1}}"
pipeline-124,pipeline,"{""scenario"": ""0-service"", ""kind"": ""service"", ""mode"": ""pipeline"", ""reverse"": false, ""label"": ""bring"", ""source_run"": ""20260916T124604860296Z-limits-study"", ""source_trial"": 124, ""source_case_id"": ""decision-0-service-check-False"", ""source_repetition"": 0, ""check_answer"": ""yes"", ""check_correct"": true}",1,1,1.0,1,1.0,0.99,402,32,490.08,"{""answer"": {""bring"": 1}}"
pipeline-129,pipeline,"{""scenario"": ""3-inspection"", ""kind"": ""inspection"", ""mode"": ""pipeline"", ""reverse"": false, ""label"": ""bring"", ""source_run"": ""20260916T124604860296Z-limits-study"", ""source_trial"": 129, ""source_case_id"": ""decision-3-inspection-check-False"", ""source_repetition"": 2, ""check_answer"": ""yes"", ""check_correct"": true}",1,1,1.0,1,1.0,1.0,402,32,312.64,"{""answer"": {""bring"": 1}}"
pipeline-132,pipeline,"{""scenario"": ""1-appointment"", ""kind"": ""appointment"", ""mode"": ""pipeline"", ""reverse"": false, ""label"": ""go_without"", ""source_run"": ""20260916T124604860296Z-limits-study"", ""source_trial"": 132, ""source_case_id"": ""decision-1-appointment-check-False"", ""source_repetition"": 1, ""check_answer"": ""no"", ""check_correct"": true}",1,1,1.0,1,1.0,1.0,416,33,310.99,"{""answer"": {""go_without"": 1}}"
pipeline-145,pipeline,"{""scenario"": ""4-collection"", ""kind"": ""collection"", ""mode"": ""pipeline"", ""reverse"": false, ""label"": ""go_without"", ""source_run"": ""20260916T124604860296Z-limits-study"", ""source_trial"": 145, ""source_case_id"": ""decision-4-collection-check-False"", ""source_repetition"": 0, ""check_answer"": ""no"", ""check_correct"": true}",1,1,1.0,1,1.0,1.0,403,33,376.15,"{""answer"": {""go_without"": 1}}"
pipeline-169,pipeline,"{""scenario"": ""9-collection"", ""kind"": ""collection"", ""mode"": ""pipeline"", ""reverse"": true, ""label"": ""go_without"", ""source_run"": ""20260916T124604860296Z-limits-study"", ""source_trial"": 169, ""source_case_id"": ""decision-9-collection-check-True"", ""source_repetition"": 2, ""check_answer"": ""no"", ""check_correct"": true}",1,1,1.0,1,1.0,1.0,402,33,303.52,"{""answer"": {""go_without"": 1}}"
pipeline-171,pipeline,"{""scenario"": ""11-collection"", ""kind"": ""collection"", ""mode"": ""pipeline"", ""reverse"": true, ""label"": ""go_without"", ""source_run"": ""20260916T124604860296Z-limits-study"", ""source_trial"": 171, ""source_case_id"": ""decision-11-collection-check-True"", ""source_repetition"": 2, ""check_answer"": ""no"", ""check_correct"": true}",1,1,1.0,1,1.0,1.0,403,33,407.64,"{""answer"": {""go_without"": 1}}"
pipeline-178,pipeline,"{""scenario"": ""5-inspection"", ""kind"": ""inspection"", ""mode"": ""pipeline"", ""reverse"": true, ""label"": ""bring"", ""source_run"": ""20260916T124604860296Z-limits-study"", ""source_trial"": 178, ""source_case_id"": ""decision-5-inspection-check-True"", ""source_repetition"": 0, ""check_answer"": ""yes"", ""check_correct"": true}",1,1,1.0,1,1.0,1.0,402,32,343.37,"{""answer"": {""bring"": 1}}"
pipeline-182,pipeline,"{""scenario"": ""2-service"", ""kind"": ""service"", ""mode"": ""pipeline"", ""reverse"": true, ""label"": ""bring"", ""source_run"": ""20260916T124604860296Z-limits-study"", ""source_trial"": 182, ""source_case_id"": ""decision-2-service-check-True"", ""source_repetition"": 1, ""check_answer"": ""yes"", ""check_correct"": true}",1,1,1.0,1,0.99,0.99,402,32,309.7,"{""answer"": {""bring"": 1}}"
pipeline-189,pipeline,"{""scenario"": ""3-appointment"", ""kind"": ""appointment"", ""mode"": ""pipeline"", ""reverse"": false, ""label"": ""go_without"", ""source_run"": ""20260916T124604860296Z-limits-study"", ""source_trial"": 189, ""source_case_id"": ""decision-3-appointment-check-False"", ""source_repetition"": 2, ""check_answer"": ""no"", ""check_correct"": true}",1,1,1.0,1,1.0,1.0,416,33,311.14,"{""answer"": {""go_without"": 1}}"
pipeline-190,pipeline,"{""scenario"": ""7-service"", ""kind"": ""service"", ""mode"": ""pipeline"", ""reverse"": false, ""label"": ""bring"", ""source_run"": ""20260916T124604860296Z-limits-study"", ""source_trial"": 190, ""source_case_id"": ""decision-7-service-check-False"", ""source_repetition"": 0, ""check_answer"": ""yes"", ""check_correct"": true}",1,1,1.0,1,0.98,0.97,402,32,281.51,"{""answer"": {""bring"": 1}}"
pipeline-194,pipeline,"{""scenario"": ""9-service"", ""kind"": ""service"", ""mode"": ""pipeline"", ""reverse"": false, ""label"": ""bring"", ""source_run"": ""20260916T124604860296Z-limits-study"", ""source_trial"": 194, ""source_case_id"": ""decision-9-service-check-False"", ""source_repetition"": 0, ""check_answer"": ""yes"", ""check_correct"": true}",1,1,1.0,1,1.0,0.99,403,32,356.44,"{""answer"": {""bring"": 1}}"
pipeline-195,pipeline,"{""scenario"": ""3-appointment"", ""kind"": ""appointment"", ""mode"": ""pipeline"", ""reverse"": true, ""label"": ""go_without"", ""source_run"": ""20260916T124604860296Z-limits-study"", ""source_trial"": 195, ""source_case_id"": ""decision-3-appointment-check-True"", ""source_repetition"": 0, ""check_answer"": ""no"", ""check_correct"": true}",1,1,1.0,1,1.0,1.0,416,33,376.94,"{""answer"": {""go_without"": 1}}"
pipeline-204,pipeline,"{""scenario"": ""8-service"", ""kind"": ""service"", ""mode"": ""pipeline"", ""reverse"": false, ""label"": ""bring"", ""source_run"": ""20260916T124604860296Z-limits-study"", ""source_trial"": 204, ""source_case_id"": ""decision-8-service-check-False"", ""source_repetition"": 0, ""check_answer"": ""yes"", ""check_correct"": true}",1,1,1.0,1,1.0,0.99,402,32,290.07,"{""answer"": {""bring"": 1}}"
pipeline-216,pipeline,"{""scenario"": ""7-appointment"", ""kind"": ""appointment"", ""mode"": ""pipeline"", ""reverse"": true, ""label"": ""go_without"", ""source_run"": ""20260916T124604860296Z-limits-study"", ""source_trial"": 216, ""source_case_id"": ""decision-7-appointment-check-True"", ""source_repetition"": 1, ""check_answer"": ""no"", ""check_correct"": true}",1,1,1.0,1,1.0,1.0,416,33,291.76,"{""answer"": {""go_without"": 1}}"
pipeline-217,pipeline,"{""scenario"": ""8-appointment"", ""kind"": ""appointment"", ""mode"": ""pipeline"", ""reverse"": false, ""label"": ""go_without"", ""source_run"": ""20260916T124604860296Z-limits-study"", ""source_trial"": 217, ""source_case_id"": ""decision-8-appointment-check-False"", ""source_repetition"": 2, ""check_answer"": ""no"", ""check_correct"": true}",1,1,1.0,1,1.0,1.0,416,33,808.55,"{""answer"": {""go_without"": 1}}"
pipeline-222,pipeline,"{""scenario"": ""0-inspection"", ""kind"": ""inspection"", ""mode"": ""pipeline"", ""reverse"": true, ""label"": ""bring"", ""source_run"": ""20260916T124604860296Z-limits-study"", ""source_trial"": 222, ""source_case_id"": ""decision-0-inspection-check-True"", ""source_repetition"": 2, ""check_answer"": ""yes"", ""check_correct"": true}",1,1,1.0,1,1.0,0.99,402,32,314.46,"{""answer"": {""bring"": 1}}"
pipeline-223,pipeline,"{""scenario"": ""1-collection"", ""kind"": ""collection"", ""mode"": ""pipeline"", ""reverse"": false, ""label"": ""go_without"", ""source_run"": ""20260916T124604860296Z-limits-study"", ""source_trial"": 223, ""source_case_id"": ""decision-1-collection-check-False"", ""source_repetition"": 1, ""check_answer"": ""no"", ""check_correct"": true}",1,1,1.0,1,1.0,1.0,401,33,320.06,"{""answer"": {""go_without"": 1}}"
pipeline-225,pipeline,"{""scenario"": ""10-collection"", ""kind"": ""collection"", ""mode"": ""pipeline"", ""reverse"": false, ""label"": ""go_without"", ""source_run"": ""20260916T124604860296Z-limits-study"", ""source_trial"": 225, ""source_case_id"": ""decision-10-collection-check-False"", ""source_repetition"": 0, ""check_answer"": ""no"", ""check_correct"": true}",1,1,1.0,1,1.0,1.0,401,33,363.28,"{""answer"": {""go_without"": 1}}"
pipeline-231,pipeline,"{""scenario"": ""9-service"", ""kind"": ""service"", ""mode"": ""pipeline"", ""reverse"": true, ""label"": ""bring"", ""source_run"": ""20260916T124604860296Z-limits-study"", ""source_trial"": 231, ""source_case_id"": ""decision-9-service-check-True"", ""source_repetition"": 2, ""check_answer"": ""yes"", ""check_correct"": true}",1,1,1.0,1,0.99,0.99,403,32,311.33,"{""answer"": {""bring"": 1}}"
pipeline-236,pipeline,"{""scenario"": ""11-collection"", ""kind"": ""collection"", ""mode"": ""pipeline"", ""reverse"": false, ""label"": ""go_without"", ""source_run"": ""20260916T124604860296Z-limits-study"", ""source_trial"": 236, ""source_case_id"": ""decision-11-collection-check-False"", ""source_repetition"": 0, ""check_answer"": ""no"", ""check_correct"": true}",1,1,1.0,1,1.0,1.0,403,33,263.9,"{""answer"": {""go_without"": 1}}"
pipeline-241,pipeline,"{""scenario"": ""3-inspection"", ""kind"": ""inspection"", ""mode"": ""pipeline"", ""reverse"": true, ""label"": ""bring"", ""source_run"": ""20260916T124604860296Z-limits-study"", ""source_trial"": 241, ""source_case_id"": ""decision-3-inspection-check-True"", ""source_repetition"": 0, ""check_answer"": ""yes"", ""check_correct"": true}",1,1,1.0,1,1.0,0.99,402,32,338.55,"{""answer"": {""bring"": 1}}"
pipeline-244,pipeline,"{""scenario"": ""10-appointment"", ""kind"": ""appointment"", ""mode"": ""pipeline"", ""reverse"": false, ""label"": ""go_without"", ""source_run"": ""20260916T124604860296Z-limits-study"", ""source_trial"": 244, ""source_case_id"": ""decision-10-appointment-check-False"", ""source_repetition"": 0, ""check_answer"": ""no"", ""check_correct"": true}",1,1,1.0,1,1.0,1.0,416,33,337.47,"{""answer"": {""go_without"": 1}}"
pipeline-245,pipeline,"{""scenario"": ""7-collection"", ""kind"": ""collection"", ""mode"": ""pipeline"", ""reverse"": true, ""label"": ""go_without"", ""source_run"": ""20260916T124604860296Z-limits-study"", ""source_trial"": 245, ""source_case_id"": ""decision-7-collection-check-True"", ""source_repetition"": 1, ""check_answer"": ""no"", ""check_correct"": true}",1,1,1.0,1,1.0,1.0,401,33,340.29,"{""answer"": {""go_without"": 1}}"
pipeline-251,pipeline,"{""scenario"": ""4-collection"", ""kind"": ""collection"", ""mode"": ""pipeline"", ""reverse"": false, ""label"": ""go_without"", ""source_run"": ""20260916T124604860296Z-limits-study"", ""source_trial"": 251, ""source_case_id"": ""decision-4-collection-check-False"", ""source_repetition"": 2, ""check_answer"": ""no"", ""check_correct"": true}",1,1,1.0,1,1.0,1.0,403,33,318.0,"{""answer"": {""go_without"": 1}}"
pipeline-253,pipeline,"{""scenario"": ""8-collection"", ""kind"": ""collection"", ""mode"": ""pipeline"", ""reverse"": true, ""label"": ""go_without"", ""source_run"": ""20260916T124604860296Z-limits-study"", ""source_trial"": 253, ""source_case_id"": ""decision-8-collection-check-True"", ""source_repetition"": 1, ""check_answer"": ""no"", ""check_correct"": true}",1,1,1.0,1,1.0,1.0,401,33,321.61,"{""answer"": {""go_without"": 1}}"
pipeline-263,pipeline,"{""scenario"": ""11-appointment"", ""kind"": ""appointment"", ""mode"": ""pipeline"", ""reverse"": true, ""label"": ""go_without"", ""source_run"": ""20260916T124604860296Z-limits-study"", ""source_trial"": 263, ""source_case_id"": ""decision-11-appointment-check-True"", ""source_repetition"": 2, ""check_answer"": ""no"", ""check_correct"": true}",1,1,1.0,1,1.0,1.0,418,33,368.86,"{""answer"": {""go_without"": 1}}"
pipeline-264,pipeline,"{""scenario"": ""6-inspection"", ""kind"": ""inspection"", ""mode"": ""pipeline"", ""reverse"": true, ""label"": ""bring"", ""source_run"": ""20260916T124604860296Z-limits-study"", ""source_trial"": 264, ""source_case_id"": ""decision-6-inspection-check-True"", ""source_repetition"": 0, ""check_answer"": ""yes"", ""check_correct"": true}",1,1,1.0,1,1.0,0.99,404,32,293.92,"{""answer"": {""bring"": 1}}"
pipeline-267,pipeline,"{""scenario"": ""0-service"", ""kind"": ""service"", ""mode"": ""pipeline"", ""reverse"": true, ""label"": ""bring"", ""source_run"": ""20260916T124604860296Z-limits-study"", ""source_trial"": 267, ""source_case_id"": ""decision-0-service-check-True"", ""source_repetition"": 0, ""check_answer"": ""yes"", ""check_correct"": true}",1,1,1.0,1,0.99,0.97,402,32,359.71,"{""answer"": {""bring"": 1}}"
pipeline-268,pipeline,"{""scenario"": ""7-collection"", ""kind"": ""collection"", ""mode"": ""pipeline"", ""reverse"": false, ""label"": ""go_without"", ""source_run"": ""20260916T124604860296Z-limits-study"", ""source_trial"": 268, ""source_case_id"": ""decision-7-collection-check-False"", ""source_repetition"": 0, ""check_answer"": ""no"", ""check_correct"": true}",1,1,1.0,1,1.0,1.0,401,33,325.39,"{""answer"": {""go_without"": 1}}"
pipeline-270,pipeline,"{""scenario"": ""1-appointment"", ""kind"": ""appointment"", ""mode"": ""pipeline"", ""reverse"": false, ""label"": ""go_without"", ""source_run"": ""20260916T124604860296Z-limits-study"", ""source_trial"": 270, ""source_case_id"": ""decision-1-appointment-check-False"", ""source_repetition"": 0, ""check_answer"": ""no"", ""check_correct"": true}",1,1,1.0,1,1.0,1.0,416,33,328.55,"{""answer"": {""go_without"": 1}}"
pipeline-273,pipeline,"{""scenario"": ""11-service"", ""kind"": ""service"", ""mode"": ""pipeline"", ""reverse"": false, ""label"": ""bring"", ""source_run"": ""20260916T124604860296Z-limits-study"", ""source_trial"": 273, ""source_case_id"": ""decision-11-service-check-False"", ""source_repetition"": 0, ""check_answer"": ""yes"", ""check_correct"": true}",1,1,1.0,1,1.0,0.99,404,32,787.31,"{""answer"": {""bring"": 1}}"
pipeline-275,pipeline,"{""scenario"": ""1-collection"", ""kind"": ""collection"", ""mode"": ""pipeline"", ""reverse"": true, ""label"": ""go_without"", ""source_run"": ""20260916T124604860296Z-limits-study"", ""source_trial"": 275, ""source_case_id"": ""decision-1-collection-check-True"", ""source_repetition"": 1, ""check_answer"": ""no"", ""check_correct"": true}",1,1,1.0,1,1.0,1.0,401,33,299.18,"{""answer"": {""go_without"": 1}}"
pipeline-279,pipeline,"{""scenario"": ""1-collection"", ""kind"": ""collection"", ""mode"": ""pipeline"", ""reverse"": true, ""label"": ""go_without"", ""source_run"": ""20260916T124604860296Z-limits-study"", ""source_trial"": 279, ""source_case_id"": ""decision-1-collection-check-True"", ""source_repetition"": 0, ""check_answer"": ""no"", ""check_correct"": true}",1,1,1.0,1,1.0,1.0,401,33,437.31,"{""answer"": {""go_without"": 1}}"
pipeline-282,pipeline,"{""scenario"": ""0-service"", ""kind"": ""service"", ""mode"": ""pipeline"", ""reverse"": true, ""label"": ""bring"", ""source_run"": ""20260916T124604860296Z-limits-study"", ""source_trial"": 282, ""source_case_id"": ""decision-0-service-check-True"", ""source_repetition"": 2, ""check_answer"": ""yes"", ""check_correct"": true}",1,1,1.0,1,0.99,0.98,402,32,309.55,"{""answer"": {""bring"": 1}}"
pipeline-283,pipeline,"{""scenario"": ""3-collection"", ""kind"": ""collection"", ""mode"": ""pipeline"", ""reverse"": false, ""label"": ""go_without"", ""source_run"": ""20260916T124604860296Z-limits-study"", ""source_trial"": 283, ""source_case_id"": ""decision-3-collection-check-False"", ""source_repetition"": 0, ""check_answer"": ""no"", ""check_correct"": true}",1,1,1.0,1,1.0,1.0,401,33,309.5,"{""answer"": {""go_without"": 1}}"
pipeline-289,pipeline,"{""scenario"": ""10-appointment"", ""kind"": ""appointment"", ""mode"": ""pipeline"", ""reverse"": false, ""label"": ""go_without"", ""source_run"": ""20260916T124604860296Z-limits-study"", ""source_trial"": 289, ""source_case_id"": ""decision-10-appointment-check-False"", ""source_repetition"": 2, ""check_answer"": ""no"", ""check_correct"": true}",1,1,1.0,1,1.0,1.0,416,33,360.83,"{""answer"": {""go_without"": 1}}"
pipeline-298,pipeline,"{""scenario"": ""9-service"", ""kind"": ""service"", ""mode"": ""pipeline"", ""reverse"": false, ""label"": ""bring"", ""source_run"": ""20260916T124604860296Z-limits-study"", ""source_trial"": 298, ""source_case_id"": ""decision-9-service-check-False"", ""source_repetition"": 2, ""check_answer"": ""yes"", ""check_correct"": true}",1,1,1.0,1,1.0,0.99,403,32,303.03,"{""answer"": {""bring"": 1}}"
pipeline-300,pipeline,"{""scenario"": ""10-appointment"", ""kind"": ""appointment"", ""mode"": ""pipeline"", ""reverse"": true, ""label"": ""go_without"", ""source_run"": ""20260916T124604860296Z-limits-study"", ""source_trial"": 300, ""source_case_id"": ""decision-10-appointment-check-True"", ""source_repetition"": 1, ""check_answer"": ""no"", ""check_correct"": true}",1,1,1.0,1,1.0,1.0,416,33,358.37,"{""answer"": {""go_without"": 1}}"
pipeline-302,pipeline,"{""scenario"": ""3-appointment"", ""kind"": ""appointment"", ""mode"": ""pipeline"", ""reverse"": false, ""label"": ""go_without"", ""source_run"": ""20260916T124604860296Z-limits-study"", ""source_trial"": 302, ""source_case_id"": ""decision-3-appointment-check-False"", ""source_repetition"": 0, ""check_answer"": ""no"", ""check_correct"": true}",1,1,1.0,1,1.0,1.0,416,33,307.94,"{""answer"": {""go_without"": 1}}"
pipeline-306,pipeline,"{""scenario"": ""11-service"", ""kind"": ""service"", ""mode"": ""pipeline"", ""reverse"": true, ""label"": ""bring"", ""source_run"": ""20260916T124604860296Z-limits-study"", ""source_trial"": 306, ""source_case_id"": ""decision-11-service-check-True"", ""source_repetition"": 2, ""check_answer"": ""yes"", ""check_correct"": true}",1,1,1.0,1,0.99,0.99,404,32,265.58,"{""answer"": {""bring"": 1}}"
pipeline-315,pipeline,"{""scenario"": ""10-service"", ""kind"": ""service"", ""mode"": ""pipeline"", ""reverse"": true, ""label"": ""bring"", ""source_run"": ""20260916T124604860296Z-limits-study"", ""source_trial"": 315, ""source_case_id"": ""decision-10-service-check-True"", ""source_repetition"": 0, ""check_answer"": ""yes"", ""check_correct"": true}",1,1,1.0,1,0.99,0.97,402,32,365.34,"{""answer"": {""bring"": 1}}"
pipeline-317,pipeline,"{""scenario"": ""0-inspection"", ""kind"": ""inspection"", ""mode"": ""pipeline"", ""reverse"": false, ""label"": ""bring"", ""source_run"": ""20260916T124604860296Z-limits-study"", ""source_trial"": 317, ""source_case_id"": ""decision-0-inspection-check-False"", ""source_repetition"": 1, ""check_answer"": ""yes"", ""check_correct"": true}",1,1,1.0,1,1.0,1.0,402,32,311.97,"{""answer"": {""bring"": 1}}"
pipeline-328,pipeline,"{""scenario"": ""5-inspection"", ""kind"": ""inspection"", ""mode"": ""pipeline"", ""reverse"": true, ""label"": ""bring"", ""source_run"": ""20260916T124604860296Z-limits-study"", ""source_trial"": 328, ""source_case_id"": ""decision-5-inspection-check-True"", ""source_repetition"": 2, ""check_answer"": ""yes"", ""check_correct"": true}",1,1,1.0,1,1.0,1.0,402,32,391.61,"{""answer"": {""bring"": 1}}"
pipeline-334,pipeline,"{""scenario"": ""4-collection"", ""kind"": ""collection"", ""mode"": ""pipeline"", ""reverse"": true, ""label"": ""go_without"", ""source_run"": ""20260916T124604860296Z-limits-study"", ""source_trial"": 334, ""source_case_id"": ""decision-4-collection-check-True"", ""source_repetition"": 0, ""check_answer"": ""no"", ""check_correct"": true}",1,1,1.0,1,1.0,1.0,403,33,363.53,"{""answer"": {""go_without"": 1}}"
pipeline-338,pipeline,"{""scenario"": ""11-service"", ""kind"": ""service"", ""mode"": ""pipeline"", ""reverse"": false, ""label"": ""bring"", ""source_run"": ""20260916T124604860296Z-limits-study"", ""source_trial"": 338, ""source_case_id"": ""decision-11-service-check-False"", ""source_repetition"": 1, ""check_answer"": ""yes"", ""check_correct"": true}",1,1,1.0,1,1.0,0.99,404,32,285.87,"{""answer"": {""bring"": 1}}"
pipeline-341,pipeline,"{""scenario"": ""2-appointment"", ""kind"": ""appointment"", ""mode"": ""pipeline"", ""reverse"": false, ""label"": ""go_without"", ""source_run"": ""20260916T124604860296Z-limits-study"", ""source_trial"": 341, ""source_case_id"": ""decision-2-appointment-check-False"", ""source_repetition"": 1, ""check_answer"": ""no"", ""check_correct"": true}",1,1,1.0,1,1.0,1.0,416,33,290.2,"{""answer"": {""go_without"": 1}}"
pipeline-342,pipeline,"{""scenario"": ""9-inspection"", ""kind"": ""inspection"", ""mode"": ""pipeline"", ""reverse"": true, ""label"": ""bring"", ""source_run"": ""20260916T124604860296Z-limits-study"", ""source_trial"": 342, ""source_case_id"": ""decision-9-inspection-check-True"", ""source_repetition"": 1, ""check_answer"": ""yes"", ""check_correct"": true}",1,1,1.0,1,1.0,1.0,402,32,295.67,"{""answer"": {""bring"": 1}}"
pipeline-359,pipeline,"{""scenario"": ""8-inspection"", ""kind"": ""inspection"", ""mode"": ""pipeline"", ""reverse"": false, ""label"": ""bring"", ""source_run"": ""20260916T124604860296Z-limits-study"", ""source_trial"": 359, ""source_case_id"": ""decision-8-inspection-check-False"", ""source_repetition"": 1, ""check_answer"": ""yes"", ""check_correct"": true}",1,1,1.0,1,1.0,1.0,402,32,340.85,"{""answer"": {""bring"": 1}}"
pipeline-364,pipeline,"{""scenario"": ""5-collection"", ""kind"": ""collection"", ""mode"": ""pipeline"", ""reverse"": false, ""label"": ""go_without"", ""source_run"": ""20260916T124604860296Z-limits-study"", ""source_trial"": 364, ""source_case_id"": ""decision-5-collection-check-False"", ""source_repetition"": 1, ""check_answer"": ""no"", ""check_correct"": true}",1,1,1.0,1,1.0,1.0,401,33,284.04,"{""answer"": {""go_without"": 1}}"
pipeline-367,pipeline,"{""scenario"": ""4-service"", ""kind"": ""service"", ""mode"": ""pipeline"", ""reverse"": false, ""label"": ""bring"", ""source_run"": ""20260916T124604860296Z-limits-study"", ""source_trial"": 367, ""source_case_id"": ""decision-4-service-check-False"", ""source_repetition"": 2, ""check_answer"": ""yes"", ""check_correct"": true}",1,1,1.0,1,0.98,0.97,404,32,293.67,"{""answer"": {""bring"": 1}}"
pipeline-381,pipeline,"{""scenario"": ""10-appointment"", ""kind"": ""appointment"", ""mode"": ""pipeline"", ""reverse"": false, ""label"": ""go_without"", ""source_run"": ""20260916T124604860296Z-limits-study"", ""source_trial"": 381, ""source_case_id"": ""decision-10-appointment-check-False"", ""source_repetition"": 1, ""check_answer"": ""no"", ""check_correct"": true}",1,1,1.0,1,1.0,1.0,416,33,300.45,"{""answer"": {""go_without"": 1}}"
pipeline-382,pipeline,"{""scenario"": ""10-collection"", ""kind"": ""collection"", ""mode"": ""pipeline"", ""reverse"": true, ""label"": ""go_without"", ""source_run"": ""20260916T124604860296Z-limits-study"", ""source_trial"": 382, ""source_case_id"": ""decision-10-collection-check-True"", ""source_repetition"": 2, ""check_answer"": ""no"", ""check_correct"": true}",1,1,1.0,1,1.0,1.0,401,33,257.7,"{""answer"": {""go_without"": 1}}"
pipeline-389,pipeline,"{""scenario"": ""2-inspection"", ""kind"": ""inspection"", ""mode"": ""pipeline"", ""reverse"": true, ""label"": ""bring"", ""source_run"": ""20260916T124604860296Z-limits-study"", ""source_trial"": 389, ""source_case_id"": ""decision-2-inspection-check-True"", ""source_repetition"": 2, ""check_answer"": ""yes"", ""check_correct"": true}",1,1,1.0,1,0.99,0.99,402,32,321.84,"{""answer"": {""bring"": 1}}"
pipeline-399,pipeline,"{""scenario"": ""11-collection"", ""kind"": ""collection"", ""mode"": ""pipeline"", ""reverse"": false, ""label"": ""go_without"", ""source_run"": ""20260916T124604860296Z-limits-study"", ""source_trial"": 399, ""source_case_id"": ""decision-11-collection-check-False"", ""source_repetition"": 2, ""check_answer"": ""no"", ""check_correct"": true}",1,1,1.0,1,1.0,1.0,403,33,358.45,"{""answer"": {""go_without"": 1}}"
pipeline-402,pipeline,"{""scenario"": ""1-service"", ""kind"": ""service"", ""mode"": ""pipeline"", ""reverse"": false, ""label"": ""bring"", ""source_run"": ""20260916T124604860296Z-limits-study"", ""source_trial"": 402, ""source_case_id"": ""decision-1-service-check-False"", ""source_repetition"": 2, ""check_answer"": ""yes"", ""check_correct"": true}",1,1,1.0,1,1.0,1.0,402,32,315.05,"{""answer"": {""bring"": 1}}"
pipeline-403,pipeline,"{""scenario"": ""3-inspection"", ""kind"": ""inspection"", ""mode"": ""pipeline"", ""reverse"": false, ""label"": ""bring"", ""source_run"": ""20260916T124604860296Z-limits-study"", ""source_trial"": 403, ""source_case_id"": ""decision-3-inspection-check-False"", ""source_repetition"": 0, ""check_answer"": ""yes"", ""check_correct"": true}",1,1,1.0,1,1.0,1.0,402,32,304.09,"{""answer"": {""bring"": 1}}"
pipeline-404,pipeline,"{""scenario"": ""0-collection"", ""kind"": ""collection"", ""mode"": ""pipeline"", ""reverse"": false, ""label"": ""go_without"", ""source_run"": ""20260916T124604860296Z-limits-study"", ""source_trial"": 404, ""source_case_id"": ""decision-0-collection-check-False"", ""source_repetition"": 2, ""check_answer"": ""no"", ""check_correct"": true}",1,1,1.0,1,1.0,1.0,401,33,316.98,"{""answer"": {""go_without"": 1}}"
pipeline-407,pipeline,"{""scenario"": ""3-collection"", ""kind"": ""collection"", ""mode"": ""pipeline"", ""reverse"": true, ""label"": ""go_without"", ""source_run"": ""20260916T124604860296Z-limits-study"", ""source_trial"": 407, ""source_case_id"": ""decision-3-collection-check-True"", ""source_repetition"": 2, ""check_answer"": ""no"", ""check_correct"": true}",1,1,1.0,1,1.0,1.0,401,33,795.55,"{""answer"": {""go_without"": 1}}"
pipeline-412,pipeline,"{""scenario"": ""0-inspection"", ""kind"": ""inspection"", ""mode"": ""pipeline"", ""reverse"": false, ""label"": ""bring"", ""source_run"": ""20260916T124604860296Z-limits-study"", ""source_trial"": 412, ""source_case_id"": ""decision-0-inspection-check-False"", ""source_repetition"": 2, ""check_answer"": ""yes"", ""check_correct"": true}",1,1,1.0,1,1.0,0.99,402,32,348.88,"{""answer"": {""bring"": 1}}"
pipeline-425,pipeline,"{""scenario"": ""5-service"", ""kind"": ""service"", ""mode"": ""pipeline"", ""reverse"": true, ""label"": ""bring"", ""source_run"": ""20260916T124604860296Z-limits-study"", ""source_trial"": 425, ""source_case_id"": ""decision-5-service-check-True"", ""source_repetition"": 2, ""check_answer"": ""yes"", ""check_correct"": true}",1,1,1.0,1,0.99,0.99,402,32,280.54,"{""answer"": {""bring"": 1}}"
pipeline-431,pipeline,"{""scenario"": ""5-appointment"", ""kind"": ""appointment"", ""mode"": ""pipeline"", ""reverse"": true, ""label"": ""go_without"", ""source_run"": ""20260916T124604860296Z-limits-study"", ""source_trial"": 431, ""source_case_id"": ""decision-5-appointment-check-True"", ""source_repetition"": 1, ""check_answer"": ""no"", ""check_correct"": true}",1,1,1.0,1,1.0,1.0,416,33,314.22,"{""answer"": {""go_without"": 1}}"
pipeline-436,pipeline,"{""scenario"": ""1-collection"", ""kind"": ""collection"", ""mode"": ""pipeline"", ""reverse"": true, ""label"": ""go_without"", ""source_run"": ""20260916T124604860296Z-limits-study"", ""source_trial"": 436, ""source_case_id"": ""decision-1-collection-check-True"", ""source_repetition"": 2, ""check_answer"": ""no"", ""check_correct"": true}",1,1,1.0,1,1.0,1.0,401,33,294.25,"{""answer"": {""go_without"": 1}}"
pipeline-439,pipeline,"{""scenario"": ""3-collection"", ""kind"": ""collection"", ""mode"": ""pipeline"", ""reverse"": true, ""label"": ""go_without"", ""source_run"": ""20260916T124604860296Z-limits-study"", ""source_trial"": 439, ""source_case_id"": ""decision-3-collection-check-True"", ""source_repetition"": 0, ""check_answer"": ""no"", ""check_correct"": true}",1,1,1.0,1,1.0,1.0,401,33,279.79,"{""answer"": {""go_without"": 1}}"
pipeline-455,pipeline,"{""scenario"": ""0-collection"", ""kind"": ""collection"", ""mode"": ""pipeline"", ""reverse"": false, ""label"": ""go_without"", ""source_run"": ""20260916T124604860296Z-limits-study"", ""source_trial"": 455, ""source_case_id"": ""decision-0-collection-check-False"", ""source_repetition"": 0, ""check_answer"": ""no"", ""check_correct"": true}",1,1,1.0,1,1.0,1.0,401,33,381.52,"{""answer"": {""go_without"": 1}}"
pipeline-464,pipeline,"{""scenario"": ""6-appointment"", ""kind"": ""appointment"", ""mode"": ""pipeline"", ""reverse"": false, ""label"": ""go_without"", ""source_run"": ""20260916T124604860296Z-limits-study"", ""source_trial"": 464, ""source_case_id"": ""decision-6-appointment-check-False"", ""source_repetition"": 1, ""check_answer"": ""no"", ""check_correct"": true}",1,1,1.0,1,1.0,1.0,418,33,303.09,"{""answer"": {""go_without"": 1}}"
pipeline-472,pipeline,"{""scenario"": ""3-appointment"", ""kind"": ""appointment"", ""mode"": ""pipeline"", ""reverse"": true, ""label"": ""go_without"", ""source_run"": ""20260916T124604860296Z-limits-study"", ""source_trial"": 472, ""source_case_id"": ""decision-3-appointment-check-True"", ""source_repetition"": 1, ""check_answer"": ""no"", ""check_correct"": true}",1,1,1.0,1,1.0,1.0,416,33,315.34,"{""answer"": {""go_without"": 1}}"
pipeline-477,pipeline,"{""scenario"": ""7-appointment"", ""kind"": ""appointment"", ""mode"": ""pipeline"", ""reverse"": false, ""label"": ""go_without"", ""source_run"": ""20260916T124604860296Z-limits-study"", ""source_trial"": 477, ""source_case_id"": ""decision-7-appointment-check-False"", ""source_repetition"": 1, ""check_answer"": ""no"", ""check_correct"": true}",1,1,1.0,1,1.0,1.0,416,33,341.16,"{""answer"": {""go_without"": 1}}"
pipeline-479,pipeline,"{""scenario"": ""4-inspection"", ""kind"": ""inspection"", ""mode"": ""pipeline"", ""reverse"": false, ""label"": ""bring"", ""source_run"": ""20260916T124604860296Z-limits-study"", ""source_trial"": 479, ""source_case_id"": ""decision-4-inspection-check-False"", ""source_repetition"": 0, ""check_answer"": ""yes"", ""check_correct"": true}",1,1,1.0,1,1.0,1.0,404,32,298.73,"{""answer"": {""bring"": 1}}"
pipeline-481,pipeline,"{""scenario"": ""9-collection"", ""kind"": ""collection"", ""mode"": ""pipeline"", ""reverse"": true, ""label"": ""go_without"", ""source_run"": ""20260916T124604860296Z-limits-study"", ""source_trial"": 481, ""source_case_id"": ""decision-9-collection-check-True"", ""source_repetition"": 0, ""check_answer"": ""no"", ""check_correct"": true}",1,1,1.0,1,1.0,1.0,402,33,285.63,"{""answer"": {""go_without"": 1}}"
pipeline-487,pipeline,"{""scenario"": ""6-appointment"", ""kind"": ""appointment"", ""mode"": ""pipeline"", ""reverse"": false, ""label"": ""go_without"", ""source_run"": ""20260916T124604860296Z-limits-study"", ""source_trial"": 487, ""source_case_id"": ""decision-6-appointment-check-False"", ""source_repetition"": 0, ""check_answer"": ""no"", ""check_correct"": true}",1,1,1.0,1,1.0,1.0,418,33,307.71,"{""answer"": {""go_without"": 1}}"
pipeline-491,pipeline,"{""scenario"": ""1-inspection"", ""kind"": ""inspection"", ""mode"": ""pipeline"", ""reverse"": false, ""label"": ""bring"", ""source_run"": ""20260916T124604860296Z-limits-study"", ""source_trial"": 491, ""source_case_id"": ""decision-1-inspection-check-False"", ""source_repetition"": 2, ""check_answer"": ""yes"", ""check_correct"": true}",1,1,1.0,1,1.0,1.0,402,32,251.98,"{""answer"": {""bring"": 1}}"
pipeline-497,pipeline,"{""scenario"": ""1-appointment"", ""kind"": ""appointment"", ""mode"": ""pipeline"", ""reverse"": true, ""label"": ""go_without"", ""source_run"": ""20260916T124604860296Z-limits-study"", ""source_trial"": 497, ""source_case_id"": ""decision-1-appointment-check-True"", ""source_repetition"": 0, ""check_answer"": ""no"", ""check_correct"": true}",1,1,1.0,1,1.0,1.0,416,33,315.45,"{""answer"": {""go_without"": 1}}"
pipeline-498,pipeline,"{""scenario"": ""1-inspection"", ""kind"": ""inspection"", ""mode"": ""pipeline"", ""reverse"": true, ""label"": ""bring"", ""source_run"": ""20260916T124604860296Z-limits-study"", ""source_trial"": 498, ""source_case_id"": ""decision-1-inspection-check-True"", ""source_repetition"": 0, ""check_answer"": ""yes"", ""check_correct"": true}",1,1,1.0,1,1.0,1.0,402,32,272.7,"{""answer"": {""bring"": 1}}"
pipeline-514,pipeline,"{""scenario"": ""1-inspection"", ""kind"": ""inspection"", ""mode"": ""pipeline"", ""reverse"": true, ""label"": ""bring"", ""source_run"": ""20260916T124604860296Z-limits-study"", ""source_trial"": 514, ""source_case_id"": ""decision-1-inspection-check-True"", ""source_repetition"": 1, ""check_answer"": ""yes"", ""check_correct"": true}",1,1,1.0,1,1.0,1.0,402,32,323.26,"{""answer"": {""bring"": 1}}"
pipeline-518,pipeline,"{""scenario"": ""4-service"", ""kind"": ""service"", ""mode"": ""pipeline"", ""reverse"": true, ""label"": ""bring"", ""source_run"": ""20260916T124604860296Z-limits-study"", ""source_trial"": 518, ""source_case_id"": ""decision-4-service-check-True"", ""source_repetition"": 1, ""check_answer"": ""yes"", ""check_correct"": true}",1,1,1.0,1,0.97,0.93,404,32,349.87,"{""answer"": {""bring"": 1}}"
pipeline-525,pipeline,"{""scenario"": ""3-inspection"", ""kind"": ""inspection"", ""mode"": ""pipeline"", ""reverse"": true, ""label"": ""bring"", ""source_run"": ""20260916T124604860296Z-limits-study"", ""source_trial"": 525, ""source_case_id"": ""decision-3-inspection-check-True"", ""source_repetition"": 1, ""check_answer"": ""yes"", ""check_correct"": true}",1,1,1.0,1,0.99,0.99,402,32,298.37,"{""answer"": {""bring"": 1}}"
pipeline-532,pipeline,"{""scenario"": ""4-service"", ""kind"": ""service"", ""mode"": ""pipeline"", ""reverse"": false, ""label"": ""bring"", ""source_run"": ""20260916T124604860296Z-limits-study"", ""source_trial"": 532, ""source_case_id"": ""decision-4-service-check-False"", ""source_repetition"": 1, ""check_answer"": ""yes"", ""check_correct"": true}",1,1,1.0,1,0.99,0.98,404,32,725.11,"{""answer"": {""bring"": 1}}"
pipeline-533,pipeline,"{""scenario"": ""2-service"", ""kind"": ""service"", ""mode"": ""pipeline"", ""reverse"": false, ""label"": ""bring"", ""source_run"": ""20260916T124604860296Z-limits-study"", ""source_trial"": 533, ""source_case_id"": ""decision-2-service-check-False"", ""source_repetition"": 0, ""check_answer"": ""yes"", ""check_correct"": true}",1,1,1.0,1,1.0,0.99,402,32,319.33,"{""answer"": {""bring"": 1}}"
pipeline-539,pipeline,"{""scenario"": ""1-inspection"", ""kind"": ""inspection"", ""mode"": ""pipeline"", ""reverse"": false, ""label"": ""bring"", ""source_run"": ""20260916T124604860296Z-limits-study"", ""source_trial"": 539, ""source_case_id"": ""decision-1-inspection-check-False"", ""source_repetition"": 0, ""check_answer"": ""yes"", ""check_correct"": true}",1,1,1.0,1,1.0,1.0,402,32,382.1,"{""answer"": {""bring"": 1}}"
pipeline-547,pipeline,"{""scenario"": ""0-appointment"", ""kind"": ""appointment"", ""mode"": ""pipeline"", ""reverse"": true, ""label"": ""go_without"", ""source_run"": ""20260916T124604860296Z-limits-study"", ""source_trial"": 547, ""source_case_id"": ""decision-0-appointment-check-True"", ""source_repetition"": 0, ""check_answer"": ""no"", ""check_correct"": true}",1,1,1.0,1,1.0,1.0,416,33,329.13,"{""answer"": {""go_without"": 1}}"
pipeline-548,pipeline,"{""scenario"": ""6-service"", ""kind"": ""service"", ""mode"": ""pipeline"", ""reverse"": false, ""label"": ""bring"", ""source_run"": ""20260916T124604860296Z-limits-study"", ""source_trial"": 548, ""source_case_id"": ""decision-6-service-check-False"", ""source_repetition"": 2, ""check_answer"": ""yes"", ""check_correct"": true}",1,1,1.0,1,0.98,0.97,404,32,303.38,"{""answer"": {""bring"": 1}}"
pipeline-549,pipeline,"{""scenario"": ""4-appointment"", ""kind"": ""appointment"", ""mode"": ""pipeline"", ""reverse"": false, ""label"": ""go_without"", ""source_run"": ""20260916T124604860296Z-limits-study"", ""source_trial"": 549, ""source_case_id"": ""decision-4-appointment-check-False"", ""source_repetition"": 0, ""check_answer"": ""no"", ""check_correct"": true}",1,1,1.0,1,1.0,1.0,418,33,357.02,"{""answer"": {""go_without"": 1}}"
pipeline-557,pipeline,"{""scenario"": ""2-collection"", ""kind"": ""collection"", ""mode"": ""pipeline"", ""reverse"": true, ""label"": ""go_without"", ""source_run"": ""20260916T124604860296Z-limits-study"", ""source_trial"": 557, ""source_case_id"": ""decision-2-collection-check-True"", ""source_repetition"": 0, ""check_answer"": ""no"", ""check_correct"": true}",1,1,1.0,1,1.0,1.0,401,33,281.73,"{""answer"": {""go_without"": 1}}"
pipeline-562,pipeline,"{""scenario"": ""8-collection"", ""kind"": ""collection"", ""mode"": ""pipeline"", ""reverse"": true, ""label"": ""go_without"", ""source_run"": ""20260916T124604860296Z-limits-study"", ""source_trial"": 562, ""source_case_id"": ""decision-8-collection-check-True"", ""source_repetition"": 0, ""check_answer"": ""no"", ""check_correct"": true}",1,1,1.0,1,1.0,1.0,401,33,480.39,"{""answer"": {""go_without"": 1}}"
pipeline-565,pipeline,"{""scenario"": ""4-appointment"", ""kind"": ""appointment"", ""mode"": ""pipeline"", ""reverse"": true, ""label"": ""go_without"", ""source_run"": ""20260916T124604860296Z-limits-study"", ""source_trial"": 565, ""source_case_id"": ""decision-4-appointment-check-True"", ""source_repetition"": 0, ""check_answer"": ""no"", ""check_correct"": true}",1,1,1.0,1,1.0,1.0,418,33,282.45,"{""answer"": {""go_without"": 1}}"
pipeline-571,pipeline,"{""scenario"": ""11-inspection"", ""kind"": ""inspection"", ""mode"": ""pipeline"", ""reverse"": true, ""label"": ""bring"", ""source_run"": ""20260916T124604860296Z-limits-study"", ""source_trial"": 571, ""source_case_id"": ""decision-11-inspection-check-True"", ""source_repetition"": 1, ""check_answer"": ""yes"", ""check_correct"": true}",1,1,1.0,1,1.0,0.99,404,32,270.6,"{""answer"": {""bring"": 1}}"
pipeline-573,pipeline,"{""scenario"": ""6-collection"", ""kind"": ""collection"", ""mode"": ""pipeline"", ""reverse"": true, ""label"": ""go_without"", ""source_run"": ""20260916T124604860296Z-limits-study"", ""source_trial"": 573, ""source_case_id"": ""decision-6-collection-check-True"", ""source_repetition"": 0, ""check_answer"": ""no"", ""check_correct"": true}",1,1,1.0,1,1.0,1.0,403,33,357.72,"{""answer"": {""go_without"": 1}}"
pipeline-581,pipeline,"{""scenario"": ""7-inspection"", ""kind"": ""inspection"", ""mode"": ""pipeline"", ""reverse"": true, ""label"": ""bring"", ""source_run"": ""20260916T124604860296Z-limits-study"", ""source_trial"": 581, ""source_case_id"": ""decision-7-inspection-check-True"", ""source_repetition"": 2, ""check_answer"": ""yes"", ""check_correct"": true}",1,1,1.0,1,1.0,0.99,402,32,303.03,"{""answer"": {""bring"": 1}}"
pipeline-588,pipeline,"{""scenario"": ""0-collection"", ""kind"": ""collection"", ""mode"": ""pipeline"", ""reverse"": true, ""label"": ""go_without"", ""source_run"": ""20260916T124604860296Z-limits-study"", ""source_trial"": 588, ""source_case_id"": ""decision-0-collection-check-True"", ""source_repetition"": 2, ""check_answer"": ""no"", ""check_correct"": true}",1,1,1.0,1,1.0,1.0,401,33,307.32,"{""answer"": {""go_without"": 1}}"
pipeline-589,pipeline,"{""scenario"": ""8-inspection"", ""kind"": ""inspection"", ""mode"": ""pipeline"", ""reverse"": true, ""label"": ""bring"", ""source_run"": ""20260916T124604860296Z-limits-study"", ""source_trial"": 589, ""source_case_id"": ""decision-8-inspection-check-True"", ""source_repetition"": 1, ""check_answer"": ""yes"", ""check_correct"": true}",1,1,1.0,1,1.0,0.99,402,32,300.82,"{""answer"": {""bring"": 1}}"
pipeline-593,pipeline,"{""scenario"": ""6-service"", ""kind"": ""service"", ""mode"": ""pipeline"", ""reverse"": false, ""label"": ""bring"", ""source_run"": ""20260916T124604860296Z-limits-study"", ""source_trial"": 593, ""source_case_id"": ""decision-6-service-check-False"", ""source_repetition"": 1, ""check_answer"": ""yes"", ""check_correct"": true}",1,1,1.0,1,0.99,0.97,404,32,352.94,"{""answer"": {""bring"": 1}}"
pipeline-597,pipeline,"{""scenario"": ""4-collection"", ""kind"": ""collection"", ""mode"": ""pipeline"", ""reverse"": true, ""label"": ""go_without"", ""source_run"": ""20260916T124604860296Z-limits-study"", ""source_trial"": 597, ""source_case_id"": ""decision-4-collection-check-True"", ""source_repetition"": 1, ""check_answer"": ""no"", ""check_correct"": true}",1,1,1.0,1,1.0,1.0,403,33,293.7,"{""answer"": {""go_without"": 1}}"
pipeline-610,pipeline,"{""scenario"": ""9-collection"", ""kind"": ""collection"", ""mode"": ""pipeline"", ""reverse"": false, ""label"": ""go_without"", ""source_run"": ""20260916T124604860296Z-limits-study"", ""source_trial"": 610, ""source_case_id"": ""decision-9-collection-check-False"", ""source_repetition"": 0, ""check_answer"": ""no"", ""check_correct"": true}",1,1,1.0,1,1.0,1.0,402,33,311.25,"{""answer"": {""go_without"": 1}}"
pipeline-613,pipeline,"{""scenario"": ""11-inspection"", ""kind"": ""inspection"", ""mode"": ""pipeline"", ""reverse"": false, ""label"": ""bring"", ""source_run"": ""20260916T124604860296Z-limits-study"", ""source_trial"": 613, ""source_case_id"": ""decision-11-inspection-check-False"", ""source_repetition"": 2, ""check_answer"": ""yes"", ""check_correct"": true}",1,1,1.0,1,1.0,1.0,404,32,303.43,"{""answer"": {""bring"": 1}}"
pipeline-615,pipeline,"{""scenario"": ""1-service"", ""kind"": ""service"", ""mode"": ""pipeline"", ""reverse"": true, ""label"": ""bring"", ""source_run"": ""20260916T124604860296Z-limits-study"", ""source_trial"": 615, ""source_case_id"": ""decision-1-service-check-True"", ""source_repetition"": 0, ""check_answer"": ""yes"", ""check_correct"": true}",1,1,1.0,1,0.99,0.99,402,32,323.51,"{""answer"": {""bring"": 1}}"
pipeline-619,pipeline,"{""scenario"": ""7-service"", ""kind"": ""service"", ""mode"": ""pipeline"", ""reverse"": true, ""label"": ""bring"", ""source_run"": ""20260916T124604860296Z-limits-study"", ""source_trial"": 619, ""source_case_id"": ""decision-7-service-check-True"", ""source_repetition"": 2, ""check_answer"": ""yes"", ""check_correct"": true}",1,1,1.0,1,0.97,0.93,402,32,328.43,"{""answer"": {""bring"": 1}}"
pipeline-622,pipeline,"{""scenario"": ""5-appointment"", ""kind"": ""appointment"", ""mode"": ""pipeline"", ""reverse"": false, ""label"": ""go_without"", ""source_run"": ""20260916T124604860296Z-limits-study"", ""source_trial"": 622, ""source_case_id"": ""decision-5-appointment-check-False"", ""source_repetition"": 0, ""check_answer"": ""no"", ""check_correct"": true}",1,1,1.0,1,1.0,1.0,416,33,351.55,"{""answer"": {""go_without"": 1}}"
pipeline-623,pipeline,"{""scenario"": ""4-inspection"", ""kind"": ""inspection"", ""mode"": ""pipeline"", ""reverse"": true, ""label"": ""bring"", ""source_run"": ""20260916T124604860296Z-limits-study"", ""source_trial"": 623, ""source_case_id"": ""decision-4-inspection-check-True"", ""source_repetition"": 2, ""check_answer"": ""yes"", ""check_correct"": true}",1,1,1.0,1,1.0,1.0,404,32,332.94,"{""answer"": {""bring"": 1}}"
pipeline-624,pipeline,"{""scenario"": ""6-appointment"", ""kind"": ""appointment"", ""mode"": ""pipeline"", ""reverse"": true, ""label"": ""go_without"", ""source_run"": ""20260916T124604860296Z-limits-study"", ""source_trial"": 624, ""source_case_id"": ""decision-6-appointment-check-True"", ""source_repetition"": 1, ""check_answer"": ""no"", ""check_correct"": true}",1,1,1.0,1,1.0,1.0,418,33,389.47,"{""answer"": {""go_without"": 1}}"
pipeline-630,pipeline,"{""scenario"": ""10-service"", ""kind"": ""service"", ""mode"": ""pipeline"", ""reverse"": false, ""label"": ""bring"", ""source_run"": ""20260916T124604860296Z-limits-study"", ""source_trial"": 630, ""source_case_id"": ""decision-10-service-check-False"", ""source_repetition"": 1, ""check_answer"": ""yes"", ""check_correct"": true}",1,1,1.0,1,0.99,0.98,402,32,412.89,"{""answer"": {""bring"": 1}}"
pipeline-633,pipeline,"{""scenario"": ""11-collection"", ""kind"": ""collection"", ""mode"": ""pipeline"", ""reverse"": true, ""label"": ""go_without"", ""source_run"": ""20260916T124604860296Z-limits-study"", ""source_trial"": 633, ""source_case_id"": ""decision-11-collection-check-True"", ""source_repetition"": 0, ""check_answer"": ""no"", ""check_correct"": true}",1,1,1.0,1,1.0,1.0,403,33,349.63,"{""answer"": {""go_without"": 1}}"
pipeline-636,pipeline,"{""scenario"": ""8-service"", ""kind"": ""service"", ""mode"": ""pipeline"", ""reverse"": false, ""label"": ""bring"", ""source_run"": ""20260916T124604860296Z-limits-study"", ""source_trial"": 636, ""source_case_id"": ""decision-8-service-check-False"", ""source_repetition"": 1, ""check_answer"": ""yes"", ""check_correct"": true}",1,1,1.0,1,1.0,0.99,402,32,291.3,"{""answer"": {""bring"": 1}}"
pipeline-638,pipeline,"{""scenario"": ""10-inspection"", ""kind"": ""inspection"", ""mode"": ""pipeline"", ""reverse"": false, ""label"": ""bring"", ""source_run"": ""20260916T124604860296Z-limits-study"", ""source_trial"": 638, ""source_case_id"": ""decision-10-inspection-check-False"", ""source_repetition"": 0, ""check_answer"": ""yes"", ""check_correct"": true}",1,1,1.0,1,1.0,1.0,402,32,321.24,"{""answer"": {""bring"": 1}}"
pipeline-640,pipeline,"{""scenario"": ""3-inspection"", ""kind"": ""inspection"", ""mode"": ""pipeline"", ""reverse"": false, ""label"": ""bring"", ""source_run"": ""20260916T124604860296Z-limits-study"", ""source_trial"": 640, ""source_case_id"": ""decision-3-inspection-check-False"", ""source_repetition"": 1, ""check_answer"": ""yes"", ""check_correct"": true}",1,1,1.0,1,1.0,1.0,402,32,314.53,"{""answer"": {""bring"": 1}}"
pipeline-642,pipeline,"{""scenario"": ""11-appointment"", ""kind"": ""appointment"", ""mode"": ""pipeline"", ""reverse"": false, ""label"": ""go_without"", ""source_run"": ""20260916T124604860296Z-limits-study"", ""source_trial"": 642, ""source_case_id"": ""decision-11-appointment-check-False"", ""source_repetition"": 1, ""check_answer"": ""no"", ""check_correct"": true}",1,1,1.0,1,1.0,1.0,418,33,337.08,"{""answer"": {""go_without"": 1}}"
pipeline-654,pipeline,"{""scenario"": ""0-inspection"", ""kind"": ""inspection"", ""mode"": ""pipeline"", ""reverse"": false, ""label"": ""bring"", ""source_run"": ""20260916T124604860296Z-limits-study"", ""source_trial"": 654, ""source_case_id"": ""decision-0-inspection-check-False"", ""source_repetition"": 0, ""check_answer"": ""yes"", ""check_correct"": true}",1,1,1.0,1,1.0,0.99,402,32,376.61,"{""answer"": {""bring"": 1}}"
pipeline-663,pipeline,"{""scenario"": ""6-collection"", ""kind"": ""collection"", ""mode"": ""pipeline"", ""reverse"": true, ""label"": ""go_without"", ""source_run"": ""20260916T124604860296Z-limits-study"", ""source_trial"": 663, ""source_case_id"": ""decision-6-collection-check-True"", ""source_repetition"": 2, ""check_answer"": ""no"", ""check_correct"": true}",1,1,1.0,1,1.0,1.0,403,33,356.09,"{""answer"": {""go_without"": 1}}"
pipeline-664,pipeline,"{""scenario"": ""11-inspection"", ""kind"": ""inspection"", ""mode"": ""pipeline"", ""reverse"": true, ""label"": ""bring"", ""source_run"": ""20260916T124604860296Z-limits-study"", ""source_trial"": 664, ""source_case_id"": ""decision-11-inspection-check-True"", ""source_repetition"": 2, ""check_answer"": ""yes"", ""check_correct"": true}",1,1,1.0,1,1.0,0.99,404,32,344.91,"{""answer"": {""bring"": 1}}"
pipeline-671,pipeline,"{""scenario"": ""7-inspection"", ""kind"": ""inspection"", ""mode"": ""pipeline"", ""reverse"": false, ""label"": ""bring"", ""source_run"": ""20260916T124604860296Z-limits-study"", ""source_trial"": 671, ""source_case_id"": ""decision-7-inspection-check-False"", ""source_repetition"": 0, ""check_answer"": ""yes"", ""check_correct"": true}",1,1,1.0,1,1.0,1.0,402,32,328.75,"{""answer"": {""bring"": 1}}"
pipeline-678,pipeline,"{""scenario"": ""6-inspection"", ""kind"": ""inspection"", ""mode"": ""pipeline"", ""reverse"": false, ""label"": ""bring"", ""source_run"": ""20260916T124604860296Z-limits-study"", ""source_trial"": 678, ""source_case_id"": ""decision-6-inspection-check-False"", ""source_repetition"": 0, ""check_answer"": ""yes"", ""check_correct"": true}",1,1,1.0,1,1.0,1.0,404,32,267.94,"{""answer"": {""bring"": 1}}"
pipeline-681,pipeline,"{""scenario"": ""11-service"", ""kind"": ""service"", ""mode"": ""pipeline"", ""reverse"": true, ""label"": ""bring"", ""source_run"": ""20260916T124604860296Z-limits-study"", ""source_trial"": 681, ""source_case_id"": ""decision-11-service-check-True"", ""source_repetition"": 1, ""check_answer"": ""yes"", ""check_correct"": true}",1,1,1.0,1,0.99,0.99,404,32,313.86,"{""answer"": {""bring"": 1}}"
pipeline-688,pipeline,"{""scenario"": ""4-collection"", ""kind"": ""collection"", ""mode"": ""pipeline"", ""reverse"": true, ""label"": ""go_without"", ""source_run"": ""20260916T124604860296Z-limits-study"", ""source_trial"": 688, ""source_case_id"": ""decision-4-collection-check-True"", ""source_repetition"": 2, ""check_answer"": ""no"", ""check_correct"": true}",1,1,1.0,1,1.0,1.0,403,33,329.31,"{""answer"": {""go_without"": 1}}"
pipeline-689,pipeline,"{""scenario"": ""6-appointment"", ""kind"": ""appointment"", ""mode"": ""pipeline"", ""reverse"": true, ""label"": ""go_without"", ""source_run"": ""20260916T124604860296Z-limits-study"", ""source_trial"": 689, ""source_case_id"": ""decision-6-appointment-check-True"", ""source_repetition"": 0, ""check_answer"": ""no"", ""check_correct"": true}",1,1,1.0,1,1.0,1.0,418,33,301.78,"{""answer"": {""go_without"": 1}}"
pipeline-693,pipeline,"{""scenario"": ""3-service"", ""kind"": ""service"", ""mode"": ""pipeline"", ""reverse"": true, ""label"": ""bring"", ""source_run"": ""20260916T124604860296Z-limits-study"", ""source_trial"": 693, ""source_case_id"": ""decision-3-service-check-True"", ""source_repetition"": 1, ""check_answer"": ""yes"", ""check_correct"": true}",1,1,1.0,1,0.97,0.93,402,32,275.9,"{""answer"": {""bring"": 1}}"
pipeline-719,pipeline,"{""scenario"": ""0-appointment"", ""kind"": ""appointment"", ""mode"": ""pipeline"", ""reverse"": true, ""label"": ""go_without"", ""source_run"": ""20260916T124604860296Z-limits-study"", ""source_trial"": 719, ""source_case_id"": ""decision-0-appointment-check-True"", ""source_repetition"": 2, ""check_answer"": ""no"", ""check_correct"": true}",1,1,1.0,1,1.0,1.0,416,33,311.95,"{""answer"": {""go_without"": 1}}"
pipeline-721,pipeline,"{""scenario"": ""4-service"", ""kind"": ""service"", ""mode"": ""pipeline"", ""reverse"": true, ""label"": ""bring"", ""source_run"": ""20260916T124604860296Z-limits-study"", ""source_trial"": 721, ""source_case_id"": ""decision-4-service-check-True"", ""source_repetition"": 2, ""check_answer"": ""yes"", ""check_correct"": true}",1,1,1.0,1,0.97,0.94,404,32,308.94,"{""answer"": {""bring"": 1}}"
pipeline-724,pipeline,"{""scenario"": ""1-service"", ""kind"": ""service"", ""mode"": ""pipeline"", ""reverse"": true, ""label"": ""bring"", ""source_run"": ""20260916T124604860296Z-limits-study"", ""source_trial"": 724, ""source_case_id"": ""decision-1-service-check-True"", ""source_repetition"": 1, ""check_answer"": ""yes"", ""check_correct"": true}",1,1,1.0,1,0.99,0.99,402,32,317.38,"{""answer"": {""bring"": 1}}"
pipeline-725,pipeline,"{""scenario"": ""10-appointment"", ""kind"": ""appointment"", ""mode"": ""pipeline"", ""reverse"": true, ""label"": ""go_without"", ""source_run"": ""20260916T124604860296Z-limits-study"", ""source_trial"": 725, ""source_case_id"": ""decision-10-appointment-check-True"", ""source_repetition"": 0, ""check_answer"": ""no"", ""check_correct"": true}",1,1,1.0,1,1.0,1.0,416,33,301.04,"{""answer"": {""go_without"": 1}}"
pipeline-728,pipeline,"{""scenario"": ""8-appointment"", ""kind"": ""appointment"", ""mode"": ""pipeline"", ""reverse"": true, ""label"": ""go_without"", ""source_run"": ""20260916T124604860296Z-limits-study"", ""source_trial"": 728, ""source_case_id"": ""decision-8-appointment-check-True"", ""source_repetition"": 1, ""check_answer"": ""no"", ""check_correct"": true}",1,1,1.0,1,1.0,1.0,416,33,398.72,"{""answer"": {""go_without"": 1}}"
pipeline-731,pipeline,"{""scenario"": ""5-collection"", ""kind"": ""collection"", ""mode"": ""pipeline"", ""reverse"": true, ""label"": ""go_without"", ""source_run"": ""20260916T124604860296Z-limits-study"", ""source_trial"": 731, ""source_case_id"": ""decision-5-collection-check-True"", ""source_repetition"": 0, ""check_answer"": ""no"", ""check_correct"": true}",1,1,1.0,1,1.0,1.0,401,33,318.47,"{""answer"": {""go_without"": 1}}"
pipeline-737,pipeline,"{""scenario"": ""5-inspection"", ""kind"": ""inspection"", ""mode"": ""pipeline"", ""reverse"": false, ""label"": ""bring"", ""source_run"": ""20260916T124604860296Z-limits-study"", ""source_trial"": 737, ""source_case_id"": ""decision-5-inspection-check-False"", ""source_repetition"": 1, ""check_answer"": ""yes"", ""check_correct"": true}",1,1,1.0,1,1.0,1.0,402,32,301.24,"{""answer"": {""bring"": 1}}"
pipeline-739,pipeline,"{""scenario"": ""11-inspection"", ""kind"": ""inspection"", ""mode"": ""pipeline"", ""reverse"": true, ""label"": ""bring"", ""source_run"": ""20260916T124604860296Z-limits-study"", ""source_trial"": 739, ""source_case_id"": ""decision-11-inspection-check-True"", ""source_repetition"": 0, ""check_answer"": ""yes"", ""check_correct"": true}",1,1,1.0,1,1.0,0.99,404,32,308.25,"{""answer"": {""bring"": 1}}"
pipeline-749,pipeline,"{""scenario"": ""5-collection"", ""kind"": ""collection"", ""mode"": ""pipeline"", ""reverse"": true, ""label"": ""go_without"", ""source_run"": ""20260916T124604860296Z-limits-study"", ""source_trial"": 749, ""source_case_id"": ""decision-5-collection-check-True"", ""source_repetition"": 2, ""check_answer"": ""no"", ""check_correct"": true}",1,1,1.0,1,1.0,1.0,401,33,301.18,"{""answer"": {""go_without"": 1}}"
pipeline-750,pipeline,"{""scenario"": ""9-service"", ""kind"": ""service"", ""mode"": ""pipeline"", ""reverse"": true, ""label"": ""bring"", ""source_run"": ""20260916T124604860296Z-limits-study"", ""source_trial"": 750, ""source_case_id"": ""decision-9-service-check-True"", ""source_repetition"": 0, ""check_answer"": ""yes"", ""check_correct"": true}",1,1,1.0,1,0.99,0.98,403,32,310.22,"{""answer"": {""bring"": 1}}"
pipeline-756,pipeline,"{""scenario"": ""2-appointment"", ""kind"": ""appointment"", ""mode"": ""pipeline"", ""reverse"": true, ""label"": ""go_without"", ""source_run"": ""20260916T124604860296Z-limits-study"", ""source_trial"": 756, ""source_case_id"": ""decision-2-appointment-check-True"", ""source_repetition"": 2, ""check_answer"": ""no"", ""check_correct"": true}",1,1,1.0,1,1.0,1.0,416,33,311.08,"{""answer"": {""go_without"": 1}}"
pipeline-760,pipeline,"{""scenario"": ""7-appointment"", ""kind"": ""appointment"", ""mode"": ""pipeline"", ""reverse"": false, ""label"": ""go_without"", ""source_run"": ""20260916T124604860296Z-limits-study"", ""source_trial"": 760, ""source_case_id"": ""decision-7-appointment-check-False"", ""source_repetition"": 2, ""check_answer"": ""no"", ""check_correct"": true}",1,1,1.0,1,1.0,1.0,416,33,317.39,"{""answer"": {""go_without"": 1}}"
pipeline-772,pipeline,"{""scenario"": ""3-service"", ""kind"": ""service"", ""mode"": ""pipeline"", ""reverse"": false, ""label"": ""bring"", ""source_run"": ""20260916T124604860296Z-limits-study"", ""source_trial"": 772, ""source_case_id"": ""decision-3-service-check-False"", ""source_repetition"": 1, ""check_answer"": ""yes"", ""check_correct"": true}",1,1,1.0,1,0.97,0.95,402,32,379.93,"{""answer"": {""bring"": 1}}"
pipeline-773,pipeline,"{""scenario"": ""11-appointment"", ""kind"": ""appointment"", ""mode"": ""pipeline"", ""reverse"": true, ""label"": ""go_without"", ""source_run"": ""20260916T124604860296Z-limits-study"", ""source_trial"": 773, ""source_case_id"": ""decision-11-appointment-check-True"", ""source_repetition"": 1, ""check_answer"": ""no"", ""check_correct"": true}",1,1,1.0,1,1.0,1.0,418,33,306.5,"{""answer"": {""go_without"": 1}}"
pipeline-777,pipeline,"{""scenario"": ""3-appointment"", ""kind"": ""appointment"", ""mode"": ""pipeline"", ""reverse"": true, ""label"": ""go_without"", ""source_run"": ""20260916T124604860296Z-limits-study"", ""source_trial"": 777, ""source_case_id"": ""decision-3-appointment-check-True"", ""source_repetition"": 2, ""check_answer"": ""no"", ""check_correct"": true}",1,1,1.0,1,1.0,1.0,416,33,321.17,"{""answer"": {""go_without"": 1}}"
pipeline-779,pipeline,"{""scenario"": ""11-inspection"", ""kind"": ""inspection"", ""mode"": ""pipeline"", ""reverse"": false, ""label"": ""bring"", ""source_run"": ""20260916T124604860296Z-limits-study"", ""source_trial"": 779, ""source_case_id"": ""decision-11-inspection-check-False"", ""source_repetition"": 1, ""check_answer"": ""yes"", ""check_correct"": true}",1,1,1.0,1,1.0,1.0,404,32,298.46,"{""answer"": {""bring"": 1}}"
pipeline-785,pipeline,"{""scenario"": ""0-service"", ""kind"": ""service"", ""mode"": ""pipeline"", ""reverse"": false, ""label"": ""bring"", ""source_run"": ""20260916T124604860296Z-limits-study"", ""source_trial"": 785, ""source_case_id"": ""decision-0-service-check-False"", ""source_repetition"": 1, ""check_answer"": ""yes"", ""check_correct"": true}",1,1,1.0,1,0.99,0.99,402,32,347.55,"{""answer"": {""bring"": 1}}"
pipeline-788,pipeline,"{""scenario"": ""11-appointment"", ""kind"": ""appointment"", ""mode"": ""pipeline"", ""reverse"": true, ""label"": ""go_without"", ""source_run"": ""20260916T124604860296Z-limits-study"", ""source_trial"": 788, ""source_case_id"": ""decision-11-appointment-check-True"", ""source_repetition"": 0, ""check_answer"": ""no"", ""check_correct"": true}",1,1,1.0,1,1.0,1.0,418,33,394.02,"{""answer"": {""go_without"": 1}}"
pipeline-793,pipeline,"{""scenario"": ""3-collection"", ""kind"": ""collection"", ""mode"": ""pipeline"", ""reverse"": false, ""label"": ""go_without"", ""source_run"": ""20260916T124604860296Z-limits-study"", ""source_trial"": 793, ""source_case_id"": ""decision-3-collection-check-False"", ""source_repetition"": 2, ""check_answer"": ""no"", ""check_correct"": true}",1,1,1.0,1,1.0,1.0,401,33,296.7,"{""answer"": {""go_without"": 1}}"
pipeline-795,pipeline,"{""scenario"": ""1-inspection"", ""kind"": ""inspection"", ""mode"": ""pipeline"", ""reverse"": false, ""label"": ""bring"", ""source_run"": ""20260916T124604860296Z-limits-study"", ""source_trial"": 795, ""source_case_id"": ""decision-1-inspection-check-False"", ""source_repetition"": 1, ""check_answer"": ""yes"", ""check_correct"": true}",1,1,1.0,1,1.0,1.0,402,32,332.49,"{""answer"": {""bring"": 1}}"
pipeline-802,pipeline,"{""scenario"": ""9-appointment"", ""kind"": ""appointment"", ""mode"": ""pipeline"", ""reverse"": true, ""label"": ""go_without"", ""source_run"": ""20260916T124604860296Z-limits-study"", ""source_trial"": 802, ""source_case_id"": ""decision-9-appointment-check-True"", ""source_repetition"": 2, ""check_answer"": ""no"", ""check_correct"": true}",1,1,1.0,1,1.0,1.0,417,33,269.16,"{""answer"": {""go_without"": 1}}"
pipeline-803,pipeline,"{""scenario"": ""6-inspection"", ""kind"": ""inspection"", ""mode"": ""pipeline"", ""reverse"": false, ""label"": ""bring"", ""source_run"": ""20260916T124604860296Z-limits-study"", ""source_trial"": 803, ""source_case_id"": ""decision-6-inspection-check-False"", ""source_repetition"": 1, ""check_answer"": ""yes"", ""check_correct"": true}",1,1,1.0,1,1.0,1.0,404,32,335.61,"{""answer"": {""bring"": 1}}"
pipeline-810,pipeline,"{""scenario"": ""2-collection"", ""kind"": ""collection"", ""mode"": ""pipeline"", ""reverse"": false, ""label"": ""go_without"", ""source_run"": ""20260916T124604860296Z-limits-study"", ""source_trial"": 810, ""source_case_id"": ""decision-2-collection-check-False"", ""source_repetition"": 2, ""check_answer"": ""no"", ""check_correct"": true}",1,1,1.0,1,1.0,1.0,401,33,315.44,"{""answer"": {""go_without"": 1}}"
pipeline-815,pipeline,"{""scenario"": ""7-service"", ""kind"": ""service"", ""mode"": ""pipeline"", ""reverse"": true, ""label"": ""bring"", ""source_run"": ""20260916T124604860296Z-limits-study"", ""source_trial"": 815, ""source_case_id"": ""decision-7-service-check-True"", ""source_repetition"": 0, ""check_answer"": ""yes"", ""check_correct"": true}",1,1,1.0,1,0.98,0.96,402,32,348.57,"{""answer"": {""bring"": 1}}"
pipeline-817,pipeline,"{""scenario"": ""5-inspection"", ""kind"": ""inspection"", ""mode"": ""pipeline"", ""reverse"": false, ""label"": ""bring"", ""source_run"": ""20260916T124604860296Z-limits-study"", ""source_trial"": 817, ""source_case_id"": ""decision-5-inspection-check-False"", ""source_repetition"": 2, ""check_answer"": ""yes"", ""check_correct"": true}",1,1,1.0,1,1.0,1.0,402,32,343.72,"{""answer"": {""bring"": 1}}"
pipeline-819,pipeline,"{""scenario"": ""5-appointment"", ""kind"": ""appointment"", ""mode"": ""pipeline"", ""reverse"": true, ""label"": ""go_without"", ""source_run"": ""20260916T124604860296Z-limits-study"", ""source_trial"": 819, ""source_case_id"": ""decision-5-appointment-check-True"", ""source_repetition"": 2, ""check_answer"": ""no"", ""check_correct"": true}",1,1,1.0,1,1.0,1.0,416,33,307.26,"{""answer"": {""go_without"": 1}}"
pipeline-823,pipeline,"{""scenario"": ""8-inspection"", ""kind"": ""inspection"", ""mode"": ""pipeline"", ""reverse"": true, ""label"": ""bring"", ""source_run"": ""20260916T124604860296Z-limits-study"", ""source_trial"": 823, ""source_case_id"": ""decision-8-inspection-check-True"", ""source_repetition"": 2, ""check_answer"": ""yes"", ""check_correct"": true}",1,1,1.0,1,1.0,0.99,402,32,304.84,"{""answer"": {""bring"": 1}}"
pipeline-828,pipeline,"{""scenario"": ""2-inspection"", ""kind"": ""inspection"", ""mode"": ""pipeline"", ""reverse"": true, ""label"": ""bring"", ""source_run"": ""20260916T124604860296Z-limits-study"", ""source_trial"": 828, ""source_case_id"": ""decision-2-inspection-check-True"", ""source_repetition"": 0, ""check_answer"": ""yes"", ""check_correct"": true}",1,1,1.0,1,0.99,0.99,402,32,387.8,"{""answer"": {""bring"": 1}}"
pipeline-838,pipeline,"{""scenario"": ""4-inspection"", ""kind"": ""inspection"", ""mode"": ""pipeline"", ""reverse"": false, ""label"": ""bring"", ""source_run"": ""20260916T124604860296Z-limits-study"", ""source_trial"": 838, ""source_case_id"": ""decision-4-inspection-check-False"", ""source_repetition"": 1, ""check_answer"": ""yes"", ""check_correct"": true}",1,1,1.0,1,1.0,1.0,404,32,407.45,"{""answer"": {""bring"": 1}}"
pipeline-843,pipeline,"{""scenario"": ""4-collection"", ""kind"": ""collection"", ""mode"": ""pipeline"", ""reverse"": false, ""label"": ""go_without"", ""source_run"": ""20260916T124604860296Z-limits-study"", ""source_trial"": 843, ""source_case_id"": ""decision-4-collection-check-False"", ""source_repetition"": 1, ""check_answer"": ""no"", ""check_correct"": true}",1,1,1.0,1,1.0,1.0,403,33,357.11,"{""answer"": {""go_without"": 1}}"
pipeline-886,pipeline,"{""scenario"": ""11-collection"", ""kind"": ""collection"", ""mode"": ""pipeline"", ""reverse"": false, ""label"": ""go_without"", ""source_run"": ""20260916T124604860296Z-limits-study"", ""source_trial"": 886, ""source_case_id"": ""decision-11-collection-check-False"", ""source_repetition"": 1, ""check_answer"": ""no"", ""check_correct"": true}",1,1,1.0,1,1.0,1.0,403,33,382.64,"{""answer"": {""go_without"": 1}}"
pipeline-891,pipeline,"{""scenario"": ""6-collection"", ""kind"": ""collection"", ""mode"": ""pipeline"", ""reverse"": false, ""label"": ""go_without"", ""source_run"": ""20260916T124604860296Z-limits-study"", ""source_trial"": 891, ""source_case_id"": ""decision-6-collection-check-False"", ""source_repetition"": 2, ""check_answer"": ""no"", ""check_correct"": true}",1,1,1.0,1,1.0,1.0,403,33,347.54,"{""answer"": {""go_without"": 1}}"
pipeline-897,pipeline,"{""scenario"": ""10-appointment"", ""kind"": ""appointment"", ""mode"": ""pipeline"", ""reverse"": true, ""label"": ""go_without"", ""source_run"": ""20260916T124604860296Z-limits-study"", ""source_trial"": 897, ""source_case_id"": ""decision-10-appointment-check-True"", ""source_repetition"": 2, ""check_answer"": ""no"", ""check_correct"": true}",1,1,1.0,1,1.0,1.0,416,33,351.61,"{""answer"": {""go_without"": 1}}"
pipeline-901,pipeline,"{""scenario"": ""7-appointment"", ""kind"": ""appointment"", ""mode"": ""pipeline"", ""reverse"": false, ""label"": ""go_without"", ""source_run"": ""20260916T124604860296Z-limits-study"", ""source_trial"": 901, ""source_case_id"": ""decision-7-appointment-check-False"", ""source_repetition"": 0, ""check_answer"": ""no"", ""check_correct"": true}",1,1,1.0,1,1.0,1.0,416,33,319.42,"{""answer"": {""go_without"": 1}}"
pipeline-908,pipeline,"{""scenario"": ""9-collection"", ""kind"": ""collection"", ""mode"": ""pipeline"", ""reverse"": true, ""label"": ""go_without"", ""source_run"": ""20260916T124604860296Z-limits-study"", ""source_trial"": 908, ""source_case_id"": ""decision-9-collection-check-True"", ""source_repetition"": 1, ""check_answer"": ""no"", ""check_correct"": true}",1,1,1.0,1,1.0,1.0,402,33,292.13,"{""answer"": {""go_without"": 1}}"
pipeline-915,pipeline,"{""scenario"": ""9-service"", ""kind"": ""service"", ""mode"": ""pipeline"", ""reverse"": false, ""label"": ""bring"", ""source_run"": ""20260916T124604860296Z-limits-study"", ""source_trial"": 915, ""source_case_id"": ""decision-9-service-check-False"", ""source_repetition"": 1, ""check_answer"": ""yes"", ""check_correct"": true}",1,1,1.0,1,1.0,0.99,403,32,332.71,"{""answer"": {""bring"": 1}}"
pipeline-918,pipeline,"{""scenario"": ""8-inspection"", ""kind"": ""inspection"", ""mode"": ""pipeline"", ""reverse"": true, ""label"": ""bring"", ""source_run"": ""20260916T124604860296Z-limits-study"", ""source_trial"": 918, ""source_case_id"": ""decision-8-inspection-check-True"", ""source_repetition"": 0, ""check_answer"": ""yes"", ""check_correct"": true}",1,1,1.0,1,1.0,0.99,402,32,328.14,"{""answer"": {""bring"": 1}}"
pipeline-935,pipeline,"{""scenario"": ""6-service"", ""kind"": ""service"", ""mode"": ""pipeline"", ""reverse"": true, ""label"": ""bring"", ""source_run"": ""20260916T124604860296Z-limits-study"", ""source_trial"": 935, ""source_case_id"": ""decision-6-service-check-True"", ""source_repetition"": 1, ""check_answer"": ""yes"", ""check_correct"": true}",1,1,1.0,1,0.97,0.95,404,32,341.84,"{""answer"": {""bring"": 1}}"
pipeline-947,pipeline,"{""scenario"": ""8-service"", ""kind"": ""service"", ""mode"": ""pipeline"", ""reverse"": true, ""label"": ""bring"", ""source_run"": ""20260916T124604860296Z-limits-study"", ""source_trial"": 947, ""source_case_id"": ""decision-8-service-check-True"", ""source_repetition"": 1, ""check_answer"": ""yes"", ""check_correct"": true}",1,1,1.0,1,0.99,0.98,402,32,317.74,"{""answer"": {""bring"": 1}}"
pipeline-951,pipeline,"{""scenario"": ""6-collection"", ""kind"": ""collection"", ""mode"": ""pipeline"", ""reverse"": true, ""label"": ""go_without"", ""source_run"": ""20260916T124604860296Z-limits-study"", ""source_trial"": 951, ""source_case_id"": ""decision-6-collection-check-True"", ""source_repetition"": 1, ""check_answer"": ""no"", ""check_correct"": true}",1,1,1.0,1,1.0,1.0,403,33,353.64,"{""answer"": {""go_without"": 1}}"
pipeline-952,pipeline,"{""scenario"": ""6-inspection"", ""kind"": ""inspection"", ""mode"": ""pipeline"", ""reverse"": true, ""label"": ""bring"", ""source_run"": ""20260916T124604860296Z-limits-study"", ""source_trial"": 952, ""source_case_id"": ""decision-6-inspection-check-True"", ""source_repetition"": 1, ""check_answer"": ""yes"", ""check_correct"": true}",1,1,1.0,1,1.0,0.99,404,32,391.65,"{""answer"": {""bring"": 1}}"
pipeline-992,pipeline,"{""scenario"": ""6-collection"", ""kind"": ""collection"", ""mode"": ""pipeline"", ""reverse"": false, ""label"": ""go_without"", ""source_run"": ""20260916T124604860296Z-limits-study"", ""source_trial"": 992, ""source_case_id"": ""decision-6-collection-check-False"", ""source_repetition"": 0, ""check_answer"": ""no"", ""check_correct"": true}",1,1,1.0,1,1.0,1.0,403,33,361.04,"{""answer"": {""go_without"": 1}}"
pipeline-1003,pipeline,"{""scenario"": ""10-collection"", ""kind"": ""collection"", ""mode"": ""pipeline"", ""reverse"": false, ""label"": ""go_without"", ""source_run"": ""20260916T124604860296Z-limits-study"", ""source_trial"": 1003, ""source_case_id"": ""decision-10-collection-check-False"", ""source_repetition"": 1, ""check_answer"": ""no"", ""check_correct"": true}",1,1,1.0,1,1.0,1.0,401,33,323.52,"{""answer"": {""go_without"": 1}}"
pipeline-1006,pipeline,"{""scenario"": ""10-service"", ""kind"": ""service"", ""mode"": ""pipeline"", ""reverse"": true, ""label"": ""bring"", ""source_run"": ""20260916T124604860296Z-limits-study"", ""source_trial"": 1006, ""source_case_id"": ""decision-10-service-check-True"", ""source_repetition"": 2, ""check_answer"": ""yes"", ""check_correct"": true}",1,1,1.0,1,0.98,0.96,402,32,314.93,"{""answer"": {""bring"": 1}}"
pipeline-1007,pipeline,"{""scenario"": ""6-service"", ""kind"": ""service"", ""mode"": ""pipeline"", ""reverse"": true, ""label"": ""bring"", ""source_run"": ""20260916T124604860296Z-limits-study"", ""source_trial"": 1007, ""source_case_id"": ""decision-6-service-check-True"", ""source_repetition"": 0, ""check_answer"": ""yes"", ""check_correct"": true}",1,1,1.0,1,0.98,0.95,404,32,289.5,"{""answer"": {""bring"": 1}}"
pipeline-1009,pipeline,"{""scenario"": ""10-service"", ""kind"": ""service"", ""mode"": ""pipeline"", ""reverse"": false, ""label"": ""bring"", ""source_run"": ""20260916T124604860296Z-limits-study"", ""source_trial"": 1009, ""source_case_id"": ""decision-10-service-check-False"", ""source_repetition"": 0, ""check_answer"": ""yes"", ""check_correct"": true}",1,1,1.0,1,0.99,0.99,402,32,308.46,"{""answer"": {""bring"": 1}}"
pipeline-1033,pipeline,"{""scenario"": ""0-collection"", ""kind"": ""collection"", ""mode"": ""pipeline"", ""reverse"": true, ""label"": ""go_without"", ""source_run"": ""20260916T124604860296Z-limits-study"", ""source_trial"": 1033, ""source_case_id"": ""decision-0-collection-check-True"", ""source_repetition"": 1, ""check_answer"": ""no"", ""check_correct"": true}",1,1,1.0,1,1.0,1.0,401,33,292.79,"{""answer"": {""go_without"": 1}}"
pipeline-1035,pipeline,"{""scenario"": ""10-inspection"", ""kind"": ""inspection"", ""mode"": ""pipeline"", ""reverse"": true, ""label"": ""bring"", ""source_run"": ""20260916T124604860296Z-limits-study"", ""source_trial"": 1035, ""source_case_id"": ""decision-10-inspection-check-True"", ""source_repetition"": 0, ""check_answer"": ""yes"", ""check_correct"": true}",1,1,1.0,1,1.0,1.0,402,32,295.38,"{""answer"": {""bring"": 1}}"
pipeline-1037,pipeline,"{""scenario"": ""7-inspection"", ""kind"": ""inspection"", ""mode"": ""pipeline"", ""reverse"": true, ""label"": ""bring"", ""source_run"": ""20260916T124604860296Z-limits-study"", ""source_trial"": 1037, ""source_case_id"": ""decision-7-inspection-check-True"", ""source_repetition"": 0, ""check_answer"": ""yes"", ""check_correct"": true}",1,1,1.0,1,1.0,0.99,402,32,306.37,"{""answer"": {""bring"": 1}}"
pipeline-1045,pipeline,"{""scenario"": ""7-service"", ""kind"": ""service"", ""mode"": ""pipeline"", ""reverse"": false, ""label"": ""bring"", ""source_run"": ""20260916T124604860296Z-limits-study"", ""source_trial"": 1045, ""source_case_id"": ""decision-7-service-check-False"", ""source_repetition"": 1, ""check_answer"": ""yes"", ""check_correct"": true}",1,1,1.0,1,0.99,0.98,402,32,300.63,"{""answer"": {""bring"": 1}}"
pipeline-1050,pipeline,"{""scenario"": ""3-service"", ""kind"": ""service"", ""mode"": ""pipeline"", ""reverse"": false, ""label"": ""bring"", ""source_run"": ""20260916T124604860296Z-limits-study"", ""source_trial"": 1050, ""source_case_id"": ""decision-3-service-check-False"", ""source_repetition"": 0, ""check_answer"": ""yes"", ""check_correct"": true}",1,1,1.0,1,0.98,0.97,402,32,305.16,"{""answer"": {""bring"": 1}}"
pipeline-1052,pipeline,"{""scenario"": ""5-service"", ""kind"": ""service"", ""mode"": ""pipeline"", ""reverse"": false, ""label"": ""bring"", ""source_run"": ""20260916T124604860296Z-limits-study"", ""source_trial"": 1052, ""source_case_id"": ""decision-5-service-check-False"", ""source_repetition"": 0, ""check_answer"": ""yes"", ""check_correct"": true}",1,1,1.0,1,1.0,0.99,402,32,370.2,"{""answer"": {""bring"": 1}}"
pipeline-1058,pipeline,"{""scenario"": ""0-collection"", ""kind"": ""collection"", ""mode"": ""pipeline"", ""reverse"": true, ""label"": ""go_without"", ""source_run"": ""20260916T124604860296Z-limits-study"", ""source_trial"": 1058, ""source_case_id"": ""decision-0-collection-check-True"", ""source_repetition"": 0, ""check_answer"": ""no"", ""check_correct"": true}",1,1,1.0,1,1.0,1.0,401,33,300.09,"{""answer"": {""go_without"": 1}}"
pipeline-1059,pipeline,"{""scenario"": ""7-inspection"", ""kind"": ""inspection"", ""mode"": ""pipeline"", ""reverse"": false, ""label"": ""bring"", ""source_run"": ""20260916T124604860296Z-limits-study"", ""source_trial"": 1059, ""source_case_id"": ""decision-7-inspection-check-False"", ""source_repetition"": 1, ""check_answer"": ""yes"", ""check_correct"": true}",1,1,1.0,1,1.0,1.0,402,32,324.9,"{""answer"": {""bring"": 1}}"
pipeline-1063,pipeline,"{""scenario"": ""4-appointment"", ""kind"": ""appointment"", ""mode"": ""pipeline"", ""reverse"": false, ""label"": ""go_without"", ""source_run"": ""20260916T124604860296Z-limits-study"", ""source_trial"": 1063, ""source_case_id"": ""decision-4-appointment-check-False"", ""source_repetition"": 2, ""check_answer"": ""no"", ""check_correct"": true}",1,1,1.0,1,1.0,1.0,418,33,324.04,"{""answer"": {""go_without"": 1}}"
pipeline-1069,pipeline,"{""scenario"": ""4-inspection"", ""kind"": ""inspection"", ""mode"": ""pipeline"", ""reverse"": false, ""label"": ""bring"", ""source_run"": ""20260916T124604860296Z-limits-study"", ""source_trial"": 1069, ""source_case_id"": ""decision-4-inspection-check-False"", ""source_repetition"": 2, ""check_answer"": ""yes"", ""check_correct"": true}",1,1,1.0,1,1.0,1.0,404,32,331.45,"{""answer"": {""bring"": 1}}"
pipeline-1071,pipeline,"{""scenario"": ""2-inspection"", ""kind"": ""inspection"", ""mode"": ""pipeline"", ""reverse"": false, ""label"": ""bring"", ""source_run"": ""20260916T124604860296Z-limits-study"", ""source_trial"": 1071, ""source_case_id"": ""decision-2-inspection-check-False"", ""source_repetition"": 0, ""check_answer"": ""yes"", ""check_correct"": true}",1,1,1.0,1,1.0,0.99,402,32,384.81,"{""answer"": {""bring"": 1}}"
pipeline-1082,pipeline,"{""scenario"": ""2-collection"", ""kind"": ""collection"", ""mode"": ""pipeline"", ""reverse"": false, ""label"": ""go_without"", ""source_run"": ""20260916T124604860296Z-limits-study"", ""source_trial"": 1082, ""source_case_id"": ""decision-2-collection-check-False"", ""source_repetition"": 0, ""check_answer"": ""no"", ""check_correct"": true}",1,1,1.0,1,1.0,1.0,401,33,318.91,"{""answer"": {""go_without"": 1}}"
pipeline-1086,pipeline,"{""scenario"": ""10-inspection"", ""kind"": ""inspection"", ""mode"": ""pipeline"", ""reverse"": true, ""label"": ""bring"", ""source_run"": ""20260916T124604860296Z-limits-study"", ""source_trial"": 1086, ""source_case_id"": ""decision-10-inspection-check-True"", ""source_repetition"": 1, ""check_answer"": ""yes"", ""check_correct"": true}",1,1,1.0,1,1.0,0.99,402,32,340.33,"{""answer"": {""bring"": 1}}"
pipeline-1089,pipeline,"{""scenario"": ""6-collection"", ""kind"": ""collection"", ""mode"": ""pipeline"", ""reverse"": false, ""label"": ""go_without"", ""source_run"": ""20260916T124604860296Z-limits-study"", ""source_trial"": 1089, ""source_case_id"": ""decision-6-collection-check-False"", ""source_repetition"": 1, ""check_answer"": ""no"", ""check_correct"": true}",1,1,1.0,1,1.0,1.0,403,33,288.45,"{""answer"": {""go_without"": 1}}"
pipeline-1090,pipeline,"{""scenario"": ""4-appointment"", ""kind"": ""appointment"", ""mode"": ""pipeline"", ""reverse"": true, ""label"": ""go_without"", ""source_run"": ""20260916T124604860296Z-limits-study"", ""source_trial"": 1090, ""source_case_id"": ""decision-4-appointment-check-True"", ""source_repetition"": 2, ""check_answer"": ""no"", ""check_correct"": true}",1,1,1.0,1,1.0,1.0,418,33,360.45,"{""answer"": {""go_without"": 1}}"
pipeline-1096,pipeline,"{""scenario"": ""4-inspection"", ""kind"": ""inspection"", ""mode"": ""pipeline"", ""reverse"": true, ""label"": ""bring"", ""source_run"": ""20260916T124604860296Z-limits-study"", ""source_trial"": 1096, ""source_case_id"": ""decision-4-inspection-check-True"", ""source_repetition"": 1, ""check_answer"": ""yes"", ""check_correct"": true}",1,1,1.0,1,1.0,0.99,404,32,296.26,"{""answer"": {""bring"": 1}}"
pipeline-1110,pipeline,"{""scenario"": ""8-inspection"", ""kind"": ""inspection"", ""mode"": ""pipeline"", ""reverse"": false, ""label"": ""bring"", ""source_run"": ""20260916T124604860296Z-limits-study"", ""source_trial"": 1110, ""source_case_id"": ""decision-8-inspection-check-False"", ""source_repetition"": 0, ""check_answer"": ""yes"", ""check_correct"": true}",1,1,1.0,1,1.0,1.0,402,32,326.13,"{""answer"": {""bring"": 1}}"
pipeline-1120,pipeline,"{""scenario"": ""0-service"", ""kind"": ""service"", ""mode"": ""pipeline"", ""reverse"": false, ""label"": ""bring"", ""source_run"": ""20260916T124604860296Z-limits-study"", ""source_trial"": 1120, ""source_case_id"": ""decision-0-service-check-False"", ""source_repetition"": 2, ""check_answer"": ""yes"", ""check_correct"": true}",1,1,1.0,1,0.99,0.99,402,32,308.95,"{""answer"": {""bring"": 1}}"
pipeline-1133,pipeline,"{""scenario"": ""5-appointment"", ""kind"": ""appointment"", ""mode"": ""pipeline"", ""reverse"": false, ""label"": ""go_without"", ""source_run"": ""20260916T124604860296Z-limits-study"", ""source_trial"": 1133, ""source_case_id"": ""decision-5-appointment-check-False"", ""source_repetition"": 1, ""check_answer"": ""no"", ""check_correct"": true}",1,1,1.0,1,1.0,1.0,416,33,351.58,"{""answer"": {""go_without"": 1}}"
pipeline-1134,pipeline,"{""scenario"": ""7-inspection"", ""kind"": ""inspection"", ""mode"": ""pipeline"", ""reverse"": true, ""label"": ""bring"", ""source_run"": ""20260916T124604860296Z-limits-study"", ""source_trial"": 1134, ""source_case_id"": ""decision-7-inspection-check-True"", ""source_repetition"": 1, ""check_answer"": ""yes"", ""check_correct"": true}",1,1,1.0,1,1.0,0.99,402,32,325.26,"{""answer"": {""bring"": 1}}"
pipeline-1136,pipeline,"{""scenario"": ""11-inspection"", ""kind"": ""inspection"", ""mode"": ""pipeline"", ""reverse"": false, ""label"": ""bring"", ""source_run"": ""20260916T124604860296Z-limits-study"", ""source_trial"": 1136, ""source_case_id"": ""decision-11-inspection-check-False"", ""source_repetition"": 0, ""check_answer"": ""yes"", ""check_correct"": true}",1,1,1.0,1,1.0,1.0,404,32,300.81,"{""answer"": {""bring"": 1}}"
pipeline-1138,pipeline,"{""scenario"": ""8-appointment"", ""kind"": ""appointment"", ""mode"": ""pipeline"", ""reverse"": true, ""label"": ""go_without"", ""source_run"": ""20260916T124604860296Z-limits-study"", ""source_trial"": 1138, ""source_case_id"": ""decision-8-appointment-check-True"", ""source_repetition"": 2, ""check_answer"": ""no"", ""check_correct"": true}",1,1,1.0,1,1.0,1.0,416,33,269.18,"{""answer"": {""go_without"": 1}}"
pipeline-1141,pipeline,"{""scenario"": ""3-collection"", ""kind"": ""collection"", ""mode"": ""pipeline"", ""reverse"": true, ""label"": ""go_without"", ""source_run"": ""20260916T124604860296Z-limits-study"", ""source_trial"": 1141, ""source_case_id"": ""decision-3-collection-check-True"", ""source_repetition"": 1, ""check_answer"": ""no"", ""check_correct"": true}",1,1,1.0,1,1.0,1.0,401,33,324.03,"{""answer"": {""go_without"": 1}}"
pipeline-1153,pipeline,"{""scenario"": ""7-appointment"", ""kind"": ""appointment"", ""mode"": ""pipeline"", ""reverse"": true, ""label"": ""go_without"", ""source_run"": ""20260916T124604860296Z-limits-study"", ""source_trial"": 1153, ""source_case_id"": ""decision-7-appointment-check-True"", ""source_repetition"": 2, ""check_answer"": ""no"", ""check_correct"": true}",1,1,1.0,1,1.0,1.0,416,33,331.4,"{""answer"": {""go_without"": 1}}"
pipeline-1173,pipeline,"{""scenario"": ""10-inspection"", ""kind"": ""inspection"", ""mode"": ""pipeline"", ""reverse"": false, ""label"": ""bring"", ""source_run"": ""20260916T124604860296Z-limits-study"", ""source_trial"": 1173, ""source_case_id"": ""decision-10-inspection-check-False"", ""source_repetition"": 1, ""check_answer"": ""yes"", ""check_correct"": true}",1,1,1.0,1,1.0,1.0,402,32,268.11,"{""answer"": {""bring"": 1}}"
pipeline-1175,pipeline,"{""scenario"": ""3-service"", ""kind"": ""service"", ""mode"": ""pipeline"", ""reverse"": true, ""label"": ""bring"", ""source_run"": ""20260916T124604860296Z-limits-study"", ""source_trial"": 1175, ""source_case_id"": ""decision-3-service-check-True"", ""source_repetition"": 2, ""check_answer"": ""yes"", ""check_correct"": true}",1,1,1.0,1,0.97,0.95,402,32,314.3,"{""answer"": {""bring"": 1}}"
pipeline-1194,pipeline,"{""scenario"": ""1-service"", ""kind"": ""service"", ""mode"": ""pipeline"", ""reverse"": true, ""label"": ""bring"", ""source_run"": ""20260916T124604860296Z-limits-study"", ""source_trial"": 1194, ""source_case_id"": ""decision-1-service-check-True"", ""source_repetition"": 2, ""check_answer"": ""yes"", ""check_correct"": true}",1,1,1.0,1,0.99,0.99,402,32,319.98,"{""answer"": {""bring"": 1}}"
pipeline-1203,pipeline,"{""scenario"": ""9-appointment"", ""kind"": ""appointment"", ""mode"": ""pipeline"", ""reverse"": false, ""label"": ""go_without"", ""source_run"": ""20260916T124604860296Z-limits-study"", ""source_trial"": 1203, ""source_case_id"": ""decision-9-appointment-check-False"", ""source_repetition"": 0, ""check_answer"": ""no"", ""check_correct"": true}",1,1,1.0,1,1.0,1.0,417,33,349.34,"{""answer"": {""go_without"": 1}}"
pipeline-1214,pipeline,"{""scenario"": ""9-inspection"", ""kind"": ""inspection"", ""mode"": ""pipeline"", ""reverse"": false, ""label"": ""bring"", ""source_run"": ""20260916T124604860296Z-limits-study"", ""source_trial"": 1214, ""source_case_id"": ""decision-9-inspection-check-False"", ""source_repetition"": 2, ""check_answer"": ""yes"", ""check_correct"": true}",1,1,1.0,1,1.0,1.0,402,32,302.92,"{""answer"": {""bring"": 1}}"
pipeline-1217,pipeline,"{""scenario"": ""11-service"", ""kind"": ""service"", ""mode"": ""pipeline"", ""reverse"": true, ""label"": ""bring"", ""source_run"": ""20260916T124604860296Z-limits-study"", ""source_trial"": 1217, ""source_case_id"": ""decision-11-service-check-True"", ""source_repetition"": 0, ""check_answer"": ""yes"", ""check_correct"": true}",1,1,1.0,1,0.99,0.98,404,32,258.56,"{""answer"": {""bring"": 1}}"
pipeline-1227,pipeline,"{""scenario"": ""5-service"", ""kind"": ""service"", ""mode"": ""pipeline"", ""reverse"": true, ""label"": ""bring"", ""source_run"": ""20260916T124604860296Z-limits-study"", ""source_trial"": 1227, ""source_case_id"": ""decision-5-service-check-True"", ""source_repetition"": 0, ""check_answer"": ""yes"", ""check_correct"": true}",1,1,1.0,1,0.99,0.98,402,32,368.0,"{""answer"": {""bring"": 1}}"
pipeline-1235,pipeline,"{""scenario"": ""8-service"", ""kind"": ""service"", ""mode"": ""pipeline"", ""reverse"": true, ""label"": ""bring"", ""source_run"": ""20260916T124604860296Z-limits-study"", ""source_trial"": 1235, ""source_case_id"": ""decision-8-service-check-True"", ""source_repetition"": 0, ""check_answer"": ""yes"", ""check_correct"": true}",1,1,1.0,1,0.99,0.98,402,32,311.28,"{""answer"": {""bring"": 1}}"
pipeline-1241,pipeline,"{""scenario"": ""2-collection"", ""kind"": ""collection"", ""mode"": ""pipeline"", ""reverse"": false, ""label"": ""go_without"", ""source_run"": ""20260916T124604860296Z-limits-study"", ""source_trial"": 1241, ""source_case_id"": ""decision-2-collection-check-False"", ""source_repetition"": 1, ""check_answer"": ""no"", ""check_correct"": true}",1,1,1.0,1,1.0,1.0,401,33,344.33,"{""answer"": {""go_without"": 1}}"
pipeline-1249,pipeline,"{""scenario"": ""10-inspection"", ""kind"": ""inspection"", ""mode"": ""pipeline"", ""reverse"": false, ""label"": ""bring"", ""source_run"": ""20260916T124604860296Z-limits-study"", ""source_trial"": 1249, ""source_case_id"": ""decision-10-inspection-check-False"", ""source_repetition"": 2, ""check_answer"": ""yes"", ""check_correct"": true}",1,1,1.0,1,1.0,1.0,402,32,386.35,"{""answer"": {""bring"": 1}}"
pipeline-1253,pipeline,"{""scenario"": ""2-collection"", ""kind"": ""collection"", ""mode"": ""pipeline"", ""reverse"": true, ""label"": ""go_without"", ""source_run"": ""20260916T124604860296Z-limits-study"", ""source_trial"": 1253, ""source_case_id"": ""decision-2-collection-check-True"", ""source_repetition"": 2, ""check_answer"": ""no"", ""check_correct"": true}",1,1,1.0,1,1.0,1.0,401,33,305.34,"{""answer"": {""go_without"": 1}}"
pipeline-1255,pipeline,"{""scenario"": ""3-inspection"", ""kind"": ""inspection"", ""mode"": ""pipeline"", ""reverse"": true, ""label"": ""bring"", ""source_run"": ""20260916T124604860296Z-limits-study"", ""source_trial"": 1255, ""source_case_id"": ""decision-3-inspection-check-True"", ""source_repetition"": 2, ""check_answer"": ""yes"", ""check_correct"": true}",1,1,1.0,1,0.99,0.99,402,32,295.44,"{""answer"": {""bring"": 1}}"
pipeline-1261,pipeline,"{""scenario"": ""6-appointment"", ""kind"": ""appointment"", ""mode"": ""pipeline"", ""reverse"": true, ""label"": ""go_without"", ""source_run"": ""20260916T124604860296Z-limits-study"", ""source_trial"": 1261, ""source_case_id"": ""decision-6-appointment-check-True"", ""source_repetition"": 2, ""check_answer"": ""no"", ""check_correct"": true}",1,1,1.0,1,1.0,1.0,418,33,348.86,"{""answer"": {""go_without"": 1}}"
pipeline-1264,pipeline,"{""scenario"": ""7-collection"", ""kind"": ""collection"", ""mode"": ""pipeline"", ""reverse"": true, ""label"": ""go_without"", ""source_run"": ""20260916T124604860296Z-limits-study"", ""source_trial"": 1264, ""source_case_id"": ""decision-7-collection-check-True"", ""source_repetition"": 2, ""check_answer"": ""no"", ""check_correct"": true}",1,1,1.0,1,1.0,1.0,401,33,316.56,"{""answer"": {""go_without"": 1}}"
pipeline-1267,pipeline,"{""scenario"": ""5-collection"", ""kind"": ""collection"", ""mode"": ""pipeline"", ""reverse"": true, ""label"": ""go_without"", ""source_run"": ""20260916T124604860296Z-limits-study"", ""source_trial"": 1267, ""source_case_id"": ""decision-5-collection-check-True"", ""source_repetition"": 1, ""check_answer"": ""no"", ""check_correct"": true}",1,1,1.0,1,1.0,1.0,401,33,285.81,"{""answer"": {""go_without"": 1}}"
pipeline-1273,pipeline,"{""scenario"": ""10-collection"", ""kind"": ""collection"", ""mode"": ""pipeline"", ""reverse"": true, ""label"": ""go_without"", ""source_run"": ""20260916T124604860296Z-limits-study"", ""source_trial"": 1273, ""source_case_id"": ""decision-10-collection-check-True"", ""source_repetition"": 0, ""check_answer"": ""no"", ""check_correct"": true}",1,1,1.0,1,1.0,1.0,401,33,310.41,"{""answer"": {""go_without"": 1}}"
pipeline-1282,pipeline,"{""scenario"": ""5-collection"", ""kind"": ""collection"", ""mode"": ""pipeline"", ""reverse"": false, ""label"": ""go_without"", ""source_run"": ""20260916T124604860296Z-limits-study"", ""source_trial"": 1282, ""source_case_id"": ""decision-5-collection-check-False"", ""source_repetition"": 0, ""check_answer"": ""no"", ""check_correct"": true}",1,1,1.0,1,1.0,1.0,401,33,300.37,"{""answer"": {""go_without"": 1}}"
pipeline-1290,pipeline,"{""scenario"": ""2-inspection"", ""kind"": ""inspection"", ""mode"": ""pipeline"", ""reverse"": true, ""label"": ""bring"", ""source_run"": ""20260916T124604860296Z-limits-study"", ""source_trial"": 1290, ""source_case_id"": ""decision-2-inspection-check-True"", ""source_repetition"": 1, ""check_answer"": ""yes"", ""check_correct"": true}",1,1,1.0,1,0.99,0.99,402,32,343.47,"{""answer"": {""bring"": 1}}"
pipeline-1293,pipeline,"{""scenario"": ""9-collection"", ""kind"": ""collection"", ""mode"": ""pipeline"", ""reverse"": false, ""label"": ""go_without"", ""source_run"": ""20260916T124604860296Z-limits-study"", ""source_trial"": 1293, ""source_case_id"": ""decision-9-collection-check-False"", ""source_repetition"": 1, ""check_answer"": ""no"", ""check_correct"": true}",1,1,1.0,1,1.0,1.0,402,33,379.64,"{""answer"": {""go_without"": 1}}"
pipeline-1295,pipeline,"{""scenario"": ""5-collection"", ""kind"": ""collection"", ""mode"": ""pipeline"", ""reverse"": false, ""label"": ""go_without"", ""source_run"": ""20260916T124604860296Z-limits-study"", ""source_trial"": 1295, ""source_case_id"": ""decision-5-collection-check-False"", ""source_repetition"": 2, ""check_answer"": ""no"", ""check_correct"": true}",1,1,1.0,1,1.0,1.0,401,33,323.74,"{""answer"": {""go_without"": 1}}"
pipeline-1296,pipeline,"{""scenario"": ""9-inspection"", ""kind"": ""inspection"", ""mode"": ""pipeline"", ""reverse"": true, ""label"": ""bring"", ""source_run"": ""20260916T124604860296Z-limits-study"", ""source_trial"": 1296, ""source_case_id"": ""decision-9-inspection-check-True"", ""source_repetition"": 0, ""check_answer"": ""yes"", ""check_correct"": true}",1,1,1.0,1,1.0,1.0,402,32,317.25,"{""answer"": {""bring"": 1}}"
pipeline-1297,pipeline,"{""scenario"": ""5-appointment"", ""kind"": ""appointment"", ""mode"": ""pipeline"", ""reverse"": true, ""label"": ""go_without"", ""source_run"": ""20260916T124604860296Z-limits-study"", ""source_trial"": 1297, ""source_case_id"": ""decision-5-appointment-check-True"", ""source_repetition"": 0, ""check_answer"": ""no"", ""check_correct"": true}",1,1,1.0,1,1.0,1.0,416,33,344.14,"{""answer"": {""go_without"": 1}}"
pipeline-1298,pipeline,"{""scenario"": ""8-appointment"", ""kind"": ""appointment"", ""mode"": ""pipeline"", ""reverse"": true, ""label"": ""go_without"", ""source_run"": ""20260916T124604860296Z-limits-study"", ""source_trial"": 1298, ""source_case_id"": ""decision-8-appointment-check-True"", ""source_repetition"": 0, ""check_answer"": ""no"", ""check_correct"": true}",1,1,1.0,1,1.0,1.0,416,33,323.39,"{""answer"": {""go_without"": 1}}"
pipeline-1300,pipeline,"{""scenario"": ""3-appointment"", ""kind"": ""appointment"", ""mode"": ""pipeline"", ""reverse"": false, ""label"": ""go_without"", ""source_run"": ""20260916T124604860296Z-limits-study"", ""source_trial"": 1300, ""source_case_id"": ""decision-3-appointment-check-False"", ""source_repetition"": 1, ""check_answer"": ""no"", ""check_correct"": true}",1,1,1.0,1,1.0,1.0,416,33,337.05,"{""answer"": {""go_without"": 1}}"
pipeline-1304,pipeline,"{""scenario"": ""4-appointment"", ""kind"": ""appointment"", ""mode"": ""pipeline"", ""reverse"": true, ""label"": ""go_without"", ""source_run"": ""20260916T124604860296Z-limits-study"", ""source_trial"": 1304, ""source_case_id"": ""decision-4-appointment-check-True"", ""source_repetition"": 1, ""check_answer"": ""no"", ""check_correct"": true}",1,1,1.0,1,1.0,1.0,418,33,332.71,"{""answer"": {""go_without"": 1}}"
pipeline-1316,pipeline,"{""scenario"": ""2-service"", ""kind"": ""service"", ""mode"": ""pipeline"", ""reverse"": false, ""label"": ""bring"", ""source_run"": ""20260916T124604860296Z-limits-study"", ""source_trial"": 1316, ""source_case_id"": ""decision-2-service-check-False"", ""source_repetition"": 2, ""check_answer"": ""yes"", ""check_correct"": true}",1,1,1.0,1,1.0,0.99,402,32,298.53,"{""answer"": {""bring"": 1}}"
pipeline-1319,pipeline,"{""scenario"": ""1-collection"", ""kind"": ""collection"", ""mode"": ""pipeline"", ""reverse"": false, ""label"": ""go_without"", ""source_run"": ""20260916T124604860296Z-limits-study"", ""source_trial"": 1319, ""source_case_id"": ""decision-1-collection-check-False"", ""source_repetition"": 0, ""check_answer"": ""no"", ""check_correct"": true}",1,1,1.0,1,1.0,1.0,401,33,265.38,"{""answer"": {""go_without"": 1}}"
pipeline-1323,pipeline,"{""scenario"": ""1-appointment"", ""kind"": ""appointment"", ""mode"": ""pipeline"", ""reverse"": true, ""label"": ""go_without"", ""source_run"": ""20260916T124604860296Z-limits-study"", ""source_trial"": 1323, ""source_case_id"": ""decision-1-appointment-check-True"", ""source_repetition"": 2, ""check_answer"": ""no"", ""check_correct"": true}",1,1,1.0,1,1.0,1.0,416,33,355.92,"{""answer"": {""go_without"": 1}}"
pipeline-1331,pipeline,"{""scenario"": ""0-appointment"", ""kind"": ""appointment"", ""mode"": ""pipeline"", ""reverse"": false, ""label"": ""go_without"", ""source_run"": ""20260916T124604860296Z-limits-study"", ""source_trial"": 1331, ""source_case_id"": ""decision-0-appointment-check-False"", ""source_repetition"": 2, ""check_answer"": ""no"", ""check_correct"": true}",1,1,1.0,1,1.0,1.0,416,33,282.9,"{""answer"": {""go_without"": 1}}"
pipeline-1335,pipeline,"{""scenario"": ""4-appointment"", ""kind"": ""appointment"", ""mode"": ""pipeline"", ""reverse"": false, ""label"": ""go_without"", ""source_run"": ""20260916T124604860296Z-limits-study"", ""source_trial"": 1335, ""source_case_id"": ""decision-4-appointment-check-False"", ""source_repetition"": 1, ""check_answer"": ""no"", ""check_correct"": true}",1,1,1.0,1,1.0,1.0,418,33,357.24,"{""answer"": {""go_without"": 1}}"
pipeline-1354,pipeline,"{""scenario"": ""5-inspection"", ""kind"": ""inspection"", ""mode"": ""pipeline"", ""reverse"": true, ""label"": ""bring"", ""source_run"": ""20260916T124604860296Z-limits-study"", ""source_trial"": 1354, ""source_case_id"": ""decision-5-inspection-check-True"", ""source_repetition"": 1, ""check_answer"": ""yes"", ""check_correct"": true}",1,1,1.0,1,1.0,1.0,402,32,274.77,"{""answer"": {""bring"": 1}}"
pipeline-1361,pipeline,"{""scenario"": ""11-collection"", ""kind"": ""collection"", ""mode"": ""pipeline"", ""reverse"": true, ""label"": ""go_without"", ""source_run"": ""20260916T124604860296Z-limits-study"", ""source_trial"": 1361, ""source_case_id"": ""decision-11-collection-check-True"", ""source_repetition"": 1, ""check_answer"": ""no"", ""check_correct"": true}",1,1,1.0,1,1.0,1.0,403,33,297.36,"{""answer"": {""go_without"": 1}}"
pipeline-1367,pipeline,"{""scenario"": ""1-inspection"", ""kind"": ""inspection"", ""mode"": ""pipeline"", ""reverse"": true, ""label"": ""bring"", ""source_run"": ""20260916T124604860296Z-limits-study"", ""source_trial"": 1367, ""source_case_id"": ""decision-1-inspection-check-True"", ""source_repetition"": 2, ""check_answer"": ""yes"", ""check_correct"": true}",1,1,1.0,1,1.0,1.0,402,32,307.66,"{""answer"": {""bring"": 1}}"
pipeline-1379,pipeline,"{""scenario"": ""8-service"", ""kind"": ""service"", ""mode"": ""pipeline"", ""reverse"": true, ""label"": ""bring"", ""source_run"": ""20260916T124604860296Z-limits-study"", ""source_trial"": 1379, ""source_case_id"": ""decision-8-service-check-True"", ""source_repetition"": 2, ""check_answer"": ""yes"", ""check_correct"": true}",1,1,1.0,1,0.99,0.99,402,32,297.46,"{""answer"": {""bring"": 1}}"
pipeline-1386,pipeline,"{""scenario"": ""9-inspection"", ""kind"": ""inspection"", ""mode"": ""pipeline"", ""reverse"": true, ""label"": ""bring"", ""source_run"": ""20260916T124604860296Z-limits-study"", ""source_trial"": 1386, ""source_case_id"": ""decision-9-inspection-check-True"", ""source_repetition"": 2, ""check_answer"": ""yes"", ""check_correct"": true}",1,1,1.0,1,1.0,1.0,402,32,353.38,"{""answer"": {""bring"": 1}}"
pipeline-1392,pipeline,"{""scenario"": ""9-appointment"", ""kind"": ""appointment"", ""mode"": ""pipeline"", ""reverse"": true, ""label"": ""go_without"", ""source_run"": ""20260916T124604860296Z-limits-study"", ""source_trial"": 1392, ""source_case_id"": ""decision-9-appointment-check-True"", ""source_repetition"": 1, ""check_answer"": ""no"", ""check_correct"": true}",1,1,1.0,1,1.0,1.0,417,33,297.53,"{""answer"": {""go_without"": 1}}"
pipeline-1396,pipeline,"{""scenario"": ""7-collection"", ""kind"": ""collection"", ""mode"": ""pipeline"", ""reverse"": true, ""label"": ""go_without"", ""source_run"": ""20260916T124604860296Z-limits-study"", ""source_trial"": 1396, ""source_case_id"": ""decision-7-collection-check-True"", ""source_repetition"": 0, ""check_answer"": ""no"", ""check_correct"": true}",1,1,1.0,1,1.0,1.0,401,33,405.37,"{""answer"": {""go_without"": 1}}"
pipeline-1402,pipeline,"{""scenario"": ""3-service"", ""kind"": ""service"", ""mode"": ""pipeline"", ""reverse"": false, ""label"": ""bring"", ""source_run"": ""20260916T124604860296Z-limits-study"", ""source_trial"": 1402, ""source_case_id"": ""decision-3-service-check-False"", ""source_repetition"": 2, ""check_answer"": ""yes"", ""check_correct"": true}",1,1,1.0,1,0.98,0.96,402,32,311.27,"{""answer"": {""bring"": 1}}"
pipeline-1405,pipeline,"{""scenario"": ""8-appointment"", ""kind"": ""appointment"", ""mode"": ""pipeline"", ""reverse"": false, ""label"": ""go_without"", ""source_run"": ""20260916T124604860296Z-limits-study"", ""source_trial"": 1405, ""source_case_id"": ""decision-8-appointment-check-False"", ""source_repetition"": 0, ""check_answer"": ""no"", ""check_correct"": true}",1,1,1.0,1,1.0,1.0,416,33,296.9,"{""answer"": {""go_without"": 1}}"
pipeline-1406,pipeline,"{""scenario"": ""1-service"", ""kind"": ""service"", ""mode"": ""pipeline"", ""reverse"": false, ""label"": ""bring"", ""source_run"": ""20260916T124604860296Z-limits-study"", ""source_trial"": 1406, ""source_case_id"": ""decision-1-service-check-False"", ""source_repetition"": 1, ""check_answer"": ""yes"", ""check_correct"": true}",1,1,1.0,1,1.0,0.99,402,32,271.22,"{""answer"": {""bring"": 1}}"
pipeline-1409,pipeline,"{""scenario"": ""9-appointment"", ""kind"": ""appointment"", ""mode"": ""pipeline"", ""reverse"": true, ""label"": ""go_without"", ""source_run"": ""20260916T124604860296Z-limits-study"", ""source_trial"": 1409, ""source_case_id"": ""decision-9-appointment-check-True"", ""source_repetition"": 0, ""check_answer"": ""no"", ""check_correct"": true}",1,1,1.0,1,1.0,1.0,417,33,298.02,"{""answer"": {""go_without"": 1}}"
pipeline-1412,pipeline,"{""scenario"": ""10-service"", ""kind"": ""service"", ""mode"": ""pipeline"", ""reverse"": true, ""label"": ""bring"", ""source_run"": ""20260916T124604860296Z-limits-study"", ""source_trial"": 1412, ""source_case_id"": ""decision-10-service-check-True"", ""source_repetition"": 1, ""check_answer"": ""yes"", ""check_correct"": true}",1,1,1.0,1,0.98,0.96,402,32,370.65,"{""answer"": {""bring"": 1}}"
pipeline-1419,pipeline,"{""scenario"": ""5-appointment"", ""kind"": ""appointment"", ""mode"": ""pipeline"", ""reverse"": false, ""label"": ""go_without"", ""source_run"": ""20260916T124604860296Z-limits-study"", ""source_trial"": 1419, ""source_case_id"": ""decision-5-appointment-check-False"", ""source_repetition"": 2, ""check_answer"": ""no"", ""check_correct"": true}",1,1,1.0,1,1.0,1.0,416,33,317.26,"{""answer"": {""go_without"": 1}}"
pipeline-1420,pipeline,"{""scenario"": ""1-service"", ""kind"": ""service"", ""mode"": ""pipeline"", ""reverse"": false, ""label"": ""bring"", ""source_run"": ""20260916T124604860296Z-limits-study"", ""source_trial"": 1420, ""source_case_id"": ""decision-1-service-check-False"", ""source_repetition"": 0, ""check_answer"": ""yes"", ""check_correct"": true}",1,1,1.0,1,1.0,1.0,402,32,370.45,"{""answer"": {""bring"": 1}}"
pipeline-1424,pipeline,"{""scenario"": ""9-inspection"", ""kind"": ""inspection"", ""mode"": ""pipeline"", ""reverse"": false, ""label"": ""bring"", ""source_run"": ""20260916T124604860296Z-limits-study"", ""source_trial"": 1424, ""source_case_id"": ""decision-9-inspection-check-False"", ""source_repetition"": 0, ""check_answer"": ""yes"", ""check_correct"": true}",1,1,1.0,1,1.0,1.0,402,32,317.44,"{""answer"": {""bring"": 1}}"
pipeline-1425,pipeline,"{""scenario"": ""1-appointment"", ""kind"": ""appointment"", ""mode"": ""pipeline"", ""reverse"": false, ""label"": ""go_without"", ""source_run"": ""20260916T124604860296Z-limits-study"", ""source_trial"": 1425, ""source_case_id"": ""decision-1-appointment-check-False"", ""source_repetition"": 2, ""check_answer"": ""no"", ""check_correct"": true}",1,1,1.0,1,1.0,1.0,416,33,288.09,"{""answer"": {""go_without"": 1}}"
pipeline-1445,pipeline,"{""scenario"": ""2-appointment"", ""kind"": ""appointment"", ""mode"": ""pipeline"", ""reverse"": false, ""label"": ""go_without"", ""source_run"": ""20260916T124604860296Z-limits-study"", ""source_trial"": 1445, ""source_case_id"": ""decision-2-appointment-check-False"", ""source_repetition"": 0, ""check_answer"": ""no"", ""check_correct"": true}",1,1,1.0,1,1.0,1.0,416,33,276.42,"{""answer"": {""go_without"": 1}}"
pipeline-1455,pipeline,"{""scenario"": ""2-inspection"", ""kind"": ""inspection"", ""mode"": ""pipeline"", ""reverse"": false, ""label"": ""bring"", ""source_run"": ""20260916T124604860296Z-limits-study"", ""source_trial"": 1455, ""source_case_id"": ""decision-2-inspection-check-False"", ""source_repetition"": 2, ""check_answer"": ""yes"", ""check_correct"": true}",1,1,1.0,1,1.0,1.0,402,32,290.85,"{""answer"": {""bring"": 1}}"
pipeline-1457,pipeline,"{""scenario"": ""9-collection"", ""kind"": ""collection"", ""mode"": ""pipeline"", ""reverse"": false, ""label"": ""go_without"", ""source_run"": ""20260916T124604860296Z-limits-study"", ""source_trial"": 1457, ""source_case_id"": ""decision-9-collection-check-False"", ""source_repetition"": 2, ""check_answer"": ""no"", ""check_correct"": true}",1,1,1.0,1,1.0,1.0,402,33,386.42,"{""answer"": {""go_without"": 1}}"
pipeline-1460,pipeline,"{""scenario"": ""8-service"", ""kind"": ""service"", ""mode"": ""pipeline"", ""reverse"": false, ""label"": ""bring"", ""source_run"": ""20260916T124604860296Z-limits-study"", ""source_trial"": 1460, ""source_case_id"": ""decision-8-service-check-False"", ""source_repetition"": 2, ""check_answer"": ""yes"", ""check_correct"": true}",1,1,1.0,1,1.0,0.99,402,32,273.51,"{""answer"": {""bring"": 1}}"
pipeline-1464,pipeline,"{""scenario"": ""0-inspection"", ""kind"": ""inspection"", ""mode"": ""pipeline"", ""reverse"": true, ""label"": ""bring"", ""source_run"": ""20260916T124604860296Z-limits-study"", ""source_trial"": 1464, ""source_case_id"": ""decision-0-inspection-check-True"", ""source_repetition"": 0, ""check_answer"": ""yes"", ""check_correct"": true}",1,1,1.0,1,0.99,0.99,402,32,311.41,"{""answer"": {""bring"": 1}}"
pipeline-1465,pipeline,"{""scenario"": ""2-inspection"", ""kind"": ""inspection"", ""mode"": ""pipeline"", ""reverse"": false, ""label"": ""bring"", ""source_run"": ""20260916T124604860296Z-limits-study"", ""source_trial"": 1465, ""source_case_id"": ""decision-2-inspection-check-False"", ""source_repetition"": 1, ""check_answer"": ""yes"", ""check_correct"": true}",1,1,1.0,1,1.0,1.0,402,32,318.14,"{""answer"": {""bring"": 1}}"
pipeline-1466,pipeline,"{""scenario"": ""2-service"", ""kind"": ""service"", ""mode"": ""pipeline"", ""reverse"": true, ""label"": ""bring"", ""source_run"": ""20260916T124604860296Z-limits-study"", ""source_trial"": 1466, ""source_case_id"": ""decision-2-service-check-True"", ""source_repetition"": 2, ""check_answer"": ""yes"", ""check_correct"": true}",1,1,1.0,1,0.99,0.98,402,32,315.1,"{""answer"": {""bring"": 1}}"
pipeline-1468,pipeline,"{""scenario"": ""10-collection"", ""kind"": ""collection"", ""mode"": ""pipeline"", ""reverse"": false, ""label"": ""go_without"", ""source_run"": ""20260916T124604860296Z-limits-study"", ""source_trial"": 1468, ""source_case_id"": ""decision-10-collection-check-False"", ""source_repetition"": 2, ""check_answer"": ""no"", ""check_correct"": true}",1,1,1.0,1,1.0,1.0,401,33,309.88,"{""answer"": {""go_without"": 1}}"
pipeline-1472,pipeline,"{""scenario"": ""1-collection"", ""kind"": ""collection"", ""mode"": ""pipeline"", ""reverse"": false, ""label"": ""go_without"", ""source_run"": ""20260916T124604860296Z-limits-study"", ""source_trial"": 1472, ""source_case_id"": ""decision-1-collection-check-False"", ""source_repetition"": 2, ""check_answer"": ""no"", ""check_correct"": true}",1,1,1.0,1,1.0,1.0,401,33,320.31,"{""answer"": {""go_without"": 1}}"
pipeline-1482,pipeline,"{""scenario"": ""9-inspection"", ""kind"": ""inspection"", ""mode"": ""pipeline"", ""reverse"": false, ""label"": ""bring"", ""source_run"": ""20260916T124604860296Z-limits-study"", ""source_trial"": 1482, ""source_case_id"": ""decision-9-inspection-check-False"", ""source_repetition"": 1, ""check_answer"": ""yes"", ""check_correct"": true}",1,1,1.0,1,1.0,1.0,402,32,339.15,"{""answer"": {""bring"": 1}}"
pipeline-1486,pipeline,"{""scenario"": ""5-service"", ""kind"": ""service"", ""mode"": ""pipeline"", ""reverse"": false, ""label"": ""bring"", ""source_run"": ""20260916T124604860296Z-limits-study"", ""source_trial"": 1486, ""source_case_id"": ""decision-5-service-check-False"", ""source_repetition"": 1, ""check_answer"": ""yes"", ""check_correct"": true}",1,1,1.0,1,1.0,0.99,402,32,322.39,"{""answer"": {""bring"": 1}}"
pipeline-1490,pipeline,"{""scenario"": ""4-service"", ""kind"": ""service"", ""mode"": ""pipeline"", ""reverse"": false, ""label"": ""bring"", ""source_run"": ""20260916T124604860296Z-limits-study"", ""source_trial"": 1490, ""source_case_id"": ""decision-4-service-check-False"", ""source_repetition"": 0, ""check_answer"": ""yes"", ""check_correct"": true}",1,1,1.0,1,0.99,0.98,404,32,301.11,"{""answer"": {""bring"": 1}}"
pipeline-1498,pipeline,"{""scenario"": ""8-appointment"", ""kind"": ""appointment"", ""mode"": ""pipeline"", ""reverse"": false, ""label"": ""go_without"", ""source_run"": ""20260916T124604860296Z-limits-study"", ""source_trial"": 1498, ""source_case_id"": ""decision-8-appointment-check-False"", ""source_repetition"": 1, ""check_answer"": ""no"", ""check_correct"": true}",1,1,1.0,1,1.0,1.0,416,33,387.79,"{""answer"": {""go_without"": 1}}"
pipeline-1501,pipeline,"{""scenario"": ""2-appointment"", ""kind"": ""appointment"", ""mode"": ""pipeline"", ""reverse"": true, ""label"": ""go_without"", ""source_run"": ""20260916T124604860296Z-limits-study"", ""source_trial"": 1501, ""source_case_id"": ""decision-2-appointment-check-True"", ""source_repetition"": 0, ""check_answer"": ""no"", ""check_correct"": true}",1,1,1.0,1,1.0,1.0,416,33,336.59,"{""answer"": {""go_without"": 1}}"
pipeline-1503,pipeline,"{""scenario"": ""8-collection"", ""kind"": ""collection"", ""mode"": ""pipeline"", ""reverse"": false, ""label"": ""go_without"", ""source_run"": ""20260916T124604860296Z-limits-study"", ""source_trial"": 1503, ""source_case_id"": ""decision-8-collection-check-False"", ""source_repetition"": 1, ""check_answer"": ""no"", ""check_correct"": true}",1,1,1.0,1,1.0,1.0,401,33,263.84,"{""answer"": {""go_without"": 1}}"
pipeline-1510,pipeline,"{""scenario"": ""8-collection"", ""kind"": ""collection"", ""mode"": ""pipeline"", ""reverse"": false, ""label"": ""go_without"", ""source_run"": ""20260916T124604860296Z-limits-study"", ""source_trial"": 1510, ""source_case_id"": ""decision-8-collection-check-False"", ""source_repetition"": 0, ""check_answer"": ""no"", ""check_correct"": true}",1,1,1.0,1,1.0,1.0,401,33,334.47,"{""answer"": {""go_without"": 1}}"
pipeline-1512,pipeline,"{""scenario"": ""2-service"", ""kind"": ""service"", ""mode"": ""pipeline"", ""reverse"": true, ""label"": ""bring"", ""source_run"": ""20260916T124604860296Z-limits-study"", ""source_trial"": 1512, ""source_case_id"": ""decision-2-service-check-True"", ""source_repetition"": 0, ""check_answer"": ""yes"", ""check_correct"": true}",1,1,1.0,1,0.99,0.99,402,32,301.28,"{""answer"": {""bring"": 1}}"
pipeline-1516,pipeline,"{""scenario"": ""5-service"", ""kind"": ""service"", ""mode"": ""pipeline"", ""reverse"": true, ""label"": ""bring"", ""source_run"": ""20260916T124604860296Z-limits-study"", ""source_trial"": 1516, ""source_case_id"": ""decision-5-service-check-True"", ""source_repetition"": 1, ""check_answer"": ""yes"", ""check_correct"": true}",1,1,1.0,1,0.99,0.98,402,32,341.27,"{""answer"": {""bring"": 1}}"
pipeline-1522,pipeline,"{""scenario"": ""8-collection"", ""kind"": ""collection"", ""mode"": ""pipeline"", ""reverse"": false, ""label"": ""go_without"", ""source_run"": ""20260916T124604860296Z-limits-study"", ""source_trial"": 1522, ""source_case_id"": ""decision-8-collection-check-False"", ""source_repetition"": 2, ""check_answer"": ""no"", ""check_correct"": true}",1,1,1.0,1,1.0,1.0,401,33,314.54,"{""answer"": {""go_without"": 1}}"
pipeline-1541,pipeline,"{""scenario"": ""0-service"", ""kind"": ""service"", ""mode"": ""pipeline"", ""reverse"": true, ""label"": ""bring"", ""source_run"": ""20260916T124604860296Z-limits-study"", ""source_trial"": 1541, ""source_case_id"": ""decision-0-service-check-True"", ""source_repetition"": 1, ""check_answer"": ""yes"", ""check_correct"": true}",1,1,1.0,1,0.99,0.98,402,32,296.44,"{""answer"": {""bring"": 1}}"
pipeline-1543,pipeline,"{""scenario"": ""2-service"", ""kind"": ""service"", ""mode"": ""pipeline"", ""reverse"": false, ""label"": ""bring"", ""source_run"": ""20260916T124604860296Z-limits-study"", ""source_trial"": 1543, ""source_case_id"": ""decision-2-service-check-False"", ""source_repetition"": 1, ""check_answer"": ""yes"", ""check_correct"": true}",1,1,1.0,1,1.0,0.99,402,32,267.45,"{""answer"": {""bring"": 1}}"
pipeline-1550,pipeline,"{""scenario"": ""6-service"", ""kind"": ""service"", ""mode"": ""pipeline"", ""reverse"": true, ""label"": ""bring"", ""source_run"": ""20260916T124604860296Z-limits-study"", ""source_trial"": 1550, ""source_case_id"": ""decision-6-service-check-True"", ""source_repetition"": 2, ""check_answer"": ""yes"", ""check_correct"": true}",1,1,1.0,1,0.98,0.95,404,32,317.39,"{""answer"": {""bring"": 1}}"
pipeline-1555,pipeline,"{""scenario"": ""8-inspection"", ""kind"": ""inspection"", ""mode"": ""pipeline"", ""reverse"": false, ""label"": ""bring"", ""source_run"": ""20260916T124604860296Z-limits-study"", ""source_trial"": 1555, ""source_case_id"": ""decision-8-inspection-check-False"", ""source_repetition"": 2, ""check_answer"": ""yes"", ""check_correct"": true}",1,1,1.0,1,1.0,1.0,402,32,284.15,"{""answer"": {""bring"": 1}}"
pipeline-1558,pipeline,"{""scenario"": ""5-service"", ""kind"": ""service"", ""mode"": ""pipeline"", ""reverse"": false, ""label"": ""bring"", ""source_run"": ""20260916T124604860296Z-limits-study"", ""source_trial"": 1558, ""source_case_id"": ""decision-5-service-check-False"", ""source_repetition"": 2, ""check_answer"": ""yes"", ""check_correct"": true}",1,1,1.0,1,1.0,0.99,402,32,288.24,"{""answer"": {""bring"": 1}}"
pipeline-1559,pipeline,"{""scenario"": ""7-collection"", ""kind"": ""collection"", ""mode"": ""pipeline"", ""reverse"": false, ""label"": ""go_without"", ""source_run"": ""20260916T124604860296Z-limits-study"", ""source_trial"": 1559, ""source_case_id"": ""decision-7-collection-check-False"", ""source_repetition"": 2, ""check_answer"": ""no"", ""check_correct"": true}",1,1,1.0,1,1.0,1.0,401,33,310.75,"{""answer"": {""go_without"": 1}}"
pipeline-1569,pipeline,"{""scenario"": ""4-service"", ""kind"": ""service"", ""mode"": ""pipeline"", ""reverse"": true, ""label"": ""bring"", ""source_run"": ""20260916T124604860296Z-limits-study"", ""source_trial"": 1569, ""source_case_id"": ""decision-4-service-check-True"", ""source_repetition"": 0, ""check_answer"": ""yes"", ""check_correct"": true}",1,1,1.0,1,0.97,0.95,404,32,310.15,"{""answer"": {""bring"": 1}}"
pipeline-1570,pipeline,"{""scenario"": ""0-appointment"", ""kind"": ""appointment"", ""mode"": ""pipeline"", ""reverse"": true, ""label"": ""go_without"", ""source_run"": ""20260916T124604860296Z-limits-study"", ""source_trial"": 1570, ""source_case_id"": ""decision-0-appointment-check-True"", ""source_repetition"": 1, ""check_answer"": ""no"", ""check_correct"": true}",1,1,1.0,1,1.0,1.0,416,33,316.11,"{""answer"": {""go_without"": 1}}"
pipeline-1575,pipeline,"{""scenario"": ""6-inspection"", ""kind"": ""inspection"", ""mode"": ""pipeline"", ""reverse"": true, ""label"": ""bring"", ""source_run"": ""20260916T124604860296Z-limits-study"", ""source_trial"": 1575, ""source_case_id"": ""decision-6-inspection-check-True"", ""source_repetition"": 2, ""check_answer"": ""yes"", ""check_correct"": true}",1,1,1.0,1,0.99,0.99,404,32,257.66,"{""answer"": {""bring"": 1}}"
pipeline-1577,pipeline,"{""scenario"": ""10-service"", ""kind"": ""service"", ""mode"": ""pipeline"", ""reverse"": false, ""label"": ""bring"", ""source_run"": ""20260916T124604860296Z-limits-study"", ""source_trial"": 1577, ""source_case_id"": ""decision-10-service-check-False"", ""source_repetition"": 2, ""check_answer"": ""yes"", ""check_correct"": true}",1,1,1.0,1,0.99,0.98,402,32,309.53,"{""answer"": {""bring"": 1}}"
pipeline-1591,pipeline,"{""scenario"": ""5-inspection"", ""kind"": ""inspection"", ""mode"": ""pipeline"", ""reverse"": false, ""label"": ""bring"", ""source_run"": ""20260916T124604860296Z-limits-study"", ""source_trial"": 1591, ""source_case_id"": ""decision-5-inspection-check-False"", ""source_repetition"": 0, ""check_answer"": ""yes"", ""check_correct"": true}",1,1,1.0,1,1.0,1.0,402,32,410.05,"{""answer"": {""bring"": 1}}"
pipeline-1599,pipeline,"{""scenario"": ""3-collection"", ""kind"": ""collection"", ""mode"": ""pipeline"", ""reverse"": false, ""label"": ""go_without"", ""source_run"": ""20260916T124604860296Z-limits-study"", ""source_trial"": 1599, ""source_case_id"": ""decision-3-collection-check-False"", ""source_repetition"": 1, ""check_answer"": ""no"", ""check_correct"": true}",1,1,1.0,1,1.0,1.0,401,33,336.38,"{""answer"": {""go_without"": 1}}"
pipeline-1600,pipeline,"{""scenario"": ""0-collection"", ""kind"": ""collection"", ""mode"": ""pipeline"", ""reverse"": false, ""label"": ""go_without"", ""source_run"": ""20260916T124604860296Z-limits-study"", ""source_trial"": 1600, ""source_case_id"": ""decision-0-collection-check-False"", ""source_repetition"": 1, ""check_answer"": ""no"", ""check_correct"": true}",1,1,1.0,1,1.0,1.0,401,33,356.85,"{""answer"": {""go_without"": 1}}"
pipeline-1601,pipeline,"{""scenario"": ""9-appointment"", ""kind"": ""appointment"", ""mode"": ""pipeline"", ""reverse"": false, ""label"": ""go_without"", ""source_run"": ""20260916T124604860296Z-limits-study"", ""source_trial"": 1601, ""source_case_id"": ""decision-9-appointment-check-False"", ""source_repetition"": 2, ""check_answer"": ""no"", ""check_correct"": true}",1,1,1.0,1,1.0,1.0,417,33,276.41,"{""answer"": {""go_without"": 1}}"
pipeline-1603,pipeline,"{""scenario"": ""6-appointment"", ""kind"": ""appointment"", ""mode"": ""pipeline"", ""reverse"": false, ""label"": ""go_without"", ""source_run"": ""20260916T124604860296Z-limits-study"", ""source_trial"": 1603, ""source_case_id"": ""decision-6-appointment-check-False"", ""source_repetition"": 2, ""check_answer"": ""no"", ""check_correct"": true}",1,1,1.0,1,1.0,1.0,418,33,362.04,"{""answer"": {""go_without"": 1}}"
pipeline-1604,pipeline,"{""scenario"": ""9-appointment"", ""kind"": ""appointment"", ""mode"": ""pipeline"", ""reverse"": false, ""label"": ""go_without"", ""source_run"": ""20260916T124604860296Z-limits-study"", ""source_trial"": 1604, ""source_case_id"": ""decision-9-appointment-check-False"", ""source_repetition"": 1, ""check_answer"": ""no"", ""check_correct"": true}",1,1,1.0,1,1.0,1.0,417,33,329.31,"{""answer"": {""go_without"": 1}}"
pipeline-1608,pipeline,"{""scenario"": ""7-appointment"", ""kind"": ""appointment"", ""mode"": ""pipeline"", ""reverse"": true, ""label"": ""go_without"", ""source_run"": ""20260916T124604860296Z-limits-study"", ""source_trial"": 1608, ""source_case_id"": ""decision-7-appointment-check-True"", ""source_repetition"": 0, ""check_answer"": ""no"", ""check_correct"": true}",1,1,1.0,1,1.0,1.0,416,33,357.32,"{""answer"": {""go_without"": 1}}"
