episode,level,controller,seed,move,action,input_tokens,output_tokens,latency_ms
open-jev_direct-102,open,jev_direct,102,1,straight,586,38,324.8
open-jev_direct-102,open,jev_direct,102,2,straight,586,38,295.99
open-jev_direct-102,open,jev_direct,102,3,straight,586,38,279.88
open-jev_direct-102,open,jev_direct,102,4,straight,586,38,298.01
open-jev_direct-102,open,jev_direct,102,5,straight,586,38,301.32
open-jev_direct-102,open,jev_direct,102,6,straight,586,38,367.19
open-jev_direct-102,open,jev_direct,102,7,left,587,38,296.96
open-jev_direct-102,open,jev_direct,102,8,straight,587,38,373.21
open-jev_direct-102,open,jev_direct,102,9,straight,587,38,338.32
open-jev_direct-102,open,jev_direct,102,10,straight,587,38,303.56
open-jev_direct-102,open,jev_direct,102,11,straight,589,38,290.16
open-jev_direct-102,open,jev_direct,102,12,straight,589,38,363.87
open-jev_direct-102,open,jev_direct,102,13,straight,590,38,262.85
open-jev_direct-102,open,jev_direct,102,14,straight,593,38,326.85
open-jev_direct-102,open,jev_direct,102,15,straight,593,38,363.24
open-jev_direct-102,open,jev_direct,102,16,straight,591,38,308.38
open-jev_direct-102,open,jev_direct,102,17,straight,590,38,351.22
open-jev_direct-102,open,jev_direct,102,18,straight,589,38,321.85
open-jev_direct-102,open,jev_direct,102,19,straight,589,38,372.26
open-jev_direct-102,open,jev_direct,102,20,straight,589,38,348.95
open-jev_direct-102,open,jev_direct,102,21,straight,589,38,259.43
open-jev_direct-102,open,jev_direct,102,22,straight,589,38,282.23
open-jev_direct-102,open,jev_direct,102,23,straight,589,38,335.8
open-jev_direct-102,open,jev_direct,102,24,straight,589,38,300.42
open-jev_direct-102,open,jev_direct,102,25,straight,590,38,296.41
open-jev_direct-102,open,jev_direct,102,26,straight,593,38,375.74
open-jev_direct-102,open,jev_direct,102,27,straight,593,38,394.5
open-jev_direct-102,open,jev_direct,102,28,straight,591,38,331.72
open-jev_direct-102,open,jev_direct,102,29,straight,590,38,328.95
open-jev_direct-102,open,jev_direct,102,30,straight,589,38,370.9
open-jev_direct-102,open,jev_direct,102,31,straight,589,38,358.51
open-jev_direct-102,open,jev_direct,102,32,straight,589,38,338.15
open-jev_direct-102,open,jev_direct,102,33,straight,589,38,444.82
open-jev_direct-102,open,jev_direct,102,34,straight,589,38,316.01
open-jev_direct-102,open,jev_direct,102,35,straight,589,38,370.93
open-jev_direct-102,open,jev_direct,102,36,straight,589,38,345.58
open-jev_direct-102,open,jev_direct,102,37,straight,590,38,367.48
open-jev_direct-102,open,jev_direct,102,38,straight,593,38,602.94
open-jev_direct-102,open,jev_direct,102,39,straight,593,38,428.26
open-jev_direct-102,open,jev_direct,102,40,straight,591,38,414.43
open-jev_direct-102,open,jev_direct,102,41,straight,590,38,364.49
open-jev_direct-102,open,jev_direct,102,42,straight,589,38,330.04
open-jev_direct-102,open,jev_direct,102,43,straight,589,38,293.59
open-jev_direct-102,open,jev_direct,102,44,straight,589,38,274.43
open-jev_direct-102,open,jev_direct,102,45,straight,589,38,303.7
open-jev_direct-102,open,jev_direct,102,46,straight,589,38,313.19
open-jev_direct-102,open,jev_direct,102,47,straight,589,38,272.15
open-jev_direct-102,open,jev_direct,102,48,straight,589,38,278.39
open-jev_direct-102,open,jev_direct,102,49,straight,590,38,302.9
open-jev_direct-102,open,jev_direct,102,50,straight,593,38,336.59
classic-jev_direct-106,classic,jev_direct,106,1,straight,587,38,346.83
classic-jev_direct-106,classic,jev_direct,106,2,straight,587,38,324.63
classic-jev_direct-106,classic,jev_direct,106,3,straight,587,38,321.35
classic-jev_direct-106,classic,jev_direct,106,4,straight,587,38,316.86
classic-jev_direct-106,classic,jev_direct,106,5,straight,587,38,386.72
classic-jev_direct-106,classic,jev_direct,106,6,straight,587,38,267.89
classic-jev_direct-106,classic,jev_direct,106,7,right,587,38,351.89
classic-jev_direct-106,classic,jev_direct,106,8,straight,587,38,336.69
classic-jev_direct-106,classic,jev_direct,106,9,straight,587,38,345.45
classic-jev_direct-106,classic,jev_direct,106,10,straight,588,38,342.18
classic-jev_direct-106,classic,jev_direct,106,11,right,593,38,322.99
classic-jev_direct-106,classic,jev_direct,106,12,straight,593,38,292.12
classic-jev_direct-106,classic,jev_direct,106,13,straight,594,38,334.75
classic-jev_direct-106,classic,jev_direct,106,14,straight,594,38,296.15
classic-jev_direct-106,classic,jev_direct,106,15,straight,594,38,345.29
classic-jev_direct-106,classic,jev_direct,106,16,straight,594,38,338.92
classic-jev_direct-106,classic,jev_direct,106,17,straight,594,38,780.65
classic-jev_direct-106,classic,jev_direct,106,18,straight,594,38,343.9
classic-jev_direct-106,classic,jev_direct,106,19,straight,594,38,291.87
classic-jev_direct-106,classic,jev_direct,106,20,straight,595,38,315.14
classic-jev_direct-106,classic,jev_direct,106,21,straight,598,38,319.02
classic-jev_direct-106,classic,jev_direct,106,22,right,599,38,289.89
classic-jev_direct-106,classic,jev_direct,106,23,straight,597,38,373.57
classic-jev_direct-106,classic,jev_direct,106,24,straight,596,38,289.59
classic-jev_direct-106,classic,jev_direct,106,25,straight,595,38,466.04
classic-jev_direct-106,classic,jev_direct,106,26,straight,595,38,352.03
classic-jev_direct-106,classic,jev_direct,106,27,right,595,38,332.33
classic-jev_direct-106,classic,jev_direct,106,28,straight,599,38,322.88
classic-jev_direct-106,classic,jev_direct,106,29,straight,596,38,336.44
classic-jev_direct-106,classic,jev_direct,106,30,straight,595,38,398.44
classic-jev_direct-106,classic,jev_direct,106,31,left,594,38,472.32
classic-jev_direct-106,classic,jev_direct,106,32,straight,593,38,295.04
classic-jev_direct-106,classic,jev_direct,106,33,straight,593,38,422.99
classic-jev_direct-106,classic,jev_direct,106,34,right,593,38,280.04
classic-jev_direct-106,classic,jev_direct,106,35,straight,593,38,375.38
classic-jev_direct-106,classic,jev_direct,106,36,straight,593,38,493.82
classic-jev_direct-106,classic,jev_direct,106,37,straight,593,38,478.91
classic-jev_direct-106,classic,jev_direct,106,38,straight,594,38,614.7
classic-jev_direct-106,classic,jev_direct,106,39,straight,594,38,321.38
classic-jev_direct-106,classic,jev_direct,106,40,straight,594,38,282.36
classic-jev_direct-106,classic,jev_direct,106,41,left,594,38,309.3
classic-jev_direct-106,classic,jev_direct,106,42,straight,594,38,270.23
classic-jev_direct-106,classic,jev_direct,106,43,left,594,38,344.66
classic-jev_direct-106,classic,jev_direct,106,44,left,594,38,291.87
classic-jev_direct-106,classic,jev_direct,106,45,straight,594,38,295.3
classic-jev_direct-106,classic,jev_direct,106,46,straight,594,38,312.95
classic-jev_direct-106,classic,jev_direct,106,47,left,594,38,323.37
classic-jev_direct-106,classic,jev_direct,106,48,right,594,38,396.41
classic-jev_direct-106,classic,jev_direct,106,49,straight,600,38,274.05
classic-jev_direct-106,classic,jev_direct,106,50,straight,600,38,317.21
classic-jev_direct-106,classic,jev_direct,106,51,straight,600,38,273.08
classic-jev_direct-106,classic,jev_direct,106,52,straight,600,38,391.38
classic-jev_direct-106,classic,jev_direct,106,53,right,600,38,329.83
classic-jev_direct-106,classic,jev_direct,106,54,straight,600,38,363.69
obstacles-jev_guarded-101,obstacles,jev_guarded,101,1,left,632,31,351.59
obstacles-jev_guarded-101,obstacles,jev_guarded,101,2,right,632,31,354.65
obstacles-jev_guarded-101,obstacles,jev_guarded,101,3,straight,660,38,354.75
obstacles-jev_guarded-101,obstacles,jev_guarded,101,4,right,660,38,330.26
obstacles-jev_guarded-101,obstacles,jev_guarded,101,5,straight,667,38,334.87
obstacles-jev_guarded-101,obstacles,jev_guarded,101,6,straight,667,38,302.59
obstacles-jev_guarded-101,obstacles,jev_guarded,101,7,straight,639,31,443.02
obstacles-jev_guarded-101,obstacles,jev_guarded,101,8,straight,668,38,306.16
obstacles-jev_guarded-101,obstacles,jev_guarded,101,9,right,671,38,332.1
obstacles-jev_guarded-101,obstacles,jev_guarded,101,10,straight,671,38,290.45
obstacles-jev_guarded-101,obstacles,jev_guarded,101,11,straight,673,38,339.27
obstacles-jev_guarded-101,obstacles,jev_guarded,101,12,straight,674,38,333.68
obstacles-jev_guarded-101,obstacles,jev_guarded,101,13,straight,680,38,296.03
obstacles-jev_guarded-101,obstacles,jev_guarded,101,14,straight,681,38,315.83
obstacles-jev_guarded-101,obstacles,jev_guarded,101,15,straight,684,38,284.73
obstacles-jev_guarded-101,obstacles,jev_guarded,101,16,left,655,31,467.29
obstacles-jev_guarded-101,obstacles,jev_guarded,101,19,straight,656,31,328.48
obstacles-jev_guarded-101,obstacles,jev_guarded,101,20,straight,655,31,317.06
obstacles-jev_guarded-101,obstacles,jev_guarded,101,21,straight,654,31,290.16
obstacles-jev_guarded-101,obstacles,jev_guarded,101,22,straight,653,31,302.04
obstacles-jev_guarded-101,obstacles,jev_guarded,101,23,straight,653,31,320.55
obstacles-jev_guarded-101,obstacles,jev_guarded,101,24,straight,653,31,293.25
obstacles-jev_guarded-101,obstacles,jev_guarded,101,25,straight,653,31,334.0
obstacles-jev_guarded-101,obstacles,jev_guarded,101,26,straight,653,31,363.91
obstacles-jev_guarded-101,obstacles,jev_guarded,101,27,straight,653,31,410.88
obstacles-jev_guarded-101,obstacles,jev_guarded,101,30,straight,652,31,390.12
obstacles-jev_guarded-101,obstacles,jev_guarded,101,31,straight,681,38,335.55
obstacles-jev_guarded-101,obstacles,jev_guarded,101,32,straight,681,38,308.81
obstacles-jev_guarded-101,obstacles,jev_guarded,101,33,straight,681,38,296.11
obstacles-jev_guarded-101,obstacles,jev_guarded,101,34,straight,681,38,313.35
obstacles-jev_guarded-101,obstacles,jev_guarded,101,35,straight,681,38,587.44
obstacles-jev_guarded-101,obstacles,jev_guarded,101,36,straight,681,38,307.33
obstacles-jev_guarded-101,obstacles,jev_guarded,101,37,straight,681,38,323.87
obstacles-jev_guarded-101,obstacles,jev_guarded,101,38,straight,682,38,297.19
obstacles-jev_guarded-101,obstacles,jev_guarded,101,39,right,685,38,311.6
obstacles-jev_guarded-101,obstacles,jev_guarded,101,40,straight,682,38,362.31
obstacles-jev_guarded-101,obstacles,jev_guarded,101,41,straight,682,38,361.2
obstacles-jev_guarded-101,obstacles,jev_guarded,101,42,straight,682,38,449.34
obstacles-jev_guarded-101,obstacles,jev_guarded,101,43,straight,682,38,558.84
obstacles-jev_guarded-101,obstacles,jev_guarded,101,44,straight,681,38,279.25
obstacles-jev_guarded-101,obstacles,jev_guarded,101,45,straight,681,38,293.12
obstacles-jev_guarded-101,obstacles,jev_guarded,101,46,straight,652,31,364.11
obstacles-jev_guarded-101,obstacles,jev_guarded,101,47,straight,681,38,287.11
obstacles-jev_guarded-101,obstacles,jev_guarded,101,48,straight,681,38,331.48
obstacles-jev_guarded-101,obstacles,jev_guarded,101,49,right,652,31,360.72
obstacles-jev_guarded-101,obstacles,jev_guarded,101,50,straight,650,31,316.31
obstacles-jev_guarded-101,obstacles,jev_guarded,101,51,straight,649,31,317.0
obstacles-jev_guarded-101,obstacles,jev_guarded,101,52,straight,648,31,325.13
obstacles-jev_guarded-101,obstacles,jev_guarded,101,53,straight,647,31,267.77
obstacles-jev_guarded-101,obstacles,jev_guarded,101,55,straight,646,31,323.23
obstacles-jev_guarded-101,obstacles,jev_guarded,101,57,straight,674,38,275.33
obstacles-jev_guarded-101,obstacles,jev_guarded,101,58,straight,674,38,326.49
obstacles-jev_guarded-101,obstacles,jev_guarded,101,59,straight,674,38,341.45
obstacles-jev_guarded-101,obstacles,jev_guarded,101,60,straight,674,38,297.5
obstacles-jev_guarded-101,obstacles,jev_guarded,101,61,straight,674,38,319.51
obstacles-jev_guarded-101,obstacles,jev_guarded,101,62,straight,674,38,375.54
classic-jev_guarded-108,classic,jev_guarded,108,1,straight,586,38,290.89
classic-jev_guarded-108,classic,jev_guarded,108,2,straight,586,38,280.54
classic-jev_guarded-108,classic,jev_guarded,108,3,straight,586,38,303.13
classic-jev_guarded-108,classic,jev_guarded,108,4,straight,586,38,302.19
classic-jev_guarded-108,classic,jev_guarded,108,5,straight,586,38,322.48
classic-jev_guarded-108,classic,jev_guarded,108,6,right,586,38,324.77
classic-jev_guarded-108,classic,jev_guarded,108,7,straight,586,38,269.46
classic-jev_guarded-108,classic,jev_guarded,108,8,straight,586,38,405.86
classic-jev_guarded-108,classic,jev_guarded,108,9,right,587,38,329.34
classic-jev_guarded-108,classic,jev_guarded,108,10,straight,593,38,350.54
classic-jev_guarded-108,classic,jev_guarded,108,11,straight,594,38,297.27
classic-jev_guarded-108,classic,jev_guarded,108,12,straight,594,38,285.74
classic-jev_guarded-108,classic,jev_guarded,108,13,straight,594,38,269.35
classic-jev_guarded-108,classic,jev_guarded,108,14,straight,594,38,348.35
classic-jev_guarded-108,classic,jev_guarded,108,15,straight,594,38,315.44
classic-jev_guarded-108,classic,jev_guarded,108,16,straight,594,38,299.95
classic-jev_guarded-108,classic,jev_guarded,108,17,straight,595,38,324.37
classic-jev_guarded-108,classic,jev_guarded,108,18,straight,598,38,270.63
classic-jev_guarded-108,classic,jev_guarded,108,19,right,570,31,330.68
classic-jev_guarded-108,classic,jev_guarded,108,20,straight,571,31,286.56
classic-jev_guarded-108,classic,jev_guarded,108,21,straight,572,31,309.75
classic-jev_guarded-108,classic,jev_guarded,108,22,straight,572,31,334.75
classic-jev_guarded-108,classic,jev_guarded,108,23,straight,572,31,345.85
classic-jev_guarded-108,classic,jev_guarded,108,24,straight,572,31,332.65
classic-jev_guarded-108,classic,jev_guarded,108,25,straight,572,31,347.05
classic-jev_guarded-108,classic,jev_guarded,108,26,straight,572,31,436.26
classic-jev_guarded-108,classic,jev_guarded,108,27,straight,572,31,392.62
classic-jev_guarded-108,classic,jev_guarded,108,29,straight,571,31,347.51
classic-jev_guarded-108,classic,jev_guarded,108,30,straight,569,31,306.4
classic-jev_guarded-108,classic,jev_guarded,108,31,straight,568,31,306.62
classic-jev_guarded-108,classic,jev_guarded,108,32,straight,567,31,325.53
classic-jev_guarded-108,classic,jev_guarded,108,33,straight,566,31,459.96
classic-jev_guarded-108,classic,jev_guarded,108,34,straight,566,31,507.98
classic-jev_guarded-108,classic,jev_guarded,108,35,straight,566,31,270.33
classic-jev_guarded-108,classic,jev_guarded,108,36,straight,566,31,337.54
classic-jev_guarded-108,classic,jev_guarded,108,37,straight,571,31,374.9
classic-jev_guarded-108,classic,jev_guarded,108,38,straight,571,31,380.41
classic-jev_guarded-108,classic,jev_guarded,108,40,straight,571,31,631.22
classic-jev_guarded-108,classic,jev_guarded,108,41,straight,571,31,714.91
classic-jev_guarded-108,classic,jev_guarded,108,42,straight,571,31,344.36
classic-jev_guarded-108,classic,jev_guarded,108,43,straight,571,31,596.33
classic-jev_guarded-108,classic,jev_guarded,108,44,straight,571,31,322.48
classic-jev_guarded-108,classic,jev_guarded,108,45,straight,571,31,341.98
classic-jev_guarded-108,classic,jev_guarded,108,46,straight,571,31,731.35
classic-jev_guarded-108,classic,jev_guarded,108,47,right,572,31,305.16
classic-jev_guarded-108,classic,jev_guarded,108,48,straight,600,38,378.0
classic-jev_guarded-108,classic,jev_guarded,108,49,straight,600,38,329.41
classic-jev_guarded-108,classic,jev_guarded,108,50,straight,600,38,307.54
classic-jev_guarded-108,classic,jev_guarded,108,51,straight,600,38,332.45
classic-jev_guarded-108,classic,jev_guarded,108,52,straight,600,38,313.69
classic-jev_guarded-108,classic,jev_guarded,108,53,straight,600,38,297.68
classic-jev_guarded-108,classic,jev_guarded,108,54,straight,600,38,363.65
classic-jev_guarded-108,classic,jev_guarded,108,55,right,600,38,529.42
classic-jev_guarded-108,classic,jev_guarded,108,56,straight,605,38,330.27
classic-jev_guarded-108,classic,jev_guarded,108,57,straight,605,38,1045.9
classic-jev_guarded-108,classic,jev_guarded,108,58,straight,605,38,1051.63
classic-jev_guarded-108,classic,jev_guarded,108,59,straight,605,38,670.15
classic-jev_guarded-108,classic,jev_guarded,108,60,straight,605,38,918.46
classic-jev_guarded-108,classic,jev_guarded,108,61,straight,605,38,1032.77
classic-jev_guarded-108,classic,jev_guarded,108,62,straight,605,38,544.73
classic-jev_guarded-108,classic,jev_guarded,108,63,left,577,31,320.81
classic-jev_guarded-108,classic,jev_guarded,108,64,straight,578,31,349.58
classic-jev_guarded-108,classic,jev_guarded,108,65,straight,580,31,398.45
classic-jev_guarded-108,classic,jev_guarded,108,67,straight,583,31,609.28
classic-jev_guarded-108,classic,jev_guarded,108,68,left,584,31,559.34
classic-jev_guarded-108,classic,jev_guarded,108,69,straight,613,38,429.09
classic-jev_guarded-108,classic,jev_guarded,108,70,straight,611,38,449.69
classic-jev_guarded-108,classic,jev_guarded,108,71,left,610,38,393.05
classic-jev_guarded-108,classic,jev_guarded,108,72,right,609,38,462.33
classic-jev_guarded-108,classic,jev_guarded,108,73,straight,608,38,382.63
classic-jev_guarded-108,classic,jev_guarded,108,74,straight,607,38,387.08
classic-jev_guarded-108,classic,jev_guarded,108,75,straight,606,38,321.12
classic-jev_guarded-108,classic,jev_guarded,108,76,straight,606,38,390.31
classic-jev_guarded-108,classic,jev_guarded,108,77,straight,606,38,473.56
classic-jev_guarded-108,classic,jev_guarded,108,78,straight,606,38,369.41
classic-jev_guarded-108,classic,jev_guarded,108,79,straight,606,38,451.08
classic-jev_guarded-108,classic,jev_guarded,108,80,right,578,31,391.19
classic-jev_guarded-108,classic,jev_guarded,108,81,straight,578,31,493.02
classic-jev_guarded-108,classic,jev_guarded,108,82,straight,578,31,375.09
classic-jev_guarded-108,classic,jev_guarded,108,83,straight,578,31,633.94
classic-jev_guarded-108,classic,jev_guarded,108,84,straight,578,31,317.45
classic-jev_guarded-108,classic,jev_guarded,108,85,straight,578,31,453.19
classic-jev_guarded-108,classic,jev_guarded,108,86,straight,578,31,445.23
classic-jev_guarded-108,classic,jev_guarded,108,87,straight,578,31,351.9
classic-jev_guarded-108,classic,jev_guarded,108,88,straight,579,31,334.81
classic-jev_guarded-108,classic,jev_guarded,108,89,right,581,31,412.73
classic-jev_guarded-108,classic,jev_guarded,108,90,straight,610,38,315.18
classic-jev_guarded-108,classic,jev_guarded,108,91,straight,611,38,333.65
classic-jev_guarded-108,classic,jev_guarded,108,92,left,612,38,333.72
classic-jev_guarded-108,classic,jev_guarded,108,93,left,585,31,282.11
classic-jev_guarded-108,classic,jev_guarded,108,95,straight,586,31,296.2
classic-jev_guarded-108,classic,jev_guarded,108,97,straight,585,31,346.11
classic-jev_guarded-108,classic,jev_guarded,108,98,straight,583,31,315.67
classic-jev_guarded-108,classic,jev_guarded,108,99,straight,582,31,319.22
classic-jev_guarded-108,classic,jev_guarded,108,100,straight,581,31,384.49
classic-jev_guarded-108,classic,jev_guarded,108,101,straight,581,31,355.08
classic-jev_guarded-108,classic,jev_guarded,108,102,straight,580,31,381.98
classic-jev_guarded-108,classic,jev_guarded,108,103,straight,579,31,304.01
classic-jev_guarded-108,classic,jev_guarded,108,104,straight,579,31,340.56
classic-jev_guarded-108,classic,jev_guarded,108,105,straight,579,31,406.07
classic-jev_direct-107,classic,jev_direct,107,1,straight,586,38,305.8
classic-jev_direct-107,classic,jev_direct,107,2,left,586,38,327.39
classic-jev_direct-107,classic,jev_direct,107,3,straight,586,38,366.05
classic-jev_direct-107,classic,jev_direct,107,4,straight,586,38,353.0
classic-jev_direct-107,classic,jev_direct,107,5,straight,592,38,378.43
classic-jev_direct-107,classic,jev_direct,107,6,straight,592,38,387.6
classic-jev_direct-107,classic,jev_direct,107,7,right,592,38,551.43
classic-jev_direct-107,classic,jev_direct,107,8,straight,592,38,1009.63
classic-jev_direct-107,classic,jev_direct,107,9,straight,592,38,1047.28
classic-jev_direct-107,classic,jev_direct,107,10,right,592,38,1046.55
classic-jev_direct-107,classic,jev_direct,107,11,straight,593,38,1050.23
classic-jev_direct-107,classic,jev_direct,107,12,straight,593,38,657.82
classic-jev_direct-107,classic,jev_direct,107,13,straight,593,38,477.15
classic-jev_direct-107,classic,jev_direct,107,14,straight,593,38,428.34
classic-jev_direct-107,classic,jev_direct,107,15,straight,594,38,397.02
classic-jev_direct-107,classic,jev_direct,107,16,straight,594,38,458.35
classic-jev_direct-107,classic,jev_direct,107,17,straight,594,38,364.38
classic-jev_direct-107,classic,jev_direct,107,18,straight,595,38,497.38
classic-jev_direct-107,classic,jev_direct,107,19,left,598,38,381.75
classic-jev_direct-107,classic,jev_direct,107,20,left,598,38,552.1
classic-jev_direct-107,classic,jev_direct,107,21,straight,596,38,310.63
classic-jev_direct-107,classic,jev_direct,107,22,straight,596,38,513.72
classic-jev_direct-107,classic,jev_direct,107,23,straight,595,38,363.97
classic-jev_direct-107,classic,jev_direct,107,24,straight,594,38,351.85
classic-jev_direct-107,classic,jev_direct,107,25,straight,594,38,318.67
classic-jev_direct-107,classic,jev_direct,107,26,straight,594,38,364.53
classic-jev_direct-107,classic,jev_direct,107,27,straight,594,38,389.5
classic-jev_direct-107,classic,jev_direct,107,28,straight,594,38,329.0
classic-jev_direct-107,classic,jev_direct,107,29,left,594,38,496.78
classic-jev_direct-107,classic,jev_direct,107,30,left,594,38,513.75
classic-jev_direct-107,classic,jev_direct,107,31,straight,594,38,528.41
classic-jev_direct-107,classic,jev_direct,107,32,straight,594,38,331.89
classic-jev_direct-107,classic,jev_direct,107,33,straight,594,38,444.7
classic-jev_direct-107,classic,jev_direct,107,34,straight,594,38,497.19
classic-jev_direct-107,classic,jev_direct,107,35,straight,594,38,288.63
classic-jev_direct-107,classic,jev_direct,107,36,straight,594,38,325.95
classic-jev_direct-107,classic,jev_direct,107,37,straight,594,38,456.78
classic-jev_direct-107,classic,jev_direct,107,38,straight,595,38,286.34
classic-jev_direct-107,classic,jev_direct,107,39,straight,598,38,329.64
classic-jev_direct-107,classic,jev_direct,107,40,left,599,38,299.8
classic-jev_direct-107,classic,jev_direct,107,41,left,600,38,312.15
classic-jev_direct-107,classic,jev_direct,107,42,straight,600,38,324.4
classic-jev_direct-107,classic,jev_direct,107,43,straight,597,38,323.98
classic-jev_direct-107,classic,jev_direct,107,44,straight,596,38,263.78
classic-jev_direct-107,classic,jev_direct,107,45,straight,595,38,285.25
classic-jev_direct-107,classic,jev_direct,107,46,straight,594,38,351.67
classic-jev_direct-107,classic,jev_direct,107,47,straight,594,38,324.73
classic-jev_direct-107,classic,jev_direct,107,48,straight,594,38,329.98
classic-jev_direct-107,classic,jev_direct,107,49,straight,594,38,333.99
classic-jev_direct-107,classic,jev_direct,107,50,straight,594,38,393.19
classic-jev_direct-107,classic,jev_direct,107,51,left,594,38,364.29
classic-jev_direct-107,classic,jev_direct,107,52,left,594,38,346.77
classic-jev_direct-107,classic,jev_direct,107,53,straight,594,38,316.22
classic-jev_direct-107,classic,jev_direct,107,54,straight,594,38,365.84
obstacles-jev_direct-108,obstacles,jev_direct,108,1,straight,664,38,377.63
obstacles-jev_direct-108,obstacles,jev_direct,108,2,straight,664,38,1011.57
obstacles-jev_direct-108,obstacles,jev_direct,108,3,straight,664,38,1034.86
obstacles-jev_direct-108,obstacles,jev_direct,108,4,straight,664,38,649.42
obstacles-jev_direct-108,obstacles,jev_direct,108,5,straight,664,38,938.7
obstacles-jev_direct-108,obstacles,jev_direct,108,6,straight,664,38,1030.69
obstacles-jev_direct-108,obstacles,jev_direct,108,7,left,664,38,479.9
obstacles-jev_direct-108,obstacles,jev_direct,108,8,straight,664,38,370.6
obstacles-jev_direct-108,obstacles,jev_direct,108,9,left,664,38,374.44
obstacles-jev_direct-108,obstacles,jev_direct,108,10,left,664,38,476.38
obstacles-jev_direct-108,obstacles,jev_direct,108,11,straight,666,38,385.34
obstacles-jev_direct-108,obstacles,jev_direct,108,12,straight,666,38,440.74
obstacles-jev_direct-108,obstacles,jev_direct,108,13,straight,666,38,353.44
obstacles-jev_direct-108,obstacles,jev_direct,108,14,straight,666,38,506.26
obstacles-jev_direct-108,obstacles,jev_direct,108,15,straight,667,38,403.61
obstacles-jev_direct-108,obstacles,jev_direct,108,16,straight,670,38,503.69
obstacles-jev_direct-108,obstacles,jev_direct,108,17,right,671,38,463.57
obstacles-jev_direct-108,obstacles,jev_direct,108,18,straight,672,38,341.3
obstacles-jev_direct-108,obstacles,jev_direct,108,19,straight,672,38,327.86
obstacles-jev_direct-108,obstacles,jev_direct,108,20,right,672,38,348.98
obstacles-jev_direct-108,obstacles,jev_direct,108,21,straight,671,38,443.34
obstacles-jev_direct-108,obstacles,jev_direct,108,22,straight,668,38,446.81
obstacles-jev_direct-108,obstacles,jev_direct,108,23,straight,667,38,491.93
obstacles-jev_direct-108,obstacles,jev_direct,108,24,straight,666,38,390.48
obstacles-jev_direct-108,obstacles,jev_direct,108,25,straight,666,38,502.08
obstacles-jev_direct-108,obstacles,jev_direct,108,26,straight,666,38,349.0
obstacles-jev_direct-108,obstacles,jev_direct,108,27,straight,666,38,688.75
obstacles-jev_direct-108,obstacles,jev_direct,108,28,straight,666,38,306.76
obstacles-jev_direct-108,obstacles,jev_direct,108,29,straight,666,38,411.63
obstacles-jev_direct-108,obstacles,jev_direct,108,30,right,666,38,343.88
obstacles-jev_direct-108,obstacles,jev_direct,108,31,right,672,38,345.72
obstacles-jev_direct-108,obstacles,jev_direct,108,32,straight,672,38,430.67
obstacles-jev_direct-108,obstacles,jev_direct,108,33,right,672,38,314.07
obstacles-jev_direct-108,obstacles,jev_direct,108,34,straight,672,38,304.86
obstacles-jev_direct-108,obstacles,jev_direct,108,35,straight,672,38,281.99
obstacles-jev_direct-108,obstacles,jev_direct,108,36,straight,672,38,291.38
obstacles-jev_direct-108,obstacles,jev_direct,108,37,straight,672,38,321.92
obstacles-jev_direct-108,obstacles,jev_direct,108,38,straight,672,38,338.55
obstacles-jev_direct-108,obstacles,jev_direct,108,39,straight,673,38,355.08
obstacles-jev_direct-108,obstacles,jev_direct,108,40,straight,676,38,386.42
obstacles-jev_direct-108,obstacles,jev_direct,108,41,right,678,38,379.32
obstacles-jev_direct-108,obstacles,jev_direct,108,42,straight,679,38,434.9
obstacles-jev_direct-108,obstacles,jev_direct,108,43,straight,680,38,419.83
obstacles-jev_direct-108,obstacles,jev_direct,108,44,right,680,38,381.84
obstacles-jev_direct-108,obstacles,jev_direct,108,45,straight,679,38,379.04
obstacles-jev_direct-108,obstacles,jev_direct,108,46,straight,676,38,390.84
obstacles-jev_direct-108,obstacles,jev_direct,108,47,straight,675,38,350.84
obstacles-jev_direct-108,obstacles,jev_direct,108,48,straight,674,38,323.21
obstacles-jev_direct-108,obstacles,jev_direct,108,49,right,673,38,466.98
obstacles-jev_direct-108,obstacles,jev_direct,108,50,straight,673,38,416.83
obstacles-jev_direct-108,obstacles,jev_direct,108,51,straight,673,38,357.13
obstacles-jev_direct-108,obstacles,jev_direct,108,52,straight,673,38,402.95
obstacles-jev_direct-108,obstacles,jev_direct,108,53,straight,673,38,505.21
obstacles-jev_direct-108,obstacles,jev_direct,108,54,straight,673,38,407.43
obstacles-jev_direct-108,obstacles,jev_direct,108,55,straight,673,38,392.65
obstacles-jev_direct-108,obstacles,jev_direct,108,56,straight,673,38,356.07
obstacles-jev_direct-108,obstacles,jev_direct,108,57,straight,673,38,358.5
obstacles-jev_direct-108,obstacles,jev_direct,108,58,straight,674,38,413.65
obstacles-jev_direct-108,obstacles,jev_direct,108,59,straight,677,38,327.28
obstacles-jev_direct-108,obstacles,jev_direct,108,60,left,678,38,341.34
obstacles-jev_direct-108,obstacles,jev_direct,108,61,straight,679,38,305.91
obstacles-jev_direct-108,obstacles,jev_direct,108,62,straight,680,38,341.57
obstacles-jev_direct-108,obstacles,jev_direct,108,63,straight,680,38,425.93
obstacles-jev_direct-108,obstacles,jev_direct,108,64,straight,680,38,325.14
obstacles-jev_direct-108,obstacles,jev_direct,108,65,straight,686,38,326.47
obstacles-jev_direct-108,obstacles,jev_direct,108,66,left,686,38,349.76
obstacles-jev_direct-108,obstacles,jev_direct,108,67,straight,685,38,312.03
obstacles-jev_direct-108,obstacles,jev_direct,108,68,straight,682,38,304.7
obstacles-jev_direct-108,obstacles,jev_direct,108,69,straight,681,38,363.82
obstacles-jev_direct-108,obstacles,jev_direct,108,70,straight,680,38,392.3
obstacles-jev_direct-108,obstacles,jev_direct,108,71,straight,679,38,293.32
obstacles-jev_direct-108,obstacles,jev_direct,108,72,straight,678,38,307.83
obstacles-jev_direct-108,obstacles,jev_direct,108,73,left,678,38,271.58
obstacles-jev_direct-108,obstacles,jev_direct,108,74,left,678,38,281.97
obstacles-jev_direct-108,obstacles,jev_direct,108,75,straight,679,38,330.41
obstacles-jev_direct-108,obstacles,jev_direct,108,76,straight,679,38,406.68
obstacles-jev_direct-108,obstacles,jev_direct,108,77,straight,679,38,431.27
obstacles-jev_direct-108,obstacles,jev_direct,108,78,straight,679,38,423.84
obstacles-jev_direct-108,obstacles,jev_direct,108,79,straight,680,38,548.22
obstacles-jev_direct-108,obstacles,jev_direct,108,80,straight,683,38,357.16
obstacles-jev_direct-108,obstacles,jev_direct,108,81,right,684,38,526.43
obstacles-jev_direct-108,obstacles,jev_direct,108,82,straight,685,38,359.16
obstacles-jev_direct-108,obstacles,jev_direct,108,83,straight,686,38,551.49
obstacles-jev_direct-108,obstacles,jev_direct,108,84,straight,687,38,363.77
obstacles-jev_direct-108,obstacles,jev_direct,108,85,straight,687,38,553.39
obstacles-jev_direct-108,obstacles,jev_direct,108,86,straight,687,38,742.33
obstacles-jev_direct-108,obstacles,jev_direct,108,87,straight,687,38,380.12
obstacles-jev_direct-108,obstacles,jev_direct,108,88,straight,687,38,359.41
obstacles-jev_direct-108,obstacles,jev_direct,108,89,straight,688,38,363.19
obstacles-jev_direct-108,obstacles,jev_direct,108,90,right,691,38,523.26
obstacles-jev_direct-108,obstacles,jev_direct,108,91,straight,690,38,551.58
obstacles-jev_direct-108,obstacles,jev_direct,108,92,straight,688,38,491.44
obstacles-jev_direct-108,obstacles,jev_direct,108,93,straight,688,38,388.32
obstacles-jev_direct-108,obstacles,jev_direct,108,94,straight,693,38,463.1
obstacles-jev_direct-108,obstacles,jev_direct,108,95,right,693,38,445.96
obstacles-jev_direct-108,obstacles,jev_direct,108,96,straight,689,38,433.44
obstacles-jev_direct-108,obstacles,jev_direct,108,97,straight,687,38,348.33
obstacles-jev_direct-108,obstacles,jev_direct,108,98,right,686,38,320.95
obstacles-jev_direct-108,obstacles,jev_direct,108,99,left,692,38,343.03
obstacles-jev_direct-108,obstacles,jev_direct,108,100,straight,691,38,391.65
obstacles-jev_direct-108,obstacles,jev_direct,108,101,straight,691,38,432.92
obstacles-jev_direct-108,obstacles,jev_direct,108,102,left,690,38,362.25
obstacles-jev_direct-108,obstacles,jev_direct,108,103,straight,697,38,406.78
obstacles-jev_direct-108,obstacles,jev_direct,108,104,straight,697,38,315.11
obstacles-jev_direct-108,obstacles,jev_direct,108,105,left,697,38,340.45
obstacles-jev_direct-108,obstacles,jev_direct,108,106,straight,697,38,313.22
obstacles-jev_direct-108,obstacles,jev_direct,108,107,straight,697,38,319.28
obstacles-jev_direct-108,obstacles,jev_direct,108,108,straight,697,38,352.86
obstacles-jev_direct-108,obstacles,jev_direct,108,109,straight,697,38,464.05
obstacles-jev_direct-108,obstacles,jev_direct,108,110,left,698,38,358.09
obstacles-jev_direct-108,obstacles,jev_direct,108,111,straight,698,38,399.76
obstacles-jev_direct-108,obstacles,jev_direct,108,112,right,698,38,431.96
obstacles-jev_direct-108,obstacles,jev_direct,108,113,straight,702,38,710.49
obstacles-jev_direct-108,obstacles,jev_direct,108,114,left,703,38,332.02
obstacles-jev_direct-108,obstacles,jev_direct,108,115,straight,704,38,321.64
obstacles-jev_direct-108,obstacles,jev_direct,108,116,straight,705,38,319.22
obstacles-jev_direct-108,obstacles,jev_direct,108,117,straight,707,38,262.05
obstacles-jev_direct-108,obstacles,jev_direct,108,118,straight,711,38,372.12
obstacles-jev_direct-108,obstacles,jev_direct,108,119,left,713,38,283.74
obstacles-jev_direct-108,obstacles,jev_direct,108,120,straight,714,38,332.72
obstacles-jev_direct-108,obstacles,jev_direct,108,121,straight,712,38,295.57
obstacles-jev_direct-108,obstacles,jev_direct,108,122,straight,717,38,525.55
obstacles-jev_direct-108,obstacles,jev_direct,108,123,straight,717,38,283.68
obstacles-jev_direct-108,obstacles,jev_direct,108,124,straight,717,38,326.68
obstacles-jev_direct-108,obstacles,jev_direct,108,125,straight,717,38,320.74
obstacles-jev_direct-108,obstacles,jev_direct,108,126,straight,717,38,311.98
obstacles-jev_direct-108,obstacles,jev_direct,108,127,straight,716,38,326.43
obstacles-jev_direct-108,obstacles,jev_direct,108,128,straight,715,38,268.29
obstacles-jev_direct-108,obstacles,jev_direct,108,129,straight,714,38,279.09
obstacles-jev_direct-108,obstacles,jev_direct,108,130,left,714,38,313.66
obstacles-jev_direct-108,obstacles,jev_direct,108,131,left,713,38,325.17
obstacles-jev_direct-108,obstacles,jev_direct,108,132,left,714,38,382.82
dense-jev_direct-106,dense,jev_direct,106,1,straight,737,38,856.5
dense-jev_direct-106,dense,jev_direct,106,2,right,737,38,1042.39
dense-jev_direct-106,dense,jev_direct,106,3,straight,737,38,664.33
dense-jev_direct-106,dense,jev_direct,106,4,straight,737,38,943.6
dense-jev_direct-106,dense,jev_direct,106,5,straight,738,38,1015.29
dense-jev_direct-106,dense,jev_direct,106,6,right,741,38,469.39
dense-jev_direct-106,dense,jev_direct,106,7,straight,741,38,383.31
dense-jev_direct-106,dense,jev_direct,106,8,straight,742,38,310.62
dense-jev_direct-106,dense,jev_direct,106,9,straight,742,38,436.13
dense-jev_direct-106,dense,jev_direct,106,10,straight,743,38,338.71
dense-jev_direct-106,dense,jev_direct,106,11,straight,748,38,465.08
dense-jev_direct-106,dense,jev_direct,106,12,right,749,38,428.25
dense-jev_direct-106,dense,jev_direct,106,13,right,747,38,372.56
dense-jev_direct-106,dense,jev_direct,106,14,straight,746,38,438.58
dense-jev_direct-106,dense,jev_direct,106,15,straight,742,38,375.45
dense-jev_direct-106,dense,jev_direct,106,16,straight,741,38,472.29
dense-jev_direct-106,dense,jev_direct,106,17,straight,740,38,336.51
dense-jev_direct-106,dense,jev_direct,106,18,straight,740,38,465.4
dense-jev_direct-106,dense,jev_direct,106,19,straight,740,38,321.07
dense-jev_direct-106,dense,jev_direct,106,20,straight,740,38,305.34
dense-jev_direct-106,dense,jev_direct,106,21,right,740,38,876.27
dense-jev_direct-106,dense,jev_direct,106,22,right,743,38,529.4
dense-jev_direct-106,dense,jev_direct,106,23,straight,743,38,482.19
dense-jev_direct-106,dense,jev_direct,106,24,straight,744,38,493.37
dense-jev_direct-106,dense,jev_direct,106,25,straight,744,38,557.58
dense-jev_direct-106,dense,jev_direct,106,26,straight,744,38,567.0
dense-jev_direct-106,dense,jev_direct,106,27,straight,744,38,687.58
dense-jev_direct-106,dense,jev_direct,106,28,straight,745,38,369.19
dense-jev_direct-106,dense,jev_direct,106,29,right,748,38,313.24
dense-jev_direct-106,dense,jev_direct,106,30,straight,745,38,329.93
classic-jev_guarded-103,classic,jev_guarded,103,1,right,587,38,366.34
classic-jev_guarded-103,classic,jev_guarded,103,2,straight,587,38,299.64
classic-jev_guarded-103,classic,jev_guarded,103,3,straight,587,38,357.82
classic-jev_guarded-103,classic,jev_guarded,103,4,straight,588,38,262.94
classic-jev_guarded-103,classic,jev_guarded,103,5,straight,591,38,319.17
classic-jev_guarded-103,classic,jev_guarded,103,6,right,563,31,310.46
classic-jev_guarded-103,classic,jev_guarded,103,7,straight,564,31,308.35
classic-jev_guarded-103,classic,jev_guarded,103,8,straight,564,31,260.65
classic-jev_guarded-103,classic,jev_guarded,103,9,straight,571,31,306.02
classic-jev_guarded-103,classic,jev_guarded,103,10,straight,573,31,482.85
classic-jev_guarded-103,classic,jev_guarded,103,12,straight,575,31,649.4
classic-jev_guarded-103,classic,jev_guarded,103,13,straight,574,31,690.21
classic-jev_guarded-103,classic,jev_guarded,103,14,straight,573,31,412.5
classic-jev_guarded-103,classic,jev_guarded,103,15,straight,572,31,344.85
classic-jev_guarded-103,classic,jev_guarded,103,16,straight,571,31,355.64
classic-jev_guarded-103,classic,jev_guarded,103,17,straight,571,31,364.02
classic-jev_guarded-103,classic,jev_guarded,103,18,straight,571,31,333.55
classic-jev_guarded-103,classic,jev_guarded,103,19,straight,572,31,512.11
classic-jev_guarded-103,classic,jev_guarded,103,20,straight,572,31,514.28
classic-jev_guarded-103,classic,jev_guarded,103,21,right,572,31,343.18
classic-jev_guarded-103,classic,jev_guarded,103,22,right,600,38,422.19
classic-jev_guarded-103,classic,jev_guarded,103,23,straight,600,38,526.13
classic-jev_guarded-103,classic,jev_guarded,103,24,straight,600,38,416.02
classic-jev_guarded-103,classic,jev_guarded,103,25,straight,600,38,445.73
classic-jev_guarded-103,classic,jev_guarded,103,26,straight,600,38,386.54
classic-jev_guarded-103,classic,jev_guarded,103,27,straight,600,38,354.09
classic-jev_guarded-103,classic,jev_guarded,103,28,straight,600,38,442.96
classic-jev_guarded-103,classic,jev_guarded,103,29,left,600,38,330.55
classic-jev_guarded-103,classic,jev_guarded,103,30,straight,597,38,288.93
classic-jev_guarded-103,classic,jev_guarded,103,31,straight,596,38,387.02
classic-jev_guarded-103,classic,jev_guarded,103,32,straight,595,38,264.54
classic-jev_guarded-103,classic,jev_guarded,103,33,straight,594,38,314.29
classic-jev_guarded-103,classic,jev_guarded,103,34,straight,594,38,331.2
classic-jev_guarded-103,classic,jev_guarded,103,35,left,594,38,278.55
classic-jev_guarded-103,classic,jev_guarded,103,36,straight,599,38,269.07
classic-jev_guarded-103,classic,jev_guarded,103,37,straight,599,38,253.51
classic-jev_guarded-103,classic,jev_guarded,103,38,straight,599,38,261.98
classic-jev_guarded-103,classic,jev_guarded,103,39,straight,599,38,317.18
classic-jev_guarded-103,classic,jev_guarded,103,40,right,599,38,316.74
classic-jev_guarded-103,classic,jev_guarded,103,41,straight,599,38,380.96
classic-jev_guarded-103,classic,jev_guarded,103,42,straight,599,38,306.02
classic-jev_guarded-103,classic,jev_guarded,103,43,straight,599,38,430.89
classic-jev_guarded-103,classic,jev_guarded,103,44,right,571,31,432.26
classic-jev_guarded-103,classic,jev_guarded,103,45,straight,571,31,399.59
classic-jev_guarded-103,classic,jev_guarded,103,46,straight,572,31,288.24
classic-jev_guarded-103,classic,jev_guarded,103,47,straight,572,31,501.88
classic-jev_guarded-103,classic,jev_guarded,103,48,right,572,31,437.68
classic-jev_guarded-103,classic,jev_guarded,103,49,straight,605,38,526.51
classic-jev_guarded-103,classic,jev_guarded,103,50,straight,605,38,350.07
classic-jev_guarded-103,classic,jev_guarded,103,51,straight,605,38,383.14
classic-jev_guarded-103,classic,jev_guarded,103,52,straight,605,38,385.77
classic-jev_guarded-103,classic,jev_guarded,103,53,straight,605,38,302.95
classic-jev_guarded-103,classic,jev_guarded,103,54,straight,605,38,492.19
classic-jev_guarded-103,classic,jev_guarded,103,55,straight,605,38,444.13
classic-jev_guarded-103,classic,jev_guarded,103,56,straight,605,38,473.54
classic-jev_guarded-103,classic,jev_guarded,103,57,straight,606,38,318.09
classic-jev_guarded-103,classic,jev_guarded,103,58,straight,609,38,541.68
classic-jev_guarded-103,classic,jev_guarded,103,59,left,582,31,478.33
classic-jev_guarded-103,classic,jev_guarded,103,60,straight,583,31,526.69
classic-jev_guarded-103,classic,jev_guarded,103,61,straight,585,31,524.28
classic-jev_guarded-103,classic,jev_guarded,103,62,straight,588,31,508.42
classic-jev_guarded-103,classic,jev_guarded,103,64,straight,590,31,393.03
classic-jev_guarded-103,classic,jev_guarded,103,65,straight,589,31,391.01
classic-jev_guarded-103,classic,jev_guarded,103,66,straight,589,31,289.14
classic-jev_guarded-103,classic,jev_guarded,103,67,straight,589,31,329.77
classic-jev_guarded-103,classic,jev_guarded,103,68,straight,588,31,290.45
classic-jev_guarded-103,classic,jev_guarded,103,69,straight,587,31,390.82
classic-jev_guarded-103,classic,jev_guarded,103,70,straight,586,31,367.21
classic-jev_guarded-103,classic,jev_guarded,103,71,straight,586,31,568.26
classic-jev_guarded-103,classic,jev_guarded,103,72,straight,586,31,302.4
classic-jev_guarded-103,classic,jev_guarded,103,73,straight,586,31,325.22
classic-jev_guarded-103,classic,jev_guarded,103,75,straight,585,31,367.32
classic-jev_guarded-103,classic,jev_guarded,103,76,straight,583,31,320.52
classic-jev_guarded-103,classic,jev_guarded,103,77,straight,582,31,385.04
classic-jev_guarded-103,classic,jev_guarded,103,78,straight,581,31,336.61
classic-jev_guarded-103,classic,jev_guarded,103,79,straight,580,31,322.32
classic-jev_guarded-103,classic,jev_guarded,103,80,straight,579,31,376.57
classic-jev_guarded-103,classic,jev_guarded,103,81,straight,578,31,350.78
classic-jev_guarded-103,classic,jev_guarded,103,82,straight,578,31,304.65
classic-jev_guarded-103,classic,jev_guarded,103,83,straight,578,31,503.71
classic-jev_guarded-103,classic,jev_guarded,103,84,left,578,31,427.63
classic-jev_guarded-103,classic,jev_guarded,103,85,left,606,38,315.04
classic-jev_guarded-103,classic,jev_guarded,103,86,straight,578,31,307.66
classic-jev_guarded-103,classic,jev_guarded,103,87,straight,606,38,326.29
classic-jev_guarded-103,classic,jev_guarded,103,88,straight,606,38,363.42
classic-jev_guarded-103,classic,jev_guarded,103,89,left,606,38,262.12
classic-jev_guarded-103,classic,jev_guarded,103,90,left,578,31,297.73
classic-jev_guarded-103,classic,jev_guarded,103,92,straight,578,31,295.98
classic-jev_guarded-103,classic,jev_guarded,103,93,straight,578,31,362.79
classic-jev_guarded-103,classic,jev_guarded,103,94,left,578,31,355.66
classic-jev_guarded-103,classic,jev_guarded,103,95,straight,606,38,363.32
classic-jev_guarded-103,classic,jev_guarded,103,96,straight,606,38,298.4
classic-jev_guarded-103,classic,jev_guarded,103,97,straight,611,38,302.16
classic-jev_guarded-103,classic,jev_guarded,103,98,straight,611,38,338.4
classic-jev_guarded-103,classic,jev_guarded,103,99,straight,611,38,303.49
classic-jev_guarded-103,classic,jev_guarded,103,100,straight,611,38,319.68
classic-jev_guarded-103,classic,jev_guarded,103,101,straight,612,38,337.94
classic-jev_guarded-103,classic,jev_guarded,103,102,left,612,38,356.25
classic-jev_guarded-103,classic,jev_guarded,103,103,straight,612,38,334.42
classic-jev_guarded-103,classic,jev_guarded,103,104,straight,612,38,322.6
classic-jev_guarded-103,classic,jev_guarded,103,105,straight,612,38,306.87
classic-jev_guarded-103,classic,jev_guarded,103,106,straight,612,38,481.16
classic-jev_guarded-103,classic,jev_guarded,103,107,straight,613,38,322.23
classic-jev_guarded-103,classic,jev_guarded,103,108,straight,613,38,326.6
classic-jev_guarded-103,classic,jev_guarded,103,109,straight,619,38,308.05
classic-jev_guarded-103,classic,jev_guarded,103,110,straight,620,38,362.99
classic-jev_guarded-103,classic,jev_guarded,103,111,straight,623,38,383.51
classic-jev_guarded-103,classic,jev_guarded,103,112,left,595,31,301.7
classic-jev_guarded-103,classic,jev_guarded,103,113,straight,596,31,376.05
classic-jev_guarded-103,classic,jev_guarded,103,114,straight,597,31,360.18
classic-jev_guarded-103,classic,jev_guarded,103,115,straight,598,31,377.82
classic-jev_guarded-103,classic,jev_guarded,103,116,straight,599,31,303.97
classic-jev_guarded-103,classic,jev_guarded,103,117,straight,600,31,366.72
classic-jev_guarded-103,classic,jev_guarded,103,118,straight,601,31,299.61
classic-jev_guarded-103,classic,jev_guarded,103,119,left,602,31,308.98
classic-jev_guarded-103,classic,jev_guarded,103,120,straight,630,38,317.65
classic-jev_guarded-103,classic,jev_guarded,103,121,straight,627,38,384.37
classic-jev_guarded-103,classic,jev_guarded,103,122,straight,626,38,314.55
classic-jev_guarded-103,classic,jev_guarded,103,123,straight,625,38,392.28
classic-jev_guarded-103,classic,jev_guarded,103,124,straight,624,38,671.23
classic-jev_guarded-103,classic,jev_guarded,103,125,straight,623,38,458.07
classic-jev_guarded-103,classic,jev_guarded,103,126,straight,622,38,645.72
classic-jev_guarded-103,classic,jev_guarded,103,127,straight,621,38,466.81
classic-jev_guarded-103,classic,jev_guarded,103,128,straight,620,38,287.22
classic-jev_guarded-103,classic,jev_guarded,103,129,left,620,38,694.79
classic-jev_guarded-103,classic,jev_guarded,103,130,left,620,38,311.33
classic-jev_guarded-103,classic,jev_guarded,103,131,straight,592,31,745.55
classic-jev_guarded-103,classic,jev_guarded,103,132,straight,592,31,329.19
classic-jev_guarded-103,classic,jev_guarded,103,133,straight,620,38,409.09
classic-jev_guarded-103,classic,jev_guarded,103,134,straight,620,38,298.45
classic-jev_guarded-103,classic,jev_guarded,103,135,straight,620,38,314.17
classic-jev_guarded-103,classic,jev_guarded,103,136,straight,620,38,359.06
classic-jev_guarded-103,classic,jev_guarded,103,137,left,620,38,373.23
classic-jev_guarded-103,classic,jev_guarded,103,138,straight,620,38,326.9
classic-jev_guarded-103,classic,jev_guarded,103,139,right,592,31,310.28
classic-jev_guarded-103,classic,jev_guarded,103,140,straight,593,31,300.75
classic-jev_guarded-103,classic,jev_guarded,103,141,right,595,31,298.95
classic-jev_guarded-103,classic,jev_guarded,103,142,straight,624,38,372.08
classic-jev_guarded-103,classic,jev_guarded,103,143,straight,625,38,283.44
classic-jev_guarded-103,classic,jev_guarded,103,144,straight,626,38,390.26
classic-jev_guarded-103,classic,jev_guarded,103,145,right,627,38,361.64
classic-jev_guarded-103,classic,jev_guarded,103,146,straight,625,38,306.65
classic-jev_guarded-103,classic,jev_guarded,103,147,right,625,38,275.0
classic-jev_guarded-103,classic,jev_guarded,103,148,straight,625,38,308.63
classic-jev_guarded-103,classic,jev_guarded,103,149,straight,624,38,374.62
classic-jev_guarded-103,classic,jev_guarded,103,150,straight,623,38,313.32
classic-jev_guarded-103,classic,jev_guarded,103,151,left,594,31,342.06
classic-jev_guarded-103,classic,jev_guarded,103,152,straight,593,31,335.62
classic-jev_guarded-103,classic,jev_guarded,103,153,straight,592,31,285.19
classic-jev_guarded-103,classic,jev_guarded,103,154,left,592,31,328.46
classic-jev_guarded-103,classic,jev_guarded,103,155,straight,620,38,354.32
classic-jev_guarded-103,classic,jev_guarded,103,156,straight,620,38,286.77
classic-jev_guarded-103,classic,jev_guarded,103,157,left,620,38,352.71
classic-jev_guarded-103,classic,jev_guarded,103,158,straight,620,38,288.14
open-jev_guarded-106,open,jev_guarded,106,1,straight,587,38,321.01
open-jev_guarded-106,open,jev_guarded,106,2,straight,587,38,374.89
open-jev_guarded-106,open,jev_guarded,106,3,straight,587,38,310.11
open-jev_guarded-106,open,jev_guarded,106,4,straight,587,38,269.86
open-jev_guarded-106,open,jev_guarded,106,5,straight,587,38,475.01
open-jev_guarded-106,open,jev_guarded,106,6,straight,587,38,439.27
open-jev_guarded-106,open,jev_guarded,106,7,right,588,38,540.35
open-jev_guarded-106,open,jev_guarded,106,8,straight,588,38,341.33
open-jev_guarded-106,open,jev_guarded,106,9,straight,588,38,306.16
open-jev_guarded-106,open,jev_guarded,106,10,straight,589,38,502.35
open-jev_guarded-106,open,jev_guarded,106,11,right,594,38,400.75
open-jev_guarded-106,open,jev_guarded,106,12,straight,593,38,448.02
open-jev_guarded-106,open,jev_guarded,106,13,straight,594,38,309.23
open-jev_guarded-106,open,jev_guarded,106,14,straight,594,38,390.54
open-jev_guarded-106,open,jev_guarded,106,15,straight,594,38,293.04
open-jev_guarded-106,open,jev_guarded,106,16,straight,594,38,310.7
open-jev_guarded-106,open,jev_guarded,106,17,straight,594,38,343.53
open-jev_guarded-106,open,jev_guarded,106,18,straight,594,38,357.67
open-jev_guarded-106,open,jev_guarded,106,19,straight,594,38,284.04
open-jev_guarded-106,open,jev_guarded,106,20,straight,595,38,323.3
open-jev_guarded-106,open,jev_guarded,106,21,straight,598,38,265.14
open-jev_guarded-106,open,jev_guarded,106,22,straight,598,38,310.49
open-jev_guarded-106,open,jev_guarded,106,23,straight,596,38,282.09
open-jev_guarded-106,open,jev_guarded,106,24,straight,595,38,333.6
open-jev_guarded-106,open,jev_guarded,106,25,straight,594,38,309.49
open-jev_guarded-106,open,jev_guarded,106,26,straight,594,38,419.86
open-jev_guarded-106,open,jev_guarded,106,27,straight,594,38,352.4
open-jev_guarded-106,open,jev_guarded,106,28,straight,594,38,280.46
open-jev_guarded-106,open,jev_guarded,106,29,straight,594,38,265.51
open-jev_guarded-106,open,jev_guarded,106,30,straight,594,38,597.92
open-jev_guarded-106,open,jev_guarded,106,31,straight,594,38,360.01
open-jev_guarded-106,open,jev_guarded,106,32,straight,595,38,337.46
open-jev_guarded-106,open,jev_guarded,106,33,straight,598,38,308.96
open-jev_guarded-106,open,jev_guarded,106,34,right,598,38,553.14
open-jev_guarded-106,open,jev_guarded,106,35,straight,596,38,452.11
open-jev_guarded-106,open,jev_guarded,106,36,straight,595,38,579.99
open-jev_guarded-106,open,jev_guarded,106,37,straight,594,38,458.67
open-jev_guarded-106,open,jev_guarded,106,38,straight,594,38,396.74
open-jev_guarded-106,open,jev_guarded,106,39,right,594,38,287.08
open-jev_guarded-106,open,jev_guarded,106,40,left,599,38,508.17
open-jev_guarded-106,open,jev_guarded,106,41,straight,599,38,453.29
open-jev_guarded-106,open,jev_guarded,106,42,straight,599,38,407.53
open-jev_guarded-106,open,jev_guarded,106,43,straight,599,38,439.65
open-jev_guarded-106,open,jev_guarded,106,44,straight,599,38,432.2
open-jev_guarded-106,open,jev_guarded,106,45,straight,600,38,517.27
open-jev_guarded-106,open,jev_guarded,106,46,right,603,38,414.81
open-jev_guarded-106,open,jev_guarded,106,47,straight,600,38,480.94
open-jev_guarded-106,open,jev_guarded,106,48,straight,600,38,425.13
open-jev_guarded-106,open,jev_guarded,106,49,straight,600,38,487.14
open-jev_guarded-106,open,jev_guarded,106,50,straight,600,38,468.65
open-jev_guarded-106,open,jev_guarded,106,51,straight,600,38,454.82
open-jev_guarded-106,open,jev_guarded,106,52,straight,600,38,368.72
open-jev_guarded-106,open,jev_guarded,106,53,straight,600,38,350.74
open-jev_guarded-106,open,jev_guarded,106,54,straight,600,38,338.47
open-jev_guarded-106,open,jev_guarded,106,55,straight,600,38,465.05
open-jev_guarded-106,open,jev_guarded,106,56,left,601,38,410.96
open-jev_guarded-106,open,jev_guarded,106,57,straight,601,38,335.06
open-jev_guarded-106,open,jev_guarded,106,58,straight,598,38,327.17
open-jev_guarded-106,open,jev_guarded,106,59,straight,597,38,301.34
open-jev_guarded-106,open,jev_guarded,106,60,straight,596,38,368.61
open-jev_guarded-106,open,jev_guarded,106,61,straight,595,38,411.09
open-jev_guarded-106,open,jev_guarded,106,62,straight,595,38,364.56
open-jev_guarded-106,open,jev_guarded,106,63,straight,601,38,309.0
open-jev_guarded-106,open,jev_guarded,106,64,straight,601,38,371.42
open-jev_guarded-106,open,jev_guarded,106,65,straight,601,38,486.32
open-jev_guarded-106,open,jev_guarded,106,66,straight,601,38,289.82
open-jev_guarded-106,open,jev_guarded,106,67,straight,602,38,683.4
open-jev_guarded-106,open,jev_guarded,106,68,straight,605,38,308.77
open-jev_guarded-106,open,jev_guarded,106,69,straight,605,38,373.29
open-jev_guarded-106,open,jev_guarded,106,70,straight,603,38,289.2
open-jev_guarded-106,open,jev_guarded,106,71,straight,603,38,312.05
open-jev_guarded-106,open,jev_guarded,106,72,left,603,38,361.07
open-jev_guarded-106,open,jev_guarded,106,73,straight,602,38,376.06
open-jev_guarded-106,open,jev_guarded,106,74,straight,601,38,317.18
open-jev_guarded-106,open,jev_guarded,106,75,straight,601,38,394.47
open-jev_guarded-106,open,jev_guarded,106,76,straight,601,38,332.02
open-jev_guarded-106,open,jev_guarded,106,77,straight,601,38,273.31
open-jev_guarded-106,open,jev_guarded,106,78,straight,601,38,281.39
open-jev_guarded-106,open,jev_guarded,106,79,straight,601,38,292.16
open-jev_guarded-106,open,jev_guarded,106,80,straight,601,38,369.59
open-jev_guarded-106,open,jev_guarded,106,81,straight,602,38,360.53
open-jev_guarded-106,open,jev_guarded,106,82,straight,605,38,267.88
open-jev_guarded-106,open,jev_guarded,106,83,left,610,38,292.34
open-jev_guarded-106,open,jev_guarded,106,84,left,611,38,287.59
open-jev_guarded-106,open,jev_guarded,106,85,straight,583,31,319.91
open-jev_guarded-106,open,jev_guarded,106,86,straight,610,38,397.73
open-jev_guarded-106,open,jev_guarded,106,87,straight,610,38,274.25
open-jev_guarded-106,open,jev_guarded,106,88,straight,609,38,312.56
open-jev_guarded-106,open,jev_guarded,106,89,straight,608,38,302.43
open-jev_guarded-106,open,jev_guarded,106,90,straight,607,38,332.97
open-jev_guarded-106,open,jev_guarded,106,91,straight,606,38,379.85
open-jev_guarded-106,open,jev_guarded,106,92,straight,606,38,282.41
open-jev_guarded-106,open,jev_guarded,106,93,straight,607,38,411.88
open-jev_guarded-106,open,jev_guarded,106,94,straight,607,38,330.96
open-jev_guarded-106,open,jev_guarded,106,95,straight,608,38,265.88
open-jev_guarded-106,open,jev_guarded,106,96,straight,611,38,295.34
open-jev_guarded-106,open,jev_guarded,106,97,straight,611,38,309.34
open-jev_guarded-106,open,jev_guarded,106,98,straight,609,38,385.43
open-jev_guarded-106,open,jev_guarded,106,99,straight,609,38,376.71
open-jev_guarded-106,open,jev_guarded,106,100,straight,609,38,315.01
open-jev_guarded-106,open,jev_guarded,106,101,straight,610,38,355.84
open-jev_guarded-106,open,jev_guarded,106,102,straight,609,38,321.92
open-jev_guarded-106,open,jev_guarded,106,103,straight,608,38,375.04
open-jev_guarded-106,open,jev_guarded,106,104,straight,608,38,332.78
open-jev_guarded-106,open,jev_guarded,106,105,straight,608,38,325.21
open-jev_guarded-106,open,jev_guarded,106,106,straight,608,38,331.5
open-jev_guarded-106,open,jev_guarded,106,107,straight,609,38,398.29
open-jev_guarded-106,open,jev_guarded,106,108,straight,612,38,835.27
open-jev_guarded-106,open,jev_guarded,106,109,straight,612,38,327.58
open-jev_guarded-106,open,jev_guarded,106,110,straight,610,38,787.61
open-jev_guarded-106,open,jev_guarded,106,111,straight,610,38,310.55
open-jev_guarded-106,open,jev_guarded,106,112,straight,610,38,435.24
open-jev_guarded-106,open,jev_guarded,106,113,straight,610,38,463.55
open-jev_guarded-106,open,jev_guarded,106,114,straight,609,38,302.45
open-jev_guarded-106,open,jev_guarded,106,115,straight,608,38,516.68
open-jev_guarded-106,open,jev_guarded,106,116,straight,608,38,364.22
open-jev_guarded-106,open,jev_guarded,106,117,straight,608,38,415.37
open-jev_guarded-106,open,jev_guarded,106,118,straight,608,38,387.82
open-jev_guarded-106,open,jev_guarded,106,119,straight,609,38,304.36
open-jev_guarded-106,open,jev_guarded,106,120,straight,612,38,349.78
open-jev_guarded-106,open,jev_guarded,106,121,straight,612,38,284.6
open-jev_guarded-106,open,jev_guarded,106,122,straight,610,38,309.69
open-jev_guarded-106,open,jev_guarded,106,123,straight,610,38,397.5
open-jev_guarded-106,open,jev_guarded,106,124,straight,610,38,311.65
open-jev_guarded-106,open,jev_guarded,106,125,straight,610,38,255.93
open-jev_guarded-106,open,jev_guarded,106,126,straight,609,38,356.84
open-jev_guarded-106,open,jev_guarded,106,127,straight,608,38,366.82
open-jev_guarded-106,open,jev_guarded,106,128,straight,608,38,304.73
open-jev_guarded-106,open,jev_guarded,106,129,straight,608,38,352.31
open-jev_guarded-106,open,jev_guarded,106,130,straight,608,38,309.2
open-jev_guarded-106,open,jev_guarded,106,131,straight,609,38,334.45
open-jev_guarded-106,open,jev_guarded,106,132,straight,612,38,289.38
obstacles-jev_guarded-102,obstacles,jev_guarded,102,1,straight,636,31,315.33
obstacles-jev_guarded-102,obstacles,jev_guarded,102,2,straight,664,38,288.78
obstacles-jev_guarded-102,obstacles,jev_guarded,102,3,straight,664,38,391.24
obstacles-jev_guarded-102,obstacles,jev_guarded,102,4,left,636,31,348.67
obstacles-jev_guarded-102,obstacles,jev_guarded,102,5,straight,642,31,304.48
obstacles-jev_guarded-102,obstacles,jev_guarded,102,6,straight,670,38,488.51
obstacles-jev_guarded-102,obstacles,jev_guarded,102,7,straight,670,38,472.4
obstacles-jev_guarded-102,obstacles,jev_guarded,102,8,straight,670,38,477.63
obstacles-jev_guarded-102,obstacles,jev_guarded,102,9,straight,670,38,488.23
obstacles-jev_guarded-102,obstacles,jev_guarded,102,10,left,642,31,387.33
obstacles-jev_guarded-102,obstacles,jev_guarded,102,11,straight,643,31,309.39
obstacles-jev_guarded-102,obstacles,jev_guarded,102,12,straight,643,31,481.21
obstacles-jev_guarded-102,obstacles,jev_guarded,102,13,straight,643,31,297.16
obstacles-jev_guarded-102,obstacles,jev_guarded,102,14,straight,643,31,408.35
obstacles-jev_guarded-102,obstacles,jev_guarded,102,16,straight,645,31,363.72
obstacles-jev_guarded-102,obstacles,jev_guarded,102,17,straight,647,31,292.4
obstacles-jev_guarded-102,obstacles,jev_guarded,102,19,straight,649,31,277.57
obstacles-jev_guarded-102,obstacles,jev_guarded,102,20,straight,650,31,314.5
obstacles-jev_guarded-102,obstacles,jev_guarded,102,21,straight,650,31,391.62
obstacles-jev_guarded-102,obstacles,jev_guarded,102,23,straight,650,31,322.24
obstacles-jev_guarded-102,obstacles,jev_guarded,102,24,straight,650,31,352.62
obstacles-jev_guarded-102,obstacles,jev_guarded,102,25,straight,650,31,373.44
obstacles-jev_guarded-102,obstacles,jev_guarded,102,26,left,650,31,310.78
obstacles-jev_guarded-102,obstacles,jev_guarded,102,27,straight,649,31,481.41
obstacles-jev_guarded-102,obstacles,jev_guarded,102,28,straight,675,38,265.34
obstacles-jev_guarded-102,obstacles,jev_guarded,102,29,straight,680,38,327.07
obstacles-jev_guarded-102,obstacles,jev_guarded,102,30,straight,679,38,363.84
obstacles-jev_guarded-102,obstacles,jev_guarded,102,31,straight,650,31,502.7
obstacles-jev_guarded-102,obstacles,jev_guarded,102,32,straight,677,38,360.83
obstacles-jev_guarded-102,obstacles,jev_guarded,102,33,straight,677,38,301.97
obstacles-jev_guarded-102,obstacles,jev_guarded,102,34,straight,649,31,477.57
obstacles-jev_guarded-102,obstacles,jev_guarded,102,35,straight,677,38,507.07
obstacles-jev_guarded-102,obstacles,jev_guarded,102,36,straight,677,38,420.01
obstacles-jev_guarded-102,obstacles,jev_guarded,102,37,left,649,31,388.8
obstacles-jev_guarded-102,obstacles,jev_guarded,102,38,straight,649,31,298.91
obstacles-jev_guarded-102,obstacles,jev_guarded,102,39,straight,650,31,440.87
obstacles-jev_guarded-102,obstacles,jev_guarded,102,40,straight,650,31,437.16
obstacles-jev_guarded-102,obstacles,jev_guarded,102,42,straight,650,31,320.72
obstacles-jev_guarded-102,obstacles,jev_guarded,102,43,straight,650,31,419.49
obstacles-jev_guarded-102,obstacles,jev_guarded,102,44,straight,650,31,455.8
obstacles-jev_guarded-102,obstacles,jev_guarded,102,46,straight,650,31,426.81
obstacles-jev_guarded-102,obstacles,jev_guarded,102,47,left,655,31,437.14
obstacles-jev_guarded-102,obstacles,jev_guarded,102,48,straight,683,38,371.58
obstacles-jev_guarded-102,obstacles,jev_guarded,102,49,straight,683,38,487.95
obstacles-jev_guarded-102,obstacles,jev_guarded,102,50,straight,683,38,415.7
obstacles-jev_guarded-102,obstacles,jev_guarded,102,52,straight,683,38,1033.92
obstacles-jev_guarded-102,obstacles,jev_guarded,102,53,straight,683,38,480.9
obstacles-jev_guarded-102,obstacles,jev_guarded,102,54,straight,683,38,420.42
obstacles-jev_guarded-102,obstacles,jev_guarded,102,55,straight,683,38,310.9
obstacles-jev_guarded-102,obstacles,jev_guarded,102,56,straight,683,38,473.82
obstacles-jev_guarded-102,obstacles,jev_guarded,102,57,straight,684,38,379.75
obstacles-jev_guarded-102,obstacles,jev_guarded,102,59,straight,685,38,406.11
obstacles-jev_guarded-102,obstacles,jev_guarded,102,60,straight,685,38,364.41
obstacles-jev_guarded-102,obstacles,jev_guarded,102,61,straight,685,38,416.36
obstacles-jev_guarded-102,obstacles,jev_guarded,102,62,straight,685,38,294.01
obstacles-jev_guarded-102,obstacles,jev_guarded,102,63,left,657,31,749.41
obstacles-jev_guarded-102,obstacles,jev_guarded,102,64,straight,685,38,292.05
obstacles-jev_guarded-102,obstacles,jev_guarded,102,65,straight,685,38,359.91
obstacles-jev_guarded-102,obstacles,jev_guarded,102,66,straight,656,31,400.01
obstacles-jev_guarded-102,obstacles,jev_guarded,102,67,straight,685,38,361.48
obstacles-jev_guarded-102,obstacles,jev_guarded,102,68,straight,685,38,431.93
obstacles-jev_guarded-102,obstacles,jev_guarded,102,69,straight,685,38,298.8
obstacles-jev_guarded-102,obstacles,jev_guarded,102,70,straight,685,38,349.37
obstacles-jev_guarded-102,obstacles,jev_guarded,102,71,straight,685,38,485.35
obstacles-jev_guarded-102,obstacles,jev_guarded,102,73,straight,656,31,414.98
obstacles-jev_guarded-102,obstacles,jev_guarded,102,74,straight,656,31,365.85
obstacles-jev_guarded-102,obstacles,jev_guarded,102,75,straight,656,31,426.44
obstacles-jev_guarded-102,obstacles,jev_guarded,102,76,straight,656,31,295.87
obstacles-jev_guarded-102,obstacles,jev_guarded,102,78,straight,656,31,295.38
obstacles-jev_guarded-102,obstacles,jev_guarded,102,79,straight,656,31,306.2
obstacles-jev_guarded-102,obstacles,jev_guarded,102,80,straight,656,31,283.39
obstacles-jev_guarded-102,obstacles,jev_guarded,102,82,straight,656,31,286.75
obstacles-jev_guarded-102,obstacles,jev_guarded,102,83,straight,656,31,370.52
obstacles-jev_guarded-102,obstacles,jev_guarded,102,84,left,656,31,295.58
obstacles-jev_guarded-102,obstacles,jev_guarded,102,85,straight,684,38,260.27
obstacles-jev_guarded-102,obstacles,jev_guarded,102,86,straight,684,38,314.73
obstacles-jev_guarded-102,obstacles,jev_guarded,102,87,straight,684,38,309.36
obstacles-jev_guarded-102,obstacles,jev_guarded,102,88,straight,684,38,310.52
obstacles-jev_guarded-102,obstacles,jev_guarded,102,89,straight,656,31,337.05
obstacles-jev_guarded-102,obstacles,jev_guarded,102,90,left,656,31,296.46
obstacles-jev_guarded-102,obstacles,jev_guarded,102,91,straight,656,31,430.91
obstacles-jev_guarded-102,obstacles,jev_guarded,102,92,straight,684,38,319.26
obstacles-jev_guarded-102,obstacles,jev_guarded,102,93,right,656,31,310.46
obstacles-jev_guarded-102,obstacles,jev_guarded,102,94,straight,656,31,376.69
obstacles-jev_guarded-102,obstacles,jev_guarded,102,95,straight,656,31,365.81
obstacles-jev_guarded-106,obstacles,jev_guarded,106,1,straight,664,38,372.66
obstacles-jev_guarded-106,obstacles,jev_guarded,106,2,straight,664,38,342.91
obstacles-jev_guarded-106,obstacles,jev_guarded,106,3,straight,636,31,323.07
obstacles-jev_guarded-106,obstacles,jev_guarded,106,4,straight,664,38,311.47
obstacles-jev_guarded-106,obstacles,jev_guarded,106,5,right,664,38,427.08
obstacles-jev_guarded-106,obstacles,jev_guarded,106,6,straight,664,38,453.04
obstacles-jev_guarded-106,obstacles,jev_guarded,106,7,right,636,31,373.3
obstacles-jev_guarded-106,obstacles,jev_guarded,106,8,left,664,38,395.92
obstacles-jev_guarded-106,obstacles,jev_guarded,106,9,straight,637,31,359.99
obstacles-jev_guarded-106,obstacles,jev_guarded,106,10,straight,668,38,307.82
obstacles-jev_guarded-106,obstacles,jev_guarded,106,11,right,642,31,316.61
obstacles-jev_guarded-106,obstacles,jev_guarded,106,13,straight,671,38,339.9
obstacles-jev_guarded-106,obstacles,jev_guarded,106,14,straight,668,38,275.55
obstacles-jev_guarded-106,obstacles,jev_guarded,106,15,left,639,31,336.46
obstacles-jev_guarded-106,obstacles,jev_guarded,106,16,straight,666,38,327.29
obstacles-jev_guarded-106,obstacles,jev_guarded,106,17,straight,666,38,309.28
obstacles-jev_guarded-106,obstacles,jev_guarded,106,18,straight,666,38,376.85
obstacles-jev_guarded-106,obstacles,jev_guarded,106,19,right,638,31,333.56
obstacles-jev_guarded-106,obstacles,jev_guarded,106,20,straight,666,38,307.47
obstacles-jev_guarded-106,obstacles,jev_guarded,106,21,straight,666,38,447.53
obstacles-jev_guarded-106,obstacles,jev_guarded,106,22,straight,666,38,627.66
obstacles-jev_guarded-106,obstacles,jev_guarded,106,23,straight,666,38,736.14
obstacles-jev_guarded-106,obstacles,jev_guarded,106,24,straight,666,38,312.09
obstacles-jev_guarded-106,obstacles,jev_guarded,106,25,straight,638,31,436.79
obstacles-jev_guarded-106,obstacles,jev_guarded,106,26,straight,666,38,490.48
obstacles-jev_guarded-106,obstacles,jev_guarded,106,27,left,638,31,412.74
obstacles-jev_guarded-106,obstacles,jev_guarded,106,28,straight,639,31,386.73
obstacles-jev_guarded-106,obstacles,jev_guarded,106,29,straight,641,31,328.16
obstacles-jev_guarded-106,obstacles,jev_guarded,106,31,straight,643,31,375.95
obstacles-jev_guarded-106,obstacles,jev_guarded,106,32,straight,643,31,356.28
obstacles-jev_guarded-106,obstacles,jev_guarded,106,33,straight,643,31,301.66
obstacles-jev_guarded-106,obstacles,jev_guarded,106,35,straight,676,38,425.74
obstacles-jev_guarded-106,obstacles,jev_guarded,106,36,left,673,38,350.92
obstacles-jev_guarded-106,obstacles,jev_guarded,106,37,left,645,31,734.16
obstacles-jev_guarded-106,obstacles,jev_guarded,106,38,straight,675,38,323.19
obstacles-jev_guarded-106,obstacles,jev_guarded,106,39,right,646,31,268.12
obstacles-jev_guarded-106,obstacles,jev_guarded,106,40,straight,647,31,303.93
obstacles-jev_guarded-106,obstacles,jev_guarded,106,41,straight,648,31,506.19
obstacles-jev_guarded-106,obstacles,jev_guarded,106,43,straight,647,31,279.3
obstacles-jev_guarded-106,obstacles,jev_guarded,106,44,straight,646,31,324.21
obstacles-jev_guarded-106,obstacles,jev_guarded,106,45,straight,645,31,306.6
obstacles-jev_guarded-106,obstacles,jev_guarded,106,46,straight,644,31,259.79
obstacles-jev_guarded-106,obstacles,jev_guarded,106,47,straight,643,31,258.7
obstacles-jev_guarded-106,obstacles,jev_guarded,106,49,left,643,31,283.92
obstacles-jev_guarded-106,obstacles,jev_guarded,106,50,straight,643,31,302.74
obstacles-jev_guarded-106,obstacles,jev_guarded,106,51,straight,643,31,331.4
obstacles-jev_guarded-106,obstacles,jev_guarded,106,52,right,643,31,273.59
obstacles-jev_guarded-106,obstacles,jev_guarded,106,53,straight,671,38,289.55
obstacles-jev_guarded-106,obstacles,jev_guarded,106,54,straight,671,38,318.83
obstacles-jev_guarded-106,obstacles,jev_guarded,106,55,straight,671,38,277.37
obstacles-jev_guarded-106,obstacles,jev_guarded,106,56,left,671,38,281.84
obstacles-jev_guarded-106,obstacles,jev_guarded,106,57,straight,671,38,291.77
obstacles-jev_guarded-106,obstacles,jev_guarded,106,58,left,643,31,321.51
obstacles-jev_guarded-106,obstacles,jev_guarded,106,59,straight,648,31,343.84
obstacles-jev_guarded-106,obstacles,jev_guarded,106,60,straight,648,31,346.55
obstacles-jev_guarded-106,obstacles,jev_guarded,106,61,left,648,31,294.32
obstacles-jev_guarded-106,obstacles,jev_guarded,106,62,straight,648,31,264.2
obstacles-jev_guarded-106,obstacles,jev_guarded,106,63,straight,676,38,335.89
obstacles-jev_guarded-106,obstacles,jev_guarded,106,64,left,676,38,338.32
obstacles-jev_guarded-106,obstacles,jev_guarded,106,65,straight,676,38,272.8
obstacles-jev_guarded-106,obstacles,jev_guarded,106,66,straight,676,38,324.44
obstacles-jev_guarded-106,obstacles,jev_guarded,106,67,straight,676,38,294.6
obstacles-jev_guarded-106,obstacles,jev_guarded,106,68,straight,676,38,306.26
obstacles-jev_guarded-106,obstacles,jev_guarded,106,69,straight,649,31,316.97
obstacles-jev_guarded-106,obstacles,jev_guarded,106,70,straight,677,38,269.68
obstacles-jev_guarded-106,obstacles,jev_guarded,106,71,straight,650,31,296.85
obstacles-jev_guarded-106,obstacles,jev_guarded,106,72,straight,681,38,292.13
obstacles-jev_guarded-106,obstacles,jev_guarded,106,73,left,653,31,289.4
obstacles-jev_guarded-106,obstacles,jev_guarded,106,74,straight,654,31,333.98
obstacles-jev_guarded-106,obstacles,jev_guarded,106,75,straight,655,31,298.71
obstacles-jev_guarded-106,obstacles,jev_guarded,106,77,straight,655,31,342.25
obstacles-jev_guarded-106,obstacles,jev_guarded,106,78,straight,653,31,354.16
obstacles-jev_guarded-106,obstacles,jev_guarded,106,79,straight,652,31,319.89
obstacles-jev_guarded-106,obstacles,jev_guarded,106,80,straight,651,31,288.94
obstacles-jev_guarded-106,obstacles,jev_guarded,106,81,straight,650,31,281.26
obstacles-jev_guarded-106,obstacles,jev_guarded,106,82,straight,649,31,306.33
obstacles-jev_guarded-106,obstacles,jev_guarded,106,83,straight,649,31,300.74
obstacles-jev_guarded-106,obstacles,jev_guarded,106,84,straight,649,31,318.44
obstacles-jev_guarded-106,obstacles,jev_guarded,106,85,straight,649,31,300.8
obstacles-jev_guarded-106,obstacles,jev_guarded,106,90,straight,649,31,316.75
obstacles-jev_guarded-106,obstacles,jev_guarded,106,91,straight,677,38,313.79
obstacles-jev_guarded-106,obstacles,jev_guarded,106,92,straight,677,38,321.59
obstacles-jev_guarded-106,obstacles,jev_guarded,106,93,straight,677,38,373.22
obstacles-jev_guarded-106,obstacles,jev_guarded,106,94,straight,677,38,279.01
obstacles-jev_guarded-106,obstacles,jev_guarded,106,95,straight,677,38,291.67
obstacles-jev_guarded-106,obstacles,jev_guarded,106,96,straight,677,38,260.53
obstacles-jev_guarded-106,obstacles,jev_guarded,106,97,right,649,31,297.25
obstacles-jev_guarded-106,obstacles,jev_guarded,106,98,left,677,38,325.09
obstacles-jev_guarded-106,obstacles,jev_guarded,106,99,straight,650,31,269.88
obstacles-jev_guarded-106,obstacles,jev_guarded,106,100,straight,681,38,320.5
obstacles-jev_guarded-106,obstacles,jev_guarded,106,101,left,654,31,322.37
obstacles-jev_guarded-106,obstacles,jev_guarded,106,102,straight,655,31,315.85
obstacles-jev_guarded-106,obstacles,jev_guarded,106,103,straight,656,31,328.3
obstacles-jev_guarded-106,obstacles,jev_guarded,106,105,straight,656,31,369.51
obstacles-jev_guarded-106,obstacles,jev_guarded,106,106,straight,654,31,263.12
obstacles-jev_guarded-106,obstacles,jev_guarded,106,107,straight,653,31,359.45
obstacles-jev_guarded-106,obstacles,jev_guarded,106,108,straight,652,31,273.29
obstacles-jev_guarded-105,obstacles,jev_guarded,105,1,straight,664,38,263.23
obstacles-jev_guarded-105,obstacles,jev_guarded,105,2,straight,636,31,315.12
obstacles-jev_guarded-105,obstacles,jev_guarded,105,3,straight,664,38,328.32
obstacles-jev_guarded-105,obstacles,jev_guarded,105,4,straight,664,38,365.63
obstacles-jev_guarded-105,obstacles,jev_guarded,105,5,straight,636,31,290.97
obstacles-jev_guarded-105,obstacles,jev_guarded,105,6,straight,664,38,794.07
obstacles-jev_guarded-105,obstacles,jev_guarded,105,8,straight,636,31,296.47
obstacles-jev_guarded-105,obstacles,jev_guarded,105,9,straight,636,31,364.1
obstacles-jev_guarded-105,obstacles,jev_guarded,105,11,straight,638,31,336.26
obstacles-jev_guarded-105,obstacles,jev_guarded,105,15,straight,638,31,337.4
obstacles-jev_guarded-105,obstacles,jev_guarded,105,16,straight,638,31,305.25
obstacles-jev_guarded-105,obstacles,jev_guarded,105,17,straight,638,31,329.32
obstacles-jev_guarded-105,obstacles,jev_guarded,105,18,straight,638,31,274.84
obstacles-jev_guarded-105,obstacles,jev_guarded,105,19,straight,638,31,316.94
obstacles-jev_guarded-105,obstacles,jev_guarded,105,20,straight,638,31,314.07
obstacles-jev_guarded-105,obstacles,jev_guarded,105,21,straight,638,31,339.23
obstacles-jev_guarded-105,obstacles,jev_guarded,105,22,straight,639,31,344.93
obstacles-jev_guarded-105,obstacles,jev_guarded,105,23,straight,641,31,358.23
obstacles-jev_guarded-105,obstacles,jev_guarded,105,25,straight,643,31,342.68
obstacles-jev_guarded-105,obstacles,jev_guarded,105,26,straight,643,31,472.53
obstacles-jev_guarded-105,obstacles,jev_guarded,105,27,straight,643,31,511.4
obstacles-jev_guarded-105,obstacles,jev_guarded,105,28,straight,643,31,800.93
obstacles-jev_guarded-105,obstacles,jev_guarded,105,29,straight,643,31,278.52
obstacles-jev_guarded-105,obstacles,jev_guarded,105,30,straight,643,31,471.01
obstacles-jev_guarded-105,obstacles,jev_guarded,105,32,straight,671,38,1519.69
obstacles-jev_guarded-105,obstacles,jev_guarded,105,33,straight,640,31,447.48
obstacles-jev_guarded-105,obstacles,jev_guarded,105,34,left,639,31,362.34
obstacles-jev_guarded-105,obstacles,jev_guarded,105,35,straight,638,31,365.15
obstacles-jev_guarded-105,obstacles,jev_guarded,105,36,straight,666,38,327.5
obstacles-jev_guarded-105,obstacles,jev_guarded,105,37,straight,671,38,405.67
obstacles-jev_guarded-105,obstacles,jev_guarded,105,38,straight,671,38,751.32
obstacles-jev_guarded-105,obstacles,jev_guarded,105,39,straight,671,38,380.47
obstacles-jev_guarded-105,obstacles,jev_guarded,105,40,straight,671,38,302.53
obstacles-jev_guarded-105,obstacles,jev_guarded,105,41,left,643,31,255.57
obstacles-jev_guarded-105,obstacles,jev_guarded,105,42,straight,644,31,315.66
obstacles-jev_guarded-105,obstacles,jev_guarded,105,43,straight,646,31,276.78
obstacles-jev_guarded-105,obstacles,jev_guarded,105,45,straight,648,31,298.72
obstacles-jev_guarded-105,obstacles,jev_guarded,105,46,straight,649,31,296.99
obstacles-jev_guarded-105,obstacles,jev_guarded,105,47,straight,650,31,316.71
obstacles-jev_guarded-105,obstacles,jev_guarded,105,48,straight,650,31,260.82
obstacles-jev_guarded-105,obstacles,jev_guarded,105,49,straight,650,31,342.79
obstacles-jev_guarded-105,obstacles,jev_guarded,105,50,straight,650,31,276.27
obstacles-jev_guarded-105,obstacles,jev_guarded,105,52,straight,678,38,313.65
obstacles-jev_guarded-105,obstacles,jev_guarded,105,53,straight,647,31,292.44
obstacles-jev_guarded-105,obstacles,jev_guarded,105,54,left,646,31,311.98
obstacles-jev_guarded-105,obstacles,jev_guarded,105,55,straight,645,31,323.11
obstacles-jev_guarded-105,obstacles,jev_guarded,105,56,straight,672,38,286.53
obstacles-jev_guarded-105,obstacles,jev_guarded,105,57,straight,672,38,272.54
obstacles-jev_guarded-105,obstacles,jev_guarded,105,58,straight,672,38,328.88
obstacles-jev_guarded-105,obstacles,jev_guarded,105,59,straight,672,38,463.88
obstacles-jev_guarded-105,obstacles,jev_guarded,105,60,straight,672,38,292.78
obstacles-jev_guarded-105,obstacles,jev_guarded,105,61,left,644,31,318.66
obstacles-jev_guarded-105,obstacles,jev_guarded,105,62,straight,645,31,362.31
obstacles-jev_guarded-105,obstacles,jev_guarded,105,63,straight,647,31,280.71
obstacles-jev_guarded-105,obstacles,jev_guarded,105,65,straight,649,31,277.53
obstacles-jev_guarded-105,obstacles,jev_guarded,105,66,straight,650,31,321.54
obstacles-jev_guarded-105,obstacles,jev_guarded,105,67,straight,650,31,314.78
obstacles-jev_guarded-105,obstacles,jev_guarded,105,68,straight,650,31,293.81
obstacles-jev_guarded-105,obstacles,jev_guarded,105,69,straight,650,31,304.24
obstacles-jev_guarded-105,obstacles,jev_guarded,105,70,straight,650,31,349.47
obstacles-jev_guarded-105,obstacles,jev_guarded,105,72,straight,678,38,284.64
obstacles-jev_guarded-105,obstacles,jev_guarded,105,73,straight,647,31,339.77
obstacles-jev_guarded-105,obstacles,jev_guarded,105,74,left,646,31,295.4
obstacles-jev_guarded-105,obstacles,jev_guarded,105,75,straight,645,31,285.42
obstacles-jev_guarded-105,obstacles,jev_guarded,105,76,straight,672,38,317.84
obstacles-jev_guarded-105,obstacles,jev_guarded,105,77,straight,672,38,428.46
obstacles-jev_guarded-105,obstacles,jev_guarded,105,78,straight,672,38,248.99
obstacles-jev_guarded-105,obstacles,jev_guarded,105,79,straight,672,38,375.79
obstacles-jev_guarded-105,obstacles,jev_guarded,105,80,straight,672,38,286.33
obstacles-jev_guarded-105,obstacles,jev_guarded,105,81,left,644,31,312.42
obstacles-jev_guarded-105,obstacles,jev_guarded,105,82,straight,645,31,344.01
obstacles-jev_guarded-105,obstacles,jev_guarded,105,83,straight,647,31,303.42
obstacles-jev_guarded-105,obstacles,jev_guarded,105,85,straight,649,31,284.8
obstacles-jev_guarded-105,obstacles,jev_guarded,105,86,straight,650,31,309.31
classic-jev_guarded-105,classic,jev_guarded,105,1,right,586,38,298.87
classic-jev_guarded-105,classic,jev_guarded,105,2,right,586,38,296.68
classic-jev_guarded-105,classic,jev_guarded,105,3,straight,592,38,297.95
classic-jev_guarded-105,classic,jev_guarded,105,4,straight,592,38,354.78
classic-jev_guarded-105,classic,jev_guarded,105,5,straight,593,38,304.27
classic-jev_guarded-105,classic,jev_guarded,105,6,straight,596,38,295.88
classic-jev_guarded-105,classic,jev_guarded,105,7,right,568,31,278.52
classic-jev_guarded-105,classic,jev_guarded,105,8,straight,569,31,339.21
classic-jev_guarded-105,classic,jev_guarded,105,9,straight,570,31,296.38
classic-jev_guarded-105,classic,jev_guarded,105,10,straight,570,31,301.01
classic-jev_guarded-105,classic,jev_guarded,105,11,straight,571,31,315.67
classic-jev_guarded-105,classic,jev_guarded,105,12,straight,571,31,270.83
classic-jev_guarded-105,classic,jev_guarded,105,13,right,572,31,378.48
classic-jev_guarded-105,classic,jev_guarded,105,14,right,600,38,327.22
classic-jev_guarded-105,classic,jev_guarded,105,15,straight,600,38,333.49
classic-jev_guarded-105,classic,jev_guarded,105,16,left,600,38,354.87
classic-jev_guarded-105,classic,jev_guarded,105,17,straight,597,38,309.53
classic-jev_guarded-105,classic,jev_guarded,105,18,straight,596,38,273.43
classic-jev_guarded-105,classic,jev_guarded,105,19,left,595,38,294.92
classic-jev_guarded-105,classic,jev_guarded,105,20,straight,594,38,293.82
classic-jev_guarded-105,classic,jev_guarded,105,21,left,594,38,305.34
classic-jev_guarded-105,classic,jev_guarded,105,22,straight,594,38,363.05
classic-jev_guarded-105,classic,jev_guarded,105,23,straight,595,38,349.67
classic-jev_guarded-105,classic,jev_guarded,105,24,straight,598,38,345.94
classic-jev_guarded-105,classic,jev_guarded,105,25,left,570,31,309.91
classic-jev_guarded-105,classic,jev_guarded,105,26,straight,571,31,315.63
classic-jev_guarded-105,classic,jev_guarded,105,27,straight,572,31,297.97
classic-jev_guarded-105,classic,jev_guarded,105,28,left,572,31,341.33
classic-jev_guarded-105,classic,jev_guarded,105,29,straight,600,38,288.32
classic-jev_guarded-105,classic,jev_guarded,105,30,straight,597,38,281.51
classic-jev_guarded-105,classic,jev_guarded,105,31,left,596,38,339.37
classic-jev_guarded-105,classic,jev_guarded,105,32,straight,595,38,299.42
classic-jev_guarded-105,classic,jev_guarded,105,33,straight,594,38,265.73
classic-jev_guarded-105,classic,jev_guarded,105,34,right,594,38,332.89
classic-jev_guarded-105,classic,jev_guarded,105,35,right,594,38,252.42
classic-jev_guarded-105,classic,jev_guarded,105,36,straight,594,38,328.36
classic-jev_guarded-105,classic,jev_guarded,105,37,straight,594,38,321.82
classic-jev_guarded-105,classic,jev_guarded,105,38,left,594,38,316.01
classic-jev_guarded-105,classic,jev_guarded,105,39,left,594,38,273.38
classic-jev_guarded-105,classic,jev_guarded,105,40,straight,594,38,322.84
classic-jev_guarded-105,classic,jev_guarded,105,41,straight,594,38,284.68
classic-jev_guarded-105,classic,jev_guarded,105,42,right,594,38,342.42
classic-jev_guarded-105,classic,jev_guarded,105,43,straight,594,38,385.44
classic-jev_guarded-105,classic,jev_guarded,105,44,straight,594,38,317.99
classic-jev_guarded-105,classic,jev_guarded,105,45,straight,594,38,298.98
classic-jev_guarded-105,classic,jev_guarded,105,46,right,594,38,289.35
classic-jev_guarded-105,classic,jev_guarded,105,47,straight,594,38,288.59
classic-jev_guarded-105,classic,jev_guarded,105,48,left,599,38,281.89
classic-jev_guarded-105,classic,jev_guarded,105,49,left,599,38,259.5
classic-jev_guarded-105,classic,jev_guarded,105,50,straight,571,31,308.31
classic-jev_guarded-105,classic,jev_guarded,105,51,straight,599,38,307.29
classic-jev_guarded-105,classic,jev_guarded,105,52,right,571,31,308.09
classic-jev_guarded-105,classic,jev_guarded,105,55,straight,577,31,283.22
classic-jev_guarded-105,classic,jev_guarded,105,56,straight,577,31,293.88
classic-jev_guarded-105,classic,jev_guarded,105,57,straight,577,31,300.0
classic-jev_guarded-105,classic,jev_guarded,105,58,straight,577,31,319.17
classic-jev_guarded-105,classic,jev_guarded,105,59,straight,577,31,323.5
classic-jev_guarded-105,classic,jev_guarded,105,60,straight,577,31,433.16
classic-jev_guarded-105,classic,jev_guarded,105,61,straight,577,31,273.48
classic-jev_guarded-105,classic,jev_guarded,105,62,right,578,31,298.98
classic-jev_guarded-105,classic,jev_guarded,105,63,straight,607,38,255.72
classic-jev_guarded-105,classic,jev_guarded,105,64,right,607,38,436.45
classic-jev_guarded-105,classic,jev_guarded,105,65,straight,606,38,307.17
classic-jev_guarded-105,classic,jev_guarded,105,66,straight,606,38,284.68
classic-jev_guarded-105,classic,jev_guarded,105,67,straight,606,38,286.3
classic-jev_guarded-105,classic,jev_guarded,105,68,straight,606,38,307.59
classic-jev_guarded-105,classic,jev_guarded,105,69,straight,606,38,271.71
classic-jev_guarded-105,classic,jev_guarded,105,70,straight,606,38,342.5
classic-jev_guarded-105,classic,jev_guarded,105,71,straight,606,38,259.62
classic-jev_guarded-105,classic,jev_guarded,105,72,right,606,38,327.2
classic-jev_guarded-105,classic,jev_guarded,105,73,straight,606,38,276.17
classic-jev_guarded-105,classic,jev_guarded,105,74,right,578,31,369.05
classic-jev_guarded-105,classic,jev_guarded,105,75,straight,578,31,344.04
classic-jev_guarded-105,classic,jev_guarded,105,76,straight,578,31,321.86
classic-jev_guarded-105,classic,jev_guarded,105,77,straight,578,31,318.39
classic-jev_guarded-105,classic,jev_guarded,105,78,straight,578,31,281.42
classic-jev_guarded-105,classic,jev_guarded,105,79,straight,578,31,297.12
classic-jev_guarded-105,classic,jev_guarded,105,80,straight,578,31,426.61
classic-jev_guarded-105,classic,jev_guarded,105,81,straight,578,31,288.19
classic-jev_guarded-105,classic,jev_guarded,105,82,straight,579,31,288.7
classic-jev_guarded-105,classic,jev_guarded,105,83,right,581,31,307.4
classic-jev_guarded-105,classic,jev_guarded,105,84,straight,610,38,323.17
classic-jev_guarded-105,classic,jev_guarded,105,85,straight,611,38,299.35
classic-jev_guarded-105,classic,jev_guarded,105,86,right,612,38,326.29
classic-jev_guarded-105,classic,jev_guarded,105,87,straight,610,38,287.39
classic-jev_guarded-105,classic,jev_guarded,105,88,straight,610,38,296.82
classic-jev_guarded-105,classic,jev_guarded,105,89,straight,609,38,488.38
classic-jev_guarded-105,classic,jev_guarded,105,90,straight,608,38,285.25
classic-jev_guarded-105,classic,jev_guarded,105,91,straight,607,38,254.29
classic-jev_guarded-105,classic,jev_guarded,105,92,straight,606,38,318.36
classic-jev_guarded-105,classic,jev_guarded,105,93,straight,606,38,416.99
classic-jev_guarded-105,classic,jev_guarded,105,94,straight,606,38,279.77
classic-jev_guarded-105,classic,jev_guarded,105,95,right,606,38,378.34
classic-jev_guarded-105,classic,jev_guarded,105,96,straight,606,38,309.79
classic-jev_guarded-105,classic,jev_guarded,105,97,right,606,38,339.36
classic-jev_guarded-105,classic,jev_guarded,105,98,straight,606,38,304.58
classic-jev_guarded-105,classic,jev_guarded,105,99,straight,606,38,299.36
classic-jev_guarded-105,classic,jev_guarded,105,100,straight,606,38,316.15
classic-jev_guarded-105,classic,jev_guarded,105,101,straight,607,38,321.37
classic-jev_guarded-105,classic,jev_guarded,105,102,straight,607,38,305.87
obstacles-jev_direct-104,obstacles,jev_direct,104,1,left,665,38,286.11
obstacles-jev_direct-104,obstacles,jev_direct,104,2,straight,665,38,279.88
obstacles-jev_direct-104,obstacles,jev_direct,104,3,straight,665,38,374.17
obstacles-jev_direct-104,obstacles,jev_direct,104,4,left,665,38,301.51
obstacles-jev_direct-104,obstacles,jev_direct,104,5,straight,665,38,301.83
obstacles-jev_direct-104,obstacles,jev_direct,104,6,straight,665,38,283.83
obstacles-jev_direct-104,obstacles,jev_direct,104,7,straight,666,38,312.74
obstacles-jev_direct-104,obstacles,jev_direct,104,8,straight,669,38,302.23
obstacles-jev_direct-104,obstacles,jev_direct,104,9,right,670,38,303.5
obstacles-jev_direct-104,obstacles,jev_direct,104,10,straight,671,38,333.85
obstacles-jev_direct-104,obstacles,jev_direct,104,11,right,673,38,317.75
obstacles-jev_direct-104,obstacles,jev_direct,104,12,straight,672,38,382.86
obstacles-jev_direct-104,obstacles,jev_direct,104,13,straight,669,38,310.24
obstacles-jev_direct-104,obstacles,jev_direct,104,14,straight,668,38,299.42
obstacles-jev_direct-104,obstacles,jev_direct,104,15,right,667,38,291.7
obstacles-jev_direct-104,obstacles,jev_direct,104,16,straight,667,38,339.0
obstacles-jev_direct-104,obstacles,jev_direct,104,17,straight,667,38,267.05
obstacles-jev_direct-104,obstacles,jev_direct,104,18,straight,667,38,327.48
obstacles-jev_direct-104,obstacles,jev_direct,104,19,left,667,38,327.71
obstacles-jev_direct-104,obstacles,jev_direct,104,20,straight,667,38,336.49
obstacles-jev_direct-104,obstacles,jev_direct,104,21,straight,667,38,332.75
obstacles-jev_direct-104,obstacles,jev_direct,104,22,straight,667,38,257.93
obstacles-jev_direct-104,obstacles,jev_direct,104,23,straight,667,38,371.29
obstacles-jev_direct-104,obstacles,jev_direct,104,24,straight,667,38,309.6
obstacles-jev_direct-104,obstacles,jev_direct,104,25,straight,667,38,323.06
obstacles-jev_direct-104,obstacles,jev_direct,104,26,right,673,38,253.94
obstacles-jev_direct-104,obstacles,jev_direct,104,27,straight,673,38,308.18
obstacles-jev_direct-104,obstacles,jev_direct,104,28,straight,673,38,345.23
obstacles-jev_direct-104,obstacles,jev_direct,104,29,straight,673,38,292.4
obstacles-jev_direct-104,obstacles,jev_direct,104,30,straight,674,38,339.5
obstacles-jev_direct-104,obstacles,jev_direct,104,31,straight,677,38,309.48
obstacles-jev_direct-104,obstacles,jev_direct,104,32,right,678,38,300.16
obstacles-jev_direct-104,obstacles,jev_direct,104,33,straight,679,38,336.91
obstacles-jev_direct-104,obstacles,jev_direct,104,34,right,680,38,331.92
obstacles-jev_direct-104,obstacles,jev_direct,104,35,straight,679,38,287.01
obstacles-jev_direct-104,obstacles,jev_direct,104,36,straight,677,38,297.07
obstacles-jev_direct-104,obstacles,jev_direct,104,37,straight,676,38,295.83
obstacles-jev_direct-104,obstacles,jev_direct,104,38,straight,675,38,261.34
obstacles-jev_direct-104,obstacles,jev_direct,104,39,straight,674,38,287.05
obstacles-jev_direct-104,obstacles,jev_direct,104,40,straight,674,38,309.77
obstacles-jev_direct-104,obstacles,jev_direct,104,41,straight,674,38,289.69
obstacles-jev_direct-104,obstacles,jev_direct,104,42,straight,674,38,344.39
obstacles-jev_direct-104,obstacles,jev_direct,104,43,straight,674,38,320.35
obstacles-jev_direct-104,obstacles,jev_direct,104,44,left,674,38,315.8
obstacles-jev_direct-104,obstacles,jev_direct,104,45,straight,674,38,297.35
obstacles-jev_direct-104,obstacles,jev_direct,104,46,straight,674,38,317.24
obstacles-jev_direct-104,obstacles,jev_direct,104,47,left,674,38,267.35
obstacles-jev_direct-104,obstacles,jev_direct,104,48,straight,674,38,305.92
obstacles-jev_direct-104,obstacles,jev_direct,104,49,straight,674,38,282.92
obstacles-jev_direct-104,obstacles,jev_direct,104,50,straight,674,38,354.67
obstacles-jev_direct-104,obstacles,jev_direct,104,51,straight,674,38,285.34
obstacles-jev_direct-104,obstacles,jev_direct,104,52,straight,674,38,311.2
obstacles-jev_direct-104,obstacles,jev_direct,104,53,straight,674,38,361.7
obstacles-jev_direct-104,obstacles,jev_direct,104,54,straight,674,38,295.85
obstacles-jev_direct-104,obstacles,jev_direct,104,55,right,675,38,358.8
obstacles-jev_direct-104,obstacles,jev_direct,104,56,straight,675,38,325.17
obstacles-jev_direct-104,obstacles,jev_direct,104,57,straight,675,38,307.89
obstacles-jev_direct-104,obstacles,jev_direct,104,58,straight,675,38,311.3
obstacles-jev_direct-104,obstacles,jev_direct,104,59,straight,676,38,344.2
obstacles-jev_direct-104,obstacles,jev_direct,104,60,straight,679,38,282.62
obstacles-jev_direct-104,obstacles,jev_direct,104,61,left,680,38,319.89
obstacles-jev_direct-104,obstacles,jev_direct,104,62,straight,684,38,305.54
obstacles-jev_direct-104,obstacles,jev_direct,104,63,left,686,38,336.21
obstacles-jev_direct-104,obstacles,jev_direct,104,64,left,686,38,296.59
obstacles-jev_direct-104,obstacles,jev_direct,104,65,straight,686,38,314.01
obstacles-jev_direct-104,obstacles,jev_direct,104,66,straight,683,38,282.52
obstacles-jev_direct-104,obstacles,jev_direct,104,67,straight,682,38,316.07
obstacles-jev_direct-104,obstacles,jev_direct,104,68,straight,681,38,392.62
obstacles-jev_direct-104,obstacles,jev_direct,104,69,straight,680,38,293.29
obstacles-jev_direct-104,obstacles,jev_direct,104,70,straight,680,38,347.63
obstacles-jev_direct-104,obstacles,jev_direct,104,71,straight,680,38,301.53
obstacles-jev_direct-104,obstacles,jev_direct,104,72,straight,680,38,335.21
obstacles-jev_direct-104,obstacles,jev_direct,104,73,straight,680,38,273.39
obstacles-jev_direct-104,obstacles,jev_direct,104,74,right,680,38,338.46
obstacles-jev_direct-104,obstacles,jev_direct,104,75,straight,677,38,303.85
open-jev_guarded-101,open,jev_guarded,101,1,straight,586,38,282.15
open-jev_guarded-101,open,jev_guarded,101,2,straight,586,38,305.26
open-jev_guarded-101,open,jev_guarded,101,3,straight,586,38,325.9
open-jev_guarded-101,open,jev_guarded,101,4,straight,586,38,402.19
open-jev_guarded-101,open,jev_guarded,101,5,straight,586,38,343.38
open-jev_guarded-101,open,jev_guarded,101,6,straight,586,38,288.79
open-jev_guarded-101,open,jev_guarded,101,7,straight,587,38,298.92
open-jev_guarded-101,open,jev_guarded,101,8,straight,590,38,256.43
open-jev_guarded-101,open,jev_guarded,101,9,straight,590,38,317.76
open-jev_guarded-101,open,jev_guarded,101,10,straight,588,38,322.5
open-jev_guarded-101,open,jev_guarded,101,11,left,589,38,288.17
open-jev_guarded-101,open,jev_guarded,101,12,straight,588,38,308.18
open-jev_guarded-101,open,jev_guarded,101,13,straight,588,38,316.03
open-jev_guarded-101,open,jev_guarded,101,14,straight,588,38,328.11
open-jev_guarded-101,open,jev_guarded,101,15,straight,588,38,280.56
open-jev_guarded-101,open,jev_guarded,101,16,straight,588,38,254.52
open-jev_guarded-101,open,jev_guarded,101,17,straight,589,38,305.74
open-jev_guarded-101,open,jev_guarded,101,18,right,592,38,328.41
open-jev_guarded-101,open,jev_guarded,101,19,straight,592,38,388.67
open-jev_guarded-101,open,jev_guarded,101,20,straight,593,38,279.41
open-jev_guarded-101,open,jev_guarded,101,21,straight,593,38,279.52
open-jev_guarded-101,open,jev_guarded,101,22,straight,593,38,328.72
open-jev_guarded-101,open,jev_guarded,101,23,straight,593,38,293.18
open-jev_guarded-101,open,jev_guarded,101,24,straight,593,38,262.5
open-jev_guarded-101,open,jev_guarded,101,25,straight,593,38,281.38
open-jev_guarded-101,open,jev_guarded,101,26,left,594,38,360.59
open-jev_guarded-101,open,jev_guarded,101,27,straight,594,38,313.94
open-jev_guarded-101,open,jev_guarded,101,28,straight,591,38,320.45
open-jev_guarded-101,open,jev_guarded,101,29,straight,590,38,269.07
open-jev_guarded-101,open,jev_guarded,101,30,straight,589,38,278.09
open-jev_guarded-101,open,jev_guarded,101,31,straight,589,38,301.77
open-jev_guarded-101,open,jev_guarded,101,32,straight,589,38,310.08
open-jev_guarded-101,open,jev_guarded,101,33,straight,589,38,304.65
open-jev_guarded-101,open,jev_guarded,101,34,straight,589,38,300.81
open-jev_guarded-101,open,jev_guarded,101,35,straight,589,38,326.56
open-jev_guarded-101,open,jev_guarded,101,36,straight,589,38,268.86
open-jev_guarded-101,open,jev_guarded,101,37,straight,590,38,366.65
open-jev_guarded-101,open,jev_guarded,101,38,straight,593,38,306.02
open-jev_guarded-101,open,jev_guarded,101,39,straight,593,38,272.81
open-jev_guarded-101,open,jev_guarded,101,40,straight,591,38,312.92
open-jev_guarded-101,open,jev_guarded,101,41,straight,590,38,361.1
open-jev_guarded-101,open,jev_guarded,101,42,straight,589,38,280.87
open-jev_guarded-101,open,jev_guarded,101,43,straight,589,38,300.45
open-jev_guarded-101,open,jev_guarded,101,44,straight,589,38,300.33
open-jev_guarded-101,open,jev_guarded,101,45,straight,589,38,293.24
open-jev_guarded-101,open,jev_guarded,101,46,straight,589,38,314.65
open-jev_guarded-101,open,jev_guarded,101,47,straight,589,38,317.98
open-jev_guarded-101,open,jev_guarded,101,48,straight,589,38,309.57
open-jev_guarded-101,open,jev_guarded,101,49,straight,590,38,288.39
open-jev_guarded-101,open,jev_guarded,101,50,straight,593,38,367.35
open-jev_guarded-107,open,jev_guarded,107,1,straight,586,38,271.05
open-jev_guarded-107,open,jev_guarded,107,2,left,586,38,351.25
open-jev_guarded-107,open,jev_guarded,107,3,straight,586,38,317.83
open-jev_guarded-107,open,jev_guarded,107,4,straight,586,38,264.84
open-jev_guarded-107,open,jev_guarded,107,5,straight,592,38,295.31
open-jev_guarded-107,open,jev_guarded,107,6,straight,592,38,268.85
open-jev_guarded-107,open,jev_guarded,107,7,straight,592,38,269.85
open-jev_guarded-107,open,jev_guarded,107,8,straight,593,38,258.48
open-jev_guarded-107,open,jev_guarded,107,9,straight,596,38,308.59
open-jev_guarded-107,open,jev_guarded,107,10,straight,596,38,264.81
open-jev_guarded-107,open,jev_guarded,107,11,straight,595,38,310.97
open-jev_guarded-107,open,jev_guarded,107,12,straight,595,38,311.8
open-jev_guarded-107,open,jev_guarded,107,13,straight,594,38,309.23
open-jev_guarded-107,open,jev_guarded,107,14,straight,593,38,302.02
open-jev_guarded-107,open,jev_guarded,107,15,straight,594,38,307.42
open-jev_guarded-107,open,jev_guarded,107,16,straight,594,38,274.51
open-jev_guarded-107,open,jev_guarded,107,17,straight,594,38,297.49
open-jev_guarded-107,open,jev_guarded,107,18,straight,594,38,274.47
open-jev_guarded-107,open,jev_guarded,107,19,straight,594,38,385.03
open-jev_guarded-107,open,jev_guarded,107,20,straight,595,38,317.56
open-jev_guarded-107,open,jev_guarded,107,21,straight,598,38,284.3
open-jev_guarded-107,open,jev_guarded,107,22,straight,598,38,282.54
open-jev_guarded-107,open,jev_guarded,107,23,straight,596,38,281.35
open-jev_guarded-107,open,jev_guarded,107,24,straight,596,38,276.35
open-jev_guarded-107,open,jev_guarded,107,25,straight,595,38,345.69
open-jev_guarded-107,open,jev_guarded,107,26,straight,594,38,304.52
open-jev_guarded-107,open,jev_guarded,107,27,straight,594,38,331.98
open-jev_guarded-107,open,jev_guarded,107,28,straight,594,38,405.01
open-jev_guarded-107,open,jev_guarded,107,29,straight,594,38,384.5
open-jev_guarded-107,open,jev_guarded,107,30,straight,594,38,343.03
open-jev_guarded-107,open,jev_guarded,107,31,straight,594,38,296.97
open-jev_guarded-107,open,jev_guarded,107,32,straight,595,38,324.42
open-jev_guarded-107,open,jev_guarded,107,33,straight,598,38,337.72
open-jev_guarded-107,open,jev_guarded,107,34,straight,598,38,260.39
open-jev_guarded-107,open,jev_guarded,107,35,straight,596,38,311.85
open-jev_guarded-107,open,jev_guarded,107,36,straight,596,38,337.73
open-jev_guarded-107,open,jev_guarded,107,37,straight,595,38,388.47
open-jev_guarded-107,open,jev_guarded,107,38,straight,594,38,397.6
open-jev_guarded-107,open,jev_guarded,107,39,straight,594,38,349.15
open-jev_guarded-107,open,jev_guarded,107,40,straight,594,38,277.21
open-jev_guarded-107,open,jev_guarded,107,41,straight,594,38,299.12
open-jev_guarded-107,open,jev_guarded,107,42,straight,594,38,403.78
open-jev_guarded-107,open,jev_guarded,107,43,straight,594,38,299.44
open-jev_guarded-107,open,jev_guarded,107,44,straight,595,38,300.92
open-jev_guarded-107,open,jev_guarded,107,45,straight,598,38,278.4
open-jev_guarded-107,open,jev_guarded,107,46,straight,598,38,265.18
open-jev_guarded-107,open,jev_guarded,107,47,straight,596,38,303.45
open-jev_guarded-107,open,jev_guarded,107,48,straight,596,38,307.56
open-jev_guarded-107,open,jev_guarded,107,49,straight,595,38,317.31
open-jev_guarded-107,open,jev_guarded,107,50,straight,594,38,296.51
open-jev_guarded-107,open,jev_guarded,107,51,straight,594,38,286.7
open-jev_guarded-107,open,jev_guarded,107,52,straight,594,38,305.51
open-jev_guarded-107,open,jev_guarded,107,53,straight,594,38,311.95
open-jev_guarded-107,open,jev_guarded,107,54,straight,594,38,258.98
classic-jev_direct-104,classic,jev_direct,104,1,straight,586,38,297.28
classic-jev_direct-104,classic,jev_direct,104,2,straight,586,38,309.66
classic-jev_direct-104,classic,jev_direct,104,3,straight,586,38,402.13
classic-jev_direct-104,classic,jev_direct,104,4,left,586,38,295.49
classic-jev_direct-104,classic,jev_direct,104,5,straight,586,38,297.23
classic-jev_direct-104,classic,jev_direct,104,6,right,586,38,316.27
classic-jev_direct-104,classic,jev_direct,104,7,straight,586,38,276.44
classic-jev_direct-104,classic,jev_direct,104,8,straight,586,38,294.98
classic-jev_direct-104,classic,jev_direct,104,9,right,586,38,310.11
classic-jev_direct-104,classic,jev_direct,104,10,straight,592,38,304.83
classic-jev_direct-104,classic,jev_direct,104,11,straight,593,38,263.31
classic-jev_direct-104,classic,jev_direct,104,12,right,593,38,295.33
classic-jev_direct-104,classic,jev_direct,104,13,straight,593,38,283.5
classic-jev_direct-104,classic,jev_direct,104,14,straight,593,38,294.0
classic-jev_direct-104,classic,jev_direct,104,15,straight,593,38,297.9
classic-jev_direct-104,classic,jev_direct,104,16,right,593,38,329.35
classic-jev_direct-104,classic,jev_direct,104,17,straight,599,38,376.24
classic-jev_direct-104,classic,jev_direct,104,18,straight,599,38,325.14
classic-jev_direct-104,classic,jev_direct,104,19,straight,599,38,269.18
classic-jev_direct-104,classic,jev_direct,104,20,left,599,38,435.4
classic-jev_direct-104,classic,jev_direct,104,21,left,606,38,331.19
classic-jev_direct-104,classic,jev_direct,104,22,straight,606,38,312.4
classic-jev_direct-104,classic,jev_direct,104,23,straight,606,38,306.27
classic-jev_direct-104,classic,jev_direct,104,24,straight,606,38,309.85
classic-jev_direct-104,classic,jev_direct,104,25,straight,606,38,283.34
classic-jev_direct-104,classic,jev_direct,104,26,straight,606,38,397.33
classic-jev_direct-104,classic,jev_direct,104,27,straight,607,38,307.76
classic-jev_direct-104,classic,jev_direct,104,28,right,610,38,266.25
classic-jev_direct-104,classic,jev_direct,104,29,straight,610,38,382.21
classic-jev_direct-104,classic,jev_direct,104,30,straight,611,38,280.19
classic-jev_direct-104,classic,jev_direct,104,31,straight,617,38,446.54
classic-jev_direct-104,classic,jev_direct,104,32,straight,619,38,299.17
classic-jev_direct-104,classic,jev_direct,104,33,straight,623,38,320.25
classic-jev_direct-104,classic,jev_direct,104,34,left,625,38,280.76
classic-jev_direct-104,classic,jev_direct,104,35,left,627,38,335.77
classic-jev_direct-104,classic,jev_direct,104,36,straight,627,38,409.26
classic-jev_direct-104,classic,jev_direct,104,37,straight,625,38,293.31
classic-jev_direct-104,classic,jev_direct,104,38,straight,625,38,283.53
classic-jev_direct-104,classic,jev_direct,104,39,straight,625,38,271.18
classic-jev_direct-104,classic,jev_direct,104,40,straight,624,38,862.71
classic-jev_direct-104,classic,jev_direct,104,41,straight,624,38,348.79
classic-jev_direct-104,classic,jev_direct,104,42,straight,623,38,286.02
classic-jev_direct-104,classic,jev_direct,104,43,straight,622,38,300.47
classic-jev_direct-104,classic,jev_direct,104,44,straight,622,38,405.13
classic-jev_direct-104,classic,jev_direct,104,45,left,622,38,417.48
classic-jev_direct-104,classic,jev_direct,104,46,straight,621,38,305.38
classic-jev_direct-104,classic,jev_direct,104,47,straight,618,38,286.45
classic-jev_direct-104,classic,jev_direct,104,48,straight,617,38,309.14
classic-jev_direct-104,classic,jev_direct,104,49,straight,616,38,307.85
classic-jev_direct-104,classic,jev_direct,104,50,straight,615,38,312.23
classic-jev_direct-104,classic,jev_direct,104,51,straight,614,38,283.87
classic-jev_direct-104,classic,jev_direct,104,52,straight,613,38,335.73
classic-jev_direct-104,classic,jev_direct,104,53,straight,612,38,276.54
classic-jev_direct-104,classic,jev_direct,104,54,straight,612,38,308.54
classic-jev_direct-104,classic,jev_direct,104,55,straight,612,38,307.53
classic-jev_direct-104,classic,jev_direct,104,56,left,612,38,257.24
classic-jev_direct-104,classic,jev_direct,104,57,left,612,38,310.81
classic-jev_direct-104,classic,jev_direct,104,58,straight,612,38,274.45
classic-jev_direct-104,classic,jev_direct,104,59,straight,612,38,302.45
classic-jev_direct-104,classic,jev_direct,104,60,straight,612,38,315.89
classic-jev_direct-104,classic,jev_direct,104,61,straight,612,38,298.95
classic-jev_direct-104,classic,jev_direct,104,62,straight,612,38,307.62
classic-jev_direct-104,classic,jev_direct,104,63,straight,612,38,310.59
classic-jev_direct-104,classic,jev_direct,104,64,straight,612,38,298.69
classic-jev_direct-104,classic,jev_direct,104,65,straight,612,38,303.56
classic-jev_direct-104,classic,jev_direct,104,66,straight,613,38,295.59
classic-jev_direct-104,classic,jev_direct,104,67,straight,616,38,769.6
classic-jev_direct-104,classic,jev_direct,104,68,straight,617,38,316.42
obstacles-jev_direct-105,obstacles,jev_direct,105,1,straight,664,38,306.5
obstacles-jev_direct-105,obstacles,jev_direct,105,2,straight,664,38,502.48
obstacles-jev_direct-105,obstacles,jev_direct,105,3,straight,664,38,337.89
obstacles-jev_direct-105,obstacles,jev_direct,105,4,straight,664,38,386.19
obstacles-jev_direct-105,obstacles,jev_direct,105,5,straight,664,38,272.81
obstacles-jev_direct-105,obstacles,jev_direct,105,6,straight,664,38,291.32
obstacles-jev_direct-105,obstacles,jev_direct,105,7,left,664,38,320.77
obstacles-jev_direct-105,obstacles,jev_direct,105,8,straight,664,38,285.36
obstacles-jev_direct-105,obstacles,jev_direct,105,9,straight,664,38,313.18
obstacles-jev_direct-105,obstacles,jev_direct,105,10,straight,664,38,336.85
obstacles-jev_direct-105,obstacles,jev_direct,105,11,straight,666,38,325.54
obstacles-jev_direct-105,obstacles,jev_direct,105,12,straight,666,38,286.33
obstacles-jev_direct-105,obstacles,jev_direct,105,13,left,666,38,302.42
obstacles-jev_direct-105,obstacles,jev_direct,105,14,straight,666,38,297.62
obstacles-jev_direct-105,obstacles,jev_direct,105,15,straight,666,38,271.15
obstacles-jev_direct-105,obstacles,jev_direct,105,16,straight,666,38,323.05
obstacles-jev_direct-105,obstacles,jev_direct,105,17,straight,666,38,310.02
obstacles-jev_direct-105,obstacles,jev_direct,105,18,straight,666,38,327.04
obstacles-jev_direct-105,obstacles,jev_direct,105,19,straight,666,38,311.99
obstacles-jev_direct-105,obstacles,jev_direct,105,20,straight,666,38,341.11
obstacles-jev_direct-105,obstacles,jev_direct,105,21,straight,666,38,326.16
obstacles-jev_direct-105,obstacles,jev_direct,105,22,straight,667,38,325.41
obstacles-jev_direct-105,obstacles,jev_direct,105,23,straight,670,38,285.84
obstacles-jev_direct-105,obstacles,jev_direct,105,24,left,671,38,369.4
obstacles-jev_direct-105,obstacles,jev_direct,105,25,straight,672,38,311.65
obstacles-jev_direct-105,obstacles,jev_direct,105,26,straight,672,38,385.25
obstacles-jev_direct-105,obstacles,jev_direct,105,27,straight,672,38,335.63
obstacles-jev_direct-105,obstacles,jev_direct,105,28,straight,672,38,341.31
obstacles-jev_direct-105,obstacles,jev_direct,105,29,straight,672,38,312.75
obstacles-jev_direct-105,obstacles,jev_direct,105,30,straight,672,38,302.57
obstacles-jev_direct-105,obstacles,jev_direct,105,31,left,672,38,303.88
obstacles-jev_direct-105,obstacles,jev_direct,105,32,straight,671,38,291.54
obstacles-jev_direct-105,obstacles,jev_direct,105,33,straight,668,38,296.08
obstacles-jev_direct-105,obstacles,jev_direct,105,34,left,667,38,313.94
obstacles-jev_direct-105,obstacles,jev_direct,105,35,straight,666,38,252.53
obstacles-jev_direct-105,obstacles,jev_direct,105,36,straight,666,38,968.34
obstacles-jev_direct-105,obstacles,jev_direct,105,37,straight,671,38,371.47
obstacles-jev_direct-105,obstacles,jev_direct,105,38,straight,671,38,279.54
obstacles-jev_direct-105,obstacles,jev_direct,105,39,straight,671,38,291.7
obstacles-jev_direct-105,obstacles,jev_direct,105,40,straight,671,38,280.12
obstacles-jev_direct-105,obstacles,jev_direct,105,41,left,671,38,304.0
obstacles-jev_direct-105,obstacles,jev_direct,105,42,straight,672,38,303.37
obstacles-jev_direct-105,obstacles,jev_direct,105,43,straight,675,38,316.02
obstacles-jev_direct-105,obstacles,jev_direct,105,44,left,676,38,326.15
obstacles-jev_direct-105,obstacles,jev_direct,105,45,straight,677,38,264.86
obstacles-jev_direct-105,obstacles,jev_direct,105,46,straight,678,38,314.83
obstacles-jev_direct-105,obstacles,jev_direct,105,47,straight,679,38,288.05
obstacles-jev_direct-105,obstacles,jev_direct,105,48,straight,679,38,296.54
obstacles-jev_direct-105,obstacles,jev_direct,105,49,straight,679,38,292.31
obstacles-jev_direct-105,obstacles,jev_direct,105,50,straight,679,38,275.49
obstacles-jev_direct-105,obstacles,jev_direct,105,51,left,679,38,282.27
obstacles-jev_direct-105,obstacles,jev_direct,105,52,straight,678,38,345.17
obstacles-jev_direct-105,obstacles,jev_direct,105,53,straight,675,38,316.21
obstacles-jev_direct-105,obstacles,jev_direct,105,54,left,674,38,274.67
obstacles-jev_direct-105,obstacles,jev_direct,105,55,straight,673,38,276.67
obstacles-jev_direct-105,obstacles,jev_direct,105,56,straight,672,38,280.45
obstacles-jev_direct-105,obstacles,jev_direct,105,57,straight,672,38,348.42
obstacles-jev_direct-105,obstacles,jev_direct,105,58,straight,672,38,269.91
obstacles-jev_direct-105,obstacles,jev_direct,105,59,straight,672,38,320.8
obstacles-jev_direct-105,obstacles,jev_direct,105,60,straight,672,38,334.5
obstacles-jev_direct-105,obstacles,jev_direct,105,61,left,672,38,337.28
obstacles-jev_direct-105,obstacles,jev_direct,105,62,straight,673,38,283.53
obstacles-jev_direct-105,obstacles,jev_direct,105,63,straight,676,38,321.87
obstacles-jev_direct-105,obstacles,jev_direct,105,64,left,677,38,257.19
obstacles-jev_direct-105,obstacles,jev_direct,105,65,straight,678,38,808.99
obstacles-jev_direct-105,obstacles,jev_direct,105,66,straight,679,38,329.71
obstacles-jev_direct-105,obstacles,jev_direct,105,67,straight,679,38,288.13
obstacles-jev_direct-105,obstacles,jev_direct,105,68,straight,679,38,413.02
obstacles-jev_direct-105,obstacles,jev_direct,105,69,straight,679,38,499.87
obstacles-jev_direct-105,obstacles,jev_direct,105,70,straight,679,38,302.94
obstacles-jev_direct-105,obstacles,jev_direct,105,71,left,679,38,324.52
obstacles-jev_direct-105,obstacles,jev_direct,105,72,straight,678,38,332.57
obstacles-jev_direct-105,obstacles,jev_direct,105,73,straight,675,38,276.63
obstacles-jev_direct-105,obstacles,jev_direct,105,74,left,674,38,285.62
obstacles-jev_direct-105,obstacles,jev_direct,105,75,straight,673,38,324.24
obstacles-jev_direct-105,obstacles,jev_direct,105,76,straight,672,38,289.0
obstacles-jev_direct-105,obstacles,jev_direct,105,77,straight,672,38,332.91
obstacles-jev_direct-105,obstacles,jev_direct,105,78,straight,672,38,279.48
obstacles-jev_direct-105,obstacles,jev_direct,105,79,straight,672,38,299.13
obstacles-jev_direct-105,obstacles,jev_direct,105,80,straight,672,38,296.81
obstacles-jev_direct-105,obstacles,jev_direct,105,81,right,672,38,300.73
obstacles-jev_direct-105,obstacles,jev_direct,105,82,straight,672,38,334.68
obstacles-jev_direct-105,obstacles,jev_direct,105,83,straight,672,38,278.11
obstacles-jev_direct-105,obstacles,jev_direct,105,84,right,672,38,391.49
obstacles-jev_direct-105,obstacles,jev_direct,105,85,straight,672,38,291.49
obstacles-jev_direct-105,obstacles,jev_direct,105,86,straight,672,38,318.45
obstacles-jev_direct-107,obstacles,jev_direct,107,1,straight,666,38,289.2
obstacles-jev_direct-107,obstacles,jev_direct,107,2,right,666,38,295.61
obstacles-jev_direct-107,obstacles,jev_direct,107,3,straight,666,38,279.34
obstacles-jev_direct-107,obstacles,jev_direct,107,4,left,673,38,318.39
obstacles-jev_direct-107,obstacles,jev_direct,107,5,straight,673,38,280.59
obstacles-jev_direct-107,obstacles,jev_direct,107,6,straight,673,38,355.05
obstacles-jev_direct-107,obstacles,jev_direct,107,7,straight,673,38,340.75
obstacles-jev_direct-107,obstacles,jev_direct,107,8,straight,673,38,345.6
obstacles-jev_direct-107,obstacles,jev_direct,107,9,right,673,38,386.46
obstacles-jev_direct-107,obstacles,jev_direct,107,10,straight,674,38,345.81
obstacles-jev_direct-107,obstacles,jev_direct,107,11,straight,678,38,342.82
obstacles-jev_direct-107,obstacles,jev_direct,107,12,right,679,38,307.48
obstacles-jev_direct-107,obstacles,jev_direct,107,13,straight,680,38,300.49
obstacles-jev_direct-107,obstacles,jev_direct,107,14,straight,682,38,335.08
obstacles-jev_direct-107,obstacles,jev_direct,107,15,right,682,38,276.09
obstacles-jev_direct-107,obstacles,jev_direct,107,16,left,681,38,258.27
obstacles-jev_direct-107,obstacles,jev_direct,107,17,straight,681,38,265.69
obstacles-jev_direct-107,obstacles,jev_direct,107,18,left,681,38,321.24
obstacles-jev_direct-107,obstacles,jev_direct,107,19,right,682,38,288.35
obstacles-jev_direct-107,obstacles,jev_direct,107,20,straight,682,38,313.78
obstacles-jev_direct-107,obstacles,jev_direct,107,21,right,682,38,307.47
obstacles-jev_direct-107,obstacles,jev_direct,107,22,straight,681,38,276.75
obstacles-jev_direct-107,obstacles,jev_direct,107,23,straight,678,38,278.33
obstacles-jev_direct-107,obstacles,jev_direct,107,24,straight,677,38,317.22
obstacles-jev_direct-107,obstacles,jev_direct,107,25,straight,676,38,323.02
obstacles-jev_direct-107,obstacles,jev_direct,107,26,right,675,38,277.24
obstacles-jev_direct-107,obstacles,jev_direct,107,27,straight,675,38,279.22
obstacles-jev_direct-107,obstacles,jev_direct,107,28,straight,675,38,300.92
obstacles-jev_direct-107,obstacles,jev_direct,107,29,straight,675,38,528.84
obstacles-jev_direct-107,obstacles,jev_direct,107,30,right,675,38,333.04
obstacles-jev_direct-107,obstacles,jev_direct,107,31,straight,675,38,280.01
obstacles-jev_direct-107,obstacles,jev_direct,107,32,right,675,38,284.18
obstacles-jev_direct-107,obstacles,jev_direct,107,33,straight,675,38,320.44
obstacles-jev_direct-107,obstacles,jev_direct,107,34,straight,675,38,285.85
obstacles-jev_direct-107,obstacles,jev_direct,107,35,straight,675,38,277.85
obstacles-jev_direct-107,obstacles,jev_direct,107,36,straight,675,38,269.44
obstacles-jev_direct-107,obstacles,jev_direct,107,37,straight,675,38,289.04
obstacles-jev_direct-107,obstacles,jev_direct,107,38,left,676,38,317.83
obstacles-jev_direct-107,obstacles,jev_direct,107,39,straight,677,38,326.78
obstacles-jev_direct-107,obstacles,jev_direct,107,40,left,680,38,274.35
obstacles-jev_direct-107,obstacles,jev_direct,107,41,straight,679,38,299.37
obstacles-jev_direct-107,obstacles,jev_direct,107,42,left,680,38,289.92
obstacles-jev_direct-107,obstacles,jev_direct,107,43,straight,678,38,343.11
obstacles-jev_direct-107,obstacles,jev_direct,107,44,straight,677,38,317.47
obstacles-jev_direct-107,obstacles,jev_direct,107,45,straight,676,38,318.98
obstacles-jev_direct-107,obstacles,jev_direct,107,46,left,675,38,381.05
obstacles-jev_direct-107,obstacles,jev_direct,107,47,straight,675,38,269.41
obstacles-jev_direct-107,obstacles,jev_direct,107,48,straight,676,38,312.59
obstacles-jev_direct-107,obstacles,jev_direct,107,49,left,679,38,322.28
obstacles-jev_direct-107,obstacles,jev_direct,107,50,straight,679,38,262.36
open-jev_direct-103,open,jev_direct,103,1,right,587,38,265.49
open-jev_direct-103,open,jev_direct,103,2,straight,587,38,327.08
open-jev_direct-103,open,jev_direct,103,3,straight,587,38,380.99
open-jev_direct-103,open,jev_direct,103,4,straight,588,38,363.18
open-jev_direct-103,open,jev_direct,103,5,straight,591,38,360.11
open-jev_direct-103,open,jev_direct,103,6,right,591,38,349.36
open-jev_direct-103,open,jev_direct,103,7,straight,592,38,494.76
open-jev_direct-103,open,jev_direct,103,8,straight,592,38,364.37
open-jev_direct-103,open,jev_direct,103,9,straight,599,38,354.5
open-jev_direct-103,open,jev_direct,103,10,straight,602,38,275.44
open-jev_direct-103,open,jev_direct,103,11,straight,603,38,325.97
open-jev_direct-103,open,jev_direct,103,12,straight,601,38,320.71
open-jev_direct-103,open,jev_direct,103,13,straight,601,38,281.08
open-jev_direct-103,open,jev_direct,103,14,straight,600,38,291.15
open-jev_direct-103,open,jev_direct,103,15,straight,599,38,292.65
open-jev_direct-103,open,jev_direct,103,16,right,599,38,318.99
open-jev_direct-103,open,jev_direct,103,17,straight,599,38,294.33
open-jev_direct-103,open,jev_direct,103,18,straight,596,38,336.52
open-jev_direct-103,open,jev_direct,103,19,straight,596,38,294.1
open-jev_direct-103,open,jev_direct,103,20,straight,601,38,281.95
open-jev_direct-103,open,jev_direct,103,21,straight,600,38,337.41
open-jev_direct-103,open,jev_direct,103,22,straight,599,38,399.99
open-jev_direct-103,open,jev_direct,103,23,straight,599,38,292.56
open-jev_direct-103,open,jev_direct,103,24,straight,599,38,274.08
open-jev_direct-103,open,jev_direct,103,25,straight,599,38,261.22
open-jev_direct-103,open,jev_direct,103,26,straight,599,38,305.32
open-jev_direct-103,open,jev_direct,103,27,straight,600,38,326.15
open-jev_direct-103,open,jev_direct,103,28,right,603,38,289.15
open-jev_direct-103,open,jev_direct,103,29,straight,603,38,268.86
open-jev_direct-103,open,jev_direct,103,30,straight,605,38,295.96
open-jev_direct-103,open,jev_direct,103,31,left,606,38,314.32
open-jev_direct-103,open,jev_direct,103,32,straight,607,38,294.08
open-jev_direct-103,open,jev_direct,103,33,straight,604,38,294.16
open-jev_direct-103,open,jev_direct,103,34,straight,603,38,302.13
open-jev_direct-103,open,jev_direct,103,35,straight,608,38,273.72
open-jev_direct-103,open,jev_direct,103,36,straight,607,38,272.19
open-jev_direct-103,open,jev_direct,103,37,straight,606,38,339.22
open-jev_direct-103,open,jev_direct,103,38,straight,605,38,318.41
open-jev_direct-103,open,jev_direct,103,39,straight,605,38,332.3
open-jev_direct-103,open,jev_direct,103,40,straight,605,38,354.71
open-jev_direct-103,open,jev_direct,103,41,straight,605,38,273.39
open-jev_direct-103,open,jev_direct,103,42,straight,606,38,258.85
open-jev_direct-103,open,jev_direct,103,43,straight,609,38,270.37
open-jev_direct-103,open,jev_direct,103,44,straight,609,38,328.49
open-jev_direct-103,open,jev_direct,103,45,straight,608,38,326.48
open-jev_direct-103,open,jev_direct,103,46,left,608,38,814.79
open-jev_direct-103,open,jev_direct,103,47,straight,608,38,308.94
open-jev_direct-103,open,jev_direct,103,48,straight,608,38,295.92
open-jev_direct-103,open,jev_direct,103,49,straight,607,38,388.76
open-jev_direct-103,open,jev_direct,103,50,straight,606,38,287.92
open-jev_direct-103,open,jev_direct,103,51,straight,606,38,323.84
open-jev_direct-103,open,jev_direct,103,52,straight,606,38,331.03
open-jev_direct-103,open,jev_direct,103,53,straight,606,38,338.26
open-jev_direct-103,open,jev_direct,103,54,straight,607,38,290.29
open-jev_direct-103,open,jev_direct,103,55,straight,610,38,310.89
open-jev_direct-103,open,jev_direct,103,56,straight,610,38,325.63
open-jev_direct-103,open,jev_direct,103,57,straight,608,38,278.13
open-jev_direct-103,open,jev_direct,103,58,straight,608,38,271.29
open-jev_direct-103,open,jev_direct,103,59,straight,608,38,306.02
open-jev_direct-103,open,jev_direct,103,60,straight,608,38,325.59
open-jev_direct-103,open,jev_direct,103,61,right,607,38,279.98
open-jev_direct-103,open,jev_direct,103,62,straight,606,38,263.76
open-jev_direct-103,open,jev_direct,103,63,straight,606,38,285.6
open-jev_direct-103,open,jev_direct,103,64,straight,606,38,272.71
open-jev_direct-103,open,jev_direct,103,65,straight,606,38,291.24
open-jev_direct-103,open,jev_direct,103,66,straight,606,38,303.47
open-jev_direct-103,open,jev_direct,103,67,straight,606,38,902.19
open-jev_direct-103,open,jev_direct,103,68,right,606,38,340.49
open-jev_direct-103,open,jev_direct,103,69,right,611,38,324.86
open-jev_direct-103,open,jev_direct,103,70,straight,611,38,263.21
open-jev_direct-103,open,jev_direct,103,71,straight,611,38,320.64
open-jev_direct-103,open,jev_direct,103,72,straight,611,38,260.55
open-jev_direct-103,open,jev_direct,103,73,straight,611,38,309.15
open-jev_direct-103,open,jev_direct,103,74,straight,611,38,303.83
open-jev_direct-103,open,jev_direct,103,75,straight,611,38,278.39
open-jev_direct-103,open,jev_direct,103,76,straight,611,38,424.67
open-jev_direct-103,open,jev_direct,103,77,straight,612,38,292.03
open-jev_direct-103,open,jev_direct,103,78,straight,615,38,353.32
open-jev_direct-103,open,jev_direct,103,79,straight,616,38,303.64
open-jev_direct-103,open,jev_direct,103,80,straight,614,38,267.96
open-jev_direct-103,open,jev_direct,103,81,straight,614,38,455.67
open-jev_direct-103,open,jev_direct,103,82,right,614,38,317.43
open-jev_direct-103,open,jev_direct,103,83,straight,614,38,308.86
open-jev_direct-103,open,jev_direct,103,84,straight,614,38,306.03
open-jev_direct-103,open,jev_direct,103,85,straight,613,38,318.36
open-jev_direct-103,open,jev_direct,103,86,straight,612,38,311.98
open-jev_direct-103,open,jev_direct,103,87,straight,612,38,302.01
open-jev_direct-103,open,jev_direct,103,88,straight,613,38,309.0
open-jev_direct-103,open,jev_direct,103,89,straight,616,38,305.69
open-jev_direct-103,open,jev_direct,103,90,straight,616,38,297.91
open-jev_direct-103,open,jev_direct,103,91,straight,614,38,297.33
open-jev_direct-103,open,jev_direct,103,92,straight,614,38,312.94
open-jev_direct-103,open,jev_direct,103,93,straight,614,38,306.9
open-jev_direct-103,open,jev_direct,103,94,straight,614,38,283.0
open-jev_direct-103,open,jev_direct,103,95,straight,614,38,296.82
open-jev_direct-103,open,jev_direct,103,96,straight,613,38,329.86
open-jev_direct-103,open,jev_direct,103,97,straight,612,38,313.16
open-jev_direct-103,open,jev_direct,103,98,straight,612,38,358.23
open-jev_direct-103,open,jev_direct,103,99,left,612,38,281.48
open-jev_direct-103,open,jev_direct,103,100,straight,612,38,295.63
open-jev_direct-103,open,jev_direct,103,101,straight,613,38,319.0
open-jev_direct-103,open,jev_direct,103,102,straight,613,38,345.73
open-jev_direct-103,open,jev_direct,103,103,straight,613,38,292.42
open-jev_direct-103,open,jev_direct,103,104,straight,613,38,302.0
open-jev_direct-103,open,jev_direct,103,105,straight,619,38,324.7
open-jev_direct-103,open,jev_direct,103,106,straight,620,38,328.19
open-jev_direct-103,open,jev_direct,103,107,straight,623,38,285.25
open-jev_direct-103,open,jev_direct,103,108,right,623,38,251.44
open-jev_direct-103,open,jev_direct,103,109,right,625,38,281.42
open-jev_direct-103,open,jev_direct,103,110,straight,626,38,320.79
open-jev_direct-103,open,jev_direct,103,111,straight,624,38,282.22
open-jev_direct-103,open,jev_direct,103,112,straight,624,38,361.52
open-jev_direct-103,open,jev_direct,103,113,straight,624,38,286.71
open-jev_direct-103,open,jev_direct,103,114,left,624,38,325.92
open-jev_direct-103,open,jev_direct,103,115,right,632,38,301.05
open-jev_direct-103,open,jev_direct,103,116,straight,631,38,288.38
open-jev_direct-103,open,jev_direct,103,117,straight,631,38,262.89
open-jev_direct-103,open,jev_direct,103,118,straight,631,38,282.08
open-jev_direct-103,open,jev_direct,103,119,straight,631,38,316.59
open-jev_direct-103,open,jev_direct,103,120,straight,632,38,279.45
open-jev_direct-103,open,jev_direct,103,121,straight,634,38,359.77
open-jev_direct-103,open,jev_direct,103,122,straight,638,38,332.71
open-jev_direct-103,open,jev_direct,103,123,straight,639,38,316.16
open-jev_direct-103,open,jev_direct,103,124,straight,637,38,294.17
open-jev_direct-103,open,jev_direct,103,125,straight,638,38,408.79
open-jev_direct-103,open,jev_direct,103,126,straight,638,38,378.94
open-jev_direct-103,open,jev_direct,103,127,straight,638,38,575.42
open-jev_direct-103,open,jev_direct,103,128,straight,638,38,440.79
open-jev_direct-103,open,jev_direct,103,129,straight,638,38,447.21
open-jev_direct-103,open,jev_direct,103,130,straight,638,38,479.86
open-jev_direct-103,open,jev_direct,103,131,straight,637,38,279.71
open-jev_direct-103,open,jev_direct,103,132,straight,636,38,291.03
open-jev_direct-103,open,jev_direct,103,133,straight,637,38,267.42
open-jev_direct-103,open,jev_direct,103,134,straight,640,38,314.74
open-jev_direct-103,open,jev_direct,103,135,straight,640,38,313.43
open-jev_direct-103,open,jev_direct,103,136,straight,638,38,287.31
open-jev_direct-103,open,jev_direct,103,137,straight,638,38,288.89
open-jev_direct-103,open,jev_direct,103,138,straight,638,38,300.68
open-jev_direct-103,open,jev_direct,103,139,right,638,38,323.91
open-jev_direct-103,open,jev_direct,103,140,straight,635,38,265.47
open-jev_direct-103,open,jev_direct,103,141,straight,634,38,264.98
open-jev_direct-103,open,jev_direct,103,142,straight,633,38,280.71
open-jev_direct-103,open,jev_direct,103,143,straight,631,38,276.53
open-jev_direct-103,open,jev_direct,103,144,straight,629,38,304.72
open-jev_direct-103,open,jev_direct,103,145,straight,628,38,497.16
open-jev_direct-103,open,jev_direct,103,146,straight,627,38,324.25
open-jev_direct-103,open,jev_direct,103,147,straight,626,38,354.33
open-jev_direct-103,open,jev_direct,103,148,straight,625,38,275.06
open-jev_direct-103,open,jev_direct,103,149,right,626,38,296.66
open-jev_direct-103,open,jev_direct,103,150,right,626,38,367.48
open-jev_direct-103,open,jev_direct,103,151,straight,625,38,306.23
open-jev_direct-103,open,jev_direct,103,152,straight,625,38,313.0
open-jev_direct-103,open,jev_direct,103,153,straight,625,38,282.76
open-jev_direct-103,open,jev_direct,103,154,left,625,38,406.36
open-jev_direct-103,open,jev_direct,103,155,straight,625,38,309.94
open-jev_direct-103,open,jev_direct,103,156,right,626,38,345.17
open-jev_direct-103,open,jev_direct,103,157,straight,626,38,300.56
open-jev_direct-103,open,jev_direct,103,158,straight,626,38,377.63
open-jev_direct-103,open,jev_direct,103,159,right,626,38,366.97
open-jev_direct-103,open,jev_direct,103,160,right,625,38,403.29
open-jev_direct-103,open,jev_direct,103,161,left,625,38,290.47
open-jev_direct-103,open,jev_direct,103,162,straight,625,38,320.89
open-jev_direct-103,open,jev_direct,103,163,straight,625,38,344.8
open-jev_direct-103,open,jev_direct,103,164,straight,625,38,322.58
dense-jev_guarded-107,dense,jev_guarded,107,1,straight,738,38,324.6
dense-jev_guarded-107,dense,jev_guarded,107,2,straight,710,31,304.11
dense-jev_guarded-107,dense,jev_guarded,107,3,left,710,31,781.56
dense-jev_guarded-107,dense,jev_guarded,107,4,straight,738,38,292.67
dense-jev_guarded-107,dense,jev_guarded,107,5,straight,738,38,347.5
dense-jev_guarded-107,dense,jev_guarded,107,6,straight,710,31,312.68
dense-jev_guarded-107,dense,jev_guarded,107,7,straight,738,38,302.92
dense-jev_guarded-107,dense,jev_guarded,107,8,straight,710,31,301.55
dense-jev_guarded-107,dense,jev_guarded,107,9,right,710,31,301.76
open-jev_direct-106,open,jev_direct,106,1,straight,587,38,285.34
open-jev_direct-106,open,jev_direct,106,2,straight,587,38,315.28
open-jev_direct-106,open,jev_direct,106,3,straight,587,38,284.22
open-jev_direct-106,open,jev_direct,106,4,straight,587,38,301.41
open-jev_direct-106,open,jev_direct,106,5,straight,587,38,286.05
open-jev_direct-106,open,jev_direct,106,6,straight,587,38,324.78
open-jev_direct-106,open,jev_direct,106,7,right,588,38,275.85
open-jev_direct-106,open,jev_direct,106,8,straight,588,38,261.31
open-jev_direct-106,open,jev_direct,106,9,straight,588,38,282.24
open-jev_direct-106,open,jev_direct,106,10,straight,589,38,282.45
open-jev_direct-106,open,jev_direct,106,11,straight,594,38,284.68
open-jev_direct-106,open,jev_direct,106,12,straight,594,38,279.58
open-jev_direct-106,open,jev_direct,106,13,straight,592,38,284.08
open-jev_direct-106,open,jev_direct,106,14,straight,591,38,332.18
open-jev_direct-106,open,jev_direct,106,15,straight,590,38,290.85
open-jev_direct-106,open,jev_direct,106,16,straight,590,38,259.43
open-jev_direct-106,open,jev_direct,106,17,straight,590,38,319.9
open-jev_direct-106,open,jev_direct,106,18,straight,590,38,356.75
open-jev_direct-106,open,jev_direct,106,19,straight,590,38,345.84
open-jev_direct-106,open,jev_direct,106,20,straight,590,38,370.62
open-jev_direct-106,open,jev_direct,106,21,straight,590,38,259.3
open-jev_direct-106,open,jev_direct,106,22,straight,591,38,288.92
open-jev_direct-106,open,jev_direct,106,23,straight,594,38,301.07
open-jev_direct-106,open,jev_direct,106,24,straight,594,38,276.36
open-jev_direct-106,open,jev_direct,106,25,straight,592,38,279.74
open-jev_direct-106,open,jev_direct,106,26,straight,591,38,269.72
open-jev_direct-106,open,jev_direct,106,27,straight,590,38,289.96
open-jev_direct-106,open,jev_direct,106,28,straight,590,38,311.17
open-jev_direct-106,open,jev_direct,106,29,straight,590,38,280.38
open-jev_direct-106,open,jev_direct,106,30,straight,590,38,310.18
open-jev_direct-106,open,jev_direct,106,31,straight,590,38,268.53
open-jev_direct-106,open,jev_direct,106,32,straight,590,38,283.65
open-jev_direct-106,open,jev_direct,106,33,straight,590,38,252.1
open-jev_direct-106,open,jev_direct,106,34,straight,591,38,296.13
open-jev_direct-106,open,jev_direct,106,35,right,594,38,344.52
open-jev_direct-106,open,jev_direct,106,36,straight,593,38,314.36
open-jev_direct-106,open,jev_direct,106,37,straight,594,38,323.42
open-jev_direct-106,open,jev_direct,106,38,straight,594,38,330.67
open-jev_direct-106,open,jev_direct,106,39,straight,594,38,268.51
open-jev_direct-106,open,jev_direct,106,40,straight,594,38,299.75
open-jev_direct-106,open,jev_direct,106,41,straight,594,38,269.08
open-jev_direct-106,open,jev_direct,106,42,straight,594,38,308.64
open-jev_direct-106,open,jev_direct,106,43,straight,594,38,287.07
open-jev_direct-106,open,jev_direct,106,44,straight,595,38,271.93
open-jev_direct-106,open,jev_direct,106,45,straight,598,38,450.68
open-jev_direct-106,open,jev_direct,106,46,straight,598,38,265.56
open-jev_direct-106,open,jev_direct,106,47,straight,596,38,309.63
open-jev_direct-106,open,jev_direct,106,48,straight,595,38,338.8
open-jev_direct-106,open,jev_direct,106,49,straight,594,38,291.3
open-jev_direct-106,open,jev_direct,106,50,straight,594,38,319.36
dense-jev_direct-107,dense,jev_direct,107,1,straight,738,38,316.26
dense-jev_direct-107,dense,jev_direct,107,2,straight,738,38,259.89
dense-jev_direct-107,dense,jev_direct,107,3,straight,738,38,423.6
classic-jev_direct-102,classic,jev_direct,102,1,straight,586,38,331.25
classic-jev_direct-102,classic,jev_direct,102,2,straight,586,38,256.73
classic-jev_direct-102,classic,jev_direct,102,3,straight,586,38,320.89
classic-jev_direct-102,classic,jev_direct,102,4,straight,586,38,277.62
classic-jev_direct-102,classic,jev_direct,102,5,straight,586,38,436.24
classic-jev_direct-102,classic,jev_direct,102,6,left,586,38,300.56
classic-jev_direct-102,classic,jev_direct,102,7,straight,586,38,278.46
classic-jev_direct-102,classic,jev_direct,102,8,straight,586,38,308.37
classic-jev_direct-102,classic,jev_direct,102,9,straight,586,38,310.74
classic-jev_direct-102,classic,jev_direct,102,10,straight,586,38,270.85
classic-jev_direct-102,classic,jev_direct,102,11,left,588,38,270.75
classic-jev_direct-102,classic,jev_direct,102,12,straight,588,38,353.03
classic-jev_direct-102,classic,jev_direct,102,13,straight,594,38,321.67
classic-jev_direct-102,classic,jev_direct,102,14,straight,594,38,326.7
classic-jev_direct-102,classic,jev_direct,102,15,straight,594,38,325.65
classic-jev_direct-102,classic,jev_direct,102,16,straight,594,38,301.45
classic-jev_direct-102,classic,jev_direct,102,17,straight,594,38,353.08
classic-jev_direct-102,classic,jev_direct,102,18,straight,594,38,263.66
classic-jev_direct-102,classic,jev_direct,102,19,straight,595,38,317.36
classic-jev_direct-102,classic,jev_direct,102,20,straight,598,38,337.46
classic-jev_direct-102,classic,jev_direct,102,21,left,599,38,256.16
classic-jev_direct-102,classic,jev_direct,102,22,straight,600,38,259.84
classic-jev_direct-102,classic,jev_direct,102,23,straight,602,38,265.19
classic-jev_direct-102,classic,jev_direct,102,24,straight,602,38,363.11
classic-jev_direct-102,classic,jev_direct,102,25,straight,602,38,288.3
classic-jev_direct-102,classic,jev_direct,102,26,straight,602,38,268.45
classic-jev_direct-102,classic,jev_direct,102,27,straight,602,38,266.88
classic-jev_direct-102,classic,jev_direct,102,28,straight,602,38,324.65
classic-jev_direct-102,classic,jev_direct,102,29,straight,603,38,282.4
classic-jev_direct-102,classic,jev_direct,102,30,straight,606,38,318.86
classic-jev_direct-102,classic,jev_direct,102,31,left,607,38,304.44
classic-jev_direct-102,classic,jev_direct,102,32,straight,607,38,732.74
classic-jev_direct-102,classic,jev_direct,102,33,straight,605,38,310.38
classic-jev_direct-102,classic,jev_direct,102,34,straight,604,38,355.03
classic-jev_direct-102,classic,jev_direct,102,35,straight,609,38,291.95
classic-jev_direct-102,classic,jev_direct,102,36,straight,608,38,325.5
classic-jev_direct-102,classic,jev_direct,102,37,straight,607,38,285.55
classic-jev_direct-102,classic,jev_direct,102,38,straight,607,38,320.24
classic-jev_direct-102,classic,jev_direct,102,39,left,607,38,330.04
classic-jev_direct-102,classic,jev_direct,102,40,straight,606,38,1344.4
classic-jev_direct-102,classic,jev_direct,102,41,straight,603,38,273.22
classic-jev_direct-102,classic,jev_direct,102,42,straight,602,38,314.4
classic-jev_direct-102,classic,jev_direct,102,43,straight,608,38,384.27
classic-jev_direct-102,classic,jev_direct,102,44,straight,607,38,366.23
classic-jev_direct-102,classic,jev_direct,102,45,straight,606,38,304.13
classic-jev_direct-102,classic,jev_direct,102,46,straight,605,38,286.88
classic-jev_direct-102,classic,jev_direct,102,47,left,605,38,288.27
classic-jev_direct-102,classic,jev_direct,102,48,left,611,38,304.87
classic-jev_direct-102,classic,jev_direct,102,49,straight,611,38,274.97
classic-jev_direct-102,classic,jev_direct,102,50,straight,611,38,309.85
classic-jev_direct-102,classic,jev_direct,102,51,straight,611,38,317.25
classic-jev_direct-102,classic,jev_direct,102,52,straight,611,38,299.54
classic-jev_direct-102,classic,jev_direct,102,53,straight,611,38,278.42
classic-jev_direct-102,classic,jev_direct,102,54,straight,612,38,326.55
classic-jev_direct-102,classic,jev_direct,102,55,straight,615,38,341.7
classic-jev_direct-102,classic,jev_direct,102,56,straight,616,38,369.16
classic-jev_guarded-107,classic,jev_guarded,107,1,straight,586,38,270.45
classic-jev_guarded-107,classic,jev_guarded,107,2,left,586,38,304.61
classic-jev_guarded-107,classic,jev_guarded,107,3,straight,586,38,314.04
classic-jev_guarded-107,classic,jev_guarded,107,4,straight,586,38,305.06
classic-jev_guarded-107,classic,jev_guarded,107,5,straight,592,38,343.34
classic-jev_guarded-107,classic,jev_guarded,107,6,straight,592,38,334.73
classic-jev_guarded-107,classic,jev_guarded,107,7,right,592,38,297.12
classic-jev_guarded-107,classic,jev_guarded,107,8,straight,592,38,274.41
classic-jev_guarded-107,classic,jev_guarded,107,9,straight,592,38,337.1
classic-jev_guarded-107,classic,jev_guarded,107,10,right,592,38,317.26
classic-jev_guarded-107,classic,jev_guarded,107,11,straight,593,38,302.88
classic-jev_guarded-107,classic,jev_guarded,107,12,straight,593,38,314.83
classic-jev_guarded-107,classic,jev_guarded,107,13,straight,593,38,292.81
classic-jev_guarded-107,classic,jev_guarded,107,14,straight,593,38,314.67
classic-jev_guarded-107,classic,jev_guarded,107,15,straight,594,38,285.7
classic-jev_guarded-107,classic,jev_guarded,107,16,straight,594,38,301.76
classic-jev_guarded-107,classic,jev_guarded,107,17,straight,594,38,279.84
classic-jev_guarded-107,classic,jev_guarded,107,18,straight,595,38,264.37
classic-jev_guarded-107,classic,jev_guarded,107,19,left,598,38,340.11
classic-jev_guarded-107,classic,jev_guarded,107,20,left,598,38,311.99
classic-jev_guarded-107,classic,jev_guarded,107,21,straight,596,38,267.84
classic-jev_guarded-107,classic,jev_guarded,107,22,straight,596,38,256.89
classic-jev_guarded-107,classic,jev_guarded,107,23,straight,595,38,304.94
classic-jev_guarded-107,classic,jev_guarded,107,24,straight,594,38,299.58
classic-jev_guarded-107,classic,jev_guarded,107,25,straight,594,38,278.21
classic-jev_guarded-107,classic,jev_guarded,107,26,straight,594,38,384.35
classic-jev_guarded-107,classic,jev_guarded,107,27,straight,594,38,256.48
classic-jev_guarded-107,classic,jev_guarded,107,28,straight,594,38,294.05
classic-jev_guarded-107,classic,jev_guarded,107,29,left,594,38,327.86
classic-jev_guarded-107,classic,jev_guarded,107,30,straight,594,38,385.7
classic-jev_guarded-107,classic,jev_guarded,107,31,straight,594,38,314.62
classic-jev_guarded-107,classic,jev_guarded,107,32,straight,594,38,655.14
classic-jev_guarded-107,classic,jev_guarded,107,33,straight,594,38,291.24
classic-jev_guarded-107,classic,jev_guarded,107,34,straight,594,38,296.32
classic-jev_guarded-107,classic,jev_guarded,107,35,straight,594,38,445.33
classic-jev_guarded-107,classic,jev_guarded,107,36,straight,594,38,447.42
classic-jev_guarded-107,classic,jev_guarded,107,37,straight,595,38,299.34
classic-jev_guarded-107,classic,jev_guarded,107,38,straight,598,38,364.07
classic-jev_guarded-107,classic,jev_guarded,107,39,left,570,31,315.19
classic-jev_guarded-107,classic,jev_guarded,107,40,straight,571,31,315.99
classic-jev_guarded-107,classic,jev_guarded,107,41,straight,572,31,290.72
classic-jev_guarded-107,classic,jev_guarded,107,42,left,572,31,312.79
classic-jev_guarded-107,classic,jev_guarded,107,43,straight,600,38,429.68
classic-jev_guarded-107,classic,jev_guarded,107,44,right,604,38,292.51
classic-jev_guarded-107,classic,jev_guarded,107,45,right,604,38,327.59
classic-jev_guarded-107,classic,jev_guarded,107,46,straight,583,31,292.65
classic-jev_guarded-107,classic,jev_guarded,107,47,left,583,31,301.54
classic-jev_guarded-107,classic,jev_guarded,107,48,straight,583,31,297.96
classic-jev_guarded-107,classic,jev_guarded,107,49,straight,583,31,283.89
classic-jev_guarded-107,classic,jev_guarded,107,50,left,584,31,384.65
classic-jev_guarded-107,classic,jev_guarded,107,51,left,613,38,276.89
classic-jev_guarded-107,classic,jev_guarded,107,52,straight,584,31,803.89
classic-jev_guarded-107,classic,jev_guarded,107,53,straight,613,38,290.26
classic-jev_guarded-107,classic,jev_guarded,107,54,straight,613,38,347.75
classic-jev_guarded-107,classic,jev_guarded,107,55,straight,613,38,364.71
classic-jev_guarded-107,classic,jev_guarded,107,56,straight,614,38,442.57
classic-jev_guarded-107,classic,jev_guarded,107,57,right,614,38,474.2
classic-jev_guarded-107,classic,jev_guarded,107,58,straight,611,38,395.06
classic-jev_guarded-107,classic,jev_guarded,107,59,straight,610,38,482.27
classic-jev_guarded-107,classic,jev_guarded,107,60,straight,609,38,459.38
classic-jev_guarded-107,classic,jev_guarded,107,61,straight,608,38,359.21
classic-jev_guarded-107,classic,jev_guarded,107,62,right,607,38,308.2
classic-jev_guarded-107,classic,jev_guarded,107,63,right,606,38,518.28
classic-jev_guarded-107,classic,jev_guarded,107,64,left,578,31,280.42
classic-jev_guarded-107,classic,jev_guarded,107,65,straight,606,38,297.4
classic-jev_guarded-107,classic,jev_guarded,107,66,straight,606,38,326.33
classic-jev_guarded-107,classic,jev_guarded,107,67,straight,606,38,308.38
classic-jev_guarded-107,classic,jev_guarded,107,68,straight,612,38,293.79
classic-jev_guarded-107,classic,jev_guarded,107,69,straight,612,38,297.53
classic-jev_guarded-107,classic,jev_guarded,107,70,straight,613,38,309.46
classic-jev_guarded-107,classic,jev_guarded,107,71,straight,616,38,298.78
classic-jev_guarded-107,classic,jev_guarded,107,72,left,588,31,281.15
classic-jev_guarded-107,classic,jev_guarded,107,73,straight,589,31,318.4
classic-jev_guarded-107,classic,jev_guarded,107,74,straight,590,31,286.27
classic-jev_guarded-107,classic,jev_guarded,107,75,straight,591,31,285.8
classic-jev_guarded-107,classic,jev_guarded,107,76,straight,597,31,301.84
classic-jev_guarded-107,classic,jev_guarded,107,77,left,598,31,282.09
classic-jev_guarded-107,classic,jev_guarded,107,78,straight,627,38,334.11
classic-jev_guarded-107,classic,jev_guarded,107,79,straight,624,38,339.37
classic-jev_guarded-107,classic,jev_guarded,107,80,straight,623,38,300.92
classic-jev_guarded-107,classic,jev_guarded,107,81,straight,622,38,275.34
classic-jev_guarded-107,classic,jev_guarded,107,82,straight,621,38,945.19
classic-jev_guarded-107,classic,jev_guarded,107,83,straight,620,38,348.08
classic-jev_guarded-107,classic,jev_guarded,107,84,straight,619,38,263.06
classic-jev_guarded-107,classic,jev_guarded,107,85,straight,618,38,346.7
classic-jev_guarded-107,classic,jev_guarded,107,86,straight,618,38,331.55
classic-jev_guarded-107,classic,jev_guarded,107,87,right,618,38,284.49
classic-jev_guarded-107,classic,jev_guarded,107,88,right,590,31,333.84
classic-jev_guarded-107,classic,jev_guarded,107,91,straight,590,31,292.57
classic-jev_guarded-107,classic,jev_guarded,107,92,straight,590,31,323.65
classic-jev_guarded-107,classic,jev_guarded,107,93,straight,590,31,333.34
classic-jev_guarded-107,classic,jev_guarded,107,94,straight,590,31,385.86
classic-jev_guarded-107,classic,jev_guarded,107,95,right,590,31,295.02
classic-jev_guarded-107,classic,jev_guarded,107,96,straight,618,38,362.95
classic-jev_guarded-107,classic,jev_guarded,107,97,straight,618,38,376.55
classic-jev_guarded-107,classic,jev_guarded,107,98,straight,618,38,372.79
classic-jev_guarded-107,classic,jev_guarded,107,99,left,618,38,490.15
classic-jev_guarded-107,classic,jev_guarded,107,100,straight,619,38,443.13
classic-jev_guarded-107,classic,jev_guarded,107,101,straight,623,38,442.78
classic-jev_guarded-107,classic,jev_guarded,107,102,left,595,31,476.48
classic-jev_guarded-107,classic,jev_guarded,107,103,straight,596,31,508.5
classic-jev_guarded-107,classic,jev_guarded,107,104,straight,597,31,595.75
classic-jev_guarded-107,classic,jev_guarded,107,105,left,598,31,500.42
classic-jev_guarded-107,classic,jev_guarded,107,106,straight,627,38,460.96
classic-jev_guarded-107,classic,jev_guarded,107,107,straight,625,38,358.92
classic-jev_guarded-107,classic,jev_guarded,107,108,straight,625,38,299.75
classic-jev_guarded-107,classic,jev_guarded,107,109,straight,624,38,338.0
classic-jev_guarded-107,classic,jev_guarded,107,110,straight,623,38,351.35
classic-jev_guarded-107,classic,jev_guarded,107,111,straight,622,38,492.23
classic-jev_guarded-107,classic,jev_guarded,107,112,straight,621,38,316.84
classic-jev_guarded-107,classic,jev_guarded,107,113,straight,620,38,325.9
classic-jev_guarded-107,classic,jev_guarded,107,114,straight,619,38,345.14
classic-jev_guarded-107,classic,jev_guarded,107,115,straight,619,38,348.83
classic-jev_guarded-107,classic,jev_guarded,107,116,right,591,31,379.31
classic-jev_guarded-107,classic,jev_guarded,107,120,straight,591,31,308.72
classic-jev_guarded-107,classic,jev_guarded,107,121,straight,591,31,547.57
classic-jev_guarded-107,classic,jev_guarded,107,122,straight,591,31,338.64
classic-jev_guarded-107,classic,jev_guarded,107,123,straight,591,31,366.9
classic-jev_guarded-107,classic,jev_guarded,107,124,straight,591,31,312.45
classic-jev_guarded-107,classic,jev_guarded,107,125,straight,591,31,381.62
open-jev_guarded-108,open,jev_guarded,108,1,straight,586,38,383.38
open-jev_guarded-108,open,jev_guarded,108,2,straight,586,38,298.26
open-jev_guarded-108,open,jev_guarded,108,3,straight,586,38,260.58
open-jev_guarded-108,open,jev_guarded,108,4,straight,586,38,308.03
open-jev_guarded-108,open,jev_guarded,108,5,straight,586,38,270.69
open-jev_guarded-108,open,jev_guarded,108,6,right,586,38,284.83
open-jev_guarded-108,open,jev_guarded,108,7,straight,586,38,323.75
open-jev_guarded-108,open,jev_guarded,108,8,right,586,38,285.91
open-jev_guarded-108,open,jev_guarded,108,9,left,586,38,298.26
open-jev_guarded-108,open,jev_guarded,108,10,straight,594,38,332.43
open-jev_guarded-108,open,jev_guarded,108,11,left,598,38,590.68
open-jev_guarded-108,open,jev_guarded,108,12,right,598,38,304.26
open-jev_guarded-108,open,jev_guarded,108,13,right,604,38,273.37
open-jev_guarded-108,open,jev_guarded,108,14,straight,576,31,292.17
open-jev_guarded-108,open,jev_guarded,108,15,straight,606,38,300.67
open-jev_guarded-108,open,jev_guarded,108,16,straight,606,38,312.71
open-jev_guarded-108,open,jev_guarded,108,17,straight,606,38,363.95
open-jev_guarded-108,open,jev_guarded,108,18,straight,606,38,303.41
open-jev_guarded-108,open,jev_guarded,108,19,straight,606,38,278.22
open-jev_guarded-108,open,jev_guarded,108,20,straight,606,38,345.19
open-jev_guarded-108,open,jev_guarded,108,21,straight,607,38,345.98
open-jev_guarded-108,open,jev_guarded,108,22,straight,610,38,340.24
open-jev_guarded-108,open,jev_guarded,108,23,straight,611,38,356.96
open-jev_guarded-108,open,jev_guarded,108,24,straight,609,38,341.56
open-jev_guarded-108,open,jev_guarded,108,25,straight,609,38,350.23
open-jev_guarded-108,open,jev_guarded,108,26,straight,609,38,293.41
open-jev_guarded-108,open,jev_guarded,108,27,straight,608,38,272.09
open-jev_guarded-108,open,jev_guarded,108,28,straight,607,38,341.88
open-jev_guarded-108,open,jev_guarded,108,29,straight,607,38,279.8
open-jev_guarded-108,open,jev_guarded,108,30,straight,607,38,489.17
open-jev_guarded-108,open,jev_guarded,108,31,straight,607,38,800.94
open-jev_guarded-108,open,jev_guarded,108,32,right,607,38,359.8
open-jev_guarded-108,open,jev_guarded,108,33,straight,607,38,475.04
open-jev_guarded-108,open,jev_guarded,108,34,straight,604,38,464.39
open-jev_guarded-108,open,jev_guarded,108,35,straight,603,38,383.89
open-jev_guarded-108,open,jev_guarded,108,36,straight,609,38,315.56
open-jev_guarded-108,open,jev_guarded,108,37,straight,608,38,282.13
open-jev_guarded-108,open,jev_guarded,108,38,right,607,38,298.34
open-jev_guarded-108,open,jev_guarded,108,39,straight,606,38,331.44
open-jev_guarded-108,open,jev_guarded,108,40,straight,606,38,297.32
open-jev_guarded-108,open,jev_guarded,108,41,straight,606,38,359.42
open-jev_guarded-108,open,jev_guarded,108,42,straight,606,38,301.53
open-jev_guarded-108,open,jev_guarded,108,43,straight,606,38,293.49
open-jev_guarded-108,open,jev_guarded,108,44,straight,606,38,342.28
open-jev_guarded-108,open,jev_guarded,108,45,straight,606,38,381.17
open-jev_guarded-108,open,jev_guarded,108,46,right,608,38,318.56
open-jev_guarded-108,open,jev_guarded,108,47,straight,608,38,321.22
open-jev_guarded-108,open,jev_guarded,108,48,straight,608,38,329.36
open-jev_guarded-108,open,jev_guarded,108,49,straight,608,38,313.08
open-jev_guarded-108,open,jev_guarded,108,50,right,609,38,403.84
open-jev_guarded-108,open,jev_guarded,108,51,straight,608,38,319.72
open-jev_guarded-108,open,jev_guarded,108,52,straight,608,38,303.44
open-jev_guarded-108,open,jev_guarded,108,53,left,608,38,268.14
open-jev_guarded-108,open,jev_guarded,108,54,right,611,38,280.19
open-jev_guarded-108,open,jev_guarded,108,55,straight,611,38,276.18
open-jev_guarded-108,open,jev_guarded,108,56,straight,616,38,339.14
open-jev_guarded-108,open,jev_guarded,108,57,straight,617,38,318.8
open-jev_guarded-108,open,jev_guarded,108,58,straight,618,38,305.08
open-jev_guarded-108,open,jev_guarded,108,59,right,619,38,311.25
open-jev_guarded-108,open,jev_guarded,108,60,straight,617,38,348.77
open-jev_guarded-108,open,jev_guarded,108,61,straight,616,38,324.83
open-jev_guarded-108,open,jev_guarded,108,62,straight,622,38,314.47
open-jev_guarded-108,open,jev_guarded,108,63,straight,621,38,344.08
open-jev_guarded-108,open,jev_guarded,108,64,straight,620,38,357.93
open-jev_guarded-108,open,jev_guarded,108,65,straight,619,38,348.32
open-jev_guarded-108,open,jev_guarded,108,66,straight,618,38,300.2
open-jev_guarded-108,open,jev_guarded,108,67,straight,617,38,303.44
open-jev_guarded-108,open,jev_guarded,108,68,straight,617,38,356.36
open-jev_guarded-108,open,jev_guarded,108,69,straight,618,38,319.4
open-jev_guarded-108,open,jev_guarded,108,70,straight,621,38,332.47
open-jev_guarded-108,open,jev_guarded,108,71,straight,621,38,356.39
open-jev_guarded-108,open,jev_guarded,108,72,straight,620,38,408.91
open-jev_guarded-108,open,jev_guarded,108,73,right,620,38,475.25
open-jev_guarded-108,open,jev_guarded,108,74,straight,620,38,462.05
open-jev_guarded-108,open,jev_guarded,108,75,straight,620,38,474.94
open-jev_guarded-108,open,jev_guarded,108,76,straight,620,38,583.76
open-jev_guarded-108,open,jev_guarded,108,77,straight,620,38,473.81
open-jev_guarded-108,open,jev_guarded,108,78,straight,619,38,373.33
open-jev_guarded-108,open,jev_guarded,108,79,straight,618,38,444.93
open-jev_guarded-108,open,jev_guarded,108,80,straight,618,38,418.02
open-jev_guarded-108,open,jev_guarded,108,81,straight,619,38,310.0
open-jev_guarded-108,open,jev_guarded,108,82,left,622,38,685.31
open-jev_guarded-108,open,jev_guarded,108,83,right,622,38,295.41
open-jev_guarded-108,open,jev_guarded,108,84,straight,623,38,385.86
open-jev_guarded-108,open,jev_guarded,108,85,straight,621,38,297.86
open-jev_guarded-108,open,jev_guarded,108,86,straight,621,38,352.11
open-jev_guarded-108,open,jev_guarded,108,87,straight,621,38,322.06
open-jev_guarded-108,open,jev_guarded,108,88,straight,621,38,629.79
open-jev_guarded-108,open,jev_guarded,108,89,straight,621,38,343.49
open-jev_guarded-108,open,jev_guarded,108,90,straight,620,38,421.95
open-jev_guarded-108,open,jev_guarded,108,91,straight,619,38,322.06
open-jev_guarded-108,open,jev_guarded,108,92,straight,618,38,334.61
open-jev_guarded-108,open,jev_guarded,108,93,straight,618,38,310.38
open-jev_guarded-108,open,jev_guarded,108,94,left,619,38,312.32
open-jev_guarded-108,open,jev_guarded,108,95,straight,619,38,281.94
open-jev_guarded-108,open,jev_guarded,108,96,straight,619,38,372.54
open-jev_guarded-108,open,jev_guarded,108,97,straight,619,38,269.84
open-jev_guarded-108,open,jev_guarded,108,98,straight,619,38,296.82
open-jev_guarded-108,open,jev_guarded,108,99,straight,619,38,330.36
open-jev_guarded-108,open,jev_guarded,108,100,straight,619,38,356.36
open-jev_guarded-108,open,jev_guarded,108,101,straight,621,38,310.85
open-jev_guarded-108,open,jev_guarded,108,102,straight,624,38,348.49
open-jev_guarded-108,open,jev_guarded,108,103,straight,624,38,326.19
open-jev_guarded-108,open,jev_guarded,108,104,straight,622,38,320.19
open-jev_guarded-108,open,jev_guarded,108,105,straight,622,38,305.95
open-jev_guarded-108,open,jev_guarded,108,106,straight,622,38,385.8
open-jev_guarded-108,open,jev_guarded,108,107,straight,622,38,408.31
open-jev_guarded-108,open,jev_guarded,108,108,straight,622,38,340.33
open-jev_guarded-108,open,jev_guarded,108,109,straight,622,38,310.73
open-jev_guarded-108,open,jev_guarded,108,110,straight,621,38,326.07
open-jev_guarded-108,open,jev_guarded,108,111,straight,620,38,297.0
open-jev_guarded-105,open,jev_guarded,105,1,right,586,38,314.55
open-jev_guarded-105,open,jev_guarded,105,2,right,586,38,317.13
open-jev_guarded-105,open,jev_guarded,105,3,straight,592,38,376.5
open-jev_guarded-105,open,jev_guarded,105,4,straight,592,38,366.6
open-jev_guarded-105,open,jev_guarded,105,5,straight,593,38,295.89
open-jev_guarded-105,open,jev_guarded,105,6,straight,596,38,436.39
open-jev_guarded-105,open,jev_guarded,105,7,straight,596,38,324.9
open-jev_guarded-105,open,jev_guarded,105,8,left,594,38,333.3
open-jev_guarded-105,open,jev_guarded,105,9,straight,595,38,382.06
open-jev_guarded-105,open,jev_guarded,105,10,straight,595,38,445.98
open-jev_guarded-105,open,jev_guarded,105,11,right,598,38,477.34
open-jev_guarded-105,open,jev_guarded,105,12,straight,597,38,337.96
open-jev_guarded-105,open,jev_guarded,105,13,straight,599,38,527.86
open-jev_guarded-105,open,jev_guarded,105,14,right,600,38,619.14
open-jev_guarded-105,open,jev_guarded,105,15,straight,597,38,307.89
open-jev_guarded-105,open,jev_guarded,105,16,straight,596,38,301.91
open-jev_guarded-105,open,jev_guarded,105,17,straight,595,38,330.32
open-jev_guarded-105,open,jev_guarded,105,18,straight,594,38,362.17
open-jev_guarded-105,open,jev_guarded,105,19,straight,594,38,281.77
open-jev_guarded-105,open,jev_guarded,105,20,straight,594,38,294.19
open-jev_guarded-105,open,jev_guarded,105,21,right,594,38,315.69
open-jev_guarded-105,open,jev_guarded,105,22,straight,599,38,336.22
open-jev_guarded-105,open,jev_guarded,105,23,straight,599,38,347.6
open-jev_guarded-105,open,jev_guarded,105,24,straight,600,38,317.84
open-jev_guarded-105,open,jev_guarded,105,25,straight,603,38,309.33
open-jev_guarded-105,open,jev_guarded,105,26,straight,603,38,284.57
open-jev_guarded-105,open,jev_guarded,105,27,straight,601,38,287.2
open-jev_guarded-105,open,jev_guarded,105,28,straight,601,38,315.75
open-jev_guarded-105,open,jev_guarded,105,29,straight,601,38,321.22
open-jev_guarded-105,open,jev_guarded,105,30,straight,600,38,390.21
open-jev_guarded-105,open,jev_guarded,105,31,straight,599,38,323.87
open-jev_guarded-105,open,jev_guarded,105,32,straight,600,38,300.02
open-jev_guarded-105,open,jev_guarded,105,33,straight,600,38,320.59
open-jev_guarded-105,open,jev_guarded,105,34,straight,600,38,308.83
open-jev_guarded-105,open,jev_guarded,105,35,straight,600,38,284.13
open-jev_guarded-105,open,jev_guarded,105,36,left,601,38,571.43
open-jev_guarded-105,open,jev_guarded,105,37,straight,601,38,484.75
open-jev_guarded-105,open,jev_guarded,105,38,straight,601,38,314.14
open-jev_guarded-105,open,jev_guarded,105,39,straight,607,38,303.0
open-jev_guarded-105,open,jev_guarded,105,40,straight,610,38,375.54
open-jev_guarded-105,open,jev_guarded,105,41,straight,610,38,372.8
open-jev_guarded-105,open,jev_guarded,105,42,straight,608,38,409.11
open-jev_guarded-105,open,jev_guarded,105,43,straight,608,38,292.77
open-jev_guarded-105,open,jev_guarded,105,44,left,608,38,415.44
open-jev_guarded-105,open,jev_guarded,105,45,left,607,38,329.77
open-jev_guarded-105,open,jev_guarded,105,46,straight,578,31,283.32
open-jev_guarded-105,open,jev_guarded,105,47,straight,606,38,359.26
open-jev_guarded-105,open,jev_guarded,105,48,straight,609,38,412.56
open-jev_guarded-105,open,jev_guarded,105,49,straight,610,38,328.79
open-jev_guarded-105,open,jev_guarded,105,50,straight,608,38,352.84
open-jev_guarded-105,open,jev_guarded,105,51,straight,608,38,469.39
open-jev_guarded-105,open,jev_guarded,105,52,straight,608,38,577.58
open-jev_guarded-105,open,jev_guarded,105,53,straight,608,38,480.13
open-jev_guarded-105,open,jev_guarded,105,54,straight,607,38,334.54
open-jev_guarded-105,open,jev_guarded,105,55,straight,606,38,579.07
open-jev_guarded-105,open,jev_guarded,105,56,straight,606,38,434.05
open-jev_guarded-105,open,jev_guarded,105,57,straight,606,38,327.29
open-jev_guarded-105,open,jev_guarded,105,58,straight,606,38,385.58
open-jev_guarded-105,open,jev_guarded,105,59,right,607,38,632.59
open-jev_guarded-105,open,jev_guarded,105,60,straight,607,38,330.16
open-jev_guarded-105,open,jev_guarded,105,61,straight,607,38,270.17
open-jev_guarded-105,open,jev_guarded,105,62,straight,607,38,397.09
open-jev_guarded-105,open,jev_guarded,105,63,straight,607,38,433.46
open-jev_guarded-105,open,jev_guarded,105,64,straight,607,38,328.32
open-jev_guarded-105,open,jev_guarded,105,65,straight,607,38,334.04
open-jev_guarded-105,open,jev_guarded,105,66,straight,607,38,337.18
open-jev_guarded-105,open,jev_guarded,105,67,straight,608,38,355.74
open-jev_guarded-105,open,jev_guarded,105,68,right,611,38,404.41
open-jev_guarded-105,open,jev_guarded,105,69,straight,610,38,307.5
open-jev_guarded-105,open,jev_guarded,105,70,straight,611,38,348.2
open-jev_guarded-105,open,jev_guarded,105,71,straight,612,38,377.0
open-jev_guarded-105,open,jev_guarded,105,72,straight,613,38,368.91
open-jev_guarded-105,open,jev_guarded,105,73,straight,614,38,296.06
open-jev_guarded-105,open,jev_guarded,105,74,straight,614,38,341.64
open-jev_guarded-105,open,jev_guarded,105,75,straight,614,38,281.13
open-jev_guarded-105,open,jev_guarded,105,76,straight,614,38,318.27
open-jev_guarded-105,open,jev_guarded,105,77,right,615,38,327.73
open-jev_guarded-105,open,jev_guarded,105,78,straight,612,38,288.01
open-jev_guarded-105,open,jev_guarded,105,79,straight,611,38,297.73
open-jev_guarded-105,open,jev_guarded,105,80,right,610,38,364.12
open-jev_guarded-105,open,jev_guarded,105,81,straight,615,38,380.78
open-jev_guarded-105,open,jev_guarded,105,82,right,614,38,286.02
open-jev_guarded-105,open,jev_guarded,105,83,straight,613,38,315.53
open-jev_guarded-105,open,jev_guarded,105,84,straight,613,38,328.14
open-jev_guarded-105,open,jev_guarded,105,85,straight,616,38,341.1
open-jev_guarded-105,open,jev_guarded,105,86,straight,616,38,330.22
open-jev_guarded-105,open,jev_guarded,105,87,straight,614,38,421.27
open-jev_guarded-105,open,jev_guarded,105,88,straight,614,38,330.18
open-jev_guarded-105,open,jev_guarded,105,89,straight,614,38,348.84
open-jev_guarded-105,open,jev_guarded,105,90,straight,614,38,314.09
open-jev_guarded-105,open,jev_guarded,105,91,straight,615,38,379.62
open-jev_guarded-105,open,jev_guarded,105,92,straight,614,38,326.99
open-jev_guarded-105,open,jev_guarded,105,93,straight,613,38,447.76
open-jev_guarded-105,open,jev_guarded,105,94,straight,613,38,319.3
open-jev_guarded-105,open,jev_guarded,105,95,straight,613,38,331.67
open-jev_guarded-105,open,jev_guarded,105,96,straight,614,38,327.05
open-jev_guarded-105,open,jev_guarded,105,97,straight,617,38,353.01
open-jev_guarded-105,open,jev_guarded,105,98,straight,617,38,381.55
open-jev_guarded-105,open,jev_guarded,105,99,straight,615,38,334.72
open-jev_guarded-105,open,jev_guarded,105,100,straight,615,38,325.59
open-jev_guarded-105,open,jev_guarded,105,101,straight,616,38,367.2
open-jev_guarded-105,open,jev_guarded,105,102,straight,616,38,324.87
open-jev_guarded-105,open,jev_guarded,105,103,straight,616,38,338.11
open-jev_guarded-105,open,jev_guarded,105,104,left,615,38,306.98
open-jev_guarded-105,open,jev_guarded,105,105,straight,614,38,330.94
open-jev_guarded-105,open,jev_guarded,105,106,straight,614,38,321.76
open-jev_guarded-105,open,jev_guarded,105,107,straight,614,38,340.97
open-jev_guarded-105,open,jev_guarded,105,108,straight,614,38,1313.17
open-jev_guarded-105,open,jev_guarded,105,109,straight,614,38,325.28
open-jev_guarded-105,open,jev_guarded,105,110,straight,614,38,436.4
open-jev_guarded-105,open,jev_guarded,105,111,straight,615,38,422.51
open-jev_guarded-105,open,jev_guarded,105,112,straight,618,38,476.98
open-jev_guarded-105,open,jev_guarded,105,113,straight,618,38,299.57
open-jev_guarded-105,open,jev_guarded,105,114,straight,616,38,272.71
open-jev_guarded-105,open,jev_guarded,105,115,straight,616,38,400.47
open-jev_guarded-105,open,jev_guarded,105,116,straight,616,38,325.79
open-jev_guarded-105,open,jev_guarded,105,117,straight,616,38,336.06
open-jev_guarded-105,open,jev_guarded,105,118,straight,616,38,368.51
open-jev_guarded-105,open,jev_guarded,105,119,straight,615,38,321.32
open-jev_guarded-105,open,jev_guarded,105,120,straight,614,38,329.59
open-jev_guarded-105,open,jev_guarded,105,121,straight,614,38,396.56
open-jev_guarded-105,open,jev_guarded,105,122,straight,614,38,363.49
open-jev_guarded-105,open,jev_guarded,105,123,straight,615,38,348.28
open-jev_guarded-105,open,jev_guarded,105,124,straight,618,38,365.48
open-jev_guarded-105,open,jev_guarded,105,125,straight,618,38,308.69
open-jev_guarded-105,open,jev_guarded,105,126,straight,616,38,454.89
open-jev_guarded-105,open,jev_guarded,105,127,straight,616,38,333.74
open-jev_guarded-105,open,jev_guarded,105,128,straight,616,38,380.65
open-jev_guarded-105,open,jev_guarded,105,129,straight,616,38,389.86
open-jev_guarded-105,open,jev_guarded,105,130,straight,616,38,368.47
dense-jev_guarded-104,dense,jev_guarded,104,1,straight,739,38,344.46
dense-jev_guarded-104,dense,jev_guarded,104,2,straight,739,38,529.95
dense-jev_guarded-104,dense,jev_guarded,104,3,left,711,31,355.32
dense-jev_guarded-104,dense,jev_guarded,104,5,straight,739,38,495.78
dense-jev_guarded-104,dense,jev_guarded,104,6,straight,739,38,600.51
dense-jev_guarded-104,dense,jev_guarded,104,7,straight,739,38,430.49
dense-jev_guarded-104,dense,jev_guarded,104,8,straight,711,31,344.27
dense-jev_guarded-104,dense,jev_guarded,104,9,straight,712,31,610.23
dense-jev_guarded-104,dense,jev_guarded,104,10,left,714,31,463.45
dense-jev_guarded-104,dense,jev_guarded,104,11,left,716,31,303.83
dense-jev_guarded-104,dense,jev_guarded,104,12,straight,743,38,396.89
dense-jev_guarded-104,dense,jev_guarded,104,13,straight,714,31,364.3
dense-jev_guarded-104,dense,jev_guarded,104,14,straight,741,38,296.1
dense-jev_guarded-104,dense,jev_guarded,104,15,straight,741,38,328.35
dense-jev_guarded-104,dense,jev_guarded,104,16,straight,741,38,471.7
dense-jev_guarded-104,dense,jev_guarded,104,17,left,713,31,342.1
dense-jev_guarded-104,dense,jev_guarded,104,19,straight,741,38,334.25
dense-jev_guarded-104,dense,jev_guarded,104,20,straight,741,38,314.26
dense-jev_guarded-104,dense,jev_guarded,104,21,straight,741,38,363.63
dense-jev_guarded-104,dense,jev_guarded,104,22,straight,713,31,306.96
dense-jev_guarded-104,dense,jev_guarded,104,23,straight,714,31,284.08
dense-jev_guarded-104,dense,jev_guarded,104,24,left,716,31,339.17
dense-jev_guarded-104,dense,jev_guarded,104,25,left,716,31,362.04
dense-jev_guarded-104,dense,jev_guarded,104,26,straight,743,38,424.46
dense-jev_guarded-104,dense,jev_guarded,104,27,straight,714,31,342.38
dense-jev_guarded-104,dense,jev_guarded,104,28,straight,741,38,372.05
dense-jev_guarded-104,dense,jev_guarded,104,29,straight,741,38,317.33
dense-jev_guarded-104,dense,jev_guarded,104,30,straight,741,38,483.92
dense-jev_guarded-104,dense,jev_guarded,104,31,left,713,31,323.61
dense-jev_guarded-104,dense,jev_guarded,104,33,straight,741,38,350.87
dense-jev_guarded-104,dense,jev_guarded,104,34,straight,741,38,365.39
dense-jev_guarded-104,dense,jev_guarded,104,35,straight,741,38,331.94
dense-jev_guarded-104,dense,jev_guarded,104,36,straight,713,31,261.27
dense-jev_guarded-104,dense,jev_guarded,104,37,straight,714,31,322.09
dense-jev_guarded-104,dense,jev_guarded,104,38,right,716,31,283.34
dense-jev_guarded-104,dense,jev_guarded,104,40,straight,746,38,287.09
dense-jev_guarded-104,dense,jev_guarded,104,41,left,717,31,365.99
dense-jev_guarded-104,dense,jev_guarded,104,42,left,718,31,302.78
dense-jev_guarded-104,dense,jev_guarded,104,44,straight,746,38,362.46
dense-jev_guarded-104,dense,jev_guarded,104,45,straight,715,31,296.6
dense-jev_guarded-104,dense,jev_guarded,104,46,straight,714,31,376.79
dense-jev_guarded-104,dense,jev_guarded,104,47,straight,741,38,336.32
dense-jev_guarded-104,dense,jev_guarded,104,48,straight,713,31,311.94
dense-jev_guarded-104,dense,jev_guarded,104,49,straight,741,38,338.26
dense-jev_guarded-104,dense,jev_guarded,104,50,straight,713,31,332.2
dense-jev_guarded-106,dense,jev_guarded,106,1,straight,737,38,336.05
dense-jev_guarded-106,dense,jev_guarded,106,2,right,709,31,309.44
dense-jev_guarded-106,dense,jev_guarded,106,3,right,709,31,327.9
dense-jev_guarded-106,dense,jev_guarded,106,4,straight,737,38,311.17
dense-jev_guarded-106,dense,jev_guarded,106,5,straight,737,38,367.12
dense-jev_guarded-106,dense,jev_guarded,106,6,straight,737,38,342.16
dense-jev_guarded-106,dense,jev_guarded,106,7,straight,710,31,312.78
dense-jev_guarded-106,dense,jev_guarded,106,8,straight,712,31,282.8
dense-jev_guarded-106,dense,jev_guarded,106,11,straight,744,38,298.56
dense-jev_guarded-106,dense,jev_guarded,106,12,straight,741,38,298.89
dense-jev_guarded-106,dense,jev_guarded,106,13,straight,740,38,340.89
dense-jev_guarded-106,dense,jev_guarded,106,14,straight,711,31,419.76
dense-jev_guarded-106,dense,jev_guarded,106,15,straight,739,38,337.48
dense-jev_guarded-106,dense,jev_guarded,106,16,right,711,31,338.58
dense-jev_guarded-106,dense,jev_guarded,106,17,straight,711,31,330.54
dense-jev_guarded-106,dense,jev_guarded,106,18,straight,739,38,267.14
dense-jev_guarded-106,dense,jev_guarded,106,19,straight,740,38,320.74
dense-jev_guarded-106,dense,jev_guarded,106,20,left,714,31,329.0
dense-jev_guarded-106,dense,jev_guarded,106,21,straight,743,38,324.44
dense-jev_guarded-106,dense,jev_guarded,106,22,straight,744,38,344.86
dense-jev_guarded-106,dense,jev_guarded,106,23,straight,716,31,1300.08
dense-jev_guarded-106,dense,jev_guarded,106,24,straight,744,38,309.17
dense-jev_guarded-106,dense,jev_guarded,106,25,right,715,31,323.12
dense-jev_guarded-106,dense,jev_guarded,106,27,straight,716,31,371.42
dense-jev_guarded-106,dense,jev_guarded,106,28,straight,716,31,309.1
dense-jev_guarded-106,dense,jev_guarded,106,29,straight,716,31,333.83
dense-jev_guarded-106,dense,jev_guarded,106,31,straight,744,38,403.88
dense-jev_guarded-106,dense,jev_guarded,106,32,straight,741,38,442.43
dense-jev_guarded-106,dense,jev_guarded,106,33,left,712,31,417.59
dense-jev_guarded-106,dense,jev_guarded,106,34,left,739,38,295.35
dense-jev_guarded-106,dense,jev_guarded,106,35,straight,740,38,830.94
dense-jev_guarded-106,dense,jev_guarded,106,36,right,714,31,320.52
dense-jev_guarded-106,dense,jev_guarded,106,37,straight,743,38,325.21
dense-jev_guarded-106,dense,jev_guarded,106,38,straight,744,38,324.31
dense-jev_guarded-106,dense,jev_guarded,106,39,straight,744,38,309.9
dense-jev_guarded-106,dense,jev_guarded,106,40,straight,745,38,442.09
dense-jev_guarded-106,dense,jev_guarded,106,41,straight,718,31,616.1
dense-jev_guarded-106,dense,jev_guarded,106,42,right,719,31,382.12
dense-jev_guarded-106,dense,jev_guarded,106,44,straight,717,31,326.52
dense-jev_guarded-106,dense,jev_guarded,106,45,straight,714,31,357.62
dense-jev_guarded-106,dense,jev_guarded,106,46,straight,741,38,299.71
dense-jev_guarded-106,dense,jev_guarded,106,47,straight,740,38,366.12
dense-jev_guarded-106,dense,jev_guarded,106,48,straight,740,38,380.39
dense-jev_guarded-106,dense,jev_guarded,106,49,straight,740,38,316.21
dense-jev_guarded-106,dense,jev_guarded,106,50,straight,740,38,359.83
classic-jev_guarded-104,classic,jev_guarded,104,1,straight,586,38,286.66
classic-jev_guarded-104,classic,jev_guarded,104,2,straight,586,38,426.07
classic-jev_guarded-104,classic,jev_guarded,104,3,left,586,38,352.58
classic-jev_guarded-104,classic,jev_guarded,104,4,straight,586,38,377.04
classic-jev_guarded-104,classic,jev_guarded,104,5,straight,586,38,396.81
classic-jev_guarded-104,classic,jev_guarded,104,6,straight,586,38,352.89
classic-jev_guarded-104,classic,jev_guarded,104,7,straight,586,38,346.92
classic-jev_guarded-104,classic,jev_guarded,104,8,straight,586,38,364.51
classic-jev_guarded-104,classic,jev_guarded,104,9,left,558,31,345.59
classic-jev_guarded-104,classic,jev_guarded,104,10,straight,558,31,311.21
classic-jev_guarded-104,classic,jev_guarded,104,11,straight,560,31,355.03
classic-jev_guarded-104,classic,jev_guarded,104,12,straight,560,31,437.25
classic-jev_guarded-104,classic,jev_guarded,104,13,straight,560,31,324.83
classic-jev_guarded-104,classic,jev_guarded,104,14,straight,561,31,328.81
classic-jev_guarded-104,classic,jev_guarded,104,15,straight,563,31,354.87
classic-jev_guarded-104,classic,jev_guarded,104,17,straight,565,31,337.01
classic-jev_guarded-104,classic,jev_guarded,104,18,straight,565,31,326.61
classic-jev_guarded-104,classic,jev_guarded,104,19,straight,565,31,344.87
classic-jev_guarded-104,classic,jev_guarded,104,20,straight,565,31,271.45
classic-jev_guarded-104,classic,jev_guarded,104,21,left,565,31,309.21
classic-jev_guarded-104,classic,jev_guarded,104,22,straight,593,38,342.33
classic-jev_guarded-104,classic,jev_guarded,104,23,straight,590,38,370.97
classic-jev_guarded-104,classic,jev_guarded,104,24,straight,589,38,346.58
classic-jev_guarded-104,classic,jev_guarded,104,25,left,588,38,476.74
classic-jev_guarded-104,classic,jev_guarded,104,26,straight,588,38,471.66
classic-jev_guarded-104,classic,jev_guarded,104,27,straight,588,38,337.65
classic-jev_guarded-104,classic,jev_guarded,104,28,straight,588,38,366.23
classic-jev_guarded-104,classic,jev_guarded,104,29,straight,588,38,291.23
classic-jev_guarded-104,classic,jev_guarded,104,30,right,560,31,802.79
classic-jev_guarded-104,classic,jev_guarded,104,31,straight,560,31,369.89
classic-jev_guarded-104,classic,jev_guarded,104,32,straight,560,31,382.65
classic-jev_guarded-104,classic,jev_guarded,104,33,right,560,31,280.35
classic-jev_guarded-104,classic,jev_guarded,104,34,straight,588,38,279.19
classic-jev_guarded-104,classic,jev_guarded,104,35,straight,588,38,358.87
classic-jev_guarded-104,classic,jev_guarded,104,36,straight,588,38,330.99
classic-jev_guarded-104,classic,jev_guarded,104,37,straight,588,38,384.72
classic-jev_guarded-104,classic,jev_guarded,104,38,left,588,38,383.04
classic-jev_guarded-104,classic,jev_guarded,104,39,straight,588,38,336.17
classic-jev_guarded-104,classic,jev_guarded,104,40,straight,588,38,330.22
classic-jev_guarded-104,classic,jev_guarded,104,41,straight,588,38,502.94
classic-jev_guarded-104,classic,jev_guarded,104,42,right,565,31,317.41
classic-jev_guarded-104,classic,jev_guarded,104,43,straight,565,31,281.35
classic-jev_guarded-104,classic,jev_guarded,104,44,straight,565,31,329.76
classic-jev_guarded-104,classic,jev_guarded,104,45,right,565,31,299.72
classic-jev_guarded-104,classic,jev_guarded,104,46,straight,593,38,357.0
classic-jev_guarded-104,classic,jev_guarded,104,47,straight,593,38,322.8
classic-jev_guarded-104,classic,jev_guarded,104,48,right,593,38,371.81
classic-jev_guarded-104,classic,jev_guarded,104,49,straight,593,38,352.98
classic-jev_guarded-104,classic,jev_guarded,104,50,left,593,38,345.22
classic-jev_guarded-104,classic,jev_guarded,104,51,left,599,38,389.53
classic-jev_guarded-104,classic,jev_guarded,104,52,straight,571,31,297.88
classic-jev_guarded-104,classic,jev_guarded,104,53,straight,599,38,305.87
classic-jev_guarded-104,classic,jev_guarded,104,54,left,600,38,347.73
classic-jev_guarded-104,classic,jev_guarded,104,55,straight,600,38,311.45
classic-jev_guarded-104,classic,jev_guarded,104,56,straight,600,38,352.78
classic-jev_guarded-104,classic,jev_guarded,104,57,straight,600,38,350.56
classic-jev_guarded-104,classic,jev_guarded,104,58,left,572,31,339.7
classic-jev_guarded-104,classic,jev_guarded,104,59,straight,571,31,298.89
classic-jev_guarded-104,classic,jev_guarded,104,60,straight,571,31,341.5
classic-jev_guarded-104,classic,jev_guarded,104,61,straight,572,31,399.97
classic-jev_guarded-104,classic,jev_guarded,104,62,straight,572,31,440.82
classic-jev_guarded-104,classic,jev_guarded,104,63,straight,572,31,335.66
classic-jev_guarded-104,classic,jev_guarded,104,64,straight,572,31,403.63
classic-jev_guarded-104,classic,jev_guarded,104,65,straight,572,31,404.84
classic-jev_guarded-104,classic,jev_guarded,104,66,left,572,31,384.31
classic-jev_guarded-104,classic,jev_guarded,104,67,straight,600,38,411.95
classic-jev_guarded-104,classic,jev_guarded,104,68,straight,600,38,422.11
classic-jev_guarded-104,classic,jev_guarded,104,69,straight,600,38,460.09
classic-jev_guarded-104,classic,jev_guarded,104,70,straight,600,38,386.04
classic-jev_guarded-104,classic,jev_guarded,104,71,left,600,38,331.09
classic-jev_guarded-104,classic,jev_guarded,104,72,straight,600,38,331.46
classic-jev_guarded-104,classic,jev_guarded,104,73,straight,606,38,324.25
classic-jev_guarded-104,classic,jev_guarded,104,74,straight,606,38,352.39
classic-jev_guarded-104,classic,jev_guarded,104,75,straight,606,38,420.21
classic-jev_guarded-104,classic,jev_guarded,104,76,straight,606,38,325.82
classic-jev_guarded-104,classic,jev_guarded,104,77,straight,606,38,339.65
classic-jev_guarded-104,classic,jev_guarded,104,78,straight,606,38,351.94
classic-jev_guarded-104,classic,jev_guarded,104,79,straight,607,38,329.39
classic-jev_guarded-104,classic,jev_guarded,104,80,right,610,38,378.31
classic-jev_guarded-104,classic,jev_guarded,104,81,straight,610,38,362.31
classic-jev_guarded-104,classic,jev_guarded,104,82,straight,611,38,306.75
classic-jev_guarded-104,classic,jev_guarded,104,83,straight,617,38,363.01
classic-jev_guarded-104,classic,jev_guarded,104,84,straight,619,38,330.96
classic-jev_guarded-104,classic,jev_guarded,104,85,straight,623,38,338.14
classic-jev_guarded-104,classic,jev_guarded,104,86,right,595,31,353.53
classic-jev_guarded-104,classic,jev_guarded,104,87,straight,594,31,319.98
classic-jev_guarded-104,classic,jev_guarded,104,88,straight,594,31,345.25
classic-jev_guarded-104,classic,jev_guarded,104,89,straight,594,31,318.06
classic-jev_guarded-104,classic,jev_guarded,104,90,straight,594,31,348.63
classic-jev_guarded-104,classic,jev_guarded,104,91,straight,594,31,337.91
classic-jev_guarded-104,classic,jev_guarded,104,92,straight,593,31,342.14
classic-jev_guarded-104,classic,jev_guarded,104,93,straight,593,31,305.74
classic-jev_guarded-104,classic,jev_guarded,104,94,straight,593,31,340.72
classic-jev_guarded-104,classic,jev_guarded,104,95,right,593,31,348.64
classic-jev_guarded-104,classic,jev_guarded,104,96,straight,621,38,378.33
classic-jev_guarded-104,classic,jev_guarded,104,97,straight,618,38,376.68
classic-jev_guarded-104,classic,jev_guarded,104,98,straight,617,38,336.46
classic-jev_guarded-104,classic,jev_guarded,104,99,straight,616,38,390.32
classic-jev_guarded-104,classic,jev_guarded,104,100,straight,615,38,345.52
classic-jev_guarded-104,classic,jev_guarded,104,101,straight,615,38,393.55
classic-jev_guarded-104,classic,jev_guarded,104,102,straight,614,38,315.99
classic-jev_guarded-104,classic,jev_guarded,104,103,straight,613,38,397.97
classic-jev_guarded-104,classic,jev_guarded,104,104,straight,613,38,394.39
classic-jev_guarded-104,classic,jev_guarded,104,105,right,613,38,344.13
classic-jev_guarded-104,classic,jev_guarded,104,106,straight,613,38,403.08
classic-jev_guarded-104,classic,jev_guarded,104,107,straight,613,38,425.38
classic-jev_guarded-104,classic,jev_guarded,104,108,straight,613,38,383.41
classic-jev_guarded-104,classic,jev_guarded,104,109,straight,613,38,335.12
classic-jev_guarded-104,classic,jev_guarded,104,110,straight,613,38,356.39
classic-jev_guarded-104,classic,jev_guarded,104,111,straight,613,38,941.32
classic-jev_guarded-104,classic,jev_guarded,104,112,straight,613,38,342.58
classic-jev_guarded-104,classic,jev_guarded,104,113,straight,614,38,363.57
classic-jev_guarded-104,classic,jev_guarded,104,114,right,617,38,351.57
classic-jev_guarded-104,classic,jev_guarded,104,115,straight,617,38,325.09
classic-jev_guarded-104,classic,jev_guarded,104,116,straight,618,38,317.47
classic-jev_guarded-104,classic,jev_guarded,104,117,straight,619,38,370.34
classic-jev_guarded-104,classic,jev_guarded,104,118,straight,620,38,316.57
classic-jev_guarded-104,classic,jev_guarded,104,119,straight,621,38,492.31
classic-jev_guarded-104,classic,jev_guarded,104,120,right,622,38,373.96
classic-jev_guarded-104,classic,jev_guarded,104,121,straight,619,38,481.46
classic-jev_guarded-104,classic,jev_guarded,104,122,straight,618,38,331.96
classic-jev_guarded-104,classic,jev_guarded,104,123,straight,617,38,358.69
classic-jev_guarded-104,classic,jev_guarded,104,124,straight,616,38,316.68
classic-jev_guarded-104,classic,jev_guarded,104,125,straight,621,38,405.57
classic-jev_guarded-104,classic,jev_guarded,104,126,straight,620,38,384.85
classic-jev_guarded-104,classic,jev_guarded,104,127,straight,619,38,391.66
classic-jev_guarded-104,classic,jev_guarded,104,128,straight,618,38,337.38
classic-jev_guarded-104,classic,jev_guarded,104,129,right,618,38,389.07
classic-jev_guarded-104,classic,jev_guarded,104,130,straight,618,38,389.83
classic-jev_guarded-104,classic,jev_guarded,104,131,straight,618,38,441.15
classic-jev_guarded-104,classic,jev_guarded,104,132,straight,618,38,408.68
classic-jev_guarded-104,classic,jev_guarded,104,133,straight,618,38,372.3
classic-jev_guarded-104,classic,jev_guarded,104,134,left,618,38,381.93
classic-jev_guarded-104,classic,jev_guarded,104,135,right,591,31,370.39
classic-jev_guarded-104,classic,jev_guarded,104,136,straight,591,31,432.64
classic-jev_guarded-104,classic,jev_guarded,104,138,straight,596,31,383.21
classic-jev_guarded-104,classic,jev_guarded,104,139,right,596,31,316.94
classic-jev_guarded-104,classic,jev_guarded,104,140,straight,624,38,352.59
classic-jev_guarded-104,classic,jev_guarded,104,141,straight,596,31,340.33
classic-jev_guarded-104,classic,jev_guarded,104,142,straight,630,38,310.58
classic-jev_guarded-104,classic,jev_guarded,104,143,straight,630,38,341.37
classic-jev_guarded-104,classic,jev_guarded,104,144,straight,630,38,397.1
classic-jev_guarded-104,classic,jev_guarded,104,145,straight,630,38,340.44
classic-jev_guarded-104,classic,jev_guarded,104,146,right,630,38,347.0
classic-jev_guarded-104,classic,jev_guarded,104,147,straight,630,38,402.69
classic-jev_guarded-104,classic,jev_guarded,104,148,left,602,31,316.86
classic-jev_guarded-104,classic,jev_guarded,104,149,straight,602,31,329.57
classic-jev_guarded-104,classic,jev_guarded,104,150,straight,603,31,342.06
classic-jev_guarded-104,classic,jev_guarded,104,151,straight,605,31,448.03
classic-jev_guarded-104,classic,jev_guarded,104,153,straight,608,31,379.31
classic-jev_guarded-104,classic,jev_guarded,104,154,straight,609,31,377.42
classic-jev_guarded-104,classic,jev_guarded,104,155,straight,610,31,327.21
classic-jev_guarded-104,classic,jev_guarded,104,156,left,611,31,410.77
classic-jev_guarded-104,classic,jev_guarded,104,157,straight,640,38,439.94
classic-jev_guarded-104,classic,jev_guarded,104,158,straight,638,38,441.99
classic-jev_guarded-104,classic,jev_guarded,104,159,straight,638,38,316.41
classic-jev_guarded-104,classic,jev_guarded,104,160,straight,638,38,297.55
classic-jev_guarded-104,classic,jev_guarded,104,161,straight,637,38,413.05
classic-jev_guarded-104,classic,jev_guarded,104,162,straight,636,38,494.97
classic-jev_guarded-104,classic,jev_guarded,104,163,straight,635,38,388.26
classic-jev_guarded-104,classic,jev_guarded,104,164,straight,634,38,352.14
classic-jev_guarded-104,classic,jev_guarded,104,165,straight,633,38,397.0
classic-jev_guarded-104,classic,jev_guarded,104,166,straight,632,38,333.57
classic-jev_guarded-104,classic,jev_guarded,104,167,left,603,31,365.33
classic-jev_guarded-104,classic,jev_guarded,104,168,straight,603,31,321.99
classic-jev_guarded-104,classic,jev_guarded,104,169,straight,603,31,350.47
classic-jev_guarded-104,classic,jev_guarded,104,170,left,603,31,336.31
classic-jev_guarded-104,classic,jev_guarded,104,171,left,631,38,329.66
classic-jev_guarded-104,classic,jev_guarded,104,172,straight,603,31,323.2
classic-jev_guarded-104,classic,jev_guarded,104,174,straight,631,38,348.25
classic-jev_guarded-104,classic,jev_guarded,104,175,left,631,38,316.6
classic-jev_guarded-104,classic,jev_guarded,104,176,straight,631,38,323.27
classic-jev_guarded-104,classic,jev_guarded,104,177,straight,631,38,333.89
classic-jev_guarded-104,classic,jev_guarded,104,178,straight,631,38,412.5
classic-jev_guarded-104,classic,jev_guarded,104,179,left,631,38,335.39
classic-jev_guarded-104,classic,jev_guarded,104,180,straight,631,38,398.91
classic-jev_guarded-104,classic,jev_guarded,104,181,straight,631,38,334.04
dense-jev_direct-108,dense,jev_direct,108,1,straight,736,38,355.25
dense-jev_direct-108,dense,jev_direct,108,2,straight,736,38,266.6
dense-jev_direct-108,dense,jev_direct,108,3,straight,736,38,308.79
dense-jev_direct-108,dense,jev_direct,108,4,straight,736,38,344.44
dense-jev_direct-108,dense,jev_direct,108,5,straight,736,38,361.42
dense-jev_direct-108,dense,jev_direct,108,6,straight,736,38,444.29
dense-jev_direct-108,dense,jev_direct,108,7,right,736,38,362.69
dense-jev_direct-108,dense,jev_direct,108,8,right,736,38,340.3
dense-jev_direct-108,dense,jev_direct,108,9,straight,742,38,316.19
dense-jev_direct-108,dense,jev_direct,108,10,straight,742,38,360.0
dense-jev_direct-108,dense,jev_direct,108,11,straight,743,38,307.5
dense-jev_direct-108,dense,jev_direct,108,12,straight,743,38,341.17
dense-jev_direct-108,dense,jev_direct,108,13,right,743,38,330.29
dense-jev_direct-108,dense,jev_direct,108,14,right,743,38,358.81
dense-jev_direct-108,dense,jev_direct,108,15,straight,743,38,441.95
dense-jev_direct-108,dense,jev_direct,108,16,straight,743,38,286.17
dense-jev_direct-108,dense,jev_direct,108,17,straight,743,38,404.01
dense-jev_direct-108,dense,jev_direct,108,18,straight,743,38,302.85
dense-jev_direct-108,dense,jev_direct,108,19,right,744,38,323.8
dense-jev_direct-108,dense,jev_direct,108,20,straight,744,38,311.28
dense-jev_direct-108,dense,jev_direct,108,21,straight,744,38,318.17
dense-jev_direct-108,dense,jev_direct,108,22,straight,745,38,330.08
dense-jev_direct-108,dense,jev_direct,108,23,straight,748,38,632.38
dense-jev_direct-108,dense,jev_direct,108,24,right,749,38,311.87
dense-jev_direct-108,dense,jev_direct,108,25,straight,750,38,307.89
dense-jev_direct-108,dense,jev_direct,108,26,straight,751,38,376.35
dense-jev_direct-108,dense,jev_direct,108,27,straight,751,38,374.79
dense-jev_direct-108,dense,jev_direct,108,28,straight,751,38,323.51
dense-jev_direct-108,dense,jev_direct,108,29,straight,751,38,380.91
dense-jev_direct-108,dense,jev_direct,108,30,straight,751,38,310.65
dense-jev_direct-108,dense,jev_direct,108,31,straight,751,38,368.93
dense-jev_direct-108,dense,jev_direct,108,32,straight,751,38,310.31
dense-jev_direct-108,dense,jev_direct,108,33,straight,752,38,326.62
dense-jev_direct-108,dense,jev_direct,108,34,straight,755,38,333.97
dense-jev_direct-108,dense,jev_direct,108,35,right,756,38,340.17
dense-jev_direct-108,dense,jev_direct,108,36,right,756,38,282.03
dense-jev_direct-108,dense,jev_direct,108,37,straight,756,38,461.72
dense-jev_direct-108,dense,jev_direct,108,38,straight,753,38,344.53
dense-jev_direct-108,dense,jev_direct,108,39,straight,752,38,360.27
dense-jev_direct-108,dense,jev_direct,108,40,straight,751,38,323.23
dense-jev_direct-108,dense,jev_direct,108,41,straight,750,38,359.87
dense-jev_direct-108,dense,jev_direct,108,42,straight,750,38,407.86
dense-jev_direct-108,dense,jev_direct,108,43,straight,750,38,342.47
dense-jev_direct-108,dense,jev_direct,108,44,straight,750,38,368.2
dense-jev_direct-104,dense,jev_direct,104,1,straight,739,38,371.69
dense-jev_direct-104,dense,jev_direct,104,2,straight,739,38,274.24
dense-jev_direct-104,dense,jev_direct,104,3,left,739,38,310.96
dense-jev_direct-104,dense,jev_direct,104,4,left,739,38,369.83
dense-jev_direct-104,dense,jev_direct,104,5,straight,739,38,393.8
dense-jev_direct-104,dense,jev_direct,104,6,straight,739,38,346.04
dense-jev_direct-104,dense,jev_direct,104,7,straight,739,38,329.74
dense-jev_direct-104,dense,jev_direct,104,8,straight,739,38,291.78
dense-jev_direct-104,dense,jev_direct,104,9,straight,740,38,364.58
dense-jev_direct-104,dense,jev_direct,104,10,left,743,38,370.83
dense-jev_direct-104,dense,jev_direct,104,11,left,745,38,286.49
dense-jev_direct-104,dense,jev_direct,104,12,straight,743,38,323.28
dense-jev_direct-104,dense,jev_direct,104,13,straight,742,38,309.32
dense-jev_direct-104,dense,jev_direct,104,14,straight,741,38,377.82
dense-jev_direct-104,dense,jev_direct,104,15,straight,741,38,300.07
dense-jev_direct-104,dense,jev_direct,104,16,straight,741,38,336.08
dense-jev_direct-104,dense,jev_direct,104,17,left,741,38,328.23
dense-jev_direct-104,dense,jev_direct,104,18,left,741,38,290.19
dense-jev_direct-104,dense,jev_direct,104,19,straight,741,38,307.04
dense-jev_direct-104,dense,jev_direct,104,20,straight,741,38,310.33
dense-jev_direct-104,dense,jev_direct,104,21,straight,741,38,343.62
dense-jev_direct-104,dense,jev_direct,104,22,straight,741,38,309.21
dense-jev_direct-104,dense,jev_direct,104,23,straight,742,38,1482.27
dense-jev_direct-104,dense,jev_direct,104,24,right,745,38,873.48
dense-jev_direct-104,dense,jev_direct,104,25,straight,745,38,311.87
dense-jev_direct-104,dense,jev_direct,104,26,straight,746,38,327.62
dense-jev_direct-104,dense,jev_direct,104,27,straight,746,38,371.7
open-jev_guarded-104,open,jev_guarded,104,1,straight,586,38,318.71
open-jev_guarded-104,open,jev_guarded,104,2,straight,586,38,303.74
open-jev_guarded-104,open,jev_guarded,104,3,straight,586,38,359.56
open-jev_guarded-104,open,jev_guarded,104,4,straight,586,38,294.29
open-jev_guarded-104,open,jev_guarded,104,5,straight,586,38,324.46
open-jev_guarded-104,open,jev_guarded,104,6,straight,586,38,296.45
open-jev_guarded-104,open,jev_guarded,104,7,left,587,38,295.28
open-jev_guarded-104,open,jev_guarded,104,8,straight,593,38,327.7
open-jev_guarded-104,open,jev_guarded,104,9,straight,593,38,344.76
open-jev_guarded-104,open,jev_guarded,104,10,straight,593,38,451.18
open-jev_guarded-104,open,jev_guarded,104,11,straight,594,38,317.3
open-jev_guarded-104,open,jev_guarded,104,12,straight,594,38,494.91
open-jev_guarded-104,open,jev_guarded,104,13,straight,595,38,342.23
open-jev_guarded-104,open,jev_guarded,104,14,straight,598,38,361.57
open-jev_guarded-104,open,jev_guarded,104,15,straight,598,38,319.23
open-jev_guarded-104,open,jev_guarded,104,16,straight,596,38,351.68
open-jev_guarded-104,open,jev_guarded,104,17,straight,596,38,343.65
open-jev_guarded-104,open,jev_guarded,104,18,straight,596,38,451.08
open-jev_guarded-104,open,jev_guarded,104,19,left,595,38,349.6
open-jev_guarded-104,open,jev_guarded,104,20,straight,594,38,344.26
open-jev_guarded-104,open,jev_guarded,104,21,straight,594,38,330.54
open-jev_guarded-104,open,jev_guarded,104,22,straight,594,38,398.48
open-jev_guarded-104,open,jev_guarded,104,23,straight,599,38,412.99
open-jev_guarded-104,open,jev_guarded,104,24,right,599,38,382.25
open-jev_guarded-104,open,jev_guarded,104,25,straight,599,38,410.92
open-jev_guarded-104,open,jev_guarded,104,26,straight,599,38,443.65
open-jev_guarded-104,open,jev_guarded,104,27,straight,606,38,414.39
open-jev_guarded-104,open,jev_guarded,104,28,straight,606,38,353.52
open-jev_guarded-104,open,jev_guarded,104,29,straight,606,38,384.29
open-jev_guarded-104,open,jev_guarded,104,30,straight,607,38,326.42
open-jev_guarded-104,open,jev_guarded,104,31,straight,610,38,335.46
open-jev_guarded-104,open,jev_guarded,104,32,straight,610,38,419.84
open-jev_guarded-104,open,jev_guarded,104,33,left,608,38,460.46
open-jev_guarded-104,open,jev_guarded,104,34,straight,609,38,361.82
open-jev_guarded-104,open,jev_guarded,104,35,left,609,38,351.41
open-jev_guarded-104,open,jev_guarded,104,36,right,612,38,363.99
open-jev_guarded-104,open,jev_guarded,104,37,left,617,38,375.38
open-jev_guarded-104,open,jev_guarded,104,38,left,617,38,320.65
open-jev_guarded-104,open,jev_guarded,104,39,straight,588,31,359.67
open-jev_guarded-104,open,jev_guarded,104,40,straight,618,38,321.43
open-jev_guarded-104,open,jev_guarded,104,41,straight,619,38,334.74
open-jev_guarded-104,open,jev_guarded,104,42,straight,620,38,311.87
open-jev_guarded-104,open,jev_guarded,104,43,straight,620,38,388.21
open-jev_guarded-104,open,jev_guarded,104,44,straight,620,38,301.92
open-jev_guarded-104,open,jev_guarded,104,45,straight,620,38,398.05
open-jev_guarded-104,open,jev_guarded,104,46,straight,621,38,331.29
open-jev_guarded-104,open,jev_guarded,104,47,straight,625,38,440.98
open-jev_guarded-104,open,jev_guarded,104,48,straight,625,38,368.74
open-jev_guarded-104,open,jev_guarded,104,49,straight,623,38,448.71
open-jev_guarded-104,open,jev_guarded,104,50,straight,623,38,334.47
open-jev_guarded-104,open,jev_guarded,104,51,left,623,38,371.47
open-jev_guarded-104,open,jev_guarded,104,52,straight,623,38,364.92
open-jev_guarded-104,open,jev_guarded,104,53,straight,620,38,358.7
open-jev_guarded-104,open,jev_guarded,104,54,straight,618,38,446.37
open-jev_guarded-104,open,jev_guarded,104,55,straight,616,38,340.08
open-jev_guarded-104,open,jev_guarded,104,56,straight,615,38,379.42
open-jev_guarded-104,open,jev_guarded,104,57,straight,614,38,363.26
open-jev_guarded-104,open,jev_guarded,104,58,straight,619,38,425.2
open-jev_guarded-104,open,jev_guarded,104,59,straight,618,38,322.06
open-jev_guarded-104,open,jev_guarded,104,60,straight,617,38,286.83
open-jev_guarded-104,open,jev_guarded,104,61,straight,617,38,308.71
open-jev_guarded-104,open,jev_guarded,104,62,right,618,38,343.6
open-jev_guarded-104,open,jev_guarded,104,63,straight,618,38,397.65
open-jev_guarded-104,open,jev_guarded,104,64,straight,618,38,400.25
open-jev_guarded-104,open,jev_guarded,104,65,straight,618,38,341.45
open-jev_guarded-104,open,jev_guarded,104,66,straight,618,38,382.45
open-jev_guarded-104,open,jev_guarded,104,67,straight,618,38,333.33
open-jev_guarded-104,open,jev_guarded,104,68,straight,619,38,407.29
open-jev_guarded-104,open,jev_guarded,104,69,right,620,38,397.64
open-jev_guarded-104,open,jev_guarded,104,70,straight,624,38,398.23
open-jev_guarded-104,open,jev_guarded,104,71,straight,624,38,328.92
open-jev_guarded-104,open,jev_guarded,104,72,right,624,38,343.73
open-jev_guarded-104,open,jev_guarded,104,73,right,623,38,305.93
open-jev_guarded-104,open,jev_guarded,104,74,straight,595,31,534.83
open-jev_guarded-104,open,jev_guarded,104,76,straight,623,38,407.6
open-jev_guarded-104,open,jev_guarded,104,77,straight,629,38,419.71
open-jev_guarded-104,open,jev_guarded,104,78,left,629,38,397.0
open-jev_guarded-104,open,jev_guarded,104,79,straight,629,38,377.96
open-jev_guarded-104,open,jev_guarded,104,80,straight,629,38,305.77
open-jev_guarded-104,open,jev_guarded,104,81,straight,629,38,338.69
open-jev_guarded-104,open,jev_guarded,104,82,straight,629,38,329.72
open-jev_guarded-104,open,jev_guarded,104,83,straight,629,38,461.91
open-jev_guarded-104,open,jev_guarded,104,84,straight,629,38,310.58
open-jev_guarded-104,open,jev_guarded,104,85,left,629,38,325.5
open-jev_guarded-104,open,jev_guarded,104,86,straight,629,38,346.39
open-jev_guarded-104,open,jev_guarded,104,87,straight,630,38,367.88
open-jev_guarded-104,open,jev_guarded,104,88,straight,630,38,399.71
dense-jev_direct-102,dense,jev_direct,102,1,straight,741,38,299.97
dense-jev_direct-102,dense,jev_direct,102,2,straight,741,38,355.69
dense-jev_direct-102,dense,jev_direct,102,3,straight,741,38,317.81
dense-jev_direct-102,dense,jev_direct,102,4,straight,741,38,311.08
dense-jev_direct-102,dense,jev_direct,102,5,straight,741,38,396.64
dense-jev_direct-102,dense,jev_direct,102,6,straight,741,38,348.1
obstacles-jev_direct-101,obstacles,jev_direct,101,1,left,660,38,379.83
obstacles-jev_direct-101,obstacles,jev_direct,101,2,right,660,38,385.19
obstacles-jev_direct-101,obstacles,jev_direct,101,3,straight,660,38,315.2
obstacles-jev_direct-101,obstacles,jev_direct,101,4,right,660,38,349.02
obstacles-jev_direct-101,obstacles,jev_direct,101,5,straight,667,38,372.94
obstacles-jev_direct-101,obstacles,jev_direct,101,6,straight,667,38,329.26
obstacles-jev_direct-101,obstacles,jev_direct,101,7,straight,667,38,317.16
obstacles-jev_direct-101,obstacles,jev_direct,101,8,straight,668,38,380.09
obstacles-jev_direct-101,obstacles,jev_direct,101,9,right,671,38,331.11
obstacles-jev_direct-101,obstacles,jev_direct,101,10,straight,671,38,412.72
obstacles-jev_direct-101,obstacles,jev_direct,101,11,straight,673,38,368.01
obstacles-jev_direct-101,obstacles,jev_direct,101,12,straight,674,38,352.74
obstacles-jev_direct-101,obstacles,jev_direct,101,13,straight,680,38,366.91
obstacles-jev_direct-101,obstacles,jev_direct,101,14,straight,681,38,314.11
obstacles-jev_direct-101,obstacles,jev_direct,101,15,straight,684,38,376.21
obstacles-jev_direct-101,obstacles,jev_direct,101,16,left,685,38,418.47
obstacles-jev_direct-101,obstacles,jev_direct,101,17,left,687,38,510.74
obstacles-jev_direct-101,obstacles,jev_direct,101,18,straight,687,38,400.62
obstacles-jev_direct-101,obstacles,jev_direct,101,19,straight,685,38,480.65
obstacles-jev_direct-101,obstacles,jev_direct,101,20,straight,684,38,383.99
obstacles-jev_direct-101,obstacles,jev_direct,101,21,straight,683,38,404.12
obstacles-jev_direct-101,obstacles,jev_direct,101,22,straight,682,38,351.69
obstacles-jev_direct-101,obstacles,jev_direct,101,23,straight,682,38,397.37
obstacles-jev_direct-101,obstacles,jev_direct,101,24,straight,682,38,483.92
obstacles-jev_direct-101,obstacles,jev_direct,101,25,straight,682,38,277.09
obstacles-jev_direct-101,obstacles,jev_direct,101,26,straight,682,38,340.23
obstacles-jev_direct-101,obstacles,jev_direct,101,27,straight,682,38,302.99
obstacles-jev_direct-101,obstacles,jev_direct,101,28,left,682,38,337.73
obstacles-jev_direct-101,obstacles,jev_direct,101,29,left,681,38,482.14
obstacles-jev_direct-101,obstacles,jev_direct,101,30,straight,681,38,657.26
obstacles-jev_direct-101,obstacles,jev_direct,101,31,straight,681,38,277.33
obstacles-jev_direct-101,obstacles,jev_direct,101,32,straight,681,38,329.3
obstacles-jev_direct-101,obstacles,jev_direct,101,33,straight,681,38,331.26
obstacles-jev_direct-101,obstacles,jev_direct,101,34,straight,681,38,340.0
obstacles-jev_direct-101,obstacles,jev_direct,101,35,straight,681,38,331.71
obstacles-jev_direct-101,obstacles,jev_direct,101,36,straight,681,38,329.66
obstacles-jev_direct-101,obstacles,jev_direct,101,37,straight,681,38,362.91
obstacles-jev_direct-101,obstacles,jev_direct,101,38,straight,682,38,604.25
obstacles-jev_direct-101,obstacles,jev_direct,101,39,straight,685,38,353.93
obstacles-jev_direct-101,obstacles,jev_direct,101,40,left,686,38,424.6
obstacles-jev_direct-101,obstacles,jev_direct,101,41,left,688,38,463.47
obstacles-jev_direct-101,obstacles,jev_direct,101,42,straight,688,38,337.42
obstacles-jev_direct-101,obstacles,jev_direct,101,43,straight,686,38,323.65
obstacles-jev_direct-101,obstacles,jev_direct,101,44,straight,685,38,374.45
obstacles-jev_direct-101,obstacles,jev_direct,101,45,straight,684,38,321.86
obstacles-jev_direct-101,obstacles,jev_direct,101,46,straight,683,38,334.88
obstacles-jev_direct-101,obstacles,jev_direct,101,47,straight,682,38,408.99
obstacles-jev_direct-101,obstacles,jev_direct,101,48,straight,682,38,357.39
obstacles-jev_direct-101,obstacles,jev_direct,101,49,straight,682,38,359.32
obstacles-jev_direct-101,obstacles,jev_direct,101,50,straight,682,38,407.45
obstacles-jev_direct-101,obstacles,jev_direct,101,51,straight,682,38,400.51
obstacles-jev_direct-101,obstacles,jev_direct,101,52,left,682,38,361.03
obstacles-jev_direct-101,obstacles,jev_direct,101,53,left,681,38,420.87
obstacles-jev_direct-101,obstacles,jev_direct,101,54,straight,681,38,319.82
obstacles-jev_direct-101,obstacles,jev_direct,101,55,straight,681,38,380.04
obstacles-jev_direct-101,obstacles,jev_direct,101,56,straight,681,38,299.23
obstacles-jev_direct-101,obstacles,jev_direct,101,57,straight,681,38,357.18
obstacles-jev_direct-101,obstacles,jev_direct,101,58,straight,681,38,449.63
obstacles-jev_direct-101,obstacles,jev_direct,101,59,straight,681,38,387.85
obstacles-jev_direct-101,obstacles,jev_direct,101,60,straight,681,38,373.41
obstacles-jev_direct-101,obstacles,jev_direct,101,61,straight,681,38,388.18
obstacles-jev_direct-101,obstacles,jev_direct,101,62,straight,682,38,330.17
open-jev_guarded-102,open,jev_guarded,102,1,straight,586,38,411.0
open-jev_guarded-102,open,jev_guarded,102,2,straight,586,38,356.29
open-jev_guarded-102,open,jev_guarded,102,3,straight,586,38,432.94
open-jev_guarded-102,open,jev_guarded,102,4,left,586,38,337.28
open-jev_guarded-102,open,jev_guarded,102,5,straight,586,38,453.71
open-jev_guarded-102,open,jev_guarded,102,6,straight,586,38,445.32
open-jev_guarded-102,open,jev_guarded,102,7,straight,586,38,485.26
open-jev_guarded-102,open,jev_guarded,102,8,straight,586,38,341.04
open-jev_guarded-102,open,jev_guarded,102,9,straight,593,38,304.8
open-jev_guarded-102,open,jev_guarded,102,10,straight,594,38,357.26
open-jev_guarded-102,open,jev_guarded,102,11,straight,598,38,446.06
open-jev_guarded-102,open,jev_guarded,102,12,straight,598,38,573.33
open-jev_guarded-102,open,jev_guarded,102,13,straight,596,38,311.0
open-jev_guarded-102,open,jev_guarded,102,14,straight,596,38,399.32
open-jev_guarded-102,open,jev_guarded,102,15,straight,595,38,387.41
open-jev_guarded-102,open,jev_guarded,102,16,straight,594,38,387.56
open-jev_guarded-102,open,jev_guarded,102,17,straight,594,38,300.38
open-jev_guarded-102,open,jev_guarded,102,18,straight,594,38,324.72
open-jev_guarded-102,open,jev_guarded,102,19,straight,595,38,334.28
open-jev_guarded-102,open,jev_guarded,102,20,straight,595,38,332.64
open-jev_guarded-102,open,jev_guarded,102,21,straight,595,38,314.86
open-jev_guarded-102,open,jev_guarded,102,22,straight,596,38,411.55
open-jev_guarded-102,open,jev_guarded,102,23,straight,599,38,526.76
open-jev_guarded-102,open,jev_guarded,102,24,straight,599,38,312.72
open-jev_guarded-102,open,jev_guarded,102,25,straight,597,38,328.38
open-jev_guarded-102,open,jev_guarded,102,26,straight,597,38,339.67
open-jev_guarded-102,open,jev_guarded,102,27,straight,596,38,318.09
open-jev_guarded-102,open,jev_guarded,102,28,straight,595,38,351.38
open-jev_guarded-102,open,jev_guarded,102,29,straight,595,38,403.51
open-jev_guarded-102,open,jev_guarded,102,30,straight,595,38,328.69
open-jev_guarded-102,open,jev_guarded,102,31,straight,595,38,462.49
open-jev_guarded-102,open,jev_guarded,102,32,straight,595,38,395.4
open-jev_guarded-102,open,jev_guarded,102,33,straight,595,38,339.61
open-jev_guarded-102,open,jev_guarded,102,34,straight,596,38,336.75
open-jev_guarded-102,open,jev_guarded,102,35,straight,599,38,414.85
open-jev_guarded-102,open,jev_guarded,102,36,straight,599,38,408.38
open-jev_guarded-102,open,jev_guarded,102,37,straight,597,38,305.67
open-jev_guarded-102,open,jev_guarded,102,38,straight,597,38,323.01
open-jev_guarded-102,open,jev_guarded,102,39,straight,596,38,337.88
open-jev_guarded-102,open,jev_guarded,102,40,straight,595,38,341.29
open-jev_guarded-102,open,jev_guarded,102,41,straight,595,38,372.59
open-jev_guarded-102,open,jev_guarded,102,42,straight,595,38,346.01
open-jev_guarded-102,open,jev_guarded,102,43,straight,595,38,305.03
open-jev_guarded-102,open,jev_guarded,102,44,straight,595,38,341.63
open-jev_guarded-102,open,jev_guarded,102,45,straight,595,38,317.76
open-jev_guarded-102,open,jev_guarded,102,46,straight,596,38,314.2
open-jev_guarded-102,open,jev_guarded,102,47,straight,599,38,397.92
open-jev_guarded-102,open,jev_guarded,102,48,straight,599,38,436.86
open-jev_guarded-102,open,jev_guarded,102,49,straight,597,38,342.74
open-jev_guarded-102,open,jev_guarded,102,50,straight,597,38,353.12
open-jev_guarded-102,open,jev_guarded,102,51,straight,596,38,351.68
open-jev_guarded-102,open,jev_guarded,102,52,straight,595,38,365.4
open-jev_guarded-102,open,jev_guarded,102,53,straight,595,38,425.9
open-jev_guarded-102,open,jev_guarded,102,54,straight,595,38,321.79
open-jev_guarded-102,open,jev_guarded,102,55,straight,595,38,338.91
open-jev_guarded-102,open,jev_guarded,102,56,straight,595,38,299.03
open-jev_guarded-102,open,jev_guarded,102,57,straight,595,38,345.23
open-jev_guarded-102,open,jev_guarded,102,58,straight,596,38,380.26
dense-jev_guarded-102,dense,jev_guarded,102,1,straight,713,31,381.43
dense-jev_guarded-102,dense,jev_guarded,102,2,straight,741,38,365.84
dense-jev_guarded-102,dense,jev_guarded,102,3,straight,741,38,321.43
dense-jev_guarded-102,dense,jev_guarded,102,4,straight,713,31,361.94
dense-jev_guarded-102,dense,jev_guarded,102,5,straight,713,31,308.41
dense-jev_guarded-102,dense,jev_guarded,102,6,left,713,31,479.5
dense-jev_guarded-102,dense,jev_guarded,102,10,straight,713,31,409.93
dense-jev_guarded-102,dense,jev_guarded,102,12,left,743,38,386.1
dense-jev_guarded-102,dense,jev_guarded,102,13,right,715,31,585.21
dense-jev_guarded-102,dense,jev_guarded,102,14,straight,743,38,384.51
dense-jev_guarded-102,dense,jev_guarded,102,15,left,743,38,321.71
dense-jev_guarded-102,dense,jev_guarded,102,16,left,743,38,375.73
dense-jev_guarded-102,dense,jev_guarded,102,18,straight,743,38,319.53
dense-jev_guarded-102,dense,jev_guarded,102,19,straight,743,38,496.35
dense-jev_guarded-102,dense,jev_guarded,102,20,straight,743,38,354.26
dense-jev_guarded-102,dense,jev_guarded,102,21,left,721,31,332.97
dense-jev_guarded-102,dense,jev_guarded,102,22,straight,721,31,719.82
dense-jev_guarded-102,dense,jev_guarded,102,23,straight,721,31,336.71
dense-jev_guarded-102,dense,jev_guarded,102,24,straight,721,31,340.67
dense-jev_guarded-102,dense,jev_guarded,102,25,straight,721,31,350.25
dense-jev_guarded-102,dense,jev_guarded,102,26,straight,721,31,541.05
dense-jev_guarded-102,dense,jev_guarded,102,29,right,722,31,339.94
dense-jev_guarded-102,dense,jev_guarded,102,30,straight,724,31,334.79
dense-jev_direct-101,dense,jev_direct,101,1,straight,734,38,328.05
dense-jev_direct-101,dense,jev_direct,101,2,right,734,38,354.36
dense-jev_direct-101,dense,jev_direct,101,3,straight,734,38,321.64
obstacles-jev_direct-103,obstacles,jev_direct,103,1,straight,665,38,311.62
obstacles-jev_direct-103,obstacles,jev_direct,103,2,straight,665,38,390.49
obstacles-jev_direct-103,obstacles,jev_direct,103,3,right,665,38,395.16
obstacles-jev_direct-103,obstacles,jev_direct,103,4,straight,665,38,356.46
obstacles-jev_direct-103,obstacles,jev_direct,103,5,straight,665,38,431.6
obstacles-jev_direct-103,obstacles,jev_direct,103,6,straight,666,38,331.69
obstacles-jev_direct-103,obstacles,jev_direct,103,7,straight,669,38,472.01
obstacles-jev_direct-103,obstacles,jev_direct,103,8,right,670,38,375.51
obstacles-jev_direct-103,obstacles,jev_direct,103,9,straight,671,38,362.86
obstacles-jev_direct-103,obstacles,jev_direct,103,10,right,671,38,350.64
obstacles-jev_direct-103,obstacles,jev_direct,103,11,left,672,38,407.62
obstacles-jev_direct-103,obstacles,jev_direct,103,12,straight,672,38,620.61
obstacles-jev_direct-103,obstacles,jev_direct,103,13,straight,672,38,387.21
obstacles-jev_direct-103,obstacles,jev_direct,103,14,straight,673,38,344.7
obstacles-jev_direct-103,obstacles,jev_direct,103,15,straight,681,38,348.95
obstacles-jev_direct-103,obstacles,jev_direct,103,16,left,682,38,293.58
obstacles-jev_direct-103,obstacles,jev_direct,103,17,left,684,38,363.01
obstacles-jev_direct-103,obstacles,jev_direct,103,18,straight,684,38,511.39
obstacles-jev_direct-103,obstacles,jev_direct,103,19,straight,681,38,339.18
obstacles-jev_direct-103,obstacles,jev_direct,103,20,straight,680,38,310.05
obstacles-jev_direct-103,obstacles,jev_direct,103,21,left,679,38,371.59
obstacles-jev_direct-103,obstacles,jev_direct,103,22,left,677,38,328.46
obstacles-jev_direct-103,obstacles,jev_direct,103,23,straight,677,38,286.52
obstacles-jev_direct-103,obstacles,jev_direct,103,24,straight,678,38,350.18
obstacles-jev_direct-103,obstacles,jev_direct,103,25,straight,682,38,421.13
obstacles-jev_direct-103,obstacles,jev_direct,103,26,left,683,38,382.45
obstacles-jev_direct-103,obstacles,jev_direct,103,27,left,685,38,336.32
obstacles-jev_direct-103,obstacles,jev_direct,103,28,straight,685,38,369.05
obstacles-jev_direct-103,obstacles,jev_direct,103,29,straight,682,38,403.67
obstacles-jev_direct-103,obstacles,jev_direct,103,30,left,681,38,369.83
obstacles-jev_direct-103,obstacles,jev_direct,103,31,right,679,38,290.08
obstacles-jev_direct-103,obstacles,jev_direct,103,32,straight,678,38,402.64
obstacles-jev_direct-103,obstacles,jev_direct,103,33,straight,678,38,298.56
obstacles-jev_direct-103,obstacles,jev_direct,103,34,straight,678,38,310.04
obstacles-jev_direct-103,obstacles,jev_direct,103,35,straight,678,38,334.67
obstacles-jev_direct-103,obstacles,jev_direct,103,36,straight,678,38,354.1
obstacles-jev_direct-103,obstacles,jev_direct,103,37,right,678,38,333.56
obstacles-jev_direct-103,obstacles,jev_direct,103,38,right,679,38,330.53
obstacles-jev_direct-103,obstacles,jev_direct,103,39,straight,679,38,383.82
obstacles-jev_direct-103,obstacles,jev_direct,103,40,straight,684,38,313.93
obstacles-jev_direct-103,obstacles,jev_direct,103,41,straight,684,38,395.25
obstacles-jev_direct-103,obstacles,jev_direct,103,42,straight,684,38,322.62
obstacles-jev_direct-103,obstacles,jev_direct,103,43,straight,684,38,372.74
obstacles-jev_direct-103,obstacles,jev_direct,103,44,straight,684,38,337.94
obstacles-jev_direct-103,obstacles,jev_direct,103,45,straight,685,38,352.17
obstacles-jev_direct-103,obstacles,jev_direct,103,46,straight,688,38,372.47
obstacles-jev_direct-103,obstacles,jev_direct,103,47,right,689,38,324.19
obstacles-jev_direct-103,obstacles,jev_direct,103,48,right,689,38,365.84
obstacles-jev_direct-103,obstacles,jev_direct,103,49,straight,689,38,322.8
obstacles-jev_direct-103,obstacles,jev_direct,103,50,straight,688,38,327.44
obstacles-jev_direct-103,obstacles,jev_direct,103,51,straight,687,38,342.75
obstacles-jev_direct-103,obstacles,jev_direct,103,52,straight,686,38,559.12
obstacles-jev_direct-103,obstacles,jev_direct,103,53,straight,685,38,390.25
obstacles-jev_direct-103,obstacles,jev_direct,103,54,straight,684,38,362.2
obstacles-jev_direct-103,obstacles,jev_direct,103,55,straight,684,38,315.21
obstacles-jev_direct-103,obstacles,jev_direct,103,56,straight,684,38,304.96
obstacles-jev_direct-103,obstacles,jev_direct,103,57,right,684,38,320.64
obstacles-jev_direct-103,obstacles,jev_direct,103,58,right,685,38,418.4
obstacles-jev_direct-103,obstacles,jev_direct,103,59,straight,685,38,615.61
obstacles-jev_direct-103,obstacles,jev_direct,103,60,straight,685,38,419.13
obstacles-jev_direct-103,obstacles,jev_direct,103,61,straight,685,38,340.26
obstacles-jev_direct-103,obstacles,jev_direct,103,62,straight,685,38,370.58
obstacles-jev_direct-103,obstacles,jev_direct,103,63,straight,685,38,345.39
obstacles-jev_direct-103,obstacles,jev_direct,103,64,straight,685,38,323.77
obstacles-jev_direct-103,obstacles,jev_direct,103,65,straight,686,38,355.81
obstacles-jev_direct-103,obstacles,jev_direct,103,66,straight,689,38,405.87
obstacles-jev_direct-103,obstacles,jev_direct,103,67,right,690,38,357.71
obstacles-jev_direct-103,obstacles,jev_direct,103,68,straight,690,38,349.9
obstacles-jev_direct-103,obstacles,jev_direct,103,69,straight,688,38,345.02
obstacles-jev_direct-103,obstacles,jev_direct,103,70,straight,688,38,381.61
obstacles-jev_direct-103,obstacles,jev_direct,103,71,straight,687,38,414.35
obstacles-jev_direct-103,obstacles,jev_direct,103,72,straight,686,38,415.19
obstacles-jev_direct-103,obstacles,jev_direct,103,73,straight,685,38,427.19
obstacles-jev_direct-103,obstacles,jev_direct,103,74,straight,685,38,329.94
obstacles-jev_direct-103,obstacles,jev_direct,103,75,straight,685,38,432.87
obstacles-jev_direct-103,obstacles,jev_direct,103,76,right,685,38,318.84
obstacles-jev_direct-103,obstacles,jev_direct,103,77,straight,684,38,344.11
obstacles-jev_direct-103,obstacles,jev_direct,103,78,straight,681,38,354.78
obstacles-jev_direct-103,obstacles,jev_direct,103,79,straight,680,38,1376.7
obstacles-jev_direct-103,obstacles,jev_direct,103,80,straight,679,38,312.97
obstacles-jev_direct-103,obstacles,jev_direct,103,81,straight,678,38,340.59
obstacles-jev_direct-103,obstacles,jev_direct,103,82,straight,677,38,339.24
obstacles-jev_direct-103,obstacles,jev_direct,103,83,straight,677,38,327.86
obstacles-jev_direct-103,obstacles,jev_direct,103,84,straight,677,38,381.02
obstacles-jev_direct-103,obstacles,jev_direct,103,85,straight,677,38,364.96
obstacles-jev_direct-103,obstacles,jev_direct,103,86,right,677,38,362.13
obstacles-jev_direct-103,obstacles,jev_direct,103,87,straight,677,38,377.27
obstacles-jev_direct-103,obstacles,jev_direct,103,88,straight,677,38,357.35
obstacles-jev_direct-103,obstacles,jev_direct,103,89,straight,677,38,383.01
obstacles-jev_guarded-104,obstacles,jev_guarded,104,1,left,665,38,332.26
obstacles-jev_guarded-104,obstacles,jev_guarded,104,2,straight,665,38,368.7
obstacles-jev_guarded-104,obstacles,jev_guarded,104,3,straight,665,38,411.2
obstacles-jev_guarded-104,obstacles,jev_guarded,104,4,left,637,31,354.51
obstacles-jev_guarded-104,obstacles,jev_guarded,104,5,straight,665,38,356.6
obstacles-jev_guarded-104,obstacles,jev_guarded,104,6,straight,665,38,314.31
obstacles-jev_guarded-104,obstacles,jev_guarded,104,7,straight,666,38,348.24
obstacles-jev_guarded-104,obstacles,jev_guarded,104,8,straight,669,38,346.84
obstacles-jev_guarded-104,obstacles,jev_guarded,104,10,straight,642,31,381.72
obstacles-jev_guarded-104,obstacles,jev_guarded,104,11,right,644,31,304.68
obstacles-jev_guarded-104,obstacles,jev_guarded,104,12,straight,672,38,334.33
obstacles-jev_guarded-104,obstacles,jev_guarded,104,13,straight,669,38,366.04
obstacles-jev_guarded-104,obstacles,jev_guarded,104,14,straight,668,38,364.9
obstacles-jev_guarded-104,obstacles,jev_guarded,104,15,right,639,31,392.81
obstacles-jev_guarded-104,obstacles,jev_guarded,104,16,straight,639,31,400.37
obstacles-jev_guarded-104,obstacles,jev_guarded,104,17,straight,667,38,377.97
obstacles-jev_guarded-104,obstacles,jev_guarded,104,18,straight,667,38,379.96
obstacles-jev_guarded-104,obstacles,jev_guarded,104,19,left,667,38,315.15
obstacles-jev_guarded-104,obstacles,jev_guarded,104,20,left,667,38,378.62
obstacles-jev_guarded-104,obstacles,jev_guarded,104,21,straight,667,38,444.48
obstacles-jev_guarded-104,obstacles,jev_guarded,104,22,left,639,31,387.52
obstacles-jev_guarded-104,obstacles,jev_guarded,104,23,straight,667,38,366.44
obstacles-jev_guarded-104,obstacles,jev_guarded,104,24,straight,667,38,365.35
obstacles-jev_guarded-104,obstacles,jev_guarded,104,25,straight,668,38,377.04
obstacles-jev_guarded-104,obstacles,jev_guarded,104,26,straight,671,38,341.04
obstacles-jev_guarded-104,obstacles,jev_guarded,104,28,straight,644,31,387.27
obstacles-jev_guarded-104,obstacles,jev_guarded,104,29,straight,644,31,361.36
obstacles-jev_guarded-104,obstacles,jev_guarded,104,31,straight,643,31,341.84
obstacles-jev_guarded-104,obstacles,jev_guarded,104,32,straight,641,31,353.97
obstacles-jev_guarded-104,obstacles,jev_guarded,104,33,straight,640,31,442.46
obstacles-jev_guarded-104,obstacles,jev_guarded,104,34,straight,639,31,303.76
obstacles-jev_guarded-104,obstacles,jev_guarded,104,36,straight,639,31,342.57
obstacles-jev_guarded-104,obstacles,jev_guarded,104,37,straight,639,31,381.63
obstacles-jev_guarded-104,obstacles,jev_guarded,104,38,straight,639,31,347.11
obstacles-jev_guarded-104,obstacles,jev_guarded,104,39,straight,639,31,321.78
obstacles-jev_guarded-104,obstacles,jev_guarded,104,40,straight,639,31,320.66
obstacles-jev_guarded-104,obstacles,jev_guarded,104,42,straight,639,31,428.72
obstacles-jev_guarded-104,obstacles,jev_guarded,104,43,straight,639,31,413.4
obstacles-jev_guarded-104,obstacles,jev_guarded,104,44,straight,639,31,339.81
obstacles-jev_guarded-104,obstacles,jev_guarded,104,45,straight,639,31,414.52
obstacles-jev_guarded-104,obstacles,jev_guarded,104,46,straight,645,31,311.62
obstacles-jev_guarded-104,obstacles,jev_guarded,104,47,straight,645,31,333.35
obstacles-jev_guarded-104,obstacles,jev_guarded,104,48,straight,645,31,313.84
obstacles-jev_guarded-104,obstacles,jev_guarded,104,49,straight,645,31,325.14
obstacles-jev_guarded-104,obstacles,jev_guarded,104,50,straight,646,31,374.06
obstacles-jev_guarded-104,obstacles,jev_guarded,104,56,straight,677,38,327.5
obstacles-jev_guarded-104,obstacles,jev_guarded,104,57,straight,676,38,359.95
obstacles-jev_guarded-104,obstacles,jev_guarded,104,58,straight,675,38,370.05
obstacles-jev_guarded-104,obstacles,jev_guarded,104,59,straight,646,31,364.13
obstacles-jev_guarded-104,obstacles,jev_guarded,104,60,straight,674,38,432.06
obstacles-jev_guarded-104,obstacles,jev_guarded,104,61,straight,674,38,316.58
obstacles-jev_guarded-104,obstacles,jev_guarded,104,62,straight,674,38,323.36
obstacles-jev_guarded-104,obstacles,jev_guarded,104,63,straight,674,38,386.19
obstacles-jev_guarded-104,obstacles,jev_guarded,104,64,left,674,38,346.04
obstacles-jev_guarded-104,obstacles,jev_guarded,104,65,straight,674,38,309.44
obstacles-jev_guarded-104,obstacles,jev_guarded,104,66,straight,674,38,342.05
obstacles-jev_guarded-104,obstacles,jev_guarded,104,67,left,646,31,341.32
obstacles-jev_guarded-104,obstacles,jev_guarded,104,68,straight,646,31,370.81
obstacles-jev_guarded-104,obstacles,jev_guarded,104,69,straight,674,38,333.74
obstacles-jev_guarded-104,obstacles,jev_guarded,104,70,straight,646,31,370.69
obstacles-jev_guarded-104,obstacles,jev_guarded,104,71,straight,674,38,387.22
obstacles-jev_guarded-104,obstacles,jev_guarded,104,72,straight,674,38,417.39
obstacles-jev_guarded-104,obstacles,jev_guarded,104,73,straight,674,38,312.32
obstacles-jev_guarded-104,obstacles,jev_guarded,104,74,straight,646,31,469.57
obstacles-jev_guarded-104,obstacles,jev_guarded,104,75,right,675,38,329.43
obstacles-jev_guarded-104,obstacles,jev_guarded,104,77,straight,675,38,344.11
obstacles-jev_guarded-104,obstacles,jev_guarded,104,78,straight,675,38,371.08
obstacles-jev_guarded-104,obstacles,jev_guarded,104,79,straight,676,38,321.1
obstacles-jev_guarded-104,obstacles,jev_guarded,104,80,straight,679,38,391.5
obstacles-jev_guarded-104,obstacles,jev_guarded,104,81,left,651,31,369.36
obstacles-jev_guarded-104,obstacles,jev_guarded,104,82,straight,654,31,420.86
obstacles-jev_guarded-104,obstacles,jev_guarded,104,85,straight,686,38,361.47
obstacles-jev_guarded-104,obstacles,jev_guarded,104,86,straight,683,38,316.91
obstacles-jev_guarded-104,obstacles,jev_guarded,104,87,straight,682,38,410.89
obstacles-jev_guarded-104,obstacles,jev_guarded,104,88,straight,681,38,385.96
obstacles-jev_guarded-104,obstacles,jev_guarded,104,89,straight,680,38,381.51
obstacles-jev_guarded-104,obstacles,jev_guarded,104,90,left,680,38,331.53
obstacles-jev_guarded-104,obstacles,jev_guarded,104,92,straight,652,31,696.39
obstacles-jev_guarded-104,obstacles,jev_guarded,104,93,straight,652,31,334.66
obstacles-jev_guarded-104,obstacles,jev_guarded,104,94,straight,652,31,352.33
obstacles-jev_guarded-104,obstacles,jev_guarded,104,95,straight,653,31,437.05
classic-jev_guarded-101,classic,jev_guarded,101,1,straight,586,38,326.85
classic-jev_guarded-101,classic,jev_guarded,101,2,straight,586,38,389.35
classic-jev_guarded-101,classic,jev_guarded,101,3,straight,586,38,371.47
classic-jev_guarded-101,classic,jev_guarded,101,4,straight,586,38,319.94
classic-jev_guarded-101,classic,jev_guarded,101,5,straight,586,38,324.54
classic-jev_guarded-101,classic,jev_guarded,101,6,straight,586,38,378.86
classic-jev_guarded-101,classic,jev_guarded,101,7,left,558,31,359.3
classic-jev_guarded-101,classic,jev_guarded,101,8,straight,558,31,341.15
classic-jev_guarded-101,classic,jev_guarded,101,9,straight,558,31,368.08
classic-jev_guarded-101,classic,jev_guarded,101,10,straight,558,31,383.16
classic-jev_guarded-101,classic,jev_guarded,101,11,straight,560,31,386.37
classic-jev_guarded-101,classic,jev_guarded,101,12,left,560,31,354.51
classic-jev_guarded-101,classic,jev_guarded,101,13,straight,588,38,364.51
classic-jev_guarded-101,classic,jev_guarded,101,14,straight,588,38,316.72
classic-jev_guarded-101,classic,jev_guarded,101,15,straight,588,38,367.72
classic-jev_guarded-101,classic,jev_guarded,101,16,straight,595,38,502.82
classic-jev_guarded-101,classic,jev_guarded,101,17,straight,595,38,357.49
classic-jev_guarded-101,classic,jev_guarded,101,18,straight,595,38,329.41
classic-jev_guarded-101,classic,jev_guarded,101,19,straight,595,38,353.81
classic-jev_guarded-101,classic,jev_guarded,101,20,straight,595,38,326.33
classic-jev_guarded-101,classic,jev_guarded,101,21,straight,596,38,306.95
classic-jev_guarded-101,classic,jev_guarded,101,22,straight,599,38,398.62
classic-jev_guarded-101,classic,jev_guarded,101,23,left,571,31,422.97
classic-jev_guarded-101,classic,jev_guarded,101,24,straight,572,31,416.49
classic-jev_guarded-101,classic,jev_guarded,101,25,straight,573,31,351.96
classic-jev_guarded-101,classic,jev_guarded,101,26,straight,574,31,328.07
classic-jev_guarded-101,classic,jev_guarded,101,27,straight,574,31,365.54
classic-jev_guarded-101,classic,jev_guarded,101,28,straight,574,31,333.23
classic-jev_guarded-101,classic,jev_guarded,101,29,straight,574,31,349.35
classic-jev_guarded-101,classic,jev_guarded,101,30,straight,574,31,360.12
classic-jev_guarded-101,classic,jev_guarded,101,31,straight,575,31,326.88
classic-jev_guarded-101,classic,jev_guarded,101,32,left,581,31,390.99
classic-jev_guarded-101,classic,jev_guarded,101,33,left,610,38,354.39
classic-jev_guarded-101,classic,jev_guarded,101,34,straight,579,31,285.57
classic-jev_guarded-101,classic,jev_guarded,101,35,straight,608,38,352.26
classic-jev_guarded-101,classic,jev_guarded,101,36,straight,608,38,352.16
classic-jev_guarded-101,classic,jev_guarded,101,37,straight,607,38,333.54
classic-jev_guarded-101,classic,jev_guarded,101,38,straight,606,38,315.44
classic-jev_guarded-101,classic,jev_guarded,101,39,right,606,38,306.85
classic-jev_guarded-101,classic,jev_guarded,101,40,straight,603,38,394.87
classic-jev_guarded-101,classic,jev_guarded,101,41,right,602,38,395.17
classic-jev_guarded-101,classic,jev_guarded,101,42,straight,602,38,297.14
classic-jev_guarded-101,classic,jev_guarded,101,43,straight,601,38,348.31
classic-jev_guarded-101,classic,jev_guarded,101,44,left,600,38,354.79
classic-jev_guarded-101,classic,jev_guarded,101,45,straight,606,38,428.37
classic-jev_guarded-101,classic,jev_guarded,101,46,straight,606,38,322.16
classic-jev_guarded-101,classic,jev_guarded,101,47,straight,606,38,300.85
classic-jev_guarded-101,classic,jev_guarded,101,48,straight,606,38,381.97
classic-jev_guarded-101,classic,jev_guarded,101,49,straight,606,38,347.03
classic-jev_guarded-101,classic,jev_guarded,101,50,straight,606,38,360.32
classic-jev_guarded-101,classic,jev_guarded,101,51,straight,606,38,333.34
classic-jev_guarded-101,classic,jev_guarded,101,52,right,578,31,380.18
classic-jev_guarded-101,classic,jev_guarded,101,53,right,578,31,386.71
classic-jev_guarded-101,classic,jev_guarded,101,54,straight,578,31,328.73
classic-jev_guarded-101,classic,jev_guarded,101,55,straight,607,38,309.49
classic-jev_guarded-101,classic,jev_guarded,101,56,straight,607,38,323.17
classic-jev_guarded-101,classic,jev_guarded,101,57,straight,607,38,481.12
classic-jev_guarded-101,classic,jev_guarded,101,58,straight,607,38,304.32
classic-jev_guarded-101,classic,jev_guarded,101,59,straight,607,38,355.84
classic-jev_guarded-101,classic,jev_guarded,101,60,straight,607,38,319.93
classic-jev_guarded-101,classic,jev_guarded,101,61,straight,607,38,363.71
classic-jev_guarded-101,classic,jev_guarded,101,62,straight,608,38,372.54
classic-jev_guarded-101,classic,jev_guarded,101,63,left,611,38,410.57
classic-jev_guarded-101,classic,jev_guarded,101,64,left,612,38,276.12
classic-jev_guarded-101,classic,jev_guarded,101,65,straight,582,31,323.13
classic-jev_guarded-101,classic,jev_guarded,101,66,straight,610,38,318.15
classic-jev_guarded-101,classic,jev_guarded,101,67,straight,610,38,333.02
classic-jev_guarded-101,classic,jev_guarded,101,68,straight,610,38,346.56
classic-jev_guarded-101,classic,jev_guarded,101,69,straight,609,38,496.95
classic-jev_guarded-101,classic,jev_guarded,101,70,straight,608,38,309.91
classic-jev_guarded-101,classic,jev_guarded,101,71,straight,608,38,331.05
classic-jev_guarded-101,classic,jev_guarded,101,72,straight,608,38,328.74
classic-jev_guarded-101,classic,jev_guarded,101,73,left,608,38,452.61
classic-jev_guarded-101,classic,jev_guarded,101,74,straight,607,38,377.64
classic-jev_guarded-101,classic,jev_guarded,101,75,straight,607,38,333.83
classic-jev_guarded-101,classic,jev_guarded,101,76,straight,607,38,346.1
classic-jev_guarded-101,classic,jev_guarded,101,77,straight,607,38,381.81
classic-jev_guarded-101,classic,jev_guarded,101,78,straight,607,38,352.48
classic-jev_guarded-101,classic,jev_guarded,101,79,straight,607,38,319.75
classic-jev_guarded-101,classic,jev_guarded,101,80,straight,607,38,327.33
classic-jev_guarded-101,classic,jev_guarded,101,81,straight,607,38,367.81
classic-jev_guarded-101,classic,jev_guarded,101,82,left,579,31,300.62
classic-jev_guarded-101,classic,jev_guarded,101,83,straight,579,31,315.17
classic-jev_guarded-101,classic,jev_guarded,101,84,straight,579,31,310.48
classic-jev_guarded-101,classic,jev_guarded,101,85,straight,579,31,333.45
classic-jev_guarded-101,classic,jev_guarded,101,86,straight,579,31,321.0
classic-jev_guarded-101,classic,jev_guarded,101,87,straight,579,31,366.07
classic-jev_guarded-101,classic,jev_guarded,101,88,straight,579,31,468.24
classic-jev_guarded-101,classic,jev_guarded,101,89,straight,579,31,413.35
classic-jev_guarded-101,classic,jev_guarded,101,90,straight,580,31,571.79
classic-jev_guarded-101,classic,jev_guarded,101,91,straight,582,31,563.18
classic-jev_guarded-101,classic,jev_guarded,101,93,straight,584,31,318.48
classic-jev_guarded-101,classic,jev_guarded,101,94,straight,585,31,597.79
open-jev_direct-107,open,jev_direct,107,1,straight,586,38,414.39
open-jev_direct-107,open,jev_direct,107,2,left,586,38,322.81
open-jev_direct-107,open,jev_direct,107,3,straight,586,38,307.34
open-jev_direct-107,open,jev_direct,107,4,straight,586,38,336.58
open-jev_direct-107,open,jev_direct,107,5,straight,592,38,316.2
open-jev_direct-107,open,jev_direct,107,6,straight,592,38,344.08
open-jev_direct-107,open,jev_direct,107,7,straight,592,38,351.39
open-jev_direct-107,open,jev_direct,107,8,straight,593,38,364.96
open-jev_direct-107,open,jev_direct,107,9,straight,596,38,355.83
open-jev_direct-107,open,jev_direct,107,10,straight,596,38,343.37
open-jev_direct-107,open,jev_direct,107,11,straight,595,38,388.82
open-jev_direct-107,open,jev_direct,107,12,straight,595,38,358.1
open-jev_direct-107,open,jev_direct,107,13,straight,594,38,380.04
open-jev_direct-107,open,jev_direct,107,14,straight,593,38,371.47
open-jev_direct-107,open,jev_direct,107,15,straight,594,38,333.8
open-jev_direct-107,open,jev_direct,107,16,straight,594,38,351.07
open-jev_direct-107,open,jev_direct,107,17,straight,594,38,304.45
open-jev_direct-107,open,jev_direct,107,18,straight,594,38,509.83
open-jev_direct-107,open,jev_direct,107,19,straight,594,38,312.28
open-jev_direct-107,open,jev_direct,107,20,straight,595,38,394.82
open-jev_direct-107,open,jev_direct,107,21,straight,598,38,295.99
open-jev_direct-107,open,jev_direct,107,22,straight,598,38,284.53
open-jev_direct-107,open,jev_direct,107,23,straight,596,38,343.85
open-jev_direct-107,open,jev_direct,107,24,straight,596,38,290.88
open-jev_direct-107,open,jev_direct,107,25,straight,595,38,395.67
open-jev_direct-107,open,jev_direct,107,26,straight,594,38,349.02
open-jev_direct-107,open,jev_direct,107,27,straight,594,38,301.3
open-jev_direct-107,open,jev_direct,107,28,straight,594,38,298.76
open-jev_direct-107,open,jev_direct,107,29,straight,594,38,343.97
open-jev_direct-107,open,jev_direct,107,30,straight,594,38,353.52
open-jev_direct-107,open,jev_direct,107,31,straight,594,38,397.65
open-jev_direct-107,open,jev_direct,107,32,straight,595,38,379.21
open-jev_direct-107,open,jev_direct,107,33,straight,598,38,733.89
open-jev_direct-107,open,jev_direct,107,34,straight,598,38,437.02
open-jev_direct-107,open,jev_direct,107,35,straight,596,38,387.34
open-jev_direct-107,open,jev_direct,107,36,straight,596,38,323.92
open-jev_direct-107,open,jev_direct,107,37,straight,595,38,318.34
open-jev_direct-107,open,jev_direct,107,38,straight,594,38,286.06
open-jev_direct-107,open,jev_direct,107,39,straight,594,38,323.78
open-jev_direct-107,open,jev_direct,107,40,straight,594,38,416.17
open-jev_direct-107,open,jev_direct,107,41,straight,594,38,335.38
open-jev_direct-107,open,jev_direct,107,42,straight,594,38,325.47
open-jev_direct-107,open,jev_direct,107,43,straight,594,38,344.72
open-jev_direct-107,open,jev_direct,107,44,straight,595,38,315.41
open-jev_direct-107,open,jev_direct,107,45,straight,598,38,339.47
open-jev_direct-107,open,jev_direct,107,46,straight,598,38,514.99
open-jev_direct-107,open,jev_direct,107,47,straight,596,38,434.86
open-jev_direct-107,open,jev_direct,107,48,straight,596,38,352.78
open-jev_direct-107,open,jev_direct,107,49,straight,595,38,345.77
open-jev_direct-107,open,jev_direct,107,50,straight,594,38,423.82
open-jev_direct-107,open,jev_direct,107,51,straight,594,38,324.51
open-jev_direct-107,open,jev_direct,107,52,straight,594,38,337.94
open-jev_direct-107,open,jev_direct,107,53,straight,594,38,308.19
open-jev_direct-107,open,jev_direct,107,54,straight,594,38,376.92
obstacles-jev_guarded-103,obstacles,jev_guarded,103,1,straight,665,38,418.18
obstacles-jev_guarded-103,obstacles,jev_guarded,103,2,straight,637,31,337.72
obstacles-jev_guarded-103,obstacles,jev_guarded,103,3,straight,665,38,336.22
obstacles-jev_guarded-103,obstacles,jev_guarded,103,4,straight,665,38,332.51
obstacles-jev_guarded-103,obstacles,jev_guarded,103,5,straight,665,38,307.97
obstacles-jev_guarded-103,obstacles,jev_guarded,103,6,right,665,38,352.35
obstacles-jev_guarded-103,obstacles,jev_guarded,103,7,straight,665,38,342.26
obstacles-jev_guarded-103,obstacles,jev_guarded,103,8,straight,665,38,307.69
obstacles-jev_guarded-103,obstacles,jev_guarded,103,9,right,637,31,342.15
obstacles-jev_guarded-103,obstacles,jev_guarded,103,10,straight,666,38,317.09
obstacles-jev_guarded-103,obstacles,jev_guarded,103,11,straight,668,38,399.89
obstacles-jev_guarded-103,obstacles,jev_guarded,103,12,straight,668,38,326.59
obstacles-jev_guarded-103,obstacles,jev_guarded,103,13,straight,668,38,403.95
obstacles-jev_guarded-103,obstacles,jev_guarded,103,14,left,640,31,363.82
obstacles-jev_guarded-103,obstacles,jev_guarded,103,15,right,671,38,329.66
obstacles-jev_guarded-103,obstacles,jev_guarded,103,16,straight,643,31,317.06
obstacles-jev_guarded-103,obstacles,jev_guarded,103,17,straight,644,31,349.47
obstacles-jev_guarded-103,obstacles,jev_guarded,103,18,straight,673,38,485.52
obstacles-jev_guarded-103,obstacles,jev_guarded,103,19,straight,681,38,522.23
obstacles-jev_guarded-103,obstacles,jev_guarded,103,20,left,652,31,441.19
obstacles-jev_guarded-103,obstacles,jev_guarded,103,22,straight,654,31,392.97
obstacles-jev_guarded-103,obstacles,jev_guarded,103,23,left,652,31,282.39
obstacles-jev_guarded-103,obstacles,jev_guarded,103,24,left,680,38,323.66
obstacles-jev_guarded-103,obstacles,jev_guarded,103,25,straight,682,38,346.7
obstacles-jev_guarded-103,obstacles,jev_guarded,103,26,left,652,31,326.97
obstacles-jev_guarded-103,obstacles,jev_guarded,103,28,straight,654,31,302.09
obstacles-jev_guarded-103,obstacles,jev_guarded,103,29,left,653,31,345.9
obstacles-jev_guarded-103,obstacles,jev_guarded,103,30,right,681,38,302.75
obstacles-jev_guarded-103,obstacles,jev_guarded,103,31,straight,651,31,285.58
obstacles-jev_guarded-103,obstacles,jev_guarded,103,32,straight,650,31,348.61
obstacles-jev_guarded-103,obstacles,jev_guarded,103,33,straight,678,38,290.27
obstacles-jev_guarded-103,obstacles,jev_guarded,103,34,straight,678,38,296.33
obstacles-jev_guarded-103,obstacles,jev_guarded,103,35,straight,678,38,572.87
obstacles-jev_guarded-103,obstacles,jev_guarded,103,36,straight,678,38,296.88
obstacles-jev_guarded-103,obstacles,jev_guarded,103,37,right,649,31,274.72
obstacles-jev_guarded-103,obstacles,jev_guarded,103,38,right,650,31,334.25
obstacles-jev_guarded-103,obstacles,jev_guarded,103,39,straight,650,31,329.38
obstacles-jev_guarded-103,obstacles,jev_guarded,103,40,straight,655,31,283.6
obstacles-jev_guarded-103,obstacles,jev_guarded,103,41,straight,655,31,306.99
obstacles-jev_guarded-103,obstacles,jev_guarded,103,42,straight,655,31,313.34
obstacles-jev_guarded-103,obstacles,jev_guarded,103,43,straight,655,31,357.94
obstacles-jev_guarded-103,obstacles,jev_guarded,103,44,straight,655,31,299.41
obstacles-jev_guarded-103,obstacles,jev_guarded,103,45,straight,656,31,348.24
obstacles-jev_guarded-103,obstacles,jev_guarded,103,46,right,658,31,328.64
obstacles-jev_guarded-103,obstacles,jev_guarded,103,47,straight,687,38,326.64
obstacles-jev_guarded-103,obstacles,jev_guarded,103,48,straight,685,38,290.79
obstacles-jev_guarded-103,obstacles,jev_guarded,103,49,straight,685,38,482.85
obstacles-jev_guarded-103,obstacles,jev_guarded,103,50,straight,686,38,278.61
obstacles-jev_guarded-103,obstacles,jev_guarded,103,51,right,656,31,327.83
obstacles-jev_guarded-103,obstacles,jev_guarded,103,52,straight,681,38,389.92
obstacles-jev_guarded-103,obstacles,jev_guarded,103,53,straight,680,38,324.53
obstacles-jev_guarded-103,obstacles,jev_guarded,103,54,straight,679,38,375.12
obstacles-jev_guarded-103,obstacles,jev_guarded,103,55,straight,678,38,306.53
obstacles-jev_guarded-103,obstacles,jev_guarded,103,56,straight,649,31,372.27
obstacles-jev_guarded-103,obstacles,jev_guarded,103,57,straight,677,38,298.71
obstacles-jev_guarded-103,obstacles,jev_guarded,103,58,straight,677,38,358.04
obstacles-jev_guarded-103,obstacles,jev_guarded,103,59,straight,677,38,284.6
obstacles-jev_guarded-103,obstacles,jev_guarded,103,60,straight,677,38,327.27
obstacles-jev_guarded-103,obstacles,jev_guarded,103,61,right,649,31,347.4
obstacles-jev_guarded-103,obstacles,jev_guarded,103,62,straight,649,31,388.41
obstacles-jev_guarded-103,obstacles,jev_guarded,103,63,straight,649,31,410.81
obstacles-jev_guarded-103,obstacles,jev_guarded,103,64,straight,650,31,321.01
classic-jev_guarded-102,classic,jev_guarded,102,1,straight,586,38,429.09
classic-jev_guarded-102,classic,jev_guarded,102,2,straight,586,38,326.63
classic-jev_guarded-102,classic,jev_guarded,102,3,straight,586,38,281.26
classic-jev_guarded-102,classic,jev_guarded,102,4,straight,586,38,277.3
classic-jev_guarded-102,classic,jev_guarded,102,5,straight,586,38,323.79
classic-jev_guarded-102,classic,jev_guarded,102,6,left,586,38,341.91
classic-jev_guarded-102,classic,jev_guarded,102,7,straight,586,38,367.97
classic-jev_guarded-102,classic,jev_guarded,102,8,straight,586,38,312.19
classic-jev_guarded-102,classic,jev_guarded,102,9,straight,586,38,360.74
classic-jev_guarded-102,classic,jev_guarded,102,10,straight,586,38,419.88
classic-jev_guarded-102,classic,jev_guarded,102,11,left,588,38,385.57
classic-jev_guarded-102,classic,jev_guarded,102,12,straight,588,38,395.59
classic-jev_guarded-102,classic,jev_guarded,102,13,straight,594,38,372.93
classic-jev_guarded-102,classic,jev_guarded,102,14,straight,594,38,309.82
classic-jev_guarded-102,classic,jev_guarded,102,15,straight,594,38,274.11
classic-jev_guarded-102,classic,jev_guarded,102,16,straight,594,38,318.65
classic-jev_guarded-102,classic,jev_guarded,102,17,straight,594,38,381.63
classic-jev_guarded-102,classic,jev_guarded,102,18,straight,594,38,282.89
classic-jev_guarded-102,classic,jev_guarded,102,19,straight,595,38,302.48
classic-jev_guarded-102,classic,jev_guarded,102,20,straight,598,38,334.26
classic-jev_guarded-102,classic,jev_guarded,102,21,left,570,31,303.35
classic-jev_guarded-102,classic,jev_guarded,102,22,straight,571,31,372.58
classic-jev_guarded-102,classic,jev_guarded,102,23,straight,573,31,329.69
classic-jev_guarded-102,classic,jev_guarded,102,24,straight,573,31,338.78
classic-jev_guarded-102,classic,jev_guarded,102,25,straight,573,31,287.72
classic-jev_guarded-102,classic,jev_guarded,102,26,straight,573,31,394.14
classic-jev_guarded-102,classic,jev_guarded,102,27,straight,573,31,323.28
classic-jev_guarded-102,classic,jev_guarded,102,28,straight,573,31,376.59
classic-jev_guarded-102,classic,jev_guarded,102,29,straight,574,31,310.43
classic-jev_guarded-102,classic,jev_guarded,102,30,left,576,31,332.41
classic-jev_guarded-102,classic,jev_guarded,102,31,straight,605,38,308.04
classic-jev_guarded-102,classic,jev_guarded,102,32,straight,603,38,293.27
classic-jev_guarded-102,classic,jev_guarded,102,33,straight,603,38,294.14
classic-jev_guarded-102,classic,jev_guarded,102,34,right,602,38,310.88
classic-jev_guarded-102,classic,jev_guarded,102,35,left,579,31,307.38
classic-jev_guarded-102,classic,jev_guarded,102,36,straight,578,31,362.47
classic-jev_guarded-102,classic,jev_guarded,102,37,straight,578,31,369.05
classic-jev_guarded-102,classic,jev_guarded,102,38,straight,578,31,352.44
classic-jev_guarded-102,classic,jev_guarded,102,39,left,578,31,286.69
classic-jev_guarded-102,classic,jev_guarded,102,40,straight,606,38,358.58
classic-jev_guarded-102,classic,jev_guarded,102,41,straight,603,38,338.88
classic-jev_guarded-102,classic,jev_guarded,102,42,straight,602,38,360.22
classic-jev_guarded-102,classic,jev_guarded,102,43,straight,608,38,295.77
classic-jev_guarded-102,classic,jev_guarded,102,44,straight,607,38,320.36
classic-jev_guarded-102,classic,jev_guarded,102,45,straight,606,38,331.26
classic-jev_guarded-102,classic,jev_guarded,102,46,straight,605,38,316.05
classic-jev_guarded-102,classic,jev_guarded,102,47,left,605,38,343.34
classic-jev_guarded-102,classic,jev_guarded,102,48,straight,611,38,533.11
classic-jev_guarded-102,classic,jev_guarded,102,49,straight,611,38,284.91
classic-jev_guarded-102,classic,jev_guarded,102,50,straight,611,38,353.76
classic-jev_guarded-102,classic,jev_guarded,102,51,straight,611,38,284.34
classic-jev_guarded-102,classic,jev_guarded,102,52,straight,611,38,299.24
classic-jev_guarded-102,classic,jev_guarded,102,53,straight,612,38,305.65
classic-jev_guarded-102,classic,jev_guarded,102,54,straight,615,38,367.77
classic-jev_guarded-102,classic,jev_guarded,102,55,left,587,31,327.24
classic-jev_guarded-102,classic,jev_guarded,102,56,straight,588,31,375.59
classic-jev_guarded-102,classic,jev_guarded,102,57,straight,589,31,484.17
classic-jev_guarded-102,classic,jev_guarded,102,58,straight,591,31,279.08
classic-jev_guarded-102,classic,jev_guarded,102,59,straight,592,31,328.06
classic-jev_guarded-102,classic,jev_guarded,102,60,straight,593,31,343.91
classic-jev_guarded-102,classic,jev_guarded,102,61,left,594,31,299.71
classic-jev_guarded-102,classic,jev_guarded,102,62,straight,622,38,336.91
classic-jev_guarded-102,classic,jev_guarded,102,63,straight,619,38,280.98
classic-jev_guarded-102,classic,jev_guarded,102,64,straight,624,38,318.83
classic-jev_guarded-102,classic,jev_guarded,102,65,straight,623,38,290.51
classic-jev_guarded-102,classic,jev_guarded,102,66,straight,622,38,349.06
classic-jev_guarded-102,classic,jev_guarded,102,67,straight,621,38,296.64
classic-jev_guarded-102,classic,jev_guarded,102,68,straight,620,38,336.99
classic-jev_guarded-102,classic,jev_guarded,102,69,straight,619,38,376.8
classic-jev_guarded-102,classic,jev_guarded,102,70,straight,618,38,352.31
classic-jev_guarded-102,classic,jev_guarded,102,71,straight,618,38,321.22
classic-jev_guarded-102,classic,jev_guarded,102,72,left,590,31,308.82
classic-jev_guarded-102,classic,jev_guarded,102,73,straight,589,31,354.82
classic-jev_guarded-102,classic,jev_guarded,102,74,straight,590,31,295.12
classic-jev_guarded-102,classic,jev_guarded,102,75,straight,590,31,360.55
classic-jev_guarded-102,classic,jev_guarded,102,76,straight,590,31,390.71
classic-jev_guarded-102,classic,jev_guarded,102,77,straight,590,31,359.11
classic-jev_guarded-102,classic,jev_guarded,102,78,straight,590,31,317.71
classic-jev_guarded-102,classic,jev_guarded,102,79,straight,590,31,354.41
classic-jev_guarded-102,classic,jev_guarded,102,80,straight,590,31,389.34
classic-jev_guarded-102,classic,jev_guarded,102,82,straight,590,31,345.69
classic-jev_guarded-102,classic,jev_guarded,102,83,straight,590,31,304.82
classic-jev_guarded-102,classic,jev_guarded,102,84,straight,590,31,299.79
classic-jev_guarded-102,classic,jev_guarded,102,85,straight,590,31,315.56
classic-jev_guarded-102,classic,jev_guarded,102,86,straight,590,31,406.15
classic-jev_guarded-102,classic,jev_guarded,102,87,straight,590,31,398.5
classic-jev_guarded-102,classic,jev_guarded,102,88,straight,590,31,309.04
classic-jev_guarded-102,classic,jev_guarded,102,89,straight,590,31,312.58
classic-jev_guarded-102,classic,jev_guarded,102,90,straight,591,31,381.0
classic-jev_guarded-102,classic,jev_guarded,102,91,straight,593,31,364.67
classic-jev_guarded-102,classic,jev_guarded,102,93,straight,595,31,388.97
classic-jev_guarded-102,classic,jev_guarded,102,94,straight,596,31,363.33
classic-jev_guarded-102,classic,jev_guarded,102,95,left,597,31,326.52
classic-jev_guarded-102,classic,jev_guarded,102,96,straight,626,38,302.74
classic-jev_guarded-102,classic,jev_guarded,102,97,straight,624,38,305.51
classic-jev_guarded-102,classic,jev_guarded,102,98,left,624,38,309.98
classic-jev_guarded-102,classic,jev_guarded,102,99,right,623,38,322.59
classic-jev_guarded-102,classic,jev_guarded,102,100,straight,622,38,325.74
classic-jev_guarded-102,classic,jev_guarded,102,101,straight,628,38,348.99
classic-jev_guarded-102,classic,jev_guarded,102,102,straight,627,38,311.1
classic-jev_guarded-102,classic,jev_guarded,102,103,straight,626,38,391.1
classic-jev_guarded-102,classic,jev_guarded,102,104,straight,625,38,381.84
classic-jev_guarded-102,classic,jev_guarded,102,105,straight,624,38,431.89
classic-jev_guarded-102,classic,jev_guarded,102,106,right,624,38,344.46
classic-jev_guarded-102,classic,jev_guarded,102,107,straight,624,38,293.05
classic-jev_guarded-102,classic,jev_guarded,102,108,straight,624,38,315.37
classic-jev_guarded-102,classic,jev_guarded,102,109,straight,624,38,374.68
classic-jev_guarded-102,classic,jev_guarded,102,110,straight,624,38,311.7
classic-jev_guarded-102,classic,jev_guarded,102,111,straight,625,38,319.57
classic-jev_guarded-102,classic,jev_guarded,102,112,straight,625,38,344.2
classic-jev_guarded-102,classic,jev_guarded,102,113,straight,626,38,329.53
classic-jev_guarded-102,classic,jev_guarded,102,114,straight,629,38,335.13
classic-jev_guarded-102,classic,jev_guarded,102,115,right,601,31,339.18
classic-jev_guarded-102,classic,jev_guarded,102,116,straight,602,31,342.73
classic-jev_guarded-102,classic,jev_guarded,102,117,straight,603,31,357.79
classic-jev_guarded-102,classic,jev_guarded,102,118,right,604,31,327.63
classic-jev_guarded-102,classic,jev_guarded,102,119,straight,633,38,425.88
classic-jev_guarded-102,classic,jev_guarded,102,120,straight,631,38,358.78
classic-jev_guarded-102,classic,jev_guarded,102,121,straight,631,38,287.04
classic-jev_guarded-102,classic,jev_guarded,102,122,straight,631,38,309.06
classic-jev_guarded-102,classic,jev_guarded,102,123,straight,630,38,457.03
classic-jev_guarded-102,classic,jev_guarded,102,124,straight,629,38,444.73
classic-jev_guarded-102,classic,jev_guarded,102,125,straight,628,38,342.65
classic-jev_guarded-102,classic,jev_guarded,102,126,straight,627,38,323.63
classic-jev_guarded-102,classic,jev_guarded,102,127,straight,626,38,397.68
classic-jev_guarded-102,classic,jev_guarded,102,128,straight,625,38,498.68
classic-jev_guarded-102,classic,jev_guarded,102,129,right,597,31,373.56
classic-jev_guarded-102,classic,jev_guarded,102,130,straight,597,31,293.49
classic-jev_guarded-102,classic,jev_guarded,102,131,straight,597,31,316.17
classic-jev_guarded-102,classic,jev_guarded,102,132,straight,597,31,364.22
classic-jev_guarded-102,classic,jev_guarded,102,134,straight,597,31,555.25
classic-jev_guarded-102,classic,jev_guarded,102,135,straight,597,31,297.44
classic-jev_guarded-102,classic,jev_guarded,102,136,straight,597,31,292.79
classic-jev_guarded-102,classic,jev_guarded,102,137,straight,597,31,280.45
classic-jev_guarded-102,classic,jev_guarded,102,138,straight,597,31,304.4
classic-jev_guarded-102,classic,jev_guarded,102,139,straight,597,31,424.38
classic-jev_guarded-102,classic,jev_guarded,102,140,straight,597,31,348.69
classic-jev_guarded-102,classic,jev_guarded,102,141,straight,597,31,336.07
classic-jev_guarded-102,classic,jev_guarded,102,142,straight,598,31,400.53
classic-jev_guarded-102,classic,jev_guarded,102,143,straight,600,31,307.85
classic-jev_guarded-102,classic,jev_guarded,102,145,straight,602,31,328.02
classic-jev_guarded-102,classic,jev_guarded,102,146,straight,603,31,313.72
classic-jev_guarded-102,classic,jev_guarded,102,147,straight,604,31,349.17
classic-jev_guarded-102,classic,jev_guarded,102,148,right,605,31,311.51
classic-jev_guarded-102,classic,jev_guarded,102,149,right,634,38,361.24
classic-jev_guarded-102,classic,jev_guarded,102,150,straight,606,31,315.45
dense-jev_direct-105,dense,jev_direct,105,1,straight,740,38,314.68
dense-jev_direct-105,dense,jev_direct,105,2,straight,740,38,359.5
dense-jev_direct-105,dense,jev_direct,105,3,straight,740,38,328.17
dense-jev_direct-105,dense,jev_direct,105,4,straight,740,38,308.26
dense-jev_direct-105,dense,jev_direct,105,5,straight,740,38,298.79
dense-jev_direct-105,dense,jev_direct,105,6,straight,740,38,315.89
dense-jev_direct-105,dense,jev_direct,105,7,right,740,38,289.19
obstacles-jev_direct-102,obstacles,jev_direct,102,1,straight,664,38,291.78
obstacles-jev_direct-102,obstacles,jev_direct,102,2,straight,664,38,372.0
obstacles-jev_direct-102,obstacles,jev_direct,102,3,straight,664,38,312.54
obstacles-jev_direct-102,obstacles,jev_direct,102,4,left,664,38,303.13
obstacles-jev_direct-102,obstacles,jev_direct,102,5,straight,670,38,363.85
obstacles-jev_direct-102,obstacles,jev_direct,102,6,straight,670,38,284.36
obstacles-jev_direct-102,obstacles,jev_direct,102,7,straight,670,38,376.04
obstacles-jev_direct-102,obstacles,jev_direct,102,8,straight,670,38,337.42
obstacles-jev_direct-102,obstacles,jev_direct,102,9,straight,670,38,328.26
obstacles-jev_direct-102,obstacles,jev_direct,102,10,left,670,38,304.25
obstacles-jev_direct-102,obstacles,jev_direct,102,11,straight,671,38,309.85
obstacles-jev_direct-102,obstacles,jev_direct,102,12,straight,671,38,377.92
obstacles-jev_direct-102,obstacles,jev_direct,102,13,straight,671,38,342.2
obstacles-jev_direct-102,obstacles,jev_direct,102,14,straight,671,38,316.68
obstacles-jev_direct-102,obstacles,jev_direct,102,15,straight,672,38,337.1
obstacles-jev_direct-102,obstacles,jev_direct,102,16,straight,673,38,273.1
obstacles-jev_direct-102,obstacles,jev_direct,102,17,straight,676,38,334.06
obstacles-jev_direct-102,obstacles,jev_direct,102,18,left,677,38,314.94
obstacles-jev_direct-102,obstacles,jev_direct,102,19,straight,678,38,326.38
obstacles-jev_direct-102,obstacles,jev_direct,102,20,straight,679,38,347.3
obstacles-jev_direct-102,obstacles,jev_direct,102,21,straight,679,38,437.39
obstacles-jev_direct-102,obstacles,jev_direct,102,22,straight,679,38,312.64
obstacles-jev_direct-102,obstacles,jev_direct,102,23,straight,679,38,298.8
obstacles-jev_direct-102,obstacles,jev_direct,102,24,straight,679,38,313.59
obstacles-jev_direct-102,obstacles,jev_direct,102,25,straight,679,38,353.88
obstacles-jev_direct-102,obstacles,jev_direct,102,26,straight,679,38,343.88
obstacles-jev_direct-102,obstacles,jev_direct,102,27,left,680,38,378.24
classic-jev_direct-101,classic,jev_direct,101,1,straight,586,38,333.65
classic-jev_direct-101,classic,jev_direct,101,2,straight,586,38,323.8
classic-jev_direct-101,classic,jev_direct,101,3,straight,586,38,325.88
classic-jev_direct-101,classic,jev_direct,101,4,straight,586,38,351.1
classic-jev_direct-101,classic,jev_direct,101,5,straight,586,38,576.95
classic-jev_direct-101,classic,jev_direct,101,6,straight,586,38,346.47
classic-jev_direct-101,classic,jev_direct,101,7,left,586,38,334.32
classic-jev_direct-101,classic,jev_direct,101,8,straight,586,38,349.76
classic-jev_direct-101,classic,jev_direct,101,9,straight,586,38,368.37
classic-jev_direct-101,classic,jev_direct,101,10,straight,586,38,303.67
classic-jev_direct-101,classic,jev_direct,101,11,straight,588,38,322.15
classic-jev_direct-101,classic,jev_direct,101,12,left,588,38,338.27
classic-jev_direct-101,classic,jev_direct,101,13,straight,588,38,298.19
classic-jev_direct-101,classic,jev_direct,101,14,straight,588,38,343.71
classic-jev_direct-101,classic,jev_direct,101,15,straight,588,38,288.62
classic-jev_direct-101,classic,jev_direct,101,16,straight,595,38,340.12
classic-jev_direct-101,classic,jev_direct,101,17,straight,595,38,301.13
classic-jev_direct-101,classic,jev_direct,101,18,straight,595,38,303.29
classic-jev_direct-101,classic,jev_direct,101,19,straight,595,38,321.61
classic-jev_direct-101,classic,jev_direct,101,20,straight,595,38,345.5
classic-jev_direct-101,classic,jev_direct,101,21,straight,596,38,299.12
classic-jev_direct-101,classic,jev_direct,101,22,straight,599,38,297.7
classic-jev_direct-101,classic,jev_direct,101,23,left,600,38,293.36
classic-jev_direct-101,classic,jev_direct,101,24,straight,601,38,388.38
classic-jev_direct-101,classic,jev_direct,101,25,straight,602,38,276.77
classic-jev_direct-101,classic,jev_direct,101,26,straight,603,38,377.36
classic-jev_direct-101,classic,jev_direct,101,27,straight,603,38,310.66
classic-jev_direct-101,classic,jev_direct,101,28,straight,603,38,336.31
classic-jev_direct-101,classic,jev_direct,101,29,straight,603,38,305.68
classic-jev_direct-101,classic,jev_direct,101,30,straight,603,38,465.42
classic-jev_direct-101,classic,jev_direct,101,31,straight,604,38,320.37
classic-jev_direct-101,classic,jev_direct,101,32,left,611,38,330.34
classic-jev_direct-101,classic,jev_direct,101,33,left,610,38,422.55
classic-jev_direct-101,classic,jev_direct,101,34,straight,608,38,343.34
classic-jev_direct-101,classic,jev_direct,101,35,straight,608,38,339.32
classic-jev_direct-101,classic,jev_direct,101,36,straight,608,38,321.73
classic-jev_direct-101,classic,jev_direct,101,37,straight,607,38,289.78
classic-jev_direct-101,classic,jev_direct,101,38,straight,606,38,293.32
classic-jev_direct-101,classic,jev_direct,101,39,right,606,38,336.13
classic-jev_direct-101,classic,jev_direct,101,40,straight,603,38,297.7
classic-jev_direct-101,classic,jev_direct,101,41,right,602,38,318.79
classic-jev_direct-101,classic,jev_direct,101,42,straight,602,38,321.59
classic-jev_direct-101,classic,jev_direct,101,43,straight,601,38,327.57
classic-jev_direct-101,classic,jev_direct,101,44,left,600,38,398.93
classic-jev_direct-101,classic,jev_direct,101,45,straight,606,38,433.06
classic-jev_direct-101,classic,jev_direct,101,46,straight,606,38,333.07
classic-jev_direct-101,classic,jev_direct,101,47,straight,606,38,331.05
classic-jev_direct-101,classic,jev_direct,101,48,straight,606,38,307.22
classic-jev_direct-101,classic,jev_direct,101,49,straight,606,38,319.34
classic-jev_direct-101,classic,jev_direct,101,50,straight,606,38,314.18
classic-jev_direct-101,classic,jev_direct,101,51,straight,606,38,461.74
classic-jev_direct-101,classic,jev_direct,101,52,right,606,38,402.79
classic-jev_direct-101,classic,jev_direct,101,53,straight,606,38,379.52
classic-jev_direct-101,classic,jev_direct,101,54,straight,607,38,314.37
classic-jev_direct-101,classic,jev_direct,101,55,straight,611,38,313.08
classic-jev_direct-101,classic,jev_direct,101,56,right,612,38,319.43
classic-jev_direct-101,classic,jev_direct,101,57,straight,613,38,319.66
classic-jev_direct-101,classic,jev_direct,101,58,straight,614,38,307.2
classic-jev_direct-101,classic,jev_direct,101,59,straight,615,38,345.61
classic-jev_direct-101,classic,jev_direct,101,60,straight,616,38,317.56
classic-jev_direct-101,classic,jev_direct,101,61,straight,616,38,346.95
classic-jev_direct-101,classic,jev_direct,101,62,straight,616,38,442.38
classic-jev_direct-101,classic,jev_direct,101,63,straight,616,38,347.01
classic-jev_direct-101,classic,jev_direct,101,64,straight,616,38,412.02
classic-jev_direct-101,classic,jev_direct,101,65,straight,617,38,292.19
classic-jev_direct-101,classic,jev_direct,101,66,right,620,38,337.35
classic-jev_direct-101,classic,jev_direct,101,67,straight,619,38,305.73
classic-jev_direct-101,classic,jev_direct,101,68,straight,617,38,454.28
classic-jev_direct-101,classic,jev_direct,101,69,straight,617,38,366.83
classic-jev_direct-101,classic,jev_direct,101,70,straight,617,38,329.76
classic-jev_direct-101,classic,jev_direct,101,71,straight,617,38,346.07
classic-jev_direct-101,classic,jev_direct,101,72,straight,622,38,318.99
classic-jev_direct-101,classic,jev_direct,101,73,straight,621,38,746.52
classic-jev_direct-101,classic,jev_direct,101,74,straight,620,38,321.43
classic-jev_direct-101,classic,jev_direct,101,75,straight,620,38,348.99
classic-jev_direct-101,classic,jev_direct,101,76,straight,620,38,335.07
classic-jev_direct-101,classic,jev_direct,101,77,right,620,38,328.57
classic-jev_direct-101,classic,jev_direct,101,78,straight,617,38,382.57
classic-jev_direct-101,classic,jev_direct,101,79,straight,616,38,355.82
classic-jev_direct-101,classic,jev_direct,101,80,straight,615,38,340.89
classic-jev_direct-101,classic,jev_direct,101,81,straight,614,38,312.24
classic-jev_direct-101,classic,jev_direct,101,82,straight,614,38,328.14
classic-jev_direct-101,classic,jev_direct,101,83,straight,613,38,422.42
classic-jev_direct-101,classic,jev_direct,101,84,straight,612,38,347.64
classic-jev_direct-101,classic,jev_direct,101,85,straight,612,38,359.2
classic-jev_direct-101,classic,jev_direct,101,86,straight,618,38,279.08
classic-jev_direct-101,classic,jev_direct,101,87,right,618,38,313.84
classic-jev_direct-101,classic,jev_direct,101,88,straight,618,38,512.62
classic-jev_direct-101,classic,jev_direct,101,89,straight,618,38,296.89
classic-jev_direct-101,classic,jev_direct,101,90,straight,618,38,363.17
classic-jev_direct-101,classic,jev_direct,101,91,right,618,38,316.38
classic-jev_direct-101,classic,jev_direct,101,92,straight,618,38,342.24
classic-jev_direct-101,classic,jev_direct,101,93,straight,618,38,378.82
classic-jev_direct-101,classic,jev_direct,101,94,straight,618,38,308.63
classic-jev_direct-101,classic,jev_direct,101,95,straight,618,38,369.69
classic-jev_direct-101,classic,jev_direct,101,96,left,619,38,341.37
classic-jev_direct-101,classic,jev_direct,101,97,straight,619,38,455.34
classic-jev_direct-101,classic,jev_direct,101,98,straight,619,38,392.64
classic-jev_direct-101,classic,jev_direct,101,99,straight,619,38,346.19
classic-jev_direct-101,classic,jev_direct,101,100,straight,619,38,338.11
classic-jev_direct-101,classic,jev_direct,101,101,straight,621,38,340.33
classic-jev_direct-101,classic,jev_direct,101,102,straight,624,38,340.48
classic-jev_direct-101,classic,jev_direct,101,103,straight,625,38,311.24
open-jev_direct-101,open,jev_direct,101,1,straight,586,38,374.04
open-jev_direct-101,open,jev_direct,101,2,straight,586,38,397.8
open-jev_direct-101,open,jev_direct,101,3,straight,586,38,305.73
open-jev_direct-101,open,jev_direct,101,4,straight,586,38,280.97
open-jev_direct-101,open,jev_direct,101,5,straight,586,38,325.33
open-jev_direct-101,open,jev_direct,101,6,straight,586,38,357.5
open-jev_direct-101,open,jev_direct,101,7,straight,587,38,306.27
open-jev_direct-101,open,jev_direct,101,8,straight,590,38,870.86
open-jev_direct-101,open,jev_direct,101,9,straight,590,38,370.01
open-jev_direct-101,open,jev_direct,101,10,straight,588,38,364.73
open-jev_direct-101,open,jev_direct,101,11,straight,589,38,484.81
open-jev_direct-101,open,jev_direct,101,12,straight,588,38,326.76
open-jev_direct-101,open,jev_direct,101,13,straight,588,38,397.64
open-jev_direct-101,open,jev_direct,101,14,straight,588,38,329.27
open-jev_direct-101,open,jev_direct,101,15,straight,588,38,346.0
open-jev_direct-101,open,jev_direct,101,16,straight,588,38,307.51
open-jev_direct-101,open,jev_direct,101,17,straight,588,38,312.83
open-jev_direct-101,open,jev_direct,101,18,straight,588,38,324.58
open-jev_direct-101,open,jev_direct,101,19,straight,589,38,401.3
open-jev_direct-101,open,jev_direct,101,20,straight,592,38,313.17
open-jev_direct-101,open,jev_direct,101,21,straight,592,38,411.61
open-jev_direct-101,open,jev_direct,101,22,straight,590,38,659.73
open-jev_direct-101,open,jev_direct,101,23,straight,589,38,343.43
open-jev_direct-101,open,jev_direct,101,24,straight,588,38,315.83
open-jev_direct-101,open,jev_direct,101,25,straight,588,38,780.49
open-jev_direct-101,open,jev_direct,101,26,straight,588,38,389.94
open-jev_direct-101,open,jev_direct,101,27,straight,588,38,386.04
open-jev_direct-101,open,jev_direct,101,28,straight,588,38,397.96
open-jev_direct-101,open,jev_direct,101,29,straight,588,38,300.37
open-jev_direct-101,open,jev_direct,101,30,straight,588,38,283.19
open-jev_direct-101,open,jev_direct,101,31,straight,589,38,316.73
open-jev_direct-101,open,jev_direct,101,32,straight,592,38,334.33
open-jev_direct-101,open,jev_direct,101,33,straight,592,38,337.71
open-jev_direct-101,open,jev_direct,101,34,straight,590,38,357.24
open-jev_direct-101,open,jev_direct,101,35,straight,589,38,1040.42
open-jev_direct-101,open,jev_direct,101,36,straight,588,38,347.11
open-jev_direct-101,open,jev_direct,101,37,straight,588,38,322.77
open-jev_direct-101,open,jev_direct,101,38,straight,588,38,297.7
open-jev_direct-101,open,jev_direct,101,39,straight,588,38,330.63
open-jev_direct-101,open,jev_direct,101,40,straight,588,38,356.69
open-jev_direct-101,open,jev_direct,101,41,straight,588,38,333.37
open-jev_direct-101,open,jev_direct,101,42,straight,588,38,279.08
open-jev_direct-101,open,jev_direct,101,43,straight,589,38,358.62
open-jev_direct-101,open,jev_direct,101,44,straight,592,38,291.49
open-jev_direct-101,open,jev_direct,101,45,straight,592,38,334.68
open-jev_direct-101,open,jev_direct,101,46,straight,590,38,333.65
open-jev_direct-101,open,jev_direct,101,47,straight,589,38,332.64
open-jev_direct-101,open,jev_direct,101,48,straight,588,38,487.65
open-jev_direct-101,open,jev_direct,101,49,straight,588,38,284.94
open-jev_direct-101,open,jev_direct,101,50,straight,588,38,377.11
dense-jev_guarded-108,dense,jev_guarded,108,1,straight,708,31,283.35
dense-jev_guarded-108,dense,jev_guarded,108,2,straight,708,31,371.81
dense-jev_guarded-108,dense,jev_guarded,108,3,straight,736,38,292.81
dense-jev_guarded-108,dense,jev_guarded,108,4,straight,736,38,815.45
dense-jev_guarded-108,dense,jev_guarded,108,5,straight,736,38,269.66
dense-jev_guarded-108,dense,jev_guarded,108,6,straight,736,38,327.98
dense-jev_guarded-108,dense,jev_guarded,108,8,right,708,31,342.59
dense-jev_guarded-108,dense,jev_guarded,108,9,straight,742,38,441.12
dense-jev_guarded-108,dense,jev_guarded,108,10,straight,742,38,364.59
dense-jev_guarded-108,dense,jev_guarded,108,11,straight,743,38,299.26
dense-jev_guarded-108,dense,jev_guarded,108,12,straight,715,31,403.58
dense-jev_guarded-108,dense,jev_guarded,108,13,left,715,31,584.16
dense-jev_guarded-108,dense,jev_guarded,108,14,right,715,31,346.56
dense-jev_guarded-108,dense,jev_guarded,108,15,straight,715,31,373.16
dense-jev_guarded-108,dense,jev_guarded,108,16,straight,743,38,393.1
dense-jev_guarded-108,dense,jev_guarded,108,17,straight,743,38,342.14
dense-jev_guarded-108,dense,jev_guarded,108,18,straight,716,31,336.34
dense-jev_guarded-108,dense,jev_guarded,108,19,straight,748,38,329.73
dense-jev_guarded-108,dense,jev_guarded,108,20,left,720,31,434.72
dense-jev_guarded-108,dense,jev_guarded,108,21,left,722,31,295.16
dense-jev_guarded-108,dense,jev_guarded,108,22,straight,751,38,345.14
dense-jev_guarded-108,dense,jev_guarded,108,23,straight,748,38,313.4
dense-jev_guarded-108,dense,jev_guarded,108,24,straight,747,38,858.54
dense-jev_guarded-108,dense,jev_guarded,108,25,straight,746,38,335.88
dense-jev_guarded-108,dense,jev_guarded,108,26,straight,745,38,308.25
dense-jev_guarded-108,dense,jev_guarded,108,27,straight,745,38,283.75
dense-jev_guarded-108,dense,jev_guarded,108,28,straight,717,31,312.92
dense-jev_guarded-108,dense,jev_guarded,108,29,straight,745,38,333.57
dense-jev_guarded-108,dense,jev_guarded,108,30,straight,716,31,565.55
dense-jev_guarded-108,dense,jev_guarded,108,31,straight,716,31,342.15
dense-jev_guarded-108,dense,jev_guarded,108,32,right,717,31,348.44
dense-jev_guarded-108,dense,jev_guarded,108,37,straight,722,31,403.47
dense-jev_guarded-108,dense,jev_guarded,108,38,straight,722,31,331.72
dense-jev_guarded-108,dense,jev_guarded,108,39,straight,722,31,362.84
dense-jev_guarded-108,dense,jev_guarded,108,40,straight,722,31,340.41
dense-jev_guarded-108,dense,jev_guarded,108,41,straight,722,31,348.16
dense-jev_guarded-108,dense,jev_guarded,108,42,straight,722,31,307.97
dense-jev_guarded-108,dense,jev_guarded,108,43,straight,723,31,378.99
dense-jev_guarded-108,dense,jev_guarded,108,44,right,725,31,339.45
dense-jev_guarded-108,dense,jev_guarded,108,45,straight,754,38,422.07
dense-jev_guarded-108,dense,jev_guarded,108,46,straight,752,38,296.88
dense-jev_guarded-108,dense,jev_guarded,108,47,straight,752,38,346.87
dense-jev_guarded-108,dense,jev_guarded,108,48,straight,723,31,309.83
dense-jev_guarded-108,dense,jev_guarded,108,51,straight,722,31,383.14
dense-jev_guarded-108,dense,jev_guarded,108,52,left,722,31,303.9
dense-jev_guarded-108,dense,jev_guarded,108,53,left,750,38,372.34
dense-jev_guarded-108,dense,jev_guarded,108,54,straight,722,31,376.68
dense-jev_guarded-108,dense,jev_guarded,108,57,straight,722,31,287.61
dense-jev_guarded-108,dense,jev_guarded,108,58,straight,722,31,281.82
classic-jev_direct-105,classic,jev_direct,105,1,right,586,38,363.0
classic-jev_direct-105,classic,jev_direct,105,2,right,586,38,353.41
classic-jev_direct-105,classic,jev_direct,105,3,straight,592,38,325.93
classic-jev_direct-105,classic,jev_direct,105,4,straight,592,38,368.13
classic-jev_direct-105,classic,jev_direct,105,5,straight,593,38,331.64
classic-jev_direct-105,classic,jev_direct,105,6,straight,596,38,383.12
classic-jev_direct-105,classic,jev_direct,105,7,right,597,38,356.19
classic-jev_direct-105,classic,jev_direct,105,8,straight,598,38,371.14
classic-jev_direct-105,classic,jev_direct,105,9,straight,599,38,377.89
classic-jev_direct-105,classic,jev_direct,105,10,straight,599,38,291.26
classic-jev_direct-105,classic,jev_direct,105,11,right,600,38,504.28
classic-jev_direct-105,classic,jev_direct,105,12,straight,599,38,329.07
classic-jev_direct-105,classic,jev_direct,105,13,straight,597,38,336.94
classic-jev_direct-105,classic,jev_direct,105,14,straight,596,38,332.24
classic-jev_direct-105,classic,jev_direct,105,15,left,595,38,328.11
classic-jev_direct-105,classic,jev_direct,105,16,straight,594,38,309.7
classic-jev_direct-105,classic,jev_direct,105,17,right,594,38,427.85
classic-jev_direct-105,classic,jev_direct,105,18,right,594,38,376.37
classic-jev_direct-105,classic,jev_direct,105,19,straight,594,38,423.22
classic-jev_direct-105,classic,jev_direct,105,20,straight,594,38,370.16
classic-jev_direct-105,classic,jev_direct,105,21,left,594,38,303.7
classic-jev_direct-105,classic,jev_direct,105,22,left,594,38,400.45
classic-jev_direct-105,classic,jev_direct,105,23,straight,594,38,392.97
classic-jev_direct-105,classic,jev_direct,105,24,straight,594,38,435.68
classic-jev_direct-105,classic,jev_direct,105,25,right,594,38,422.01
classic-jev_direct-105,classic,jev_direct,105,26,right,594,38,378.73
classic-jev_direct-105,classic,jev_direct,105,27,straight,594,38,306.54
classic-jev_direct-105,classic,jev_direct,105,28,left,594,38,292.22
classic-jev_direct-105,classic,jev_direct,105,29,straight,594,38,338.18
classic-jev_direct-105,classic,jev_direct,105,30,straight,599,38,384.21
classic-jev_direct-105,classic,jev_direct,105,31,straight,599,38,313.56
classic-jev_direct-105,classic,jev_direct,105,32,left,599,38,343.34
classic-jev_direct-105,classic,jev_direct,105,33,straight,599,38,414.17
classic-jev_direct-105,classic,jev_direct,105,34,straight,599,38,316.55
classic-jev_direct-105,classic,jev_direct,105,35,left,605,38,313.57
classic-jev_direct-105,classic,jev_direct,105,36,straight,605,38,348.29
classic-jev_direct-105,classic,jev_direct,105,37,straight,605,38,342.11
classic-jev_direct-105,classic,jev_direct,105,38,left,605,38,401.68
classic-jev_direct-105,classic,jev_direct,105,39,straight,605,38,351.63
classic-jev_direct-105,classic,jev_direct,105,40,straight,605,38,308.19
classic-jev_direct-105,classic,jev_direct,105,41,straight,605,38,295.26
classic-jev_direct-105,classic,jev_direct,105,42,straight,605,38,374.63
classic-jev_direct-105,classic,jev_direct,105,43,straight,605,38,321.39
classic-jev_direct-105,classic,jev_direct,105,44,straight,605,38,330.05
classic-jev_direct-105,classic,jev_direct,105,45,straight,606,38,387.59
classic-jev_direct-105,classic,jev_direct,105,46,straight,606,38,352.95
classic-jev_direct-105,classic,jev_direct,105,47,straight,607,38,303.45
classic-jev_direct-105,classic,jev_direct,105,48,straight,610,38,367.73
classic-jev_direct-105,classic,jev_direct,105,49,left,611,38,321.12
classic-jev_direct-105,classic,jev_direct,105,50,straight,612,38,429.78
classic-jev_direct-105,classic,jev_direct,105,51,left,613,38,303.28
classic-jev_direct-105,classic,jev_direct,105,52,straight,613,38,293.16
classic-jev_direct-105,classic,jev_direct,105,53,straight,611,38,385.52
classic-jev_direct-105,classic,jev_direct,105,54,straight,610,38,296.65
classic-jev_direct-105,classic,jev_direct,105,55,straight,609,38,350.99
classic-jev_direct-105,classic,jev_direct,105,56,straight,608,38,334.53
classic-jev_direct-105,classic,jev_direct,105,57,straight,607,38,334.44
classic-jev_direct-105,classic,jev_direct,105,58,straight,606,38,397.26
classic-jev_direct-105,classic,jev_direct,105,59,straight,606,38,447.46
classic-jev_direct-105,classic,jev_direct,105,60,straight,606,38,319.88
classic-jev_direct-105,classic,jev_direct,105,61,left,606,38,340.25
classic-jev_direct-105,classic,jev_direct,105,62,straight,606,38,368.61
classic-jev_direct-105,classic,jev_direct,105,63,straight,606,38,342.13
classic-jev_direct-105,classic,jev_direct,105,64,straight,606,38,431.62
classic-jev_direct-105,classic,jev_direct,105,65,left,606,38,492.25
classic-jev_direct-105,classic,jev_direct,105,66,straight,606,38,319.43
classic-jev_direct-105,classic,jev_direct,105,67,straight,606,38,388.93
classic-jev_direct-105,classic,jev_direct,105,68,straight,606,38,339.1
classic-jev_direct-105,classic,jev_direct,105,69,straight,606,38,428.22
classic-jev_direct-105,classic,jev_direct,105,70,straight,606,38,397.41
classic-jev_direct-105,classic,jev_direct,105,71,straight,606,38,351.73
classic-jev_direct-105,classic,jev_direct,105,72,left,606,38,440.12
classic-jev_direct-105,classic,jev_direct,105,73,straight,606,38,424.15
classic-jev_direct-105,classic,jev_direct,105,74,straight,606,38,386.9
classic-jev_direct-105,classic,jev_direct,105,75,straight,606,38,322.6
classic-jev_direct-105,classic,jev_direct,105,76,straight,606,38,374.84
classic-jev_direct-105,classic,jev_direct,105,77,left,606,38,316.19
classic-jev_direct-105,classic,jev_direct,105,78,straight,606,38,338.91
classic-jev_direct-105,classic,jev_direct,105,79,straight,606,38,439.07
classic-jev_direct-105,classic,jev_direct,105,80,straight,606,38,389.12
classic-jev_direct-105,classic,jev_direct,105,81,straight,606,38,381.43
classic-jev_direct-105,classic,jev_direct,105,82,straight,606,38,660.25
classic-jev_direct-105,classic,jev_direct,105,83,straight,606,38,490.08
classic-jev_direct-105,classic,jev_direct,105,84,left,606,38,1840.42
dense-jev_guarded-101,dense,jev_guarded,101,1,straight,706,31,326.89
dense-jev_guarded-101,dense,jev_guarded,101,4,straight,706,31,295.77
dense-jev_guarded-101,dense,jev_guarded,101,5,straight,734,38,386.89
dense-jev_guarded-101,dense,jev_guarded,101,6,right,706,31,317.7
dense-jev_guarded-101,dense,jev_guarded,101,7,right,706,31,353.09
dense-jev_guarded-101,dense,jev_guarded,101,8,straight,734,38,313.12
dense-jev_guarded-101,dense,jev_guarded,101,9,left,706,31,303.85
dense-jev_guarded-101,dense,jev_guarded,101,10,straight,735,38,325.32
dense-jev_guarded-101,dense,jev_guarded,101,11,straight,740,38,315.2
dense-jev_guarded-101,dense,jev_guarded,101,12,right,712,31,348.62
dense-jev_guarded-101,dense,jev_guarded,101,13,straight,713,31,297.68
dense-jev_guarded-101,dense,jev_guarded,101,14,straight,713,31,320.67
dense-jev_guarded-101,dense,jev_guarded,101,15,straight,719,31,320.96
dense-jev_guarded-101,dense,jev_guarded,101,16,straight,719,31,303.89
dense-jev_guarded-101,dense,jev_guarded,101,17,straight,720,31,362.0
dense-jev_guarded-101,dense,jev_guarded,101,18,straight,722,31,301.78
dense-jev_guarded-101,dense,jev_guarded,101,21,straight,753,38,289.6
dense-jev_guarded-101,dense,jev_guarded,101,22,straight,750,38,373.57
dense-jev_guarded-101,dense,jev_guarded,101,23,straight,749,38,333.69
dense-jev_guarded-101,dense,jev_guarded,101,24,straight,748,38,341.16
dense-jev_guarded-101,dense,jev_guarded,101,25,straight,748,38,479.04
dense-jev_guarded-101,dense,jev_guarded,101,26,straight,748,38,351.8
dense-jev_guarded-101,dense,jev_guarded,101,27,straight,748,38,351.91
dense-jev_guarded-101,dense,jev_guarded,101,28,straight,748,38,270.61
dense-jev_guarded-101,dense,jev_guarded,101,29,straight,748,38,321.76
dense-jev_guarded-101,dense,jev_guarded,101,30,straight,720,31,354.6
open-jev_guarded-103,open,jev_guarded,103,1,straight,587,38,567.5
open-jev_guarded-103,open,jev_guarded,103,2,straight,587,38,371.65
open-jev_guarded-103,open,jev_guarded,103,3,straight,587,38,338.99
open-jev_guarded-103,open,jev_guarded,103,4,straight,587,38,301.42
open-jev_guarded-103,open,jev_guarded,103,5,straight,587,38,296.77
open-jev_guarded-103,open,jev_guarded,103,6,straight,587,38,274.96
open-jev_guarded-103,open,jev_guarded,103,7,right,588,38,338.31
open-jev_guarded-103,open,jev_guarded,103,8,straight,588,38,319.07
open-jev_guarded-103,open,jev_guarded,103,9,straight,588,38,335.8
open-jev_guarded-103,open,jev_guarded,103,10,straight,589,38,302.11
open-jev_guarded-103,open,jev_guarded,103,11,straight,594,38,414.02
open-jev_guarded-103,open,jev_guarded,103,12,right,594,38,369.79
open-jev_guarded-103,open,jev_guarded,103,13,straight,594,38,304.42
open-jev_guarded-103,open,jev_guarded,103,14,straight,594,38,366.23
open-jev_guarded-103,open,jev_guarded,103,15,straight,594,38,341.8
open-jev_guarded-103,open,jev_guarded,103,16,straight,594,38,308.43
open-jev_guarded-103,open,jev_guarded,103,17,straight,594,38,309.26
open-jev_guarded-103,open,jev_guarded,103,18,straight,594,38,305.55
open-jev_guarded-103,open,jev_guarded,103,19,straight,594,38,322.36
open-jev_guarded-103,open,jev_guarded,103,20,straight,594,38,302.84
open-jev_guarded-103,open,jev_guarded,103,21,straight,600,38,316.44
open-jev_guarded-103,open,jev_guarded,103,22,straight,603,38,331.95
open-jev_guarded-103,open,jev_guarded,103,23,straight,603,38,309.69
open-jev_guarded-103,open,jev_guarded,103,24,straight,601,38,351.46
open-jev_guarded-103,open,jev_guarded,103,25,straight,601,38,413.95
open-jev_guarded-103,open,jev_guarded,103,26,straight,600,38,300.17
open-jev_guarded-103,open,jev_guarded,103,27,straight,599,38,305.33
open-jev_guarded-103,open,jev_guarded,103,28,right,599,38,455.98
open-jev_guarded-103,open,jev_guarded,103,29,straight,599,38,327.12
open-jev_guarded-103,open,jev_guarded,103,30,straight,596,38,359.77
open-jev_guarded-103,open,jev_guarded,103,31,straight,596,38,368.3
open-jev_guarded-103,open,jev_guarded,103,32,straight,601,38,320.39
open-jev_guarded-103,open,jev_guarded,103,33,straight,600,38,355.4
open-jev_guarded-103,open,jev_guarded,103,34,straight,599,38,357.35
open-jev_guarded-103,open,jev_guarded,103,35,straight,599,38,306.72
open-jev_guarded-103,open,jev_guarded,103,36,straight,599,38,408.89
open-jev_guarded-103,open,jev_guarded,103,37,straight,599,38,414.36
open-jev_guarded-103,open,jev_guarded,103,38,straight,599,38,366.29
open-jev_guarded-103,open,jev_guarded,103,39,right,600,38,376.96
open-jev_guarded-103,open,jev_guarded,103,40,straight,600,38,376.39
open-jev_guarded-103,open,jev_guarded,103,41,straight,600,38,420.45
open-jev_guarded-103,open,jev_guarded,103,42,right,601,38,450.76
open-jev_guarded-103,open,jev_guarded,103,43,straight,600,38,371.27
open-jev_guarded-103,open,jev_guarded,103,44,straight,600,38,325.71
open-jev_guarded-103,open,jev_guarded,103,45,straight,600,38,396.0
open-jev_guarded-103,open,jev_guarded,103,46,straight,600,38,409.51
open-jev_guarded-103,open,jev_guarded,103,47,straight,600,38,315.11
open-jev_guarded-103,open,jev_guarded,103,48,straight,600,38,517.63
open-jev_guarded-103,open,jev_guarded,103,49,straight,605,38,331.82
open-jev_guarded-103,open,jev_guarded,103,50,straight,605,38,314.17
open-jev_guarded-103,open,jev_guarded,103,51,straight,606,38,332.11
open-jev_guarded-103,open,jev_guarded,103,52,right,609,38,518.78
open-jev_guarded-103,open,jev_guarded,103,53,straight,609,38,404.13
open-jev_guarded-103,open,jev_guarded,103,54,straight,610,38,363.89
open-jev_guarded-103,open,jev_guarded,103,55,right,611,38,432.49
open-jev_guarded-103,open,jev_guarded,103,56,straight,609,38,340.41
open-jev_guarded-103,open,jev_guarded,103,57,straight,609,38,329.93
open-jev_guarded-103,open,jev_guarded,103,58,straight,608,38,827.31
open-jev_guarded-103,open,jev_guarded,103,59,straight,608,38,508.99
open-jev_guarded-103,open,jev_guarded,103,60,straight,607,38,526.7
open-jev_guarded-103,open,jev_guarded,103,61,straight,606,38,465.31
open-jev_guarded-103,open,jev_guarded,103,62,straight,606,38,391.27
open-jev_guarded-103,open,jev_guarded,103,63,straight,606,38,910.44
open-jev_guarded-103,open,jev_guarded,103,64,right,606,38,524.74
open-jev_guarded-103,open,jev_guarded,103,65,straight,611,38,347.56
open-jev_guarded-103,open,jev_guarded,103,66,straight,611,38,354.82
open-jev_guarded-103,open,jev_guarded,103,67,straight,611,38,397.23
open-jev_guarded-103,open,jev_guarded,103,68,right,612,38,375.56
open-jev_guarded-103,open,jev_guarded,103,69,straight,612,38,340.73
open-jev_guarded-103,open,jev_guarded,103,70,straight,612,38,377.75
open-jev_guarded-103,open,jev_guarded,103,71,straight,612,38,325.95
open-jev_guarded-103,open,jev_guarded,103,72,straight,612,38,396.44
open-jev_guarded-103,open,jev_guarded,103,73,straight,612,38,572.88
open-jev_guarded-103,open,jev_guarded,103,74,straight,612,38,561.13
open-jev_guarded-103,open,jev_guarded,103,75,right,613,38,330.87
open-jev_guarded-103,open,jev_guarded,103,76,straight,612,38,333.93
open-jev_guarded-103,open,jev_guarded,103,77,straight,612,38,343.6
open-jev_guarded-103,open,jev_guarded,103,78,straight,612,38,322.39
open-jev_guarded-103,open,jev_guarded,103,79,left,612,38,327.97
open-jev_guarded-103,open,jev_guarded,103,80,straight,613,38,356.12
open-jev_guarded-103,open,jev_guarded,103,81,straight,616,38,394.06
open-jev_guarded-103,open,jev_guarded,103,82,straight,616,38,443.71
open-jev_guarded-103,open,jev_guarded,103,83,straight,614,38,356.97
open-jev_guarded-103,open,jev_guarded,103,84,straight,614,38,355.54
open-jev_guarded-103,open,jev_guarded,103,85,right,614,38,347.2
open-jev_guarded-103,open,jev_guarded,103,86,straight,614,38,326.63
open-jev_guarded-103,open,jev_guarded,103,87,straight,614,38,333.68
open-jev_guarded-103,open,jev_guarded,103,88,straight,613,38,321.16
open-jev_guarded-103,open,jev_guarded,103,89,straight,612,38,324.98
open-jev_guarded-103,open,jev_guarded,103,90,straight,613,38,340.36
open-jev_guarded-103,open,jev_guarded,103,91,straight,616,38,359.68
open-jev_guarded-103,open,jev_guarded,103,92,left,616,38,315.28
open-jev_guarded-103,open,jev_guarded,103,93,straight,617,38,564.39
open-jev_guarded-103,open,jev_guarded,103,94,straight,618,38,304.5
open-jev_guarded-103,open,jev_guarded,103,95,straight,619,38,389.76
open-jev_guarded-103,open,jev_guarded,103,96,straight,620,38,299.75
open-jev_guarded-103,open,jev_guarded,103,97,left,621,38,313.34
open-jev_guarded-103,open,jev_guarded,103,98,right,621,38,287.63
open-jev_guarded-103,open,jev_guarded,103,99,left,621,38,650.7
open-jev_guarded-103,open,jev_guarded,103,100,straight,618,38,316.82
open-jev_guarded-103,open,jev_guarded,103,101,straight,625,38,383.54
open-jev_guarded-103,open,jev_guarded,103,102,straight,624,38,315.94
open-jev_guarded-103,open,jev_guarded,103,103,left,623,38,298.76
open-jev_guarded-103,open,jev_guarded,103,104,straight,622,38,452.32
open-jev_guarded-103,open,jev_guarded,103,105,left,621,38,323.57
open-jev_guarded-103,open,jev_guarded,103,106,left,620,38,305.1
open-jev_guarded-103,open,jev_guarded,103,108,straight,619,38,392.41
open-jev_guarded-103,open,jev_guarded,103,109,left,620,38,326.68
open-jev_guarded-103,open,jev_guarded,103,110,straight,620,38,311.8
open-jev_guarded-103,open,jev_guarded,103,111,straight,622,38,338.46
open-jev_guarded-103,open,jev_guarded,103,112,straight,625,38,309.91
open-jev_guarded-103,open,jev_guarded,103,113,straight,625,38,336.72
open-jev_guarded-103,open,jev_guarded,103,114,right,623,38,333.63
open-jev_guarded-103,open,jev_guarded,103,115,left,631,38,342.38
open-jev_guarded-103,open,jev_guarded,103,116,straight,630,38,327.21
open-jev_guarded-103,open,jev_guarded,103,117,straight,631,38,383.02
open-jev_guarded-103,open,jev_guarded,103,118,left,632,38,315.51
open-jev_guarded-103,open,jev_guarded,103,119,straight,630,38,320.19
open-jev_guarded-103,open,jev_guarded,103,120,straight,630,38,306.86
open-jev_guarded-103,open,jev_guarded,103,121,left,629,38,334.37
open-jev_guarded-103,open,jev_guarded,103,122,straight,635,38,335.23
open-jev_guarded-103,open,jev_guarded,103,123,right,634,38,398.07
open-jev_guarded-103,open,jev_guarded,103,124,straight,634,38,343.51
open-jev_guarded-103,open,jev_guarded,103,125,straight,633,38,335.39
open-jev_guarded-103,open,jev_guarded,103,126,straight,632,38,568.6
open-jev_guarded-103,open,jev_guarded,103,127,straight,631,38,361.21
open-jev_guarded-103,open,jev_guarded,103,128,straight,630,38,320.36
open-jev_guarded-103,open,jev_guarded,103,129,right,630,38,285.12
open-jev_guarded-103,open,jev_guarded,103,130,straight,630,38,383.82
open-jev_guarded-103,open,jev_guarded,103,131,straight,630,38,479.16
open-jev_guarded-103,open,jev_guarded,103,132,straight,631,38,319.34
open-jev_guarded-103,open,jev_guarded,103,133,straight,631,38,271.01
open-jev_guarded-103,open,jev_guarded,103,134,right,631,38,350.03
obstacles-jev_guarded-107,obstacles,jev_guarded,107,1,right,666,38,317.79
obstacles-jev_guarded-107,obstacles,jev_guarded,107,2,straight,666,38,312.91
obstacles-jev_guarded-107,obstacles,jev_guarded,107,3,left,666,38,315.32
obstacles-jev_guarded-107,obstacles,jev_guarded,107,4,straight,645,31,331.8
obstacles-jev_guarded-107,obstacles,jev_guarded,107,5,straight,673,38,422.77
obstacles-jev_guarded-107,obstacles,jev_guarded,107,6,straight,645,31,355.2
obstacles-jev_guarded-107,obstacles,jev_guarded,107,7,straight,673,38,326.59
obstacles-jev_guarded-107,obstacles,jev_guarded,107,8,straight,673,38,398.39
obstacles-jev_guarded-107,obstacles,jev_guarded,107,9,right,645,31,350.01
obstacles-jev_guarded-107,obstacles,jev_guarded,107,10,straight,646,31,286.51
obstacles-jev_guarded-107,obstacles,jev_guarded,107,11,straight,649,31,556.95
obstacles-jev_guarded-107,obstacles,jev_guarded,107,13,straight,651,31,365.37
obstacles-jev_guarded-107,obstacles,jev_guarded,107,17,right,652,31,394.66
obstacles-jev_guarded-107,obstacles,jev_guarded,107,19,straight,677,38,335.0
obstacles-jev_guarded-107,obstacles,jev_guarded,107,20,straight,676,38,462.55
obstacles-jev_guarded-107,obstacles,jev_guarded,107,21,straight,675,38,293.57
obstacles-jev_guarded-107,obstacles,jev_guarded,107,22,straight,675,38,298.58
obstacles-jev_guarded-107,obstacles,jev_guarded,107,23,straight,675,38,415.58
obstacles-jev_guarded-107,obstacles,jev_guarded,107,24,straight,675,38,456.7
obstacles-jev_guarded-107,obstacles,jev_guarded,107,25,straight,675,38,373.87
obstacles-jev_guarded-107,obstacles,jev_guarded,107,26,right,675,38,366.22
obstacles-jev_guarded-107,obstacles,jev_guarded,107,27,straight,675,38,358.33
obstacles-jev_guarded-107,obstacles,jev_guarded,107,28,straight,647,31,325.53
obstacles-jev_guarded-107,obstacles,jev_guarded,107,29,right,675,38,390.77
obstacles-jev_guarded-107,obstacles,jev_guarded,107,30,straight,675,38,363.02
obstacles-jev_guarded-107,obstacles,jev_guarded,107,31,straight,675,38,338.91
obstacles-jev_guarded-107,obstacles,jev_guarded,107,32,straight,675,38,383.89
obstacles-jev_guarded-107,obstacles,jev_guarded,107,33,straight,675,38,297.8
obstacles-jev_guarded-107,obstacles,jev_guarded,107,34,straight,647,31,375.52
obstacles-jev_guarded-107,obstacles,jev_guarded,107,35,straight,675,38,301.81
obstacles-jev_guarded-107,obstacles,jev_guarded,107,36,straight,675,38,337.3
obstacles-jev_guarded-107,obstacles,jev_guarded,107,37,straight,676,38,305.2
obstacles-jev_guarded-107,obstacles,jev_guarded,107,38,straight,650,31,451.3
obstacles-jev_guarded-107,obstacles,jev_guarded,107,39,right,651,31,503.23
obstacles-jev_guarded-107,obstacles,jev_guarded,107,43,straight,652,31,721.9
obstacles-jev_guarded-107,obstacles,jev_guarded,107,47,straight,653,31,314.85
obstacles-jev_guarded-107,obstacles,jev_guarded,107,49,straight,681,38,375.49
obstacles-jev_guarded-107,obstacles,jev_guarded,107,50,straight,678,38,346.09
obstacles-jev_guarded-107,obstacles,jev_guarded,107,51,straight,677,38,431.27
obstacles-jev_guarded-107,obstacles,jev_guarded,107,52,straight,676,38,301.25
obstacles-jev_guarded-107,obstacles,jev_guarded,107,53,straight,675,38,612.9
open-jev_direct-108,open,jev_direct,108,1,straight,586,38,296.18
open-jev_direct-108,open,jev_direct,108,2,straight,586,38,386.97
open-jev_direct-108,open,jev_direct,108,3,straight,586,38,347.42
open-jev_direct-108,open,jev_direct,108,4,straight,586,38,406.89
open-jev_direct-108,open,jev_direct,108,5,straight,586,38,351.41
open-jev_direct-108,open,jev_direct,108,6,right,586,38,385.63
open-jev_direct-108,open,jev_direct,108,7,straight,586,38,307.83
open-jev_direct-108,open,jev_direct,108,8,right,586,38,403.38
open-jev_direct-108,open,jev_direct,108,9,left,586,38,355.38
open-jev_direct-108,open,jev_direct,108,10,straight,594,38,408.36
open-jev_direct-108,open,jev_direct,108,11,left,598,38,351.71
open-jev_direct-108,open,jev_direct,108,12,right,598,38,298.57
open-jev_direct-108,open,jev_direct,108,13,right,604,38,367.51
open-jev_direct-108,open,jev_direct,108,14,straight,605,38,336.71
open-jev_direct-108,open,jev_direct,108,15,straight,606,38,399.6
open-jev_direct-108,open,jev_direct,108,16,straight,606,38,324.46
open-jev_direct-108,open,jev_direct,108,17,straight,606,38,364.13
open-jev_direct-108,open,jev_direct,108,18,straight,606,38,406.87
open-jev_direct-108,open,jev_direct,108,19,right,606,38,370.21
open-jev_direct-108,open,jev_direct,108,20,straight,606,38,364.51
open-jev_direct-108,open,jev_direct,108,21,straight,603,38,445.96
open-jev_direct-108,open,jev_direct,108,22,straight,602,38,295.73
open-jev_direct-108,open,jev_direct,108,23,left,602,38,316.81
open-jev_direct-108,open,jev_direct,108,24,straight,608,38,287.98
open-jev_direct-108,open,jev_direct,108,25,straight,608,38,345.77
open-jev_direct-108,open,jev_direct,108,26,straight,610,38,358.33
open-jev_direct-108,open,jev_direct,108,27,left,610,38,377.68
open-jev_direct-108,open,jev_direct,108,28,straight,611,38,325.56
open-jev_direct-108,open,jev_direct,108,29,straight,613,38,336.82
open-jev_direct-108,open,jev_direct,108,30,straight,617,38,406.11
open-jev_direct-108,open,jev_direct,108,31,straight,618,38,342.58
open-jev_direct-108,open,jev_direct,108,32,left,616,38,346.79
open-jev_direct-108,open,jev_direct,108,33,straight,617,38,385.27
open-jev_direct-108,open,jev_direct,108,34,straight,615,38,447.69
open-jev_direct-108,open,jev_direct,108,35,straight,614,38,467.48
open-jev_direct-108,open,jev_direct,108,36,straight,612,38,320.03
open-jev_direct-108,open,jev_direct,108,37,right,610,38,406.97
open-jev_direct-108,open,jev_direct,108,38,straight,608,38,385.74
open-jev_direct-108,open,jev_direct,108,39,straight,607,38,621.32
open-jev_direct-108,open,jev_direct,108,40,straight,607,38,457.89
open-jev_direct-108,open,jev_direct,108,41,straight,607,38,457.27
open-jev_direct-108,open,jev_direct,108,42,straight,607,38,800.08
open-jev_direct-108,open,jev_direct,108,43,straight,607,38,409.25
open-jev_direct-108,open,jev_direct,108,44,straight,607,38,430.35
open-jev_direct-108,open,jev_direct,108,45,straight,607,38,386.55
open-jev_direct-108,open,jev_direct,108,46,straight,608,38,335.04
open-jev_direct-108,open,jev_direct,108,47,left,611,38,314.94
open-jev_direct-108,open,jev_direct,108,48,straight,615,38,525.99
open-jev_direct-108,open,jev_direct,108,49,straight,616,38,353.55
open-jev_direct-108,open,jev_direct,108,50,straight,617,38,522.17
open-jev_direct-108,open,jev_direct,108,51,straight,618,38,395.67
open-jev_direct-108,open,jev_direct,108,52,straight,619,38,395.41
open-jev_direct-108,open,jev_direct,108,53,left,621,38,355.8
open-jev_direct-108,open,jev_direct,108,54,straight,618,38,423.43
open-jev_direct-108,open,jev_direct,108,55,straight,617,38,289.42
open-jev_direct-108,open,jev_direct,108,56,straight,616,38,544.51
open-jev_direct-108,open,jev_direct,108,57,straight,615,38,407.83
open-jev_direct-108,open,jev_direct,108,58,straight,615,38,375.76
open-jev_direct-108,open,jev_direct,108,59,straight,614,38,298.81
open-jev_direct-108,open,jev_direct,108,60,straight,613,38,347.19
open-jev_direct-108,open,jev_direct,108,61,straight,613,38,331.28
open-jev_direct-108,open,jev_direct,108,62,straight,613,38,481.37
open-jev_direct-108,open,jev_direct,108,63,straight,614,38,454.63
open-jev_direct-108,open,jev_direct,108,64,straight,617,38,363.06
open-jev_direct-108,open,jev_direct,108,65,straight,617,38,355.02
open-jev_direct-108,open,jev_direct,108,66,straight,615,38,326.36
open-jev_direct-108,open,jev_direct,108,67,straight,615,38,301.36
open-jev_direct-108,open,jev_direct,108,68,straight,615,38,355.48
open-jev_direct-108,open,jev_direct,108,69,straight,615,38,325.41
open-jev_direct-108,open,jev_direct,108,70,straight,615,38,386.47
open-jev_direct-108,open,jev_direct,108,71,straight,614,38,384.45
open-jev_direct-108,open,jev_direct,108,72,straight,613,38,496.8
open-jev_direct-108,open,jev_direct,108,73,straight,613,38,336.97
open-jev_direct-108,open,jev_direct,108,74,straight,613,38,393.54
open-jev_direct-108,open,jev_direct,108,75,straight,614,38,333.92
open-jev_direct-108,open,jev_direct,108,76,straight,617,38,326.49
open-jev_direct-108,open,jev_direct,108,77,straight,617,38,356.08
open-jev_direct-108,open,jev_direct,108,78,straight,615,38,453.58
open-jev_direct-108,open,jev_direct,108,79,straight,615,38,362.43
open-jev_direct-108,open,jev_direct,108,80,straight,615,38,336.3
open-jev_direct-108,open,jev_direct,108,81,straight,615,38,389.24
open-jev_direct-108,open,jev_direct,108,82,straight,615,38,361.84
open-jev_direct-108,open,jev_direct,108,83,straight,614,38,315.61
open-jev_direct-108,open,jev_direct,108,84,straight,613,38,354.47
open-jev_direct-108,open,jev_direct,108,85,straight,613,38,300.57
open-jev_direct-108,open,jev_direct,108,86,straight,613,38,406.96
open-jev_direct-108,open,jev_direct,108,87,straight,614,38,534.23
open-jev_direct-108,open,jev_direct,108,88,straight,617,38,322.57
open-jev_direct-108,open,jev_direct,108,89,straight,617,38,311.2
open-jev_direct-108,open,jev_direct,108,90,straight,615,38,322.07
open-jev_direct-108,open,jev_direct,108,91,straight,615,38,293.65
open-jev_direct-108,open,jev_direct,108,92,straight,615,38,300.79
open-jev_direct-108,open,jev_direct,108,93,straight,615,38,319.45
open-jev_direct-108,open,jev_direct,108,94,straight,615,38,284.14
open-jev_direct-108,open,jev_direct,108,95,straight,614,38,354.81
open-jev_direct-108,open,jev_direct,108,96,straight,613,38,333.72
open-jev_direct-108,open,jev_direct,108,97,straight,613,38,496.8
dense-jev_direct-103,dense,jev_direct,103,1,right,735,38,661.15
dense-jev_direct-103,dense,jev_direct,103,2,right,735,38,617.67
dense-jev_direct-103,dense,jev_direct,103,3,straight,735,38,2199.75
dense-jev_direct-103,dense,jev_direct,103,4,straight,735,38,408.41
dense-jev_direct-103,dense,jev_direct,103,5,straight,742,38,404.89
dense-jev_direct-103,dense,jev_direct,103,6,straight,745,38,421.41
dense-jev_direct-103,dense,jev_direct,103,7,left,746,38,398.8
dense-jev_direct-103,dense,jev_direct,103,8,left,747,38,344.25
dense-jev_direct-103,dense,jev_direct,103,9,straight,747,38,361.97
dense-jev_direct-103,dense,jev_direct,103,10,straight,744,38,322.34
dense-jev_guarded-105,dense,jev_guarded,105,1,straight,712,31,384.81
dense-jev_guarded-105,dense,jev_guarded,105,2,straight,712,31,343.98
dense-jev_guarded-105,dense,jev_guarded,105,3,straight,740,38,407.16
dense-jev_guarded-105,dense,jev_guarded,105,4,straight,740,38,327.27
dense-jev_guarded-105,dense,jev_guarded,105,6,straight,740,38,355.3
dense-jev_guarded-105,dense,jev_guarded,105,8,straight,712,31,334.43
dense-jev_guarded-105,dense,jev_guarded,105,9,straight,712,31,413.07
dense-jev_guarded-105,dense,jev_guarded,105,11,straight,714,31,286.11
dense-jev_guarded-105,dense,jev_guarded,105,15,straight,714,31,407.96
dense-jev_guarded-105,dense,jev_guarded,105,16,straight,714,31,338.6
dense-jev_guarded-105,dense,jev_guarded,105,18,straight,742,38,346.43
dense-jev_guarded-105,dense,jev_guarded,105,19,straight,742,38,325.51
dense-jev_guarded-105,dense,jev_guarded,105,20,straight,714,31,338.7
dense-jev_guarded-105,dense,jev_guarded,105,21,straight,742,38,372.14
dense-jev_guarded-105,dense,jev_guarded,105,22,straight,714,31,295.66
dense-jev_guarded-105,dense,jev_guarded,105,23,straight,742,38,340.61
dense-jev_guarded-105,dense,jev_guarded,105,24,straight,742,38,353.99
dense-jev_guarded-105,dense,jev_guarded,105,25,straight,742,38,306.76
dense-jev_guarded-105,dense,jev_guarded,105,26,straight,715,31,324.64
dense-jev_guarded-105,dense,jev_guarded,105,27,straight,746,38,367.52
dense-jev_guarded-105,dense,jev_guarded,105,28,right,718,31,358.42
dense-jev_guarded-105,dense,jev_guarded,105,29,straight,719,31,366.11
dense-jev_guarded-105,dense,jev_guarded,105,31,straight,747,38,351.33
dense-jev_guarded-105,dense,jev_guarded,105,32,straight,744,38,366.04
dense-jev_guarded-105,dense,jev_guarded,105,33,left,715,31,393.5
dense-jev_guarded-105,dense,jev_guarded,105,35,straight,743,38,389.01
dense-jev_guarded-105,dense,jev_guarded,105,36,right,717,31,318.77
dense-jev_guarded-105,dense,jev_guarded,105,37,straight,717,31,301.88
dense-jev_guarded-105,dense,jev_guarded,105,38,straight,748,38,346.87
dense-jev_guarded-105,dense,jev_guarded,105,40,right,722,31,293.2
open-jev_direct-105,open,jev_direct,105,1,right,586,38,363.77
open-jev_direct-105,open,jev_direct,105,2,right,586,38,361.61
open-jev_direct-105,open,jev_direct,105,3,straight,592,38,321.16
open-jev_direct-105,open,jev_direct,105,4,straight,592,38,297.69
open-jev_direct-105,open,jev_direct,105,5,straight,593,38,536.14
open-jev_direct-105,open,jev_direct,105,6,straight,596,38,404.96
open-jev_direct-105,open,jev_direct,105,7,straight,596,38,406.65
open-jev_direct-105,open,jev_direct,105,8,left,594,38,348.8
open-jev_direct-105,open,jev_direct,105,9,straight,595,38,394.79
open-jev_direct-105,open,jev_direct,105,10,straight,595,38,467.31
open-jev_direct-105,open,jev_direct,105,11,right,598,38,349.07
open-jev_direct-105,open,jev_direct,105,12,straight,597,38,369.02
open-jev_direct-105,open,jev_direct,105,13,straight,599,38,348.91
open-jev_direct-105,open,jev_direct,105,14,right,600,38,392.23
open-jev_direct-105,open,jev_direct,105,15,straight,597,38,337.04
open-jev_direct-105,open,jev_direct,105,16,straight,596,38,336.78
open-jev_direct-105,open,jev_direct,105,17,straight,595,38,356.66
open-jev_direct-105,open,jev_direct,105,18,straight,594,38,338.02
open-jev_direct-105,open,jev_direct,105,19,straight,594,38,313.92
open-jev_direct-105,open,jev_direct,105,20,straight,594,38,291.44
open-jev_direct-105,open,jev_direct,105,21,right,594,38,365.94
open-jev_direct-105,open,jev_direct,105,22,straight,599,38,338.8
open-jev_direct-105,open,jev_direct,105,23,straight,599,38,303.69
open-jev_direct-105,open,jev_direct,105,24,straight,600,38,324.83
open-jev_direct-105,open,jev_direct,105,25,straight,603,38,340.74
open-jev_direct-105,open,jev_direct,105,26,straight,603,38,341.45
open-jev_direct-105,open,jev_direct,105,27,straight,601,38,364.07
open-jev_direct-105,open,jev_direct,105,28,straight,601,38,310.42
open-jev_direct-105,open,jev_direct,105,29,straight,601,38,414.22
open-jev_direct-105,open,jev_direct,105,30,straight,600,38,311.52
open-jev_direct-105,open,jev_direct,105,31,straight,599,38,294.99
open-jev_direct-105,open,jev_direct,105,32,straight,600,38,338.74
open-jev_direct-105,open,jev_direct,105,33,straight,600,38,315.41
open-jev_direct-105,open,jev_direct,105,34,straight,600,38,329.89
open-jev_direct-105,open,jev_direct,105,35,straight,600,38,346.79
open-jev_direct-105,open,jev_direct,105,36,straight,601,38,373.37
open-jev_direct-105,open,jev_direct,105,37,straight,604,38,322.45
open-jev_direct-105,open,jev_direct,105,38,straight,604,38,371.89
open-jev_direct-105,open,jev_direct,105,39,straight,602,38,372.71
open-jev_direct-105,open,jev_direct,105,40,straight,602,38,319.19
open-jev_direct-105,open,jev_direct,105,41,straight,602,38,300.16
open-jev_direct-105,open,jev_direct,105,42,straight,601,38,357.14
open-jev_direct-105,open,jev_direct,105,43,straight,600,38,315.86
open-jev_direct-105,open,jev_direct,105,44,straight,600,38,346.61
open-jev_direct-105,open,jev_direct,105,45,straight,600,38,347.43
open-jev_direct-105,open,jev_direct,105,46,straight,600,38,371.81
open-jev_direct-105,open,jev_direct,105,47,straight,600,38,351.29
open-jev_direct-105,open,jev_direct,105,48,straight,601,38,339.58
open-jev_direct-105,open,jev_direct,105,49,straight,604,38,384.97
open-jev_direct-105,open,jev_direct,105,50,straight,604,38,353.96
open-jev_direct-105,open,jev_direct,105,51,straight,602,38,416.5
open-jev_direct-105,open,jev_direct,105,52,straight,602,38,327.15
open-jev_direct-105,open,jev_direct,105,53,straight,602,38,356.46
open-jev_direct-105,open,jev_direct,105,54,straight,601,38,460.39
open-jev_direct-105,open,jev_direct,105,55,straight,600,38,351.78
open-jev_direct-105,open,jev_direct,105,56,straight,600,38,359.85
open-jev_direct-105,open,jev_direct,105,57,straight,600,38,395.88
open-jev_direct-105,open,jev_direct,105,58,straight,600,38,420.81
open-jev_direct-105,open,jev_direct,105,59,straight,600,38,336.31
open-jev_direct-105,open,jev_direct,105,60,left,601,38,369.34
open-jev_direct-105,open,jev_direct,105,61,straight,601,38,355.97
open-jev_direct-105,open,jev_direct,105,62,straight,601,38,310.83
open-jev_direct-105,open,jev_direct,105,63,straight,607,38,432.67
open-jev_direct-105,open,jev_direct,105,64,straight,610,38,308.58
open-jev_direct-105,open,jev_direct,105,65,straight,610,38,362.75
open-jev_direct-105,open,jev_direct,105,66,straight,608,38,326.58
open-jev_direct-105,open,jev_direct,105,67,straight,608,38,345.7
open-jev_direct-105,open,jev_direct,105,68,left,608,38,360.15
open-jev_direct-105,open,jev_direct,105,69,left,607,38,346.98
open-jev_direct-105,open,jev_direct,105,70,straight,606,38,483.28
open-jev_direct-105,open,jev_direct,105,71,straight,606,38,314.23
open-jev_direct-105,open,jev_direct,105,72,straight,609,38,345.52
open-jev_direct-105,open,jev_direct,105,73,straight,610,38,402.49
open-jev_direct-105,open,jev_direct,105,74,straight,608,38,349.59
open-jev_direct-105,open,jev_direct,105,75,straight,608,38,370.8
open-jev_direct-105,open,jev_direct,105,76,straight,608,38,452.59
open-jev_direct-105,open,jev_direct,105,77,straight,608,38,402.05
open-jev_direct-105,open,jev_direct,105,78,straight,607,38,329.77
open-jev_direct-105,open,jev_direct,105,79,straight,606,38,313.07
open-jev_direct-105,open,jev_direct,105,80,straight,606,38,497.0
open-jev_direct-105,open,jev_direct,105,81,straight,606,38,368.39
open-jev_direct-105,open,jev_direct,105,82,right,606,38,376.53
open-jev_direct-105,open,jev_direct,105,83,left,606,38,761.47
open-jev_direct-105,open,jev_direct,105,84,straight,607,38,372.24
open-jev_direct-105,open,jev_direct,105,85,straight,610,38,357.13
open-jev_direct-105,open,jev_direct,105,86,straight,610,38,394.8
open-jev_direct-105,open,jev_direct,105,87,left,608,38,414.97
open-jev_direct-105,open,jev_direct,105,88,right,609,38,309.99
open-jev_direct-105,open,jev_direct,105,89,straight,608,38,304.78
open-jev_direct-105,open,jev_direct,105,90,straight,608,38,339.42
open-jev_direct-105,open,jev_direct,105,91,straight,607,38,390.67
open-jev_direct-105,open,jev_direct,105,92,straight,606,38,346.63
open-jev_direct-105,open,jev_direct,105,93,straight,606,38,328.81
open-jev_direct-105,open,jev_direct,105,94,straight,606,38,363.53
open-jev_direct-105,open,jev_direct,105,95,straight,606,38,354.19
open-jev_direct-105,open,jev_direct,105,96,straight,606,38,366.74
open-jev_direct-105,open,jev_direct,105,97,straight,607,38,353.89
open-jev_direct-105,open,jev_direct,105,98,right,610,38,375.8
open-jev_direct-105,open,jev_direct,105,99,straight,610,38,382.43
open-jev_direct-105,open,jev_direct,105,100,straight,611,38,305.86
open-jev_direct-105,open,jev_direct,105,101,left,613,38,526.26
open-jev_direct-105,open,jev_direct,105,102,left,614,38,307.05
open-jev_direct-105,open,jev_direct,105,103,straight,615,38,413.04
open-jev_direct-105,open,jev_direct,105,104,straight,615,38,334.07
open-jev_direct-105,open,jev_direct,105,105,straight,615,38,408.49
open-jev_direct-105,open,jev_direct,105,106,straight,616,38,304.92
open-jev_direct-105,open,jev_direct,105,107,straight,619,38,386.65
open-jev_direct-105,open,jev_direct,105,108,straight,619,38,310.78
open-jev_direct-105,open,jev_direct,105,109,straight,617,38,328.57
open-jev_direct-105,open,jev_direct,105,110,straight,617,38,337.11
open-jev_direct-105,open,jev_direct,105,111,straight,617,38,320.57
open-jev_direct-105,open,jev_direct,105,112,straight,617,38,365.74
dense-jev_guarded-103,dense,jev_guarded,103,1,right,735,38,326.33
dense-jev_guarded-103,dense,jev_guarded,103,3,straight,735,38,330.84
dense-jev_guarded-103,dense,jev_guarded,103,4,straight,707,31,354.25
dense-jev_guarded-103,dense,jev_guarded,103,5,straight,742,38,313.59
dense-jev_guarded-103,dense,jev_guarded,103,6,straight,745,38,335.91
dense-jev_guarded-103,dense,jev_guarded,103,7,left,717,31,671.15
dense-jev_guarded-103,dense,jev_guarded,103,9,straight,747,38,362.7
dense-jev_guarded-103,dense,jev_guarded,103,10,left,716,31,420.89
dense-jev_guarded-103,dense,jev_guarded,103,11,straight,745,38,323.73
dense-jev_guarded-103,dense,jev_guarded,103,12,straight,744,38,345.34
dense-jev_guarded-103,dense,jev_guarded,103,13,straight,714,31,417.75
dense-jev_guarded-103,dense,jev_guarded,103,14,left,715,31,360.8
dense-jev_guarded-103,dense,jev_guarded,103,15,straight,718,31,312.41
dense-jev_guarded-103,dense,jev_guarded,103,16,left,719,31,338.56
dense-jev_guarded-103,dense,jev_guarded,103,18,straight,721,31,330.34
dense-jev_guarded-103,dense,jev_guarded,103,19,left,721,31,332.38
dense-jev_guarded-103,dense,jev_guarded,103,20,straight,749,38,320.3
dense-jev_guarded-103,dense,jev_guarded,103,21,straight,746,38,375.61
dense-jev_guarded-103,dense,jev_guarded,103,22,straight,717,31,359.21
dense-jev_guarded-103,dense,jev_guarded,103,23,straight,744,38,340.21
dense-jev_guarded-103,dense,jev_guarded,103,25,straight,743,38,276.66
dense-jev_guarded-103,dense,jev_guarded,103,26,straight,743,38,300.3
dense-jev_guarded-103,dense,jev_guarded,103,27,straight,715,31,378.45
dense-jev_guarded-103,dense,jev_guarded,103,29,straight,743,38,386.2
dense-jev_guarded-103,dense,jev_guarded,103,30,left,715,31,315.83
dense-jev_guarded-103,dense,jev_guarded,103,31,straight,715,31,327.76
dense-jev_guarded-103,dense,jev_guarded,103,32,straight,715,31,312.62
dense-jev_guarded-103,dense,jev_guarded,103,33,straight,744,38,314.05
dense-jev_guarded-103,dense,jev_guarded,103,34,left,718,31,326.0
dense-jev_guarded-103,dense,jev_guarded,103,35,right,747,38,457.02
dense-jev_guarded-103,dense,jev_guarded,103,37,straight,721,31,269.2
dense-jev_guarded-103,dense,jev_guarded,103,38,straight,721,31,302.46
dense-jev_guarded-103,dense,jev_guarded,103,40,left,721,31,334.57
dense-jev_guarded-103,dense,jev_guarded,103,41,straight,720,31,323.48
dense-jev_guarded-103,dense,jev_guarded,103,42,straight,746,38,379.94
dense-jev_guarded-103,dense,jev_guarded,103,43,straight,745,38,326.76
dense-jev_guarded-103,dense,jev_guarded,103,44,straight,744,38,566.05
dense-jev_guarded-103,dense,jev_guarded,103,45,straight,743,38,315.17
dense-jev_guarded-103,dense,jev_guarded,103,46,straight,715,31,425.66
dense-jev_guarded-103,dense,jev_guarded,103,47,straight,743,38,293.3
dense-jev_guarded-103,dense,jev_guarded,103,48,straight,715,31,322.6
dense-jev_guarded-103,dense,jev_guarded,103,49,straight,743,38,341.68
dense-jev_guarded-103,dense,jev_guarded,103,50,straight,715,31,342.88
dense-jev_guarded-103,dense,jev_guarded,103,51,right,715,31,447.65
dense-jev_guarded-103,dense,jev_guarded,103,52,right,715,31,379.95
dense-jev_guarded-103,dense,jev_guarded,103,53,straight,743,38,401.08
open-jev_direct-104,open,jev_direct,104,1,straight,586,38,295.22
open-jev_direct-104,open,jev_direct,104,2,straight,586,38,427.59
open-jev_direct-104,open,jev_direct,104,3,left,586,38,332.93
open-jev_direct-104,open,jev_direct,104,4,straight,586,38,815.67
open-jev_direct-104,open,jev_direct,104,5,straight,586,38,345.35
open-jev_direct-104,open,jev_direct,104,6,straight,586,38,371.07
open-jev_direct-104,open,jev_direct,104,7,straight,586,38,361.7
open-jev_direct-104,open,jev_direct,104,8,straight,586,38,346.86
open-jev_direct-104,open,jev_direct,104,9,straight,587,38,424.21
open-jev_direct-104,open,jev_direct,104,10,straight,590,38,340.28
open-jev_direct-104,open,jev_direct,104,11,straight,592,38,312.18
open-jev_direct-104,open,jev_direct,104,12,straight,590,38,390.1
open-jev_direct-104,open,jev_direct,104,13,straight,589,38,309.0
open-jev_direct-104,open,jev_direct,104,14,straight,588,38,354.93
open-jev_direct-104,open,jev_direct,104,15,straight,588,38,377.58
open-jev_direct-104,open,jev_direct,104,16,straight,588,38,341.61
open-jev_direct-104,open,jev_direct,104,17,straight,588,38,342.83
open-jev_direct-104,open,jev_direct,104,18,straight,588,38,319.38
open-jev_direct-104,open,jev_direct,104,19,straight,588,38,325.82
open-jev_direct-104,open,jev_direct,104,20,straight,588,38,388.07
open-jev_direct-104,open,jev_direct,104,21,straight,589,38,344.1
open-jev_direct-104,open,jev_direct,104,22,straight,592,38,334.3
open-jev_direct-104,open,jev_direct,104,23,straight,592,38,295.55
open-jev_direct-104,open,jev_direct,104,24,straight,590,38,640.54
open-jev_direct-104,open,jev_direct,104,25,straight,589,38,384.96
open-jev_direct-104,open,jev_direct,104,26,straight,588,38,346.48
open-jev_direct-104,open,jev_direct,104,27,straight,588,38,408.27
open-jev_direct-104,open,jev_direct,104,28,straight,588,38,995.69
open-jev_direct-104,open,jev_direct,104,29,straight,588,38,794.34
open-jev_direct-104,open,jev_direct,104,30,straight,588,38,335.85
open-jev_direct-104,open,jev_direct,104,31,straight,588,38,451.78
open-jev_direct-104,open,jev_direct,104,32,straight,588,38,384.98
open-jev_direct-104,open,jev_direct,104,33,straight,589,38,382.41
open-jev_direct-104,open,jev_direct,104,34,straight,592,38,360.41
open-jev_direct-104,open,jev_direct,104,35,straight,592,38,358.1
open-jev_direct-104,open,jev_direct,104,36,straight,590,38,438.58
open-jev_direct-104,open,jev_direct,104,37,straight,589,38,347.49
open-jev_direct-104,open,jev_direct,104,38,straight,588,38,297.35
open-jev_direct-104,open,jev_direct,104,39,straight,588,38,475.57
open-jev_direct-104,open,jev_direct,104,40,straight,588,38,349.25
open-jev_direct-104,open,jev_direct,104,41,straight,588,38,283.26
open-jev_direct-104,open,jev_direct,104,42,straight,588,38,368.83
open-jev_direct-104,open,jev_direct,104,43,straight,588,38,345.04
open-jev_direct-104,open,jev_direct,104,44,straight,588,38,291.46
open-jev_direct-104,open,jev_direct,104,45,straight,589,38,323.53
open-jev_direct-104,open,jev_direct,104,46,straight,592,38,352.95
open-jev_direct-104,open,jev_direct,104,47,straight,592,38,362.28
open-jev_direct-104,open,jev_direct,104,48,straight,590,38,323.19
open-jev_direct-104,open,jev_direct,104,49,straight,589,38,364.01
open-jev_direct-104,open,jev_direct,104,50,straight,588,38,348.44
classic-jev_direct-103,classic,jev_direct,103,1,right,587,38,303.4
classic-jev_direct-103,classic,jev_direct,103,2,straight,587,38,318.99
classic-jev_direct-103,classic,jev_direct,103,3,straight,587,38,279.17
classic-jev_direct-103,classic,jev_direct,103,4,straight,588,38,408.54
classic-jev_direct-103,classic,jev_direct,103,5,straight,591,38,363.88
classic-jev_direct-103,classic,jev_direct,103,6,right,592,38,365.65
classic-jev_direct-103,classic,jev_direct,103,7,straight,593,38,691.99
classic-jev_direct-103,classic,jev_direct,103,8,straight,593,38,482.67
classic-jev_direct-103,classic,jev_direct,103,9,straight,600,38,357.05
classic-jev_direct-103,classic,jev_direct,103,10,right,603,38,314.77
classic-jev_direct-103,classic,jev_direct,103,11,straight,603,38,395.26
classic-jev_direct-103,classic,jev_direct,103,12,straight,601,38,385.55
classic-jev_direct-103,classic,jev_direct,103,13,straight,601,38,853.31
classic-jev_direct-103,classic,jev_direct,103,14,straight,600,38,416.19
classic-jev_direct-103,classic,jev_direct,103,15,straight,599,38,391.45
classic-jev_direct-103,classic,jev_direct,103,16,straight,599,38,419.27
classic-jev_direct-103,classic,jev_direct,103,17,straight,599,38,384.58
classic-jev_direct-103,classic,jev_direct,103,18,straight,599,38,337.53
classic-jev_direct-103,classic,jev_direct,103,19,right,600,38,328.47
classic-jev_direct-103,classic,jev_direct,103,20,straight,597,38,439.84
classic-jev_direct-103,classic,jev_direct,103,21,straight,596,38,307.7
classic-jev_direct-103,classic,jev_direct,103,22,straight,595,38,930.17
classic-jev_direct-103,classic,jev_direct,103,23,straight,594,38,352.76
classic-jev_direct-103,classic,jev_direct,103,24,straight,594,38,344.45
classic-jev_direct-103,classic,jev_direct,103,25,right,594,38,301.54
classic-jev_direct-103,classic,jev_direct,103,26,straight,594,38,329.31
classic-jev_direct-103,classic,jev_direct,103,27,straight,594,38,319.3
classic-jev_direct-103,classic,jev_direct,103,28,straight,594,38,321.61
classic-jev_direct-103,classic,jev_direct,103,29,straight,594,38,316.58
classic-jev_direct-103,classic,jev_direct,103,30,left,599,38,355.94
classic-jev_direct-103,classic,jev_direct,103,31,straight,599,38,342.28
classic-jev_direct-103,classic,jev_direct,103,32,straight,599,38,341.87
classic-jev_direct-103,classic,jev_direct,103,33,right,605,38,310.57
classic-jev_direct-103,classic,jev_direct,103,34,right,605,38,337.79
classic-jev_direct-103,classic,jev_direct,103,35,left,605,38,399.77
classic-jev_direct-103,classic,jev_direct,103,36,straight,612,38,385.42
classic-jev_direct-103,classic,jev_direct,103,37,right,615,38,343.05
classic-jev_direct-103,classic,jev_direct,103,38,straight,615,38,380.94
classic-jev_direct-103,classic,jev_direct,103,39,straight,616,38,297.91
classic-jev_direct-103,classic,jev_direct,103,40,straight,617,38,340.87
classic-jev_direct-103,classic,jev_direct,103,41,straight,618,38,344.09
classic-jev_direct-103,classic,jev_direct,103,42,right,619,38,321.43
classic-jev_direct-103,classic,jev_direct,103,43,straight,617,38,292.4
classic-jev_direct-103,classic,jev_direct,103,44,left,616,38,335.6
classic-jev_direct-103,classic,jev_direct,103,45,straight,623,38,294.21
classic-jev_direct-103,classic,jev_direct,103,46,straight,623,38,307.74
classic-jev_direct-103,classic,jev_direct,103,47,straight,625,38,320.5
classic-jev_direct-103,classic,jev_direct,103,48,left,625,38,349.15
classic-jev_direct-103,classic,jev_direct,103,49,left,626,38,406.87
classic-jev_direct-103,classic,jev_direct,103,50,straight,625,38,343.65
classic-jev_direct-103,classic,jev_direct,103,51,straight,623,38,359.27
classic-jev_direct-103,classic,jev_direct,103,52,straight,623,38,346.43
classic-jev_direct-103,classic,jev_direct,103,53,straight,623,38,409.01
classic-jev_direct-103,classic,jev_direct,103,54,straight,623,38,366.79
classic-jev_direct-103,classic,jev_direct,103,55,left,623,38,367.34
classic-jev_direct-103,classic,jev_direct,103,56,straight,621,38,367.31
classic-jev_direct-103,classic,jev_direct,103,57,straight,620,38,338.38
classic-jev_direct-103,classic,jev_direct,103,58,straight,619,38,291.06
classic-jev_direct-103,classic,jev_direct,103,59,straight,619,38,289.59
classic-jev_direct-103,classic,jev_direct,103,60,straight,619,38,357.1
classic-jev_direct-103,classic,jev_direct,103,61,straight,619,38,408.77
classic-jev_direct-103,classic,jev_direct,103,62,straight,619,38,285.0
classic-jev_direct-103,classic,jev_direct,103,63,left,619,38,322.12
classic-jev_direct-103,classic,jev_direct,103,64,left,619,38,311.96
classic-jev_direct-103,classic,jev_direct,103,65,straight,619,38,296.15
classic-jev_direct-103,classic,jev_direct,103,66,straight,619,38,342.82
classic-jev_direct-103,classic,jev_direct,103,67,straight,619,38,304.87
classic-jev_direct-103,classic,jev_direct,103,68,straight,619,38,689.78
classic-jev_direct-103,classic,jev_direct,103,69,straight,619,38,287.96
classic-jev_direct-103,classic,jev_direct,103,70,straight,619,38,310.5
classic-jev_direct-103,classic,jev_direct,103,71,straight,619,38,345.88
classic-jev_direct-103,classic,jev_direct,103,72,straight,620,38,306.47
classic-jev_direct-103,classic,jev_direct,103,73,straight,623,38,336.78
classic-jev_direct-103,classic,jev_direct,103,74,left,624,38,344.56
classic-jev_direct-103,classic,jev_direct,103,75,straight,625,38,341.87
classic-jev_direct-103,classic,jev_direct,103,76,straight,626,38,532.41
classic-jev_direct-103,classic,jev_direct,103,77,straight,627,38,381.21
classic-jev_direct-103,classic,jev_direct,103,78,straight,628,38,399.71
classic-jev_direct-103,classic,jev_direct,103,79,straight,629,38,405.23
classic-jev_direct-103,classic,jev_direct,103,80,left,630,38,371.56
classic-jev_direct-103,classic,jev_direct,103,81,straight,629,38,365.72
classic-jev_direct-103,classic,jev_direct,103,82,straight,626,38,329.1
classic-jev_direct-103,classic,jev_direct,103,83,straight,625,38,364.54
classic-jev_direct-103,classic,jev_direct,103,84,straight,624,38,344.71
classic-jev_direct-103,classic,jev_direct,103,85,straight,623,38,345.24
classic-jev_direct-103,classic,jev_direct,103,86,straight,622,38,445.7
classic-jev_direct-103,classic,jev_direct,103,87,straight,621,38,401.75
classic-jev_direct-103,classic,jev_direct,103,88,straight,620,38,323.94
classic-jev_direct-103,classic,jev_direct,103,89,straight,619,38,306.33
classic-jev_direct-103,classic,jev_direct,103,90,left,619,38,352.52
classic-jev_direct-103,classic,jev_direct,103,91,straight,619,38,538.45
classic-jev_direct-103,classic,jev_direct,103,92,straight,619,38,360.09
classic-jev_direct-103,classic,jev_direct,103,93,straight,619,38,595.63
classic-jev_direct-103,classic,jev_direct,103,94,straight,619,38,353.48
obstacles-jev_guarded-108,obstacles,jev_guarded,108,1,straight,664,38,311.82
obstacles-jev_guarded-108,obstacles,jev_guarded,108,2,straight,664,38,311.03
obstacles-jev_guarded-108,obstacles,jev_guarded,108,3,straight,664,38,321.9
obstacles-jev_guarded-108,obstacles,jev_guarded,108,4,straight,664,38,337.3
obstacles-jev_guarded-108,obstacles,jev_guarded,108,5,straight,664,38,318.51
obstacles-jev_guarded-108,obstacles,jev_guarded,108,6,straight,664,38,452.34
obstacles-jev_guarded-108,obstacles,jev_guarded,108,7,left,636,31,417.17
obstacles-jev_guarded-108,obstacles,jev_guarded,108,8,straight,636,31,348.79
obstacles-jev_guarded-108,obstacles,jev_guarded,108,10,left,664,38,329.42
obstacles-jev_guarded-108,obstacles,jev_guarded,108,11,straight,666,38,410.84
obstacles-jev_guarded-108,obstacles,jev_guarded,108,12,right,666,38,443.59
obstacles-jev_guarded-108,obstacles,jev_guarded,108,13,straight,666,38,494.52
obstacles-jev_guarded-108,obstacles,jev_guarded,108,14,straight,666,38,415.12
obstacles-jev_guarded-108,obstacles,jev_guarded,108,15,left,666,38,598.25
obstacles-jev_guarded-108,obstacles,jev_guarded,108,16,straight,666,38,482.82
obstacles-jev_guarded-108,obstacles,jev_guarded,108,17,straight,666,38,354.31
obstacles-jev_guarded-108,obstacles,jev_guarded,108,18,left,667,38,331.88
obstacles-jev_guarded-108,obstacles,jev_guarded,108,19,straight,667,38,282.83
obstacles-jev_guarded-108,obstacles,jev_guarded,108,20,straight,638,31,314.05
obstacles-jev_guarded-108,obstacles,jev_guarded,108,21,straight,667,38,322.7
obstacles-jev_guarded-108,obstacles,jev_guarded,108,22,left,639,31,310.62
obstacles-jev_guarded-108,obstacles,jev_guarded,108,23,straight,638,31,361.96
obstacles-jev_guarded-108,obstacles,jev_guarded,108,24,straight,638,31,301.14
obstacles-jev_guarded-108,obstacles,jev_guarded,108,25,straight,638,31,316.44
obstacles-jev_guarded-108,obstacles,jev_guarded,108,26,straight,638,31,379.03
obstacles-jev_guarded-108,obstacles,jev_guarded,108,28,straight,666,38,406.19
obstacles-jev_guarded-108,obstacles,jev_guarded,108,29,left,638,31,415.65
obstacles-jev_guarded-108,obstacles,jev_guarded,108,30,left,666,38,329.63
obstacles-jev_guarded-108,obstacles,jev_guarded,108,31,straight,666,38,319.03
obstacles-jev_guarded-108,obstacles,jev_guarded,108,32,right,638,31,368.28
obstacles-jev_guarded-108,obstacles,jev_guarded,108,33,straight,638,31,470.76
obstacles-jev_guarded-108,obstacles,jev_guarded,108,34,straight,638,31,318.4
obstacles-jev_guarded-108,obstacles,jev_guarded,108,35,straight,638,31,419.05
obstacles-jev_guarded-108,obstacles,jev_guarded,108,36,straight,639,31,317.25
obstacles-jev_guarded-108,obstacles,jev_guarded,108,37,right,641,31,342.33
obstacles-jev_guarded-108,obstacles,jev_guarded,108,38,left,641,31,343.4
obstacles-jev_guarded-108,obstacles,jev_guarded,108,39,left,643,31,357.56
obstacles-jev_guarded-108,obstacles,jev_guarded,108,41,straight,642,31,318.73
obstacles-jev_guarded-108,obstacles,jev_guarded,108,42,straight,640,31,324.4
obstacles-jev_guarded-108,obstacles,jev_guarded,108,43,straight,639,31,378.61
obstacles-jev_guarded-108,obstacles,jev_guarded,108,44,straight,638,31,361.04
obstacles-jev_guarded-108,obstacles,jev_guarded,108,45,straight,638,31,320.07
obstacles-jev_guarded-108,obstacles,jev_guarded,108,46,straight,638,31,362.66
obstacles-jev_guarded-108,obstacles,jev_guarded,108,48,left,666,38,496.66
obstacles-jev_guarded-108,obstacles,jev_guarded,108,49,straight,666,38,486.38
obstacles-jev_guarded-108,obstacles,jev_guarded,108,50,straight,666,38,348.14
obstacles-jev_direct-106,obstacles,jev_direct,106,1,straight,664,38,305.14
obstacles-jev_direct-106,obstacles,jev_direct,106,2,straight,664,38,383.85
obstacles-jev_direct-106,obstacles,jev_direct,106,3,straight,664,38,326.26
obstacles-jev_direct-106,obstacles,jev_direct,106,4,straight,664,38,315.95
obstacles-jev_direct-106,obstacles,jev_direct,106,5,straight,664,38,320.49
obstacles-jev_direct-106,obstacles,jev_direct,106,6,straight,664,38,398.69
obstacles-jev_direct-106,obstacles,jev_direct,106,7,right,664,38,348.49
obstacles-jev_direct-106,obstacles,jev_direct,106,8,straight,664,38,333.64
obstacles-jev_direct-106,obstacles,jev_direct,106,9,straight,664,38,322.44
obstacles-jev_direct-106,obstacles,jev_direct,106,10,straight,665,38,349.5
obstacles-jev_direct-106,obstacles,jev_direct,106,11,straight,670,38,366.97
obstacles-jev_direct-106,obstacles,jev_direct,106,12,right,671,38,324.51
obstacles-jev_direct-106,obstacles,jev_direct,106,13,straight,672,38,357.02
obstacles-jev_direct-106,obstacles,jev_direct,106,14,straight,672,38,505.29
obstacles-jev_direct-106,obstacles,jev_direct,106,15,straight,672,38,363.87
obstacles-jev_direct-106,obstacles,jev_direct,106,16,right,672,38,308.88
obstacles-jev_direct-106,obstacles,jev_direct,106,17,straight,671,38,335.21
obstacles-jev_direct-106,obstacles,jev_direct,106,18,straight,668,38,330.14
obstacles-jev_direct-106,obstacles,jev_direct,106,19,right,667,38,360.62
obstacles-jev_direct-106,obstacles,jev_direct,106,20,right,666,38,391.78
obstacles-jev_direct-106,obstacles,jev_direct,106,21,straight,667,38,333.82
obstacles-jev_direct-106,obstacles,jev_direct,106,22,straight,670,38,355.77
obstacles-jev_direct-106,obstacles,jev_direct,106,23,right,671,38,318.2
obstacles-jev_direct-106,obstacles,jev_direct,106,24,right,672,38,349.37
obstacles-jev_direct-106,obstacles,jev_direct,106,25,straight,671,38,293.04
obstacles-jev_direct-106,obstacles,jev_direct,106,26,straight,668,38,312.97
obstacles-jev_direct-106,obstacles,jev_direct,106,27,right,667,38,322.9
obstacles-jev_direct-106,obstacles,jev_direct,106,28,straight,666,38,363.28
obstacles-jev_direct-106,obstacles,jev_direct,106,29,straight,666,38,292.06
obstacles-jev_direct-106,obstacles,jev_direct,106,30,straight,666,38,315.65
obstacles-jev_direct-106,obstacles,jev_direct,106,31,right,666,38,275.94
obstacles-jev_direct-106,obstacles,jev_direct,106,32,straight,667,38,328.92
obstacles-jev_direct-106,obstacles,jev_direct,106,33,straight,670,38,352.59
obstacles-jev_direct-106,obstacles,jev_direct,106,34,right,671,38,289.07
obstacles-jev_direct-106,obstacles,jev_direct,106,35,straight,672,38,324.5
obstacles-jev_direct-106,obstacles,jev_direct,106,36,straight,672,38,335.61
obstacles-jev_direct-106,obstacles,jev_direct,106,37,straight,672,38,319.65
obstacles-jev_direct-106,obstacles,jev_direct,106,38,right,672,38,332.29
obstacles-jev_direct-106,obstacles,jev_direct,106,39,straight,671,38,408.27
obstacles-jev_direct-106,obstacles,jev_direct,106,40,straight,668,38,342.51
obstacles-jev_direct-106,obstacles,jev_direct,106,41,left,667,38,378.94
obstacles-jev_direct-106,obstacles,jev_direct,106,42,straight,666,38,328.04
obstacles-jev_direct-106,obstacles,jev_direct,106,43,straight,666,38,369.73
obstacles-jev_direct-106,obstacles,jev_direct,106,44,straight,666,38,324.89
obstacles-jev_direct-106,obstacles,jev_direct,106,45,right,666,38,468.02
obstacles-jev_direct-106,obstacles,jev_direct,106,46,straight,666,38,354.99
obstacles-jev_direct-106,obstacles,jev_direct,106,47,straight,666,38,364.38
obstacles-jev_direct-106,obstacles,jev_direct,106,48,straight,666,38,375.31
obstacles-jev_direct-106,obstacles,jev_direct,106,49,straight,666,38,296.36
obstacles-jev_direct-106,obstacles,jev_direct,106,50,straight,666,38,325.15
classic-jev_guarded-106,classic,jev_guarded,106,1,straight,587,38,319.46
classic-jev_guarded-106,classic,jev_guarded,106,2,straight,587,38,297.83
classic-jev_guarded-106,classic,jev_guarded,106,3,straight,587,38,373.2
classic-jev_guarded-106,classic,jev_guarded,106,4,straight,587,38,538.29
classic-jev_guarded-106,classic,jev_guarded,106,5,straight,587,38,298.57
classic-jev_guarded-106,classic,jev_guarded,106,6,straight,587,38,340.6
classic-jev_guarded-106,classic,jev_guarded,106,7,right,559,31,401.95
classic-jev_guarded-106,classic,jev_guarded,106,8,straight,559,31,318.12
classic-jev_guarded-106,classic,jev_guarded,106,9,straight,559,31,381.39
classic-jev_guarded-106,classic,jev_guarded,106,10,straight,560,31,400.9
classic-jev_guarded-106,classic,jev_guarded,106,11,right,564,31,398.84
classic-jev_guarded-106,classic,jev_guarded,106,12,straight,593,38,384.01
classic-jev_guarded-106,classic,jev_guarded,106,13,straight,594,38,311.36
classic-jev_guarded-106,classic,jev_guarded,106,14,straight,594,38,354.07
classic-jev_guarded-106,classic,jev_guarded,106,15,straight,594,38,342.92
classic-jev_guarded-106,classic,jev_guarded,106,16,straight,594,38,439.44
classic-jev_guarded-106,classic,jev_guarded,106,17,straight,594,38,299.54
classic-jev_guarded-106,classic,jev_guarded,106,18,straight,594,38,367.95
classic-jev_guarded-106,classic,jev_guarded,106,19,straight,594,38,351.99
classic-jev_guarded-106,classic,jev_guarded,106,20,straight,595,38,290.43
classic-jev_guarded-106,classic,jev_guarded,106,21,straight,598,38,328.0
classic-jev_guarded-106,classic,jev_guarded,106,22,left,569,31,321.24
classic-jev_guarded-106,classic,jev_guarded,106,24,left,570,31,325.35
classic-jev_guarded-106,classic,jev_guarded,106,25,straight,599,38,303.13
classic-jev_guarded-106,classic,jev_guarded,106,26,straight,596,38,321.49
classic-jev_guarded-106,classic,jev_guarded,106,27,straight,595,38,323.37
classic-jev_guarded-106,classic,jev_guarded,106,28,straight,594,38,344.6
classic-jev_guarded-106,classic,jev_guarded,106,29,straight,594,38,347.27
classic-jev_guarded-106,classic,jev_guarded,106,30,straight,599,38,350.95
classic-jev_guarded-106,classic,jev_guarded,106,31,straight,599,38,334.15
classic-jev_guarded-106,classic,jev_guarded,106,32,straight,599,38,368.98
classic-jev_guarded-106,classic,jev_guarded,106,33,straight,599,38,387.59
classic-jev_guarded-106,classic,jev_guarded,106,34,right,599,38,303.17
classic-jev_guarded-106,classic,jev_guarded,106,35,straight,596,38,341.79
classic-jev_guarded-106,classic,jev_guarded,106,36,straight,595,38,332.6
classic-jev_guarded-106,classic,jev_guarded,106,37,straight,594,38,308.14
classic-jev_guarded-106,classic,jev_guarded,106,38,straight,593,38,365.18
classic-jev_guarded-106,classic,jev_guarded,106,39,straight,593,38,308.76
classic-jev_guarded-106,classic,jev_guarded,106,40,straight,594,38,355.55
classic-jev_guarded-106,classic,jev_guarded,106,41,straight,594,38,333.68
classic-jev_guarded-106,classic,jev_guarded,106,42,straight,594,38,380.11
classic-jev_guarded-106,classic,jev_guarded,106,43,straight,594,38,388.84
classic-jev_guarded-106,classic,jev_guarded,106,44,right,566,31,377.53
classic-jev_guarded-106,classic,jev_guarded,106,45,straight,566,31,342.7
classic-jev_guarded-106,classic,jev_guarded,106,46,straight,566,31,287.59
classic-jev_guarded-106,classic,jev_guarded,106,47,straight,572,31,288.02
classic-jev_guarded-106,classic,jev_guarded,106,48,straight,572,31,341.24
classic-jev_guarded-106,classic,jev_guarded,106,49,straight,572,31,327.46
classic-jev_guarded-106,classic,jev_guarded,106,50,straight,572,31,280.17
classic-jev_guarded-106,classic,jev_guarded,106,51,straight,572,31,363.84
classic-jev_guarded-106,classic,jev_guarded,106,52,straight,573,31,343.82
classic-jev_guarded-106,classic,jev_guarded,106,53,straight,575,31,325.24
classic-jev_guarded-106,classic,jev_guarded,106,55,straight,577,31,388.73
classic-jev_guarded-106,classic,jev_guarded,106,56,straight,578,31,298.61
classic-jev_guarded-106,classic,jev_guarded,106,57,straight,580,31,342.62
classic-jev_guarded-106,classic,jev_guarded,106,58,straight,580,31,538.87
classic-jev_guarded-106,classic,jev_guarded,106,59,straight,580,31,459.58
classic-jev_guarded-106,classic,jev_guarded,106,60,straight,580,31,373.38
classic-jev_guarded-106,classic,jev_guarded,106,61,straight,580,31,321.3
classic-jev_guarded-106,classic,jev_guarded,106,62,straight,580,31,296.24
classic-jev_guarded-106,classic,jev_guarded,106,63,straight,581,31,334.57
classic-jev_guarded-106,classic,jev_guarded,106,64,straight,583,31,386.08
classic-jev_guarded-106,classic,jev_guarded,106,66,straight,584,31,385.3
classic-jev_guarded-106,classic,jev_guarded,106,67,straight,583,31,407.02
classic-jev_guarded-106,classic,jev_guarded,106,68,straight,583,31,415.14
classic-jev_guarded-106,classic,jev_guarded,106,69,straight,589,31,454.58
classic-jev_guarded-106,classic,jev_guarded,106,70,straight,588,31,399.63
classic-jev_guarded-106,classic,jev_guarded,106,71,straight,587,31,406.22
classic-jev_guarded-106,classic,jev_guarded,106,72,straight,586,31,631.21
classic-jev_guarded-106,classic,jev_guarded,106,73,straight,586,31,329.52
classic-jev_guarded-106,classic,jev_guarded,106,74,straight,586,31,382.13
classic-jev_guarded-106,classic,jev_guarded,106,75,right,586,31,424.06
classic-jev_guarded-106,classic,jev_guarded,106,76,straight,620,38,398.36
classic-jev_guarded-106,classic,jev_guarded,106,77,straight,617,38,318.75
classic-jev_guarded-106,classic,jev_guarded,106,78,straight,616,38,307.34
classic-jev_guarded-106,classic,jev_guarded,106,79,straight,615,38,282.33
classic-jev_guarded-106,classic,jev_guarded,106,80,straight,614,38,407.07
classic-jev_guarded-106,classic,jev_guarded,106,81,straight,613,38,394.89
classic-jev_guarded-106,classic,jev_guarded,106,82,straight,612,38,339.49
classic-jev_guarded-106,classic,jev_guarded,106,83,straight,611,38,377.71
classic-jev_guarded-106,classic,jev_guarded,106,84,straight,611,38,328.96
classic-jev_guarded-106,classic,jev_guarded,106,85,right,611,38,374.14
classic-jev_guarded-106,classic,jev_guarded,106,86,left,617,38,439.8
classic-jev_guarded-106,classic,jev_guarded,106,87,right,589,31,368.76
classic-jev_guarded-106,classic,jev_guarded,106,88,straight,589,31,369.17
classic-jev_guarded-106,classic,jev_guarded,106,89,straight,589,31,299.69
classic-jev_guarded-106,classic,jev_guarded,106,90,straight,589,31,302.16
classic-jev_guarded-106,classic,jev_guarded,106,91,straight,589,31,310.83
classic-jev_guarded-106,classic,jev_guarded,106,92,straight,589,31,427.04
classic-jev_guarded-106,classic,jev_guarded,106,93,straight,589,31,281.08
classic-jev_guarded-106,classic,jev_guarded,106,94,straight,590,31,308.02
classic-jev_guarded-106,classic,jev_guarded,106,95,straight,592,31,640.17
classic-jev_guarded-106,classic,jev_guarded,106,97,straight,595,31,316.04
classic-jev_guarded-106,classic,jev_guarded,106,98,straight,596,31,329.63
classic-jev_guarded-106,classic,jev_guarded,106,99,right,597,31,346.33
classic-jev_guarded-106,classic,jev_guarded,106,100,straight,626,38,376.2
classic-jev_guarded-106,classic,jev_guarded,106,101,straight,625,38,404.45
classic-jev_guarded-106,classic,jev_guarded,106,102,straight,625,38,278.31
classic-jev_guarded-106,classic,jev_guarded,106,103,straight,624,38,356.54
classic-jev_guarded-106,classic,jev_guarded,106,104,straight,623,38,291.2
classic-jev_guarded-106,classic,jev_guarded,106,105,straight,622,38,357.5
classic-jev_guarded-106,classic,jev_guarded,106,106,straight,621,38,333.53
classic-jev_guarded-106,classic,jev_guarded,106,107,straight,620,38,320.55
classic-jev_guarded-106,classic,jev_guarded,106,108,straight,619,38,345.12
classic-jev_guarded-106,classic,jev_guarded,106,109,straight,619,38,312.69
classic-jev_guarded-106,classic,jev_guarded,106,110,left,591,31,278.02
classic-jev_guarded-106,classic,jev_guarded,106,111,left,591,31,422.42
classic-jev_guarded-106,classic,jev_guarded,106,112,right,591,31,390.59
classic-jev_guarded-106,classic,jev_guarded,106,113,straight,619,38,307.12
classic-jev_guarded-106,classic,jev_guarded,106,114,right,619,38,370.2
classic-jev_guarded-106,classic,jev_guarded,106,115,right,596,31,314.85
classic-jev_direct-108,classic,jev_direct,108,1,straight,586,38,330.45
classic-jev_direct-108,classic,jev_direct,108,2,straight,586,38,465.33
classic-jev_direct-108,classic,jev_direct,108,3,straight,586,38,374.05
classic-jev_direct-108,classic,jev_direct,108,4,straight,586,38,415.77
classic-jev_direct-108,classic,jev_direct,108,5,straight,586,38,346.98
classic-jev_direct-108,classic,jev_direct,108,6,right,586,38,384.5
classic-jev_direct-108,classic,jev_direct,108,7,straight,586,38,365.34
classic-jev_direct-108,classic,jev_direct,108,8,straight,586,38,347.66
classic-jev_direct-108,classic,jev_direct,108,9,right,587,38,420.71
classic-jev_direct-108,classic,jev_direct,108,10,straight,593,38,501.59
classic-jev_direct-108,classic,jev_direct,108,11,straight,594,38,293.71
classic-jev_direct-108,classic,jev_direct,108,12,straight,594,38,329.01
classic-jev_direct-108,classic,jev_direct,108,13,straight,594,38,344.33
classic-jev_direct-108,classic,jev_direct,108,14,straight,594,38,294.05
classic-jev_direct-108,classic,jev_direct,108,15,straight,594,38,335.97
classic-jev_direct-108,classic,jev_direct,108,16,straight,594,38,354.92
classic-jev_direct-108,classic,jev_direct,108,17,straight,595,38,291.9
classic-jev_direct-108,classic,jev_direct,108,18,straight,598,38,471.14
classic-jev_direct-108,classic,jev_direct,108,19,right,599,38,411.19
classic-jev_direct-108,classic,jev_direct,108,20,straight,600,38,307.03
classic-jev_direct-108,classic,jev_direct,108,21,straight,601,38,293.87
classic-jev_direct-108,classic,jev_direct,108,22,straight,601,38,316.31
classic-jev_direct-108,classic,jev_direct,108,23,straight,601,38,418.04
classic-jev_direct-108,classic,jev_direct,108,24,straight,601,38,374.45
classic-jev_direct-108,classic,jev_direct,108,25,straight,601,38,332.09
classic-jev_direct-108,classic,jev_direct,108,26,straight,601,38,367.63
classic-jev_direct-108,classic,jev_direct,108,27,straight,601,38,285.54
classic-jev_direct-108,classic,jev_direct,108,28,right,601,38,313.24
classic-jev_direct-108,classic,jev_direct,108,29,straight,600,38,365.82
classic-jev_direct-108,classic,jev_direct,108,30,straight,597,38,304.85
classic-jev_direct-108,classic,jev_direct,108,31,straight,596,38,333.44
classic-jev_direct-108,classic,jev_direct,108,32,straight,595,38,409.09
classic-jev_direct-108,classic,jev_direct,108,33,straight,594,38,320.72
classic-jev_direct-108,classic,jev_direct,108,34,straight,594,38,374.61
classic-jev_direct-108,classic,jev_direct,108,35,straight,594,38,348.03
classic-jev_direct-108,classic,jev_direct,108,36,straight,594,38,384.12
classic-jev_direct-108,classic,jev_direct,108,37,straight,599,38,344.46
classic-jev_direct-108,classic,jev_direct,108,38,straight,599,38,365.15
classic-jev_direct-108,classic,jev_direct,108,39,right,599,38,366.08
classic-jev_direct-108,classic,jev_direct,108,40,straight,599,38,397.02
classic-jev_direct-108,classic,jev_direct,108,41,straight,599,38,392.14
classic-jev_direct-108,classic,jev_direct,108,42,straight,599,38,337.46
classic-jev_direct-108,classic,jev_direct,108,43,straight,599,38,335.8
classic-jev_direct-108,classic,jev_direct,108,44,straight,599,38,333.58
classic-jev_direct-108,classic,jev_direct,108,45,straight,599,38,346.95
classic-jev_direct-108,classic,jev_direct,108,46,right,599,38,297.78
classic-jev_direct-108,classic,jev_direct,108,47,straight,600,38,344.27
classic-jev_direct-108,classic,jev_direct,108,48,straight,600,38,318.65
classic-jev_direct-108,classic,jev_direct,108,49,straight,600,38,360.62
classic-jev_direct-108,classic,jev_direct,108,50,straight,600,38,379.8
classic-jev_direct-108,classic,jev_direct,108,51,straight,600,38,345.96
classic-jev_direct-108,classic,jev_direct,108,52,straight,600,38,301.58
classic-jev_direct-108,classic,jev_direct,108,53,straight,600,38,332.61
classic-jev_direct-108,classic,jev_direct,108,54,straight,605,38,310.09
classic-jev_direct-108,classic,jev_direct,108,55,straight,606,38,375.66
classic-jev_direct-108,classic,jev_direct,108,56,left,609,38,383.99
classic-jev_direct-108,classic,jev_direct,108,57,left,609,38,435.44
classic-jev_direct-108,classic,jev_direct,108,58,straight,607,38,385.96
classic-jev_direct-108,classic,jev_direct,108,59,straight,607,38,385.74
classic-jev_direct-108,classic,jev_direct,108,60,straight,607,38,522.93
classic-jev_direct-108,classic,jev_direct,108,61,straight,607,38,321.09
classic-jev_direct-108,classic,jev_direct,108,62,straight,606,38,667.66
classic-jev_direct-108,classic,jev_direct,108,63,straight,605,38,348.16
classic-jev_direct-108,classic,jev_direct,108,64,straight,606,38,369.47
classic-jev_direct-108,classic,jev_direct,108,65,straight,606,38,336.72
classic-jev_direct-108,classic,jev_direct,108,66,straight,606,38,558.07
classic-jev_direct-108,classic,jev_direct,108,67,left,606,38,310.89
classic-jev_direct-108,classic,jev_direct,108,68,left,606,38,352.06
classic-jev_direct-108,classic,jev_direct,108,69,straight,606,38,363.3
classic-jev_direct-108,classic,jev_direct,108,70,straight,606,38,344.67
classic-jev_direct-108,classic,jev_direct,108,71,left,606,38,315.46
classic-jev_direct-108,classic,jev_direct,108,72,straight,606,38,316.09
classic-jev_direct-108,classic,jev_direct,108,73,straight,607,38,465.2
classic-jev_direct-108,classic,jev_direct,108,74,straight,610,38,320.02
classic-jev_direct-108,classic,jev_direct,108,75,left,611,38,357.61
classic-jev_direct-108,classic,jev_direct,108,76,straight,612,38,282.1
classic-jev_direct-108,classic,jev_direct,108,77,left,613,38,426.87
classic-jev_direct-108,classic,jev_direct,108,78,straight,613,38,360.44
classic-jev_direct-108,classic,jev_direct,108,79,straight,611,38,348.3
classic-jev_direct-108,classic,jev_direct,108,80,straight,610,38,315.81
classic-jev_direct-108,classic,jev_direct,108,81,straight,609,38,349.77
classic-jev_direct-108,classic,jev_direct,108,82,straight,608,38,280.06
classic-jev_direct-108,classic,jev_direct,108,83,straight,607,38,322.97
classic-jev_direct-108,classic,jev_direct,108,84,straight,606,38,292.01
classic-jev_direct-108,classic,jev_direct,108,85,straight,606,38,271.52
classic-jev_direct-108,classic,jev_direct,108,86,straight,606,38,350.71
classic-jev_direct-108,classic,jev_direct,108,87,left,606,38,371.36
classic-jev_direct-108,classic,jev_direct,108,88,straight,606,38,318.23
classic-jev_direct-108,classic,jev_direct,108,89,left,606,38,320.45
classic-jev_direct-108,classic,jev_direct,108,90,straight,606,38,280.99
classic-jev_direct-108,classic,jev_direct,108,91,straight,606,38,301.4
classic-jev_direct-108,classic,jev_direct,108,92,straight,606,38,298.78
classic-jev_direct-108,classic,jev_direct,108,93,left,606,38,292.3
classic-jev_direct-108,classic,jev_direct,108,94,straight,606,38,335.41
classic-jev_direct-108,classic,jev_direct,108,95,straight,606,38,828.36
classic-jev_direct-108,classic,jev_direct,108,96,left,606,38,422.54
classic-jev_direct-108,classic,jev_direct,108,97,straight,606,38,274.9
classic-jev_direct-108,classic,jev_direct,108,98,straight,606,38,302.11
classic-jev_direct-108,classic,jev_direct,108,99,straight,606,38,280.71
classic-jev_direct-108,classic,jev_direct,108,100,left,606,38,409.27
classic-jev_direct-108,classic,jev_direct,108,101,straight,607,38,448.09
classic-jev_direct-108,classic,jev_direct,108,102,straight,607,38,333.32
classic-jev_direct-108,classic,jev_direct,108,103,straight,607,38,286.18
